dataset,video,declared,pyav_packets,opencv_valid,opencv_failed_indices,n_failed,failed_inside_stream,timestamp_mismatches,first_mismatch,verdict
msu_mfsd,scene01/attack/attack_client001_android_SD_ipad_video_scene01.mp4,300,300,300,[],0,0,0,,INDEX_TIMESTAMPS_CONSISTENT
msu_mfsd,scene01/attack/attack_client001_android_SD_iphone_video_scene01.mp4,300,300,300,[],0,0,0,,INDEX_TIMESTAMPS_CONSISTENT
msu_mfsd,scene01/attack/attack_client001_android_SD_printed_photo_scene01.mp4,276,276,276,[],0,0,0,,INDEX_TIMESTAMPS_CONSISTENT
msu_mfsd,scene01/attack/attack_client001_laptop_SD_ipad_video_scene01.mov,300,300,300,[],0,0,0,,INDEX_TIMESTAMPS_CONSISTENT
msu_mfsd,scene01/attack/attack_client001_laptop_SD_iphone_video_scene01.mov,301,301,301,[],0,0,0,,INDEX_TIMESTAMPS_CONSISTENT
msu_mfsd,scene01/attack/attack_client001_laptop_SD_printed_photo_scene01.mov,192,192,192,[],0,0,0,,INDEX_TIMESTAMPS_CONSISTENT
msu_mfsd,scene01/attack/attack_client002_android_SD_ipad_video_scene01.mp4,300,300,300,[],0,0,0,,INDEX_TIMESTAMPS_CONSISTENT
msu_mfsd,scene01/attack/attack_client002_android_SD_iphone_video_scene01.mp4,300,300,300,[],0,0,0,,INDEX_TIMESTAMPS_CONSISTENT
msu_mfsd,scene01/attack/attack_client002_android_SD_printed_photo_scene01.mp4,231,231,231,[],0,0,0,,INDEX_TIMESTAMPS_CONSISTENT
msu_mfsd,scene01/attack/attack_client002_laptop_SD_ipad_video_scene01.mov,301,301,301,[],0,0,0,,INDEX_TIMESTAMPS_CONSISTENT
msu_mfsd,scene01/attack/attack_client002_laptop_SD_iphone_video_scene01.mov,301,301,301,[],0,0,0,,INDEX_TIMESTAMPS_CONSISTENT
msu_mfsd,scene01/attack/attack_client002_laptop_SD_printed_photo_scene01.mov,230,230,230,[],0,0,0,,INDEX_TIMESTAMPS_CONSISTENT
msu_mfsd,scene01/attack/attack_client003_android_SD_ipad_video_scene01.mp4,300,300,300,[],0,0,0,,INDEX_TIMESTAMPS_CONSISTENT
msu_mfsd,scene01/attack/attack_client003_android_SD_iphone_video_scene01.mp4,300,300,300,[],0,0,0,,INDEX_TIMESTAMPS_CONSISTENT
msu_mfsd,scene01/attack/attack_client003_android_SD_printed_photo_scene01.mp4,230,230,230,[],0,0,0,,INDEX_TIMESTAMPS_CONSISTENT
msu_mfsd,scene01/attack/attack_client003_laptop_SD_ipad_video_scene01.mov,301,301,301,[],0,0,0,,INDEX_TIMESTAMPS_CONSISTENT
msu_mfsd,scene01/attack/attack_client003_laptop_SD_iphone_video_scene01.mov,301,301,301,[],0,0,0,,INDEX_TIMESTAMPS_CONSISTENT
msu_mfsd,scene01/attack/attack_client003_laptop_SD_printed_photo_scene01.mov,244,244,244,[],0,0,0,,INDEX_TIMESTAMPS_CONSISTENT
msu_mfsd,scene01/attack/attack_client005_android_SD_ipad_video_scene01.mp4,300,300,300,[],0,0,0,,INDEX_TIMESTAMPS_CONSISTENT
msu_mfsd,scene01/attack/attack_client005_android_SD_iphone_video_scene01.mp4,300,300,300,[],0,0,0,,INDEX_TIMESTAMPS_CONSISTENT
msu_mfsd,scene01/attack/attack_client005_android_SD_printed_photo_scene01.mp4,220,220,220,[],0,0,0,,INDEX_TIMESTAMPS_CONSISTENT
msu_mfsd,scene01/attack/attack_client005_laptop_SD_ipad_video_scene01.mov,301,301,301,[],0,0,0,,INDEX_TIMESTAMPS_CONSISTENT
msu_mfsd,scene01/attack/attack_client005_laptop_SD_iphone_video_scene01.mov,301,301,301,[],0,0,0,,INDEX_TIMESTAMPS_CONSISTENT
msu_mfsd,scene01/attack/attack_client005_laptop_SD_printed_photo_scene01.mov,245,245,245,[],0,0,0,,INDEX_TIMESTAMPS_CONSISTENT
msu_mfsd,scene01/attack/attack_client006_android_SD_ipad_video_scene01.mp4,300,300,300,[],0,0,0,,INDEX_TIMESTAMPS_CONSISTENT
msu_mfsd,scene01/attack/attack_client006_android_SD_iphone_video_scene01.mp4,300,300,300,[],0,0,0,,INDEX_TIMESTAMPS_CONSISTENT
msu_mfsd,scene01/attack/attack_client006_android_SD_printed_photo_scene01.mp4,222,222,222,[],0,0,0,,INDEX_TIMESTAMPS_CONSISTENT
msu_mfsd,scene01/attack/attack_client006_laptop_SD_ipad_video_scene01.mov,301,301,301,[],0,0,0,,INDEX_TIMESTAMPS_CONSISTENT
msu_mfsd,scene01/attack/attack_client006_laptop_SD_iphone_video_scene01.mov,301,301,301,[],0,0,0,,INDEX_TIMESTAMPS_CONSISTENT
msu_mfsd,scene01/attack/attack_client006_laptop_SD_printed_photo_scene01.mov,253,253,253,[],0,0,0,,INDEX_TIMESTAMPS_CONSISTENT
msu_mfsd,scene01/attack/attack_client007_android_SD_ipad_video_scene01.mp4,300,300,300,[],0,0,0,,INDEX_TIMESTAMPS_CONSISTENT
msu_mfsd,scene01/attack/attack_client007_android_SD_iphone_video_scene01.mp4,300,300,300,[],0,0,0,,INDEX_TIMESTAMPS_CONSISTENT
msu_mfsd,scene01/attack/attack_client007_android_SD_printed_photo_scene01.mp4,223,223,223,[],0,0,0,,INDEX_TIMESTAMPS_CONSISTENT
msu_mfsd,scene01/attack/attack_client007_laptop_SD_ipad_video_scene01.mov,301,301,301,[],0,0,0,,INDEX_TIMESTAMPS_CONSISTENT
msu_mfsd,scene01/attack/attack_client007_laptop_SD_iphone_video_scene01.mov,301,301,301,[],0,0,0,,INDEX_TIMESTAMPS_CONSISTENT
msu_mfsd,scene01/attack/attack_client007_laptop_SD_printed_photo_scene01.mov,235,235,235,[],0,0,0,,INDEX_TIMESTAMPS_CONSISTENT
msu_mfsd,scene01/attack/attack_client008_android_SD_ipad_video_scene01.mp4,300,300,300,[],0,0,0,,INDEX_TIMESTAMPS_CONSISTENT
msu_mfsd,scene01/attack/attack_client008_android_SD_iphone_video_scene01.mp4,300,300,300,[],0,0,0,,INDEX_TIMESTAMPS_CONSISTENT
msu_mfsd,scene01/attack/attack_client008_android_SD_printed_photo_scene01.mp4,212,212,212,[],0,0,0,,INDEX_TIMESTAMPS_CONSISTENT
msu_mfsd,scene01/attack/attack_client008_laptop_SD_ipad_video_scene01.mov,300,300,299,[127],1,1,0,,INDEX_TIMESTAMPS_CONSISTENT
msu_mfsd,scene01/attack/attack_client008_laptop_SD_iphone_video_scene01.mov,301,301,301,[],0,0,0,,INDEX_TIMESTAMPS_CONSISTENT
msu_mfsd,scene01/attack/attack_client008_laptop_SD_printed_photo_scene01.mov,226,226,226,[],0,0,0,,INDEX_TIMESTAMPS_CONSISTENT
msu_mfsd,scene01/attack/attack_client009_android_SD_ipad_video_scene01.mp4,300,300,300,[],0,0,0,,INDEX_TIMESTAMPS_CONSISTENT
msu_mfsd,scene01/attack/attack_client009_android_SD_iphone_video_scene01.mp4,300,300,300,[],0,0,0,,INDEX_TIMESTAMPS_CONSISTENT
msu_mfsd,scene01/attack/attack_client009_android_SD_printed_photo_scene01.mp4,210,210,210,[],0,0,0,,INDEX_TIMESTAMPS_CONSISTENT
msu_mfsd,scene01/attack/attack_client009_laptop_SD_ipad_video_scene01.mov,301,301,301,[],0,0,0,,INDEX_TIMESTAMPS_CONSISTENT
msu_mfsd,scene01/attack/attack_client009_laptop_SD_iphone_video_scene01.mov,301,301,301,[],0,0,0,,INDEX_TIMESTAMPS_CONSISTENT
msu_mfsd,scene01/attack/attack_client009_laptop_SD_printed_photo_scene01.mov,232,232,232,[],0,0,0,,INDEX_TIMESTAMPS_CONSISTENT
msu_mfsd,scene01/attack/attack_client011_android_SD_ipad_video_scene01.mp4,300,300,300,[],0,0,0,,INDEX_TIMESTAMPS_CONSISTENT
msu_mfsd,scene01/attack/attack_client011_android_SD_iphone_video_scene01.mp4,300,300,300,[],0,0,0,,INDEX_TIMESTAMPS_CONSISTENT
msu_mfsd,scene01/attack/attack_client011_android_SD_printed_photo_scene01.mp4,300,300,300,[],0,0,0,,INDEX_TIMESTAMPS_CONSISTENT
msu_mfsd,scene01/attack/attack_client011_laptop_SD_ipad_video_scene01.mov,301,301,301,[],0,0,0,,INDEX_TIMESTAMPS_CONSISTENT
msu_mfsd,scene01/attack/attack_client011_laptop_SD_iphone_video_scene01.mov,301,301,301,[],0,0,0,,INDEX_TIMESTAMPS_CONSISTENT
msu_mfsd,scene01/attack/attack_client011_laptop_SD_printed_photo_scene01.mov,215,215,215,[],0,0,0,,INDEX_TIMESTAMPS_CONSISTENT
msu_mfsd,scene01/attack/attack_client012_android_SD_ipad_video_scene01.mp4,300,300,300,[],0,0,0,,INDEX_TIMESTAMPS_CONSISTENT
msu_mfsd,scene01/attack/attack_client012_android_SD_iphone_video_scene01.mp4,300,300,300,[],0,0,0,,INDEX_TIMESTAMPS_CONSISTENT
msu_mfsd,scene01/attack/attack_client012_android_SD_printed_photo_scene01.mp4,283,283,283,[],0,0,0,,INDEX_TIMESTAMPS_CONSISTENT
msu_mfsd,scene01/attack/attack_client012_laptop_SD_ipad_video_scene01.mov,301,301,301,[],0,0,0,,INDEX_TIMESTAMPS_CONSISTENT
msu_mfsd,scene01/attack/attack_client012_laptop_SD_iphone_video_scene01.mov,301,301,301,[],0,0,0,,INDEX_TIMESTAMPS_CONSISTENT
msu_mfsd,scene01/attack/attack_client012_laptop_SD_printed_photo_scene01.mov,227,227,227,[],0,0,0,,INDEX_TIMESTAMPS_CONSISTENT
msu_mfsd,scene01/attack/attack_client013_android_SD_ipad_video_scene01.mp4,300,300,300,[],0,0,0,,INDEX_TIMESTAMPS_CONSISTENT
msu_mfsd,scene01/attack/attack_client013_android_SD_iphone_video_scene01.mp4,300,300,300,[],0,0,0,,INDEX_TIMESTAMPS_CONSISTENT
msu_mfsd,scene01/attack/attack_client013_android_SD_printed_photo_scene01.mp4,246,246,246,[],0,0,0,,INDEX_TIMESTAMPS_CONSISTENT
msu_mfsd,scene01/attack/attack_client013_laptop_SD_ipad_video_scene01.mov,262,262,262,[],0,0,0,,INDEX_TIMESTAMPS_CONSISTENT
msu_mfsd,scene01/attack/attack_client013_laptop_SD_iphone_video_scene01.mov,301,301,301,[],0,0,0,,INDEX_TIMESTAMPS_CONSISTENT
msu_mfsd,scene01/attack/attack_client013_laptop_SD_printed_photo_scene01.mov,228,228,228,[],0,0,0,,INDEX_TIMESTAMPS_CONSISTENT
msu_mfsd,scene01/attack/attack_client014_android_SD_ipad_video_scene01.mp4,300,300,300,[],0,0,0,,INDEX_TIMESTAMPS_CONSISTENT
msu_mfsd,scene01/attack/attack_client014_android_SD_iphone_video_scene01.mp4,300,300,300,[],0,0,0,,INDEX_TIMESTAMPS_CONSISTENT
msu_mfsd,scene01/attack/attack_client014_android_SD_printed_photo_scene01.mp4,285,285,285,[],0,0,0,,INDEX_TIMESTAMPS_CONSISTENT
msu_mfsd,scene01/attack/attack_client014_laptop_SD_ipad_video_scene01.mov,301,301,301,[],0,0,0,,INDEX_TIMESTAMPS_CONSISTENT
msu_mfsd,scene01/attack/attack_client014_laptop_SD_iphone_video_scene01.mov,301,301,301,[],0,0,0,,INDEX_TIMESTAMPS_CONSISTENT
msu_mfsd,scene01/attack/attack_client014_laptop_SD_printed_photo_scene01.mov,229,229,229,[],0,0,0,,INDEX_TIMESTAMPS_CONSISTENT
msu_mfsd,scene01/attack/attack_client021_android_SD_ipad_video_scene01.mp4,300,300,300,[],0,0,0,,INDEX_TIMESTAMPS_CONSISTENT
msu_mfsd,scene01/attack/attack_client021_android_SD_iphone_video_scene01.mp4,300,300,300,[],0,0,0,,INDEX_TIMESTAMPS_CONSISTENT
msu_mfsd,scene01/attack/attack_client021_android_SD_printed_photo_scene01.mp4,284,284,284,[],0,0,0,,INDEX_TIMESTAMPS_CONSISTENT
msu_mfsd,scene01/attack/attack_client021_laptop_SD_ipad_video_scene01.mov,301,301,301,[],0,0,0,,INDEX_TIMESTAMPS_CONSISTENT
msu_mfsd,scene01/attack/attack_client021_laptop_SD_iphone_video_scene01.mov,301,301,301,[],0,0,0,,INDEX_TIMESTAMPS_CONSISTENT
msu_mfsd,scene01/attack/attack_client021_laptop_SD_printed_photo_scene01.mov,229,229,229,[],0,0,0,,INDEX_TIMESTAMPS_CONSISTENT
msu_mfsd,scene01/attack/attack_client022_android_SD_ipad_video_scene01.mp4,300,300,300,[],0,0,0,,INDEX_TIMESTAMPS_CONSISTENT
msu_mfsd,scene01/attack/attack_client022_android_SD_iphone_video_scene01.mp4,300,300,300,[],0,0,0,,INDEX_TIMESTAMPS_CONSISTENT
msu_mfsd,scene01/attack/attack_client022_android_SD_printed_photo_scene01.mp4,265,265,265,[],0,0,0,,INDEX_TIMESTAMPS_CONSISTENT
msu_mfsd,scene01/attack/attack_client022_laptop_SD_ipad_video_scene01.mov,300,300,300,[],0,0,0,,INDEX_TIMESTAMPS_CONSISTENT
msu_mfsd,scene01/attack/attack_client022_laptop_SD_iphone_video_scene01.mov,301,301,301,[],0,0,0,,INDEX_TIMESTAMPS_CONSISTENT
msu_mfsd,scene01/attack/attack_client022_laptop_SD_printed_photo_scene01.mov,227,227,227,[],0,0,0,,INDEX_TIMESTAMPS_CONSISTENT
msu_mfsd,scene01/attack/attack_client023_android_SD_ipad_video_scene01.mp4,300,300,300,[],0,0,0,,INDEX_TIMESTAMPS_CONSISTENT
msu_mfsd,scene01/attack/attack_client023_android_SD_iphone_video_scene01.mp4,300,300,300,[],0,0,0,,INDEX_TIMESTAMPS_CONSISTENT
msu_mfsd,scene01/attack/attack_client023_android_SD_printed_photo_scene01.mp4,236,236,236,[],0,0,0,,INDEX_TIMESTAMPS_CONSISTENT
msu_mfsd,scene01/attack/attack_client023_laptop_SD_ipad_video_scene01.mov,311,311,311,[],0,0,0,,INDEX_TIMESTAMPS_CONSISTENT
msu_mfsd,scene01/attack/attack_client023_laptop_SD_iphone_video_scene01.mov,301,301,300,[247],1,1,0,,INDEX_TIMESTAMPS_CONSISTENT
msu_mfsd,scene01/attack/attack_client023_laptop_SD_printed_photo_scene01.mov,228,228,228,[],0,0,0,,INDEX_TIMESTAMPS_CONSISTENT
msu_mfsd,scene01/attack/attack_client024_android_SD_ipad_video_scene01.mp4,300,300,300,[],0,0,0,,INDEX_TIMESTAMPS_CONSISTENT
msu_mfsd,scene01/attack/attack_client024_android_SD_iphone_video_scene01.mp4,300,300,300,[],0,0,0,,INDEX_TIMESTAMPS_CONSISTENT
msu_mfsd,scene01/attack/attack_client024_android_SD_printed_photo_scene01.mp4,290,290,290,[],0,0,0,,INDEX_TIMESTAMPS_CONSISTENT
msu_mfsd,scene01/attack/attack_client024_laptop_SD_ipad_video_scene01.mov,298,298,298,[],0,0,0,,INDEX_TIMESTAMPS_CONSISTENT
msu_mfsd,scene01/attack/attack_client024_laptop_SD_iphone_video_scene01.mov,301,301,301,[],0,0,0,,INDEX_TIMESTAMPS_CONSISTENT
msu_mfsd,scene01/attack/attack_client024_laptop_SD_printed_photo_scene01.mov,230,230,230,[],0,0,0,,INDEX_TIMESTAMPS_CONSISTENT
msu_mfsd,scene01/attack/attack_client026_android_SD_ipad_video_scene01.mp4,300,300,300,[],0,0,0,,INDEX_TIMESTAMPS_CONSISTENT
msu_mfsd,scene01/attack/attack_client026_android_SD_iphone_video_scene01.mp4,300,300,300,[],0,0,0,,INDEX_TIMESTAMPS_CONSISTENT
msu_mfsd,scene01/attack/attack_client026_android_SD_printed_photo_scene01.mp4,233,233,233,[],0,0,0,,INDEX_TIMESTAMPS_CONSISTENT
msu_mfsd,scene01/attack/attack_client026_laptop_SD_ipad_video_scene01.mov,301,301,301,[],0,0,0,,INDEX_TIMESTAMPS_CONSISTENT
msu_mfsd,scene01/attack/attack_client026_laptop_SD_iphone_video_scene01.mov,302,302,302,[],0,0,0,,INDEX_TIMESTAMPS_CONSISTENT
msu_mfsd,scene01/attack/attack_client026_laptop_SD_printed_photo_scene01.mov,214,214,214,[],0,0,0,,INDEX_TIMESTAMPS_CONSISTENT
msu_mfsd,scene01/attack/attack_client028_android_SD_ipad_video_scene01.mp4,300,300,300,[],0,0,0,,INDEX_TIMESTAMPS_CONSISTENT
msu_mfsd,scene01/attack/attack_client028_android_SD_iphone_video_scene01.mp4,300,300,300,[],0,0,0,,INDEX_TIMESTAMPS_CONSISTENT
msu_mfsd,scene01/attack/attack_client028_android_SD_printed_photo_scene01.mp4,242,242,242,[],0,0,0,,INDEX_TIMESTAMPS_CONSISTENT
msu_mfsd,scene01/attack/attack_client028_laptop_SD_ipad_video_scene01.mov,301,301,301,[],0,0,0,,INDEX_TIMESTAMPS_CONSISTENT
msu_mfsd,scene01/attack/attack_client028_laptop_SD_iphone_video_scene01.mov,301,301,301,[],0,0,0,,INDEX_TIMESTAMPS_CONSISTENT
msu_mfsd,scene01/attack/attack_client028_laptop_SD_printed_photo_scene01.mov,205,205,205,[],0,0,0,,INDEX_TIMESTAMPS_CONSISTENT
msu_mfsd,scene01/attack/attack_client029_android_SD_ipad_video_scene01.mp4,300,300,300,[],0,0,0,,INDEX_TIMESTAMPS_CONSISTENT
msu_mfsd,scene01/attack/attack_client029_android_SD_iphone_video_scene01.mp4,300,300,300,[],0,0,0,,INDEX_TIMESTAMPS_CONSISTENT
msu_mfsd,scene01/attack/attack_client029_android_SD_printed_photo_scene01.mp4,281,281,281,[],0,0,0,,INDEX_TIMESTAMPS_CONSISTENT
msu_mfsd,scene01/attack/attack_client029_laptop_SD_ipad_video_scene01.mov,300,300,300,[],0,0,0,,INDEX_TIMESTAMPS_CONSISTENT
msu_mfsd,scene01/attack/attack_client029_laptop_SD_iphone_video_scene01.mov,300,300,300,[],0,0,0,,INDEX_TIMESTAMPS_CONSISTENT
msu_mfsd,scene01/attack/attack_client029_laptop_SD_printed_photo_scene01.mov,204,204,204,[],0,0,0,,INDEX_TIMESTAMPS_CONSISTENT
msu_mfsd,scene01/attack/attack_client030_android_SD_ipad_video_scene01.mp4,300,300,300,[],0,0,0,,INDEX_TIMESTAMPS_CONSISTENT
msu_mfsd,scene01/attack/attack_client030_android_SD_iphone_video_scene01.mp4,300,300,300,[],0,0,0,,INDEX_TIMESTAMPS_CONSISTENT
msu_mfsd,scene01/attack/attack_client030_android_SD_printed_photo_scene01.mp4,229,229,229,[],0,0,0,,INDEX_TIMESTAMPS_CONSISTENT
msu_mfsd,scene01/attack/attack_client030_laptop_SD_ipad_video_scene01.mov,301,301,301,[],0,0,0,,INDEX_TIMESTAMPS_CONSISTENT
msu_mfsd,scene01/attack/attack_client030_laptop_SD_iphone_video_scene01.mov,301,301,301,[],0,0,0,,INDEX_TIMESTAMPS_CONSISTENT
msu_mfsd,scene01/attack/attack_client030_laptop_SD_printed_photo_scene01.mov,201,201,201,[],0,0,0,,INDEX_TIMESTAMPS_CONSISTENT
msu_mfsd,scene01/attack/attack_client032_android_SD_ipad_video_scene01.mp4,300,300,300,[],0,0,0,,INDEX_TIMESTAMPS_CONSISTENT
msu_mfsd,scene01/attack/attack_client032_android_SD_iphone_video_scene01.mp4,300,300,300,[],0,0,0,,INDEX_TIMESTAMPS_CONSISTENT
msu_mfsd,scene01/attack/attack_client032_android_SD_printed_photo_scene01.mp4,281,281,281,[],0,0,0,,INDEX_TIMESTAMPS_CONSISTENT
msu_mfsd,scene01/attack/attack_client032_laptop_SD_ipad_video_scene01.mov,301,301,301,[],0,0,0,,INDEX_TIMESTAMPS_CONSISTENT
msu_mfsd,scene01/attack/attack_client032_laptop_SD_iphone_video_scene01.mov,301,301,301,[],0,0,0,,INDEX_TIMESTAMPS_CONSISTENT
msu_mfsd,scene01/attack/attack_client032_laptop_SD_printed_photo_scene01.mov,201,201,201,[],0,0,0,,INDEX_TIMESTAMPS_CONSISTENT
msu_mfsd,scene01/attack/attack_client033_android_SD_ipad_video_scene01.mp4,300,300,300,[],0,0,0,,INDEX_TIMESTAMPS_CONSISTENT
msu_mfsd,scene01/attack/attack_client033_android_SD_iphone_video_scene01.mp4,300,300,300,[],0,0,0,,INDEX_TIMESTAMPS_CONSISTENT
msu_mfsd,scene01/attack/attack_client033_android_SD_printed_photo_scene01.mp4,268,268,268,[],0,0,0,,INDEX_TIMESTAMPS_CONSISTENT
msu_mfsd,scene01/attack/attack_client033_laptop_SD_ipad_video_scene01.mov,301,301,301,[],0,0,0,,INDEX_TIMESTAMPS_CONSISTENT
msu_mfsd,scene01/attack/attack_client033_laptop_SD_iphone_video_scene01.mov,300,300,300,[],0,0,0,,INDEX_TIMESTAMPS_CONSISTENT
msu_mfsd,scene01/attack/attack_client033_laptop_SD_printed_photo_scene01.mov,223,223,223,[],0,0,0,,INDEX_TIMESTAMPS_CONSISTENT
msu_mfsd,scene01/attack/attack_client034_android_SD_ipad_video_scene01.mp4,300,300,300,[],0,0,0,,INDEX_TIMESTAMPS_CONSISTENT
msu_mfsd,scene01/attack/attack_client034_android_SD_iphone_video_scene01.mp4,300,300,300,[],0,0,0,,INDEX_TIMESTAMPS_CONSISTENT
msu_mfsd,scene01/attack/attack_client034_android_SD_printed_photo_scene01.mp4,213,213,213,[],0,0,0,,INDEX_TIMESTAMPS_CONSISTENT
msu_mfsd,scene01/attack/attack_client034_laptop_SD_ipad_video_scene01.mov,301,301,301,[],0,0,0,,INDEX_TIMESTAMPS_CONSISTENT
msu_mfsd,scene01/attack/attack_client034_laptop_SD_iphone_video_scene01.mov,301,301,301,[],0,0,0,,INDEX_TIMESTAMPS_CONSISTENT
msu_mfsd,scene01/attack/attack_client034_laptop_SD_printed_photo_scene01.mov,212,212,212,[],0,0,0,,INDEX_TIMESTAMPS_CONSISTENT
msu_mfsd,scene01/attack/attack_client035_android_SD_ipad_video_scene01.mp4,300,300,300,[],0,0,0,,INDEX_TIMESTAMPS_CONSISTENT
msu_mfsd,scene01/attack/attack_client035_android_SD_iphone_video_scene01.mp4,300,300,300,[],0,0,0,,INDEX_TIMESTAMPS_CONSISTENT
msu_mfsd,scene01/attack/attack_client035_android_SD_printed_photo_scene01.mp4,216,216,216,[],0,0,0,,INDEX_TIMESTAMPS_CONSISTENT
msu_mfsd,scene01/attack/attack_client035_laptop_SD_ipad_video_scene01.mov,301,301,301,[],0,0,0,,INDEX_TIMESTAMPS_CONSISTENT
msu_mfsd,scene01/attack/attack_client035_laptop_SD_iphone_video_scene01.mov,301,301,301,[],0,0,0,,INDEX_TIMESTAMPS_CONSISTENT
msu_mfsd,scene01/attack/attack_client035_laptop_SD_printed_photo_scene01.mov,200,200,200,[],0,0,0,,INDEX_TIMESTAMPS_CONSISTENT
msu_mfsd,scene01/attack/attack_client036_android_SD_ipad_video_scene01.mp4,300,300,300,[],0,0,0,,INDEX_TIMESTAMPS_CONSISTENT
msu_mfsd,scene01/attack/attack_client036_android_SD_iphone_video_scene01.mp4,300,300,300,[],0,0,0,,INDEX_TIMESTAMPS_CONSISTENT
msu_mfsd,scene01/attack/attack_client036_android_SD_printed_photo_scene01.mp4,268,268,268,[],0,0,0,,INDEX_TIMESTAMPS_CONSISTENT
msu_mfsd,scene01/attack/attack_client036_laptop_SD_ipad_video_scene01.mov,300,300,300,[],0,0,0,,INDEX_TIMESTAMPS_CONSISTENT
msu_mfsd,scene01/attack/attack_client036_laptop_SD_iphone_video_scene01.mov,301,301,301,[],0,0,0,,INDEX_TIMESTAMPS_CONSISTENT
msu_mfsd,scene01/attack/attack_client036_laptop_SD_printed_photo_scene01.mov,191,191,191,[],0,0,0,,INDEX_TIMESTAMPS_CONSISTENT
msu_mfsd,scene01/attack/attack_client037_android_SD_ipad_video_scene01.mp4,300,300,300,[],0,0,0,,INDEX_TIMESTAMPS_CONSISTENT
msu_mfsd,scene01/attack/attack_client037_android_SD_iphone_video_scene01.mp4,300,300,300,[],0,0,0,,INDEX_TIMESTAMPS_CONSISTENT
msu_mfsd,scene01/attack/attack_client037_android_SD_printed_photo_scene01.mp4,226,226,226,[],0,0,0,,INDEX_TIMESTAMPS_CONSISTENT
msu_mfsd,scene01/attack/attack_client037_laptop_SD_ipad_video_scene01.mov,300,300,300,[],0,0,0,,INDEX_TIMESTAMPS_CONSISTENT
msu_mfsd,scene01/attack/attack_client037_laptop_SD_iphone_video_scene01.mov,301,301,301,[],0,0,0,,INDEX_TIMESTAMPS_CONSISTENT
msu_mfsd,scene01/attack/attack_client037_laptop_SD_printed_photo_scene01.mov,203,203,203,[],0,0,0,,INDEX_TIMESTAMPS_CONSISTENT
msu_mfsd,scene01/attack/attack_client039_android_SD_ipad_video_scene01.mp4,300,300,300,[],0,0,0,,INDEX_TIMESTAMPS_CONSISTENT
msu_mfsd,scene01/attack/attack_client039_android_SD_iphone_video_scene01.mp4,300,300,300,[],0,0,0,,INDEX_TIMESTAMPS_CONSISTENT
msu_mfsd,scene01/attack/attack_client039_android_SD_printed_photo_scene01.mp4,196,196,196,[],0,0,0,,INDEX_TIMESTAMPS_CONSISTENT
msu_mfsd,scene01/attack/attack_client039_laptop_SD_ipad_video_scene01.mov,301,301,301,[],0,0,0,,INDEX_TIMESTAMPS_CONSISTENT
msu_mfsd,scene01/attack/attack_client039_laptop_SD_iphone_video_scene01.mov,301,301,301,[],0,0,0,,INDEX_TIMESTAMPS_CONSISTENT
msu_mfsd,scene01/attack/attack_client039_laptop_SD_printed_photo_scene01.mov,191,191,191,[],0,0,0,,INDEX_TIMESTAMPS_CONSISTENT
msu_mfsd,scene01/attack/attack_client042_android_SD_ipad_video_scene01.mp4,300,300,300,[],0,0,0,,INDEX_TIMESTAMPS_CONSISTENT
msu_mfsd,scene01/attack/attack_client042_android_SD_iphone_video_scene01.mp4,300,300,300,[],0,0,0,,INDEX_TIMESTAMPS_CONSISTENT
msu_mfsd,scene01/attack/attack_client042_android_SD_printed_photo_scene01.mp4,217,217,217,[],0,0,0,,INDEX_TIMESTAMPS_CONSISTENT
msu_mfsd,scene01/attack/attack_client042_laptop_SD_ipad_video_scene01.mov,301,301,301,[],0,0,0,,INDEX_TIMESTAMPS_CONSISTENT
msu_mfsd,scene01/attack/attack_client042_laptop_SD_iphone_video_scene01.mov,301,301,301,[],0,0,0,,INDEX_TIMESTAMPS_CONSISTENT
msu_mfsd,scene01/attack/attack_client042_laptop_SD_printed_photo_scene01.mov,196,196,196,[],0,0,0,,INDEX_TIMESTAMPS_CONSISTENT
msu_mfsd,scene01/attack/attack_client048_android_SD_ipad_video_scene01.mp4,300,300,300,[],0,0,0,,INDEX_TIMESTAMPS_CONSISTENT
msu_mfsd,scene01/attack/attack_client048_android_SD_iphone_video_scene01.mp4,300,300,300,[],0,0,0,,INDEX_TIMESTAMPS_CONSISTENT
msu_mfsd,scene01/attack/attack_client048_android_SD_printed_photo_scene01.mp4,248,248,248,[],0,0,0,,INDEX_TIMESTAMPS_CONSISTENT
msu_mfsd,scene01/attack/attack_client048_laptop_SD_ipad_video_scene01.mov,300,300,300,[],0,0,0,,INDEX_TIMESTAMPS_CONSISTENT
msu_mfsd,scene01/attack/attack_client048_laptop_SD_iphone_video_scene01.mov,300,300,300,[],0,0,0,,INDEX_TIMESTAMPS_CONSISTENT
msu_mfsd,scene01/attack/attack_client048_laptop_SD_printed_photo_scene01.mov,208,208,208,[],0,0,0,,INDEX_TIMESTAMPS_CONSISTENT
msu_mfsd,scene01/attack/attack_client049_android_SD_ipad_video_scene01.mp4,300,300,300,[],0,0,0,,INDEX_TIMESTAMPS_CONSISTENT
msu_mfsd,scene01/attack/attack_client049_android_SD_iphone_video_scene01.mp4,300,300,300,[],0,0,0,,INDEX_TIMESTAMPS_CONSISTENT
msu_mfsd,scene01/attack/attack_client049_android_SD_printed_photo_scene01.mp4,227,227,227,[],0,0,0,,INDEX_TIMESTAMPS_CONSISTENT
msu_mfsd,scene01/attack/attack_client049_laptop_SD_ipad_video_scene01.mov,301,301,301,[],0,0,0,,INDEX_TIMESTAMPS_CONSISTENT
msu_mfsd,scene01/attack/attack_client049_laptop_SD_iphone_video_scene01.mov,301,301,301,[],0,0,0,,INDEX_TIMESTAMPS_CONSISTENT
msu_mfsd,scene01/attack/attack_client049_laptop_SD_printed_photo_scene01.mov,213,213,213,[],0,0,0,,INDEX_TIMESTAMPS_CONSISTENT
msu_mfsd,scene01/attack/attack_client050_android_SD_ipad_video_scene01.mp4,300,300,300,[],0,0,0,,INDEX_TIMESTAMPS_CONSISTENT
msu_mfsd,scene01/attack/attack_client050_android_SD_iphone_video_scene01.mp4,300,300,300,[],0,0,0,,INDEX_TIMESTAMPS_CONSISTENT
msu_mfsd,scene01/attack/attack_client050_android_SD_printed_photo_scene01.mp4,250,250,250,[],0,0,0,,INDEX_TIMESTAMPS_CONSISTENT
msu_mfsd,scene01/attack/attack_client050_laptop_SD_ipad_video_scene01.mov,301,301,301,[],0,0,0,,INDEX_TIMESTAMPS_CONSISTENT
msu_mfsd,scene01/attack/attack_client050_laptop_SD_iphone_video_scene01.mov,301,301,301,[],0,0,0,,INDEX_TIMESTAMPS_CONSISTENT
msu_mfsd,scene01/attack/attack_client050_laptop_SD_printed_photo_scene01.mov,207,207,207,[],0,0,0,,INDEX_TIMESTAMPS_CONSISTENT
msu_mfsd,scene01/attack/attack_client051_android_SD_ipad_video_scene01.mp4,300,300,300,[],0,0,0,,INDEX_TIMESTAMPS_CONSISTENT
msu_mfsd,scene01/attack/attack_client051_android_SD_iphone_video_scene01.mp4,300,300,300,[],0,0,0,,INDEX_TIMESTAMPS_CONSISTENT
msu_mfsd,scene01/attack/attack_client051_android_SD_printed_photo_scene01.mp4,245,245,245,[],0,0,0,,INDEX_TIMESTAMPS_CONSISTENT
msu_mfsd,scene01/attack/attack_client051_laptop_SD_ipad_video_scene01.mov,301,301,301,[],0,0,0,,INDEX_TIMESTAMPS_CONSISTENT
msu_mfsd,scene01/attack/attack_client051_laptop_SD_iphone_video_scene01.mov,301,301,301,[],0,0,0,,INDEX_TIMESTAMPS_CONSISTENT
msu_mfsd,scene01/attack/attack_client051_laptop_SD_printed_photo_scene01.mov,211,211,211,[],0,0,0,,INDEX_TIMESTAMPS_CONSISTENT
msu_mfsd,scene01/attack/attack_client053_android_SD_ipad_video_scene01.mp4,300,300,300,[],0,0,0,,INDEX_TIMESTAMPS_CONSISTENT
msu_mfsd,scene01/attack/attack_client053_android_SD_iphone_video_scene01.mp4,300,300,300,[],0,0,0,,INDEX_TIMESTAMPS_CONSISTENT
msu_mfsd,scene01/attack/attack_client053_android_SD_printed_photo_scene01.mp4,214,214,214,[],0,0,0,,INDEX_TIMESTAMPS_CONSISTENT
msu_mfsd,scene01/attack/attack_client053_laptop_SD_ipad_video_scene01.mov,301,301,301,[],0,0,0,,INDEX_TIMESTAMPS_CONSISTENT
msu_mfsd,scene01/attack/attack_client053_laptop_SD_iphone_video_scene01.mov,301,301,301,[],0,0,0,,INDEX_TIMESTAMPS_CONSISTENT
msu_mfsd,scene01/attack/attack_client053_laptop_SD_printed_photo_scene01.mov,213,213,213,[],0,0,0,,INDEX_TIMESTAMPS_CONSISTENT
msu_mfsd,scene01/attack/attack_client054_android_SD_ipad_video_scene01.mp4,300,300,300,[],0,0,0,,INDEX_TIMESTAMPS_CONSISTENT
msu_mfsd,scene01/attack/attack_client054_android_SD_iphone_video_scene01.mp4,300,300,300,[],0,0,0,,INDEX_TIMESTAMPS_CONSISTENT
msu_mfsd,scene01/attack/attack_client054_android_SD_printed_photo_scene01.mp4,221,221,221,[],0,0,0,,INDEX_TIMESTAMPS_CONSISTENT
msu_mfsd,scene01/attack/attack_client054_laptop_SD_ipad_video_scene01.mov,301,301,301,[],0,0,0,,INDEX_TIMESTAMPS_CONSISTENT
msu_mfsd,scene01/attack/attack_client054_laptop_SD_iphone_video_scene01.mov,301,301,301,[],0,0,0,,INDEX_TIMESTAMPS_CONSISTENT
msu_mfsd,scene01/attack/attack_client054_laptop_SD_printed_photo_scene01.mov,235,235,235,[],0,0,0,,INDEX_TIMESTAMPS_CONSISTENT
msu_mfsd,scene01/attack/attack_client055_android_SD_ipad_video_scene01.mp4,300,300,300,[],0,0,0,,INDEX_TIMESTAMPS_CONSISTENT
msu_mfsd,scene01/attack/attack_client055_android_SD_iphone_video_scene01.mp4,300,300,300,[],0,0,0,,INDEX_TIMESTAMPS_CONSISTENT
msu_mfsd,scene01/attack/attack_client055_android_SD_printed_photo_scene01.mp4,212,212,212,[],0,0,0,,INDEX_TIMESTAMPS_CONSISTENT
msu_mfsd,scene01/attack/attack_client055_laptop_SD_ipad_video_scene01.mov,301,301,301,[],0,0,0,,INDEX_TIMESTAMPS_CONSISTENT
msu_mfsd,scene01/attack/attack_client055_laptop_SD_iphone_video_scene01.mov,301,301,301,[],0,0,0,,INDEX_TIMESTAMPS_CONSISTENT
msu_mfsd,scene01/attack/attack_client055_laptop_SD_printed_photo_scene01.mov,225,225,225,[],0,0,0,,INDEX_TIMESTAMPS_CONSISTENT
msu_mfsd,scene01/real/real_client001_android_SD_scene01.mp4,300,300,300,[],0,0,0,,INDEX_TIMESTAMPS_CONSISTENT
msu_mfsd,scene01/real/real_client001_laptop_SD_scene01.mov,301,301,301,[],0,0,0,,INDEX_TIMESTAMPS_CONSISTENT
msu_mfsd,scene01/real/real_client002_android_SD_scene01.mp4,300,300,300,[],0,0,0,,INDEX_TIMESTAMPS_CONSISTENT
msu_mfsd,scene01/real/real_client002_laptop_SD_scene01.mov,239,239,239,[],0,0,0,,INDEX_TIMESTAMPS_CONSISTENT
msu_mfsd,scene01/real/real_client003_android_SD_scene01.mp4,300,300,300,[],0,0,0,,INDEX_TIMESTAMPS_CONSISTENT
msu_mfsd,scene01/real/real_client003_laptop_SD_scene01.mov,242,242,242,[],0,0,0,,INDEX_TIMESTAMPS_CONSISTENT
msu_mfsd,scene01/real/real_client005_android_SD_scene01.mp4,301,301,301,[],0,0,0,,INDEX_TIMESTAMPS_CONSISTENT
msu_mfsd,scene01/real/real_client005_laptop_SD_scene01.mov,301,301,301,[],0,0,0,,INDEX_TIMESTAMPS_CONSISTENT
msu_mfsd,scene01/real/real_client006_android_SD_scene01.mp4,301,301,301,[],0,0,0,,INDEX_TIMESTAMPS_CONSISTENT
msu_mfsd,scene01/real/real_client006_laptop_SD_scene01.mov,301,301,301,[],0,0,0,,INDEX_TIMESTAMPS_CONSISTENT
msu_mfsd,scene01/real/real_client007_android_SD_scene01.mp4,300,300,300,[],0,0,0,,INDEX_TIMESTAMPS_CONSISTENT
msu_mfsd,scene01/real/real_client007_laptop_SD_scene01.mov,217,217,217,[],0,0,0,,INDEX_TIMESTAMPS_CONSISTENT
msu_mfsd,scene01/real/real_client008_android_SD_scene01.mp4,300,300,300,[],0,0,0,,INDEX_TIMESTAMPS_CONSISTENT
msu_mfsd,scene01/real/real_client008_laptop_SD_scene01.mov,269,269,269,[],0,0,0,,INDEX_TIMESTAMPS_CONSISTENT
msu_mfsd,scene01/real/real_client009_android_SD_scene01.mp4,300,300,300,[],0,0,0,,INDEX_TIMESTAMPS_CONSISTENT
msu_mfsd,scene01/real/real_client009_laptop_SD_scene01.mov,246,246,246,[],0,0,0,,INDEX_TIMESTAMPS_CONSISTENT
msu_mfsd,scene01/real/real_client011_android_SD_scene01.mp4,300,300,300,[],0,0,0,,INDEX_TIMESTAMPS_CONSISTENT
msu_mfsd,scene01/real/real_client011_laptop_SD_scene01.mov,301,301,301,[],0,0,0,,INDEX_TIMESTAMPS_CONSISTENT
msu_mfsd,scene01/real/real_client012_android_SD_scene01.mp4,300,300,300,[],0,0,0,,INDEX_TIMESTAMPS_CONSISTENT
msu_mfsd,scene01/real/real_client012_laptop_SD_scene01.mov,290,290,290,[],0,0,0,,INDEX_TIMESTAMPS_CONSISTENT
msu_mfsd,scene01/real/real_client013_android_SD_scene01.mp4,300,300,300,[],0,0,0,,INDEX_TIMESTAMPS_CONSISTENT
msu_mfsd,scene01/real/real_client013_laptop_SD_scene01.mov,277,277,277,[],0,0,0,,INDEX_TIMESTAMPS_CONSISTENT
msu_mfsd,scene01/real/real_client014_android_SD_scene01.mp4,300,300,300,[],0,0,0,,INDEX_TIMESTAMPS_CONSISTENT
msu_mfsd,scene01/real/real_client014_laptop_SD_scene01.mov,301,301,301,[],0,0,0,,INDEX_TIMESTAMPS_CONSISTENT
msu_mfsd,scene01/real/real_client021_android_SD_scene01.mp4,300,300,300,[],0,0,0,,INDEX_TIMESTAMPS_CONSISTENT
msu_mfsd,scene01/real/real_client021_laptop_SD_scene01.mov,283,283,283,[],0,0,0,,INDEX_TIMESTAMPS_CONSISTENT
msu_mfsd,scene01/real/real_client022_android_SD_scene01.mp4,300,300,300,[],0,0,0,,INDEX_TIMESTAMPS_CONSISTENT
msu_mfsd,scene01/real/real_client022_laptop_SD_scene01.mov,244,244,244,[],0,0,0,,INDEX_TIMESTAMPS_CONSISTENT
msu_mfsd,scene01/real/real_client023_android_SD_scene01.mp4,300,300,300,[],0,0,0,,INDEX_TIMESTAMPS_CONSISTENT
msu_mfsd,scene01/real/real_client023_laptop_SD_scene01.mov,270,270,270,[],0,0,0,,INDEX_TIMESTAMPS_CONSISTENT
msu_mfsd,scene01/real/real_client024_android_SD_scene01.mp4,300,300,300,[],0,0,0,,INDEX_TIMESTAMPS_CONSISTENT
msu_mfsd,scene01/real/real_client024_laptop_SD_scene01.mov,237,237,237,[],0,0,0,,INDEX_TIMESTAMPS_CONSISTENT
msu_mfsd,scene01/real/real_client026_android_SD_scene01.mp4,300,300,300,[],0,0,0,,INDEX_TIMESTAMPS_CONSISTENT
msu_mfsd,scene01/real/real_client026_laptop_SD_scene01.mov,301,301,301,[],0,0,0,,INDEX_TIMESTAMPS_CONSISTENT
msu_mfsd,scene01/real/real_client028_android_SD_scene01.mp4,300,300,300,[],0,0,0,,INDEX_TIMESTAMPS_CONSISTENT
msu_mfsd,scene01/real/real_client028_laptop_SD_scene01.mov,301,301,301,[],0,0,0,,INDEX_TIMESTAMPS_CONSISTENT
msu_mfsd,scene01/real/real_client029_android_SD_scene01.mp4,300,300,300,[],0,0,0,,INDEX_TIMESTAMPS_CONSISTENT
msu_mfsd,scene01/real/real_client029_laptop_SD_scene01.mov,234,234,234,[],0,0,0,,INDEX_TIMESTAMPS_CONSISTENT
msu_mfsd,scene01/real/real_client030_android_SD_scene01.mp4,301,301,301,[],0,0,0,,INDEX_TIMESTAMPS_CONSISTENT
msu_mfsd,scene01/real/real_client030_laptop_SD_scene01.mov,246,246,246,[],0,0,0,,INDEX_TIMESTAMPS_CONSISTENT
msu_mfsd,scene01/real/real_client032_android_SD_scene01.mp4,300,300,300,[],0,0,0,,INDEX_TIMESTAMPS_CONSISTENT
msu_mfsd,scene01/real/real_client032_laptop_SD_scene01.mov,234,234,234,[],0,0,0,,INDEX_TIMESTAMPS_CONSISTENT
msu_mfsd,scene01/real/real_client033_android_SD_scene01.mp4,300,300,300,[],0,0,0,,INDEX_TIMESTAMPS_CONSISTENT
msu_mfsd,scene01/real/real_client033_laptop_SD_scene01.mov,246,246,246,[],0,0,0,,INDEX_TIMESTAMPS_CONSISTENT
msu_mfsd,scene01/real/real_client034_android_SD_scene01.mp4,300,300,300,[],0,0,0,,INDEX_TIMESTAMPS_CONSISTENT
msu_mfsd,scene01/real/real_client034_laptop_SD_scene01.mov,301,301,301,[],0,0,0,,INDEX_TIMESTAMPS_CONSISTENT
msu_mfsd,scene01/real/real_client035_android_SD_scene01.mp4,300,300,300,[],0,0,0,,INDEX_TIMESTAMPS_CONSISTENT
msu_mfsd,scene01/real/real_client035_laptop_SD_scene01.mov,243,243,243,[],0,0,0,,INDEX_TIMESTAMPS_CONSISTENT
msu_mfsd,scene01/real/real_client036_android_SD_scene01.mp4,300,300,300,[],0,0,0,,INDEX_TIMESTAMPS_CONSISTENT
msu_mfsd,scene01/real/real_client036_laptop_SD_scene01.mov,301,301,301,[],0,0,0,,INDEX_TIMESTAMPS_CONSISTENT
msu_mfsd,scene01/real/real_client037_android_SD_scene01.mp4,300,300,300,[],0,0,0,,INDEX_TIMESTAMPS_CONSISTENT
msu_mfsd,scene01/real/real_client037_laptop_SD_scene01.mov,276,276,276,[],0,0,0,,INDEX_TIMESTAMPS_CONSISTENT
msu_mfsd,scene01/real/real_client039_android_SD_scene01.mp4,300,300,300,[],0,0,0,,INDEX_TIMESTAMPS_CONSISTENT
msu_mfsd,scene01/real/real_client039_laptop_SD_scene01.mov,234,234,234,[],0,0,0,,INDEX_TIMESTAMPS_CONSISTENT
msu_mfsd,scene01/real/real_client042_android_SD_scene01.mp4,300,300,300,[],0,0,0,,INDEX_TIMESTAMPS_CONSISTENT
msu_mfsd,scene01/real/real_client042_laptop_SD_scene01.mov,250,250,250,[],0,0,0,,INDEX_TIMESTAMPS_CONSISTENT
msu_mfsd,scene01/real/real_client048_android_SD_scene01.mp4,300,300,300,[],0,0,0,,INDEX_TIMESTAMPS_CONSISTENT
msu_mfsd,scene01/real/real_client048_laptop_SD_scene01.mov,234,234,234,[],0,0,0,,INDEX_TIMESTAMPS_CONSISTENT
msu_mfsd,scene01/real/real_client049_android_SD_scene01.mp4,300,300,300,[],0,0,0,,INDEX_TIMESTAMPS_CONSISTENT
msu_mfsd,scene01/real/real_client049_laptop_SD_scene01.mov,222,222,222,[],0,0,0,,INDEX_TIMESTAMPS_CONSISTENT
msu_mfsd,scene01/real/real_client050_android_SD_scene01.mp4,300,300,300,[],0,0,0,,INDEX_TIMESTAMPS_CONSISTENT
msu_mfsd,scene01/real/real_client050_laptop_SD_scene01.mov,229,229,229,[],0,0,0,,INDEX_TIMESTAMPS_CONSISTENT
msu_mfsd,scene01/real/real_client051_android_SD_scene01.mp4,300,300,300,[],0,0,0,,INDEX_TIMESTAMPS_CONSISTENT
msu_mfsd,scene01/real/real_client051_laptop_SD_scene01.mov,238,238,238,[],0,0,0,,INDEX_TIMESTAMPS_CONSISTENT
msu_mfsd,scene01/real/real_client053_android_SD_scene01.mp4,300,300,300,[],0,0,0,,INDEX_TIMESTAMPS_CONSISTENT
msu_mfsd,scene01/real/real_client053_laptop_SD_scene01.mov,259,259,259,[],0,0,0,,INDEX_TIMESTAMPS_CONSISTENT
msu_mfsd,scene01/real/real_client054_android_SD_scene01.mp4,300,300,300,[],0,0,0,,INDEX_TIMESTAMPS_CONSISTENT
msu_mfsd,scene01/real/real_client054_laptop_SD_scene01.mov,301,301,301,[],0,0,0,,INDEX_TIMESTAMPS_CONSISTENT
msu_mfsd,scene01/real/real_client055_android_SD_scene01.mp4,300,300,300,[],0,0,0,,INDEX_TIMESTAMPS_CONSISTENT
msu_mfsd,scene01/real/real_client055_laptop_SD_scene01.mov,274,274,274,[],0,0,0,,INDEX_TIMESTAMPS_CONSISTENT
siwmv2,Live/Live_1.mov,240,240,240,[],0,0,0,,INDEX_TIMESTAMPS_CONSISTENT
siwmv2,Live/Live_10.mov,240,240,240,[],0,0,0,,INDEX_TIMESTAMPS_CONSISTENT
siwmv2,Live/Live_100.mov,240,240,240,[],0,0,0,,INDEX_TIMESTAMPS_CONSISTENT
siwmv2,Live/Live_101.mov,240,240,240,[],0,0,0,,INDEX_TIMESTAMPS_CONSISTENT
siwmv2,Live/Live_102.mov,240,240,240,[],0,0,0,,INDEX_TIMESTAMPS_CONSISTENT
siwmv2,Live/Live_103.mov,172,172,172,[],0,0,0,,INDEX_TIMESTAMPS_CONSISTENT
siwmv2,Live/Live_105.avi,179,179,179,[],0,0,0,,INDEX_TIMESTAMPS_CONSISTENT
siwmv2,Live/Live_106.avi,360,360,360,[],0,0,0,,INDEX_TIMESTAMPS_CONSISTENT
siwmv2,Live/Live_107.avi,360,360,360,[],0,0,0,,INDEX_TIMESTAMPS_CONSISTENT
siwmv2,Live/Live_108.avi,360,360,360,[],0,0,0,,INDEX_TIMESTAMPS_CONSISTENT
siwmv2,Live/Live_109.avi,360,360,360,[],0,0,0,,INDEX_TIMESTAMPS_CONSISTENT
siwmv2,Live/Live_11.mov,240,240,240,[],0,0,0,,INDEX_TIMESTAMPS_CONSISTENT
siwmv2,Live/Live_110.avi,179,179,179,[],0,0,0,,INDEX_TIMESTAMPS_CONSISTENT
siwmv2,Live/Live_111.avi,179,179,179,[],0,0,0,,INDEX_TIMESTAMPS_CONSISTENT
siwmv2,Live/Live_112.avi,360,360,360,[],0,0,0,,INDEX_TIMESTAMPS_CONSISTENT
siwmv2,Live/Live_113.avi,360,360,360,[],0,0,0,,INDEX_TIMESTAMPS_CONSISTENT
siwmv2,Live/Live_114.avi,360,360,360,[],0,0,0,,INDEX_TIMESTAMPS_CONSISTENT
siwmv2,Live/Live_115.avi,360,360,360,[],0,0,0,,INDEX_TIMESTAMPS_CONSISTENT
siwmv2,Live/Live_116.avi,360,360,360,[],0,0,0,,INDEX_TIMESTAMPS_CONSISTENT
siwmv2,Live/Live_117.avi,179,179,179,[],0,0,0,,INDEX_TIMESTAMPS_CONSISTENT
siwmv2,Live/Live_118.avi,179,179,179,[],0,0,0,,INDEX_TIMESTAMPS_CONSISTENT
siwmv2,Live/Live_119.avi,179,179,179,[],0,0,0,,INDEX_TIMESTAMPS_CONSISTENT
siwmv2,Live/Live_12.mov,240,240,240,[],0,0,0,,INDEX_TIMESTAMPS_CONSISTENT
siwmv2,Live/Live_120.avi,360,360,360,[],0,0,0,,INDEX_TIMESTAMPS_CONSISTENT
siwmv2,Live/Live_121.avi,179,179,179,[],0,0,0,,INDEX_TIMESTAMPS_CONSISTENT
siwmv2,Live/Live_122.avi,179,179,179,[],0,0,0,,INDEX_TIMESTAMPS_CONSISTENT
siwmv2,Live/Live_123.avi,360,360,360,[],0,0,0,,INDEX_TIMESTAMPS_CONSISTENT
siwmv2,Live/Live_124.avi,360,360,360,[],0,0,0,,INDEX_TIMESTAMPS_CONSISTENT
siwmv2,Live/Live_125.avi,179,179,179,[],0,0,0,,INDEX_TIMESTAMPS_CONSISTENT
siwmv2,Live/Live_126.avi,360,360,360,[],0,0,0,,INDEX_TIMESTAMPS_CONSISTENT
siwmv2,Live/Live_127.avi,179,179,179,[],0,0,0,,INDEX_TIMESTAMPS_CONSISTENT
siwmv2,Live/Live_128.avi,360,360,360,[],0,0,0,,INDEX_TIMESTAMPS_CONSISTENT
siwmv2,Live/Live_129.avi,179,179,179,[],0,0,0,,INDEX_TIMESTAMPS_CONSISTENT
siwmv2,Live/Live_13.mov,240,240,240,[],0,0,0,,INDEX_TIMESTAMPS_CONSISTENT
siwmv2,Live/Live_130.avi,179,179,179,[],0,0,0,,INDEX_TIMESTAMPS_CONSISTENT
siwmv2,Live/Live_131.avi,360,360,360,[],0,0,0,,INDEX_TIMESTAMPS_CONSISTENT
siwmv2,Live/Live_132.avi,360,360,360,[],0,0,0,,INDEX_TIMESTAMPS_CONSISTENT
siwmv2,Live/Live_133.avi,179,179,179,[],0,0,0,,INDEX_TIMESTAMPS_CONSISTENT
siwmv2,Live/Live_134.avi,360,360,360,[],0,0,0,,INDEX_TIMESTAMPS_CONSISTENT
siwmv2,Live/Live_135.avi,360,360,360,[],0,0,0,,INDEX_TIMESTAMPS_CONSISTENT
siwmv2,Live/Live_136.avi,179,179,179,[],0,0,0,,INDEX_TIMESTAMPS_CONSISTENT
siwmv2,Live/Live_137.avi,179,179,179,[],0,0,0,,INDEX_TIMESTAMPS_CONSISTENT
siwmv2,Live/Live_138.avi,360,360,360,[],0,0,0,,INDEX_TIMESTAMPS_CONSISTENT
siwmv2,Live/Live_139.avi,360,360,360,[],0,0,0,,INDEX_TIMESTAMPS_CONSISTENT
siwmv2,Live/Live_14.mov,240,240,240,[],0,0,0,,INDEX_TIMESTAMPS_CONSISTENT
siwmv2,Live/Live_140.avi,179,179,179,[],0,0,0,,INDEX_TIMESTAMPS_CONSISTENT
siwmv2,Live/Live_141.avi,360,360,360,[],0,0,0,,INDEX_TIMESTAMPS_CONSISTENT
siwmv2,Live/Live_142.avi,179,179,179,[],0,0,0,,INDEX_TIMESTAMPS_CONSISTENT
siwmv2,Live/Live_143.avi,179,179,179,[],0,0,0,,INDEX_TIMESTAMPS_CONSISTENT
siwmv2,Live/Live_144.avi,179,179,179,[],0,0,0,,INDEX_TIMESTAMPS_CONSISTENT
siwmv2,Live/Live_145.avi,360,360,360,[],0,0,0,,INDEX_TIMESTAMPS_CONSISTENT
siwmv2,Live/Live_146.avi,360,360,360,[],0,0,0,,INDEX_TIMESTAMPS_CONSISTENT
siwmv2,Live/Live_147.avi,360,360,360,[],0,0,0,,INDEX_TIMESTAMPS_CONSISTENT
siwmv2,Live/Live_148.avi,179,179,179,[],0,0,0,,INDEX_TIMESTAMPS_CONSISTENT
siwmv2,Live/Live_149.avi,179,179,179,[],0,0,0,,INDEX_TIMESTAMPS_CONSISTENT
siwmv2,Live/Live_15.mov,240,240,240,[],0,0,0,,INDEX_TIMESTAMPS_CONSISTENT
siwmv2,Live/Live_150.avi,360,360,360,[],0,0,0,,INDEX_TIMESTAMPS_CONSISTENT
siwmv2,Live/Live_151.avi,179,179,179,[],0,0,0,,INDEX_TIMESTAMPS_CONSISTENT
siwmv2,Live/Live_152.avi,179,179,179,[],0,0,0,,INDEX_TIMESTAMPS_CONSISTENT
siwmv2,Live/Live_153.avi,179,179,179,[],0,0,0,,INDEX_TIMESTAMPS_CONSISTENT
siwmv2,Live/Live_154.avi,179,179,179,[],0,0,0,,INDEX_TIMESTAMPS_CONSISTENT
siwmv2,Live/Live_155.avi,179,179,179,[],0,0,0,,INDEX_TIMESTAMPS_CONSISTENT
siwmv2,Live/Live_156.avi,179,179,179,[],0,0,0,,INDEX_TIMESTAMPS_CONSISTENT
siwmv2,Live/Live_157.avi,179,179,179,[],0,0,0,,INDEX_TIMESTAMPS_CONSISTENT
siwmv2,Live/Live_158.avi,360,360,360,[],0,0,0,,INDEX_TIMESTAMPS_CONSISTENT
siwmv2,Live/Live_159.avi,179,179,179,[],0,0,0,,INDEX_TIMESTAMPS_CONSISTENT
siwmv2,Live/Live_16.mov,240,240,240,[],0,0,0,,INDEX_TIMESTAMPS_CONSISTENT
siwmv2,Live/Live_160.avi,179,179,179,[],0,0,0,,INDEX_TIMESTAMPS_CONSISTENT
siwmv2,Live/Live_161.avi,360,360,360,[],0,0,0,,INDEX_TIMESTAMPS_CONSISTENT
siwmv2,Live/Live_162.avi,179,179,179,[],0,0,0,,INDEX_TIMESTAMPS_CONSISTENT
siwmv2,Live/Live_163.avi,179,179,179,[],0,0,0,,INDEX_TIMESTAMPS_CONSISTENT
siwmv2,Live/Live_164.avi,360,360,360,[],0,0,0,,INDEX_TIMESTAMPS_CONSISTENT
siwmv2,Live/Live_165.avi,179,179,179,[],0,0,0,,INDEX_TIMESTAMPS_CONSISTENT
siwmv2,Live/Live_166.avi,179,179,179,[],0,0,0,,INDEX_TIMESTAMPS_CONSISTENT
siwmv2,Live/Live_167.avi,360,360,360,[],0,0,0,,INDEX_TIMESTAMPS_CONSISTENT
siwmv2,Live/Live_168.avi,360,360,360,[],0,0,0,,INDEX_TIMESTAMPS_CONSISTENT
siwmv2,Live/Live_169.avi,179,179,179,[],0,0,0,,INDEX_TIMESTAMPS_CONSISTENT
siwmv2,Live/Live_17.mov,240,240,240,[],0,0,0,,INDEX_TIMESTAMPS_CONSISTENT
siwmv2,Live/Live_170.avi,179,179,179,[],0,0,0,,INDEX_TIMESTAMPS_CONSISTENT
siwmv2,Live/Live_171.avi,360,360,360,[],0,0,0,,INDEX_TIMESTAMPS_CONSISTENT
siwmv2,Live/Live_172.avi,360,360,360,[],0,0,0,,INDEX_TIMESTAMPS_CONSISTENT
siwmv2,Live/Live_173.avi,179,179,179,[],0,0,0,,INDEX_TIMESTAMPS_CONSISTENT
siwmv2,Live/Live_174.avi,179,179,179,[],0,0,0,,INDEX_TIMESTAMPS_CONSISTENT
siwmv2,Live/Live_175.avi,179,179,179,[],0,0,0,,INDEX_TIMESTAMPS_CONSISTENT
siwmv2,Live/Live_176.avi,360,360,360,[],0,0,0,,INDEX_TIMESTAMPS_CONSISTENT
siwmv2,Live/Live_177.avi,360,360,360,[],0,0,0,,INDEX_TIMESTAMPS_CONSISTENT
siwmv2,Live/Live_178.avi,360,360,360,[],0,0,0,,INDEX_TIMESTAMPS_CONSISTENT
siwmv2,Live/Live_179.avi,179,179,179,[],0,0,0,,INDEX_TIMESTAMPS_CONSISTENT
siwmv2,Live/Live_18.mov,240,240,240,[],0,0,0,,INDEX_TIMESTAMPS_CONSISTENT
siwmv2,Live/Live_180.avi,179,179,179,[],0,0,0,,INDEX_TIMESTAMPS_CONSISTENT
siwmv2,Live/Live_181.avi,179,179,179,[],0,0,0,,INDEX_TIMESTAMPS_CONSISTENT
siwmv2,Live/Live_182.avi,360,360,360,[],0,0,0,,INDEX_TIMESTAMPS_CONSISTENT
siwmv2,Live/Live_183.avi,360,360,360,[],0,0,0,,INDEX_TIMESTAMPS_CONSISTENT
siwmv2,Live/Live_184.avi,179,179,179,[],0,0,0,,INDEX_TIMESTAMPS_CONSISTENT
siwmv2,Live/Live_185.avi,360,360,360,[],0,0,0,,INDEX_TIMESTAMPS_CONSISTENT
siwmv2,Live/Live_186.avi,360,360,360,[],0,0,0,,INDEX_TIMESTAMPS_CONSISTENT
siwmv2,Live/Live_187.avi,360,360,360,[],0,0,0,,INDEX_TIMESTAMPS_CONSISTENT
siwmv2,Live/Live_188.avi,360,360,360,[],0,0,0,,INDEX_TIMESTAMPS_CONSISTENT
siwmv2,Live/Live_189.avi,179,179,179,[],0,0,0,,INDEX_TIMESTAMPS_CONSISTENT
siwmv2,Live/Live_19.mov,240,240,240,[],0,0,0,,INDEX_TIMESTAMPS_CONSISTENT
siwmv2,Live/Live_190.avi,360,360,360,[],0,0,0,,INDEX_TIMESTAMPS_CONSISTENT
siwmv2,Live/Live_191.avi,360,360,360,[],0,0,0,,INDEX_TIMESTAMPS_CONSISTENT
siwmv2,Live/Live_192.avi,179,179,179,[],0,0,0,,INDEX_TIMESTAMPS_CONSISTENT
siwmv2,Live/Live_193.avi,179,179,179,[],0,0,0,,INDEX_TIMESTAMPS_CONSISTENT
siwmv2,Live/Live_194.avi,179,179,179,[],0,0,0,,INDEX_TIMESTAMPS_CONSISTENT
siwmv2,Live/Live_195.avi,360,360,360,[],0,0,0,,INDEX_TIMESTAMPS_CONSISTENT
siwmv2,Live/Live_196.avi,360,360,360,[],0,0,0,,INDEX_TIMESTAMPS_CONSISTENT
siwmv2,Live/Live_197.avi,179,179,179,[],0,0,0,,INDEX_TIMESTAMPS_CONSISTENT
siwmv2,Live/Live_198.avi,360,360,360,[],0,0,0,,INDEX_TIMESTAMPS_CONSISTENT
siwmv2,Live/Live_199.avi,179,179,179,[],0,0,0,,INDEX_TIMESTAMPS_CONSISTENT
siwmv2,Live/Live_2.mov,240,240,240,[],0,0,0,,INDEX_TIMESTAMPS_CONSISTENT
siwmv2,Live/Live_20.mov,240,240,240,[],0,0,0,,INDEX_TIMESTAMPS_CONSISTENT
siwmv2,Live/Live_200.avi,179,179,179,[],0,0,0,,INDEX_TIMESTAMPS_CONSISTENT
siwmv2,Live/Live_201.avi,360,360,360,[],0,0,0,,INDEX_TIMESTAMPS_CONSISTENT
siwmv2,Live/Live_202.avi,360,360,360,[],0,0,0,,INDEX_TIMESTAMPS_CONSISTENT
siwmv2,Live/Live_203.avi,179,179,179,[],0,0,0,,INDEX_TIMESTAMPS_CONSISTENT
siwmv2,Live/Live_204.avi,179,179,179,[],0,0,0,,INDEX_TIMESTAMPS_CONSISTENT
siwmv2,Live/Live_205.avi,179,179,179,[],0,0,0,,INDEX_TIMESTAMPS_CONSISTENT
siwmv2,Live/Live_206.avi,360,360,360,[],0,0,0,,INDEX_TIMESTAMPS_CONSISTENT
siwmv2,Live/Live_207.avi,179,179,179,[],0,0,0,,INDEX_TIMESTAMPS_CONSISTENT
siwmv2,Live/Live_208.avi,360,360,360,[],0,0,0,,INDEX_TIMESTAMPS_CONSISTENT
siwmv2,Live/Live_209.avi,179,179,179,[],0,0,0,,INDEX_TIMESTAMPS_CONSISTENT
siwmv2,Live/Live_21.mov,240,240,240,[],0,0,0,,INDEX_TIMESTAMPS_CONSISTENT
siwmv2,Live/Live_210.avi,360,360,360,[],0,0,0,,INDEX_TIMESTAMPS_CONSISTENT
siwmv2,Live/Live_211.avi,360,360,360,[],0,0,0,,INDEX_TIMESTAMPS_CONSISTENT
siwmv2,Live/Live_212.avi,179,179,179,[],0,0,0,,INDEX_TIMESTAMPS_CONSISTENT
siwmv2,Live/Live_213.avi,179,179,179,[],0,0,0,,INDEX_TIMESTAMPS_CONSISTENT
siwmv2,Live/Live_214.avi,179,179,179,[],0,0,0,,INDEX_TIMESTAMPS_CONSISTENT
siwmv2,Live/Live_215.avi,360,360,360,[],0,0,0,,INDEX_TIMESTAMPS_CONSISTENT
siwmv2,Live/Live_216.avi,360,360,360,[],0,0,0,,INDEX_TIMESTAMPS_CONSISTENT
siwmv2,Live/Live_217.avi,179,179,179,[],0,0,0,,INDEX_TIMESTAMPS_CONSISTENT
siwmv2,Live/Live_218.avi,360,360,360,[],0,0,0,,INDEX_TIMESTAMPS_CONSISTENT
siwmv2,Live/Live_219.avi,179,179,179,[],0,0,0,,INDEX_TIMESTAMPS_CONSISTENT
siwmv2,Live/Live_22.mov,240,240,240,[],0,0,0,,INDEX_TIMESTAMPS_CONSISTENT
siwmv2,Live/Live_220.avi,360,360,360,[],0,0,0,,INDEX_TIMESTAMPS_CONSISTENT
siwmv2,Live/Live_221.avi,90,90,90,[],0,0,0,,INDEX_TIMESTAMPS_CONSISTENT
siwmv2,Live/Live_222.avi,179,179,179,[],0,0,0,,INDEX_TIMESTAMPS_CONSISTENT
siwmv2,Live/Live_223.avi,360,360,360,[],0,0,0,,INDEX_TIMESTAMPS_CONSISTENT
siwmv2,Live/Live_224.avi,360,360,360,[],0,0,0,,INDEX_TIMESTAMPS_CONSISTENT
siwmv2,Live/Live_225.avi,360,360,360,[],0,0,0,,INDEX_TIMESTAMPS_CONSISTENT
siwmv2,Live/Live_226.avi,360,360,360,[],0,0,0,,INDEX_TIMESTAMPS_CONSISTENT
siwmv2,Live/Live_227.avi,360,360,360,[],0,0,0,,INDEX_TIMESTAMPS_CONSISTENT
siwmv2,Live/Live_228.avi,179,179,179,[],0,0,0,,INDEX_TIMESTAMPS_CONSISTENT
siwmv2,Live/Live_229.avi,360,360,360,[],0,0,0,,INDEX_TIMESTAMPS_CONSISTENT
siwmv2,Live/Live_23.mov,240,240,240,[],0,0,0,,INDEX_TIMESTAMPS_CONSISTENT
siwmv2,Live/Live_230.avi,360,360,360,[],0,0,0,,INDEX_TIMESTAMPS_CONSISTENT
siwmv2,Live/Live_231.avi,179,179,179,[],0,0,0,,INDEX_TIMESTAMPS_CONSISTENT
siwmv2,Live/Live_232.avi,360,360,360,[],0,0,0,,INDEX_TIMESTAMPS_CONSISTENT
siwmv2,Live/Live_233.avi,179,179,179,[],0,0,0,,INDEX_TIMESTAMPS_CONSISTENT
siwmv2,Live/Live_234.avi,179,179,179,[],0,0,0,,INDEX_TIMESTAMPS_CONSISTENT
siwmv2,Live/Live_235.avi,360,360,360,[],0,0,0,,INDEX_TIMESTAMPS_CONSISTENT
siwmv2,Live/Live_236.avi,360,360,360,[],0,0,0,,INDEX_TIMESTAMPS_CONSISTENT
siwmv2,Live/Live_237.avi,360,360,360,[],0,0,0,,INDEX_TIMESTAMPS_CONSISTENT
siwmv2,Live/Live_238.avi,360,360,360,[],0,0,0,,INDEX_TIMESTAMPS_CONSISTENT
siwmv2,Live/Live_239.avi,360,360,360,[],0,0,0,,INDEX_TIMESTAMPS_CONSISTENT
siwmv2,Live/Live_24.mov,240,240,240,[],0,0,0,,INDEX_TIMESTAMPS_CONSISTENT
siwmv2,Live/Live_240.avi,179,179,179,[],0,0,0,,INDEX_TIMESTAMPS_CONSISTENT
siwmv2,Live/Live_241.avi,179,179,179,[],0,0,0,,INDEX_TIMESTAMPS_CONSISTENT
siwmv2,Live/Live_242.avi,179,179,179,[],0,0,0,,INDEX_TIMESTAMPS_CONSISTENT
siwmv2,Live/Live_243.avi,179,179,179,[],0,0,0,,INDEX_TIMESTAMPS_CONSISTENT
siwmv2,Live/Live_244.avi,179,179,179,[],0,0,0,,INDEX_TIMESTAMPS_CONSISTENT
siwmv2,Live/Live_245.avi,360,360,360,[],0,0,0,,INDEX_TIMESTAMPS_CONSISTENT
siwmv2,Live/Live_246.avi,360,360,360,[],0,0,0,,INDEX_TIMESTAMPS_CONSISTENT
siwmv2,Live/Live_247.avi,179,179,179,[],0,0,0,,INDEX_TIMESTAMPS_CONSISTENT
siwmv2,Live/Live_248.avi,179,179,179,[],0,0,0,,INDEX_TIMESTAMPS_CONSISTENT
siwmv2,Live/Live_249.avi,360,360,360,[],0,0,0,,INDEX_TIMESTAMPS_CONSISTENT
siwmv2,Live/Live_25.mov,240,240,240,[],0,0,0,,INDEX_TIMESTAMPS_CONSISTENT
siwmv2,Live/Live_250.avi,360,360,360,[],0,0,0,,INDEX_TIMESTAMPS_CONSISTENT
siwmv2,Live/Live_251.avi,179,179,179,[],0,0,0,,INDEX_TIMESTAMPS_CONSISTENT
siwmv2,Live/Live_252.avi,179,179,179,[],0,0,0,,INDEX_TIMESTAMPS_CONSISTENT
siwmv2,Live/Live_253.avi,179,179,179,[],0,0,0,,INDEX_TIMESTAMPS_CONSISTENT
siwmv2,Live/Live_254.avi,360,360,360,[],0,0,0,,INDEX_TIMESTAMPS_CONSISTENT
siwmv2,Live/Live_255.avi,179,179,179,[],0,0,0,,INDEX_TIMESTAMPS_CONSISTENT
siwmv2,Live/Live_256.avi,360,360,360,[],0,0,0,,INDEX_TIMESTAMPS_CONSISTENT
siwmv2,Live/Live_257.avi,360,360,360,[],0,0,0,,INDEX_TIMESTAMPS_CONSISTENT
siwmv2,Live/Live_258.avi,179,179,179,[],0,0,0,,INDEX_TIMESTAMPS_CONSISTENT
siwmv2,Live/Live_259.avi,360,360,360,[],0,0,0,,INDEX_TIMESTAMPS_CONSISTENT
siwmv2,Live/Live_26.mov,240,240,240,[],0,0,0,,INDEX_TIMESTAMPS_CONSISTENT
siwmv2,Live/Live_260.avi,360,360,360,[],0,0,0,,INDEX_TIMESTAMPS_CONSISTENT
siwmv2,Live/Live_261.avi,179,179,179,[],0,0,0,,INDEX_TIMESTAMPS_CONSISTENT
siwmv2,Live/Live_262.avi,360,360,360,[],0,0,0,,INDEX_TIMESTAMPS_CONSISTENT
siwmv2,Live/Live_263.avi,179,179,179,[],0,0,0,,INDEX_TIMESTAMPS_CONSISTENT
siwmv2,Live/Live_264.avi,360,360,360,[],0,0,0,,INDEX_TIMESTAMPS_CONSISTENT
siwmv2,Live/Live_265.avi,360,360,360,[],0,0,0,,INDEX_TIMESTAMPS_CONSISTENT
siwmv2,Live/Live_266.avi,179,179,179,[],0,0,0,,INDEX_TIMESTAMPS_CONSISTENT
siwmv2,Live/Live_267.avi,179,179,179,[],0,0,0,,INDEX_TIMESTAMPS_CONSISTENT
siwmv2,Live/Live_268.avi,360,360,360,[],0,0,0,,INDEX_TIMESTAMPS_CONSISTENT
siwmv2,Live/Live_269.avi,360,360,360,[],0,0,0,,INDEX_TIMESTAMPS_CONSISTENT
siwmv2,Live/Live_27.mov,240,240,240,[],0,0,0,,INDEX_TIMESTAMPS_CONSISTENT
siwmv2,Live/Live_270.avi,360,360,360,[],0,0,0,,INDEX_TIMESTAMPS_CONSISTENT
siwmv2,Live/Live_271.avi,360,360,360,[],0,0,0,,INDEX_TIMESTAMPS_CONSISTENT
siwmv2,Live/Live_272.avi,179,179,179,[],0,0,0,,INDEX_TIMESTAMPS_CONSISTENT
siwmv2,Live/Live_273.avi,179,179,179,[],0,0,0,,INDEX_TIMESTAMPS_CONSISTENT
siwmv2,Live/Live_274.avi,179,179,179,[],0,0,0,,INDEX_TIMESTAMPS_CONSISTENT
siwmv2,Live/Live_275.avi,360,360,360,[],0,0,0,,INDEX_TIMESTAMPS_CONSISTENT
siwmv2,Live/Live_276.avi,179,179,179,[],0,0,0,,INDEX_TIMESTAMPS_CONSISTENT
siwmv2,Live/Live_277.avi,360,360,360,[],0,0,0,,INDEX_TIMESTAMPS_CONSISTENT
siwmv2,Live/Live_278.avi,360,360,360,[],0,0,0,,INDEX_TIMESTAMPS_CONSISTENT
siwmv2,Live/Live_279.avi,179,179,179,[],0,0,0,,INDEX_TIMESTAMPS_CONSISTENT
siwmv2,Live/Live_28.mov,240,240,240,[],0,0,0,,INDEX_TIMESTAMPS_CONSISTENT
siwmv2,Live/Live_280.avi,179,179,179,[],0,0,0,,INDEX_TIMESTAMPS_CONSISTENT
siwmv2,Live/Live_281.avi,360,360,360,[],0,0,0,,INDEX_TIMESTAMPS_CONSISTENT
siwmv2,Live/Live_282.avi,360,360,360,[],0,0,0,,INDEX_TIMESTAMPS_CONSISTENT
siwmv2,Live/Live_283.avi,179,179,179,[],0,0,0,,INDEX_TIMESTAMPS_CONSISTENT
siwmv2,Live/Live_284.avi,179,179,179,[],0,0,0,,INDEX_TIMESTAMPS_CONSISTENT
siwmv2,Live/Live_285.avi,179,179,179,[],0,0,0,,INDEX_TIMESTAMPS_CONSISTENT
siwmv2,Live/Live_286.avi,360,360,360,[],0,0,0,,INDEX_TIMESTAMPS_CONSISTENT
siwmv2,Live/Live_287.avi,179,179,179,[],0,0,0,,INDEX_TIMESTAMPS_CONSISTENT
siwmv2,Live/Live_288.avi,179,179,179,[],0,0,0,,INDEX_TIMESTAMPS_CONSISTENT
siwmv2,Live/Live_289.avi,360,360,360,[],0,0,0,,INDEX_TIMESTAMPS_CONSISTENT
siwmv2,Live/Live_29.mov,240,240,240,[],0,0,0,,INDEX_TIMESTAMPS_CONSISTENT
siwmv2,Live/Live_290.avi,179,179,179,[],0,0,0,,INDEX_TIMESTAMPS_CONSISTENT
siwmv2,Live/Live_291.avi,179,179,179,[],0,0,0,,INDEX_TIMESTAMPS_CONSISTENT
siwmv2,Live/Live_292.avi,360,360,360,[],0,0,0,,INDEX_TIMESTAMPS_CONSISTENT
siwmv2,Live/Live_293.avi,360,360,360,[],0,0,0,,INDEX_TIMESTAMPS_CONSISTENT
siwmv2,Live/Live_294.avi,179,179,179,[],0,0,0,,INDEX_TIMESTAMPS_CONSISTENT
siwmv2,Live/Live_295.avi,179,179,179,[],0,0,0,,INDEX_TIMESTAMPS_CONSISTENT
siwmv2,Live/Live_296.avi,360,360,360,[],0,0,0,,INDEX_TIMESTAMPS_CONSISTENT
siwmv2,Live/Live_297.avi,179,179,179,[],0,0,0,,INDEX_TIMESTAMPS_CONSISTENT
siwmv2,Live/Live_298.avi,360,360,360,[],0,0,0,,INDEX_TIMESTAMPS_CONSISTENT
siwmv2,Live/Live_299.avi,179,179,179,[],0,0,0,,INDEX_TIMESTAMPS_CONSISTENT
siwmv2,Live/Live_3.mov,240,240,240,[],0,0,0,,INDEX_TIMESTAMPS_CONSISTENT
siwmv2,Live/Live_30.mov,240,240,240,[],0,0,0,,INDEX_TIMESTAMPS_CONSISTENT
siwmv2,Live/Live_300.avi,360,360,360,[],0,0,0,,INDEX_TIMESTAMPS_CONSISTENT
siwmv2,Live/Live_301.avi,360,360,360,[],0,0,0,,INDEX_TIMESTAMPS_CONSISTENT
siwmv2,Live/Live_302.avi,179,179,179,[],0,0,0,,INDEX_TIMESTAMPS_CONSISTENT
siwmv2,Live/Live_303.avi,179,179,179,[],0,0,0,,INDEX_TIMESTAMPS_CONSISTENT
siwmv2,Live/Live_304.avi,360,360,360,[],0,0,0,,INDEX_TIMESTAMPS_CONSISTENT
siwmv2,Live/Live_305.avi,179,179,179,[],0,0,0,,INDEX_TIMESTAMPS_CONSISTENT
siwmv2,Live/Live_306.avi,179,179,179,[],0,0,0,,INDEX_TIMESTAMPS_CONSISTENT
siwmv2,Live/Live_307.avi,360,360,360,[],0,0,0,,INDEX_TIMESTAMPS_CONSISTENT
siwmv2,Live/Live_308.avi,360,360,360,[],0,0,0,,INDEX_TIMESTAMPS_CONSISTENT
siwmv2,Live/Live_309.avi,179,179,179,[],0,0,0,,INDEX_TIMESTAMPS_CONSISTENT
siwmv2,Live/Live_31.mov,240,240,240,[],0,0,0,,INDEX_TIMESTAMPS_CONSISTENT
siwmv2,Live/Live_310.avi,179,179,179,[],0,0,0,,INDEX_TIMESTAMPS_CONSISTENT
siwmv2,Live/Live_311.avi,179,179,179,[],0,0,0,,INDEX_TIMESTAMPS_CONSISTENT
siwmv2,Live/Live_312.avi,179,179,179,[],0,0,0,,INDEX_TIMESTAMPS_CONSISTENT
siwmv2,Live/Live_313.avi,360,360,360,[],0,0,0,,INDEX_TIMESTAMPS_CONSISTENT
siwmv2,Live/Live_314.avi,179,179,179,[],0,0,0,,INDEX_TIMESTAMPS_CONSISTENT
siwmv2,Live/Live_315.avi,179,179,179,[],0,0,0,,INDEX_TIMESTAMPS_CONSISTENT
siwmv2,Live/Live_316.avi,360,360,360,[],0,0,0,,INDEX_TIMESTAMPS_CONSISTENT
siwmv2,Live/Live_317.avi,360,360,360,[],0,0,0,,INDEX_TIMESTAMPS_CONSISTENT
siwmv2,Live/Live_318.avi,179,179,179,[],0,0,0,,INDEX_TIMESTAMPS_CONSISTENT
siwmv2,Live/Live_319.avi,360,360,360,[],0,0,0,,INDEX_TIMESTAMPS_CONSISTENT
siwmv2,Live/Live_32.mov,240,240,240,[],0,0,0,,INDEX_TIMESTAMPS_CONSISTENT
siwmv2,Live/Live_320.avi,179,179,179,[],0,0,0,,INDEX_TIMESTAMPS_CONSISTENT
siwmv2,Live/Live_321.avi,179,179,179,[],0,0,0,,INDEX_TIMESTAMPS_CONSISTENT
siwmv2,Live/Live_322.avi,360,360,360,[],0,0,0,,INDEX_TIMESTAMPS_CONSISTENT
siwmv2,Live/Live_323.avi,360,360,360,[],0,0,0,,INDEX_TIMESTAMPS_CONSISTENT
siwmv2,Live/Live_324.avi,179,179,179,[],0,0,0,,INDEX_TIMESTAMPS_CONSISTENT
siwmv2,Live/Live_325.avi,179,179,179,[],0,0,0,,INDEX_TIMESTAMPS_CONSISTENT
siwmv2,Live/Live_326.avi,360,360,360,[],0,0,0,,INDEX_TIMESTAMPS_CONSISTENT
siwmv2,Live/Live_327.avi,360,360,360,[],0,0,0,,INDEX_TIMESTAMPS_CONSISTENT
siwmv2,Live/Live_328.avi,179,179,179,[],0,0,0,,INDEX_TIMESTAMPS_CONSISTENT
siwmv2,Live/Live_329.avi,360,360,360,[],0,0,0,,INDEX_TIMESTAMPS_CONSISTENT
siwmv2,Live/Live_33.mov,240,240,240,[],0,0,0,,INDEX_TIMESTAMPS_CONSISTENT
siwmv2,Live/Live_330.avi,360,360,360,[],0,0,0,,INDEX_TIMESTAMPS_CONSISTENT
siwmv2,Live/Live_331.avi,360,360,360,[],0,0,0,,INDEX_TIMESTAMPS_CONSISTENT
siwmv2,Live/Live_332.avi,179,179,179,[],0,0,0,,INDEX_TIMESTAMPS_CONSISTENT
siwmv2,Live/Live_333.avi,360,360,360,[],0,0,0,,INDEX_TIMESTAMPS_CONSISTENT
siwmv2,Live/Live_334.avi,360,360,360,[],0,0,0,,INDEX_TIMESTAMPS_CONSISTENT
siwmv2,Live/Live_335.avi,179,179,179,[],0,0,0,,INDEX_TIMESTAMPS_CONSISTENT
siwmv2,Live/Live_336.avi,179,179,179,[],0,0,0,,INDEX_TIMESTAMPS_CONSISTENT
siwmv2,Live/Live_337.avi,179,179,179,[],0,0,0,,INDEX_TIMESTAMPS_CONSISTENT
siwmv2,Live/Live_338.avi,179,179,179,[],0,0,0,,INDEX_TIMESTAMPS_CONSISTENT
siwmv2,Live/Live_339.avi,179,179,179,[],0,0,0,,INDEX_TIMESTAMPS_CONSISTENT
siwmv2,Live/Live_34.mov,240,240,240,[],0,0,0,,INDEX_TIMESTAMPS_CONSISTENT
siwmv2,Live/Live_340.avi,179,179,179,[],0,0,0,,INDEX_TIMESTAMPS_CONSISTENT
siwmv2,Live/Live_341.avi,179,179,179,[],0,0,0,,INDEX_TIMESTAMPS_CONSISTENT
siwmv2,Live/Live_342.avi,360,360,360,[],0,0,0,,INDEX_TIMESTAMPS_CONSISTENT
siwmv2,Live/Live_343.avi,360,360,360,[],0,0,0,,INDEX_TIMESTAMPS_CONSISTENT
siwmv2,Live/Live_344.avi,360,360,360,[],0,0,0,,INDEX_TIMESTAMPS_CONSISTENT
siwmv2,Live/Live_345.avi,179,179,179,[],0,0,0,,INDEX_TIMESTAMPS_CONSISTENT
siwmv2,Live/Live_346.avi,179,179,179,[],0,0,0,,INDEX_TIMESTAMPS_CONSISTENT
siwmv2,Live/Live_347.avi,360,360,360,[],0,0,0,,INDEX_TIMESTAMPS_CONSISTENT
siwmv2,Live/Live_348.avi,179,179,179,[],0,0,0,,INDEX_TIMESTAMPS_CONSISTENT
siwmv2,Live/Live_349.avi,360,360,360,[],0,0,0,,INDEX_TIMESTAMPS_CONSISTENT
siwmv2,Live/Live_35.mov,240,240,240,[],0,0,0,,INDEX_TIMESTAMPS_CONSISTENT
siwmv2,Live/Live_350.avi,179,179,179,[],0,0,0,,INDEX_TIMESTAMPS_CONSISTENT
siwmv2,Live/Live_351.avi,179,179,179,[],0,0,0,,INDEX_TIMESTAMPS_CONSISTENT
siwmv2,Live/Live_352.avi,360,360,360,[],0,0,0,,INDEX_TIMESTAMPS_CONSISTENT
siwmv2,Live/Live_353.avi,360,360,360,[],0,0,0,,INDEX_TIMESTAMPS_CONSISTENT
siwmv2,Live/Live_354.avi,179,179,179,[],0,0,0,,INDEX_TIMESTAMPS_CONSISTENT
siwmv2,Live/Live_355.avi,179,179,179,[],0,0,0,,INDEX_TIMESTAMPS_CONSISTENT
siwmv2,Live/Live_356.avi,179,179,179,[],0,0,0,,INDEX_TIMESTAMPS_CONSISTENT
siwmv2,Live/Live_357.avi,360,360,360,[],0,0,0,,INDEX_TIMESTAMPS_CONSISTENT
siwmv2,Live/Live_358.avi,179,179,179,[],0,0,0,,INDEX_TIMESTAMPS_CONSISTENT
siwmv2,Live/Live_359.avi,360,360,360,[],0,0,0,,INDEX_TIMESTAMPS_CONSISTENT
siwmv2,Live/Live_36.mov,240,240,240,[],0,0,0,,INDEX_TIMESTAMPS_CONSISTENT
siwmv2,Live/Live_360.avi,360,360,360,[],0,0,0,,INDEX_TIMESTAMPS_CONSISTENT
siwmv2,Live/Live_361.avi,360,360,360,[],0,0,0,,INDEX_TIMESTAMPS_CONSISTENT
siwmv2,Live/Live_362.avi,179,179,179,[],0,0,0,,INDEX_TIMESTAMPS_CONSISTENT
siwmv2,Live/Live_363.avi,179,179,179,[],0,0,0,,INDEX_TIMESTAMPS_CONSISTENT
siwmv2,Live/Live_364.avi,179,179,179,[],0,0,0,,INDEX_TIMESTAMPS_CONSISTENT
siwmv2,Live/Live_365.avi,360,360,360,[],0,0,0,,INDEX_TIMESTAMPS_CONSISTENT
siwmv2,Live/Live_366.avi,179,179,179,[],0,0,0,,INDEX_TIMESTAMPS_CONSISTENT
siwmv2,Live/Live_367.avi,360,360,360,[],0,0,0,,INDEX_TIMESTAMPS_CONSISTENT
siwmv2,Live/Live_368.avi,360,360,360,[],0,0,0,,INDEX_TIMESTAMPS_CONSISTENT
siwmv2,Live/Live_369.avi,360,360,360,[],0,0,0,,INDEX_TIMESTAMPS_CONSISTENT
siwmv2,Live/Live_37.mov,240,240,240,[],0,0,0,,INDEX_TIMESTAMPS_CONSISTENT
siwmv2,Live/Live_370.avi,179,179,179,[],0,0,0,,INDEX_TIMESTAMPS_CONSISTENT
siwmv2,Live/Live_371.avi,360,360,360,[],0,0,0,,INDEX_TIMESTAMPS_CONSISTENT
siwmv2,Live/Live_372.avi,360,360,360,[],0,0,0,,INDEX_TIMESTAMPS_CONSISTENT
siwmv2,Live/Live_373.avi,179,179,179,[],0,0,0,,INDEX_TIMESTAMPS_CONSISTENT
siwmv2,Live/Live_374.avi,179,179,179,[],0,0,0,,INDEX_TIMESTAMPS_CONSISTENT
siwmv2,Live/Live_375.avi,179,179,179,[],0,0,0,,INDEX_TIMESTAMPS_CONSISTENT
siwmv2,Live/Live_376.avi,360,360,360,[],0,0,0,,INDEX_TIMESTAMPS_CONSISTENT
siwmv2,Live/Live_377.avi,179,179,179,[],0,0,0,,INDEX_TIMESTAMPS_CONSISTENT
siwmv2,Live/Live_378.avi,360,360,360,[],0,0,0,,INDEX_TIMESTAMPS_CONSISTENT
siwmv2,Live/Live_379.avi,179,179,179,[],0,0,0,,INDEX_TIMESTAMPS_CONSISTENT
siwmv2,Live/Live_38.mov,240,240,240,[],0,0,0,,INDEX_TIMESTAMPS_CONSISTENT
siwmv2,Live/Live_380.avi,360,360,360,[],0,0,0,,INDEX_TIMESTAMPS_CONSISTENT
siwmv2,Live/Live_381.avi,360,360,360,[],0,0,0,,INDEX_TIMESTAMPS_CONSISTENT
siwmv2,Live/Live_382.avi,179,179,179,[],0,0,0,,INDEX_TIMESTAMPS_CONSISTENT
siwmv2,Live/Live_383.avi,360,360,360,[],0,0,0,,INDEX_TIMESTAMPS_CONSISTENT
siwmv2,Live/Live_384.avi,360,360,360,[],0,0,0,,INDEX_TIMESTAMPS_CONSISTENT
siwmv2,Live/Live_385.avi,360,360,360,[],0,0,0,,INDEX_TIMESTAMPS_CONSISTENT
siwmv2,Live/Live_386.avi,179,179,179,[],0,0,0,,INDEX_TIMESTAMPS_CONSISTENT
siwmv2,Live/Live_387.avi,360,360,360,[],0,0,0,,INDEX_TIMESTAMPS_CONSISTENT
siwmv2,Live/Live_388.avi,179,179,179,[],0,0,0,,INDEX_TIMESTAMPS_CONSISTENT
siwmv2,Live/Live_389.avi,360,360,360,[],0,0,0,,INDEX_TIMESTAMPS_CONSISTENT
siwmv2,Live/Live_39.mov,240,240,240,[],0,0,0,,INDEX_TIMESTAMPS_CONSISTENT
siwmv2,Live/Live_390.avi,360,360,360,[],0,0,0,,INDEX_TIMESTAMPS_CONSISTENT
siwmv2,Live/Live_391.avi,179,179,179,[],0,0,0,,INDEX_TIMESTAMPS_CONSISTENT
siwmv2,Live/Live_392.avi,179,179,179,[],0,0,0,,INDEX_TIMESTAMPS_CONSISTENT
siwmv2,Live/Live_393.avi,360,360,360,[],0,0,0,,INDEX_TIMESTAMPS_CONSISTENT
siwmv2,Live/Live_394.avi,360,360,360,[],0,0,0,,INDEX_TIMESTAMPS_CONSISTENT
siwmv2,Live/Live_395.avi,179,179,179,[],0,0,0,,INDEX_TIMESTAMPS_CONSISTENT
siwmv2,Live/Live_396.avi,179,179,179,[],0,0,0,,INDEX_TIMESTAMPS_CONSISTENT
siwmv2,Live/Live_397.avi,360,360,360,[],0,0,0,,INDEX_TIMESTAMPS_CONSISTENT
siwmv2,Live/Live_398.avi,360,360,360,[],0,0,0,,INDEX_TIMESTAMPS_CONSISTENT
siwmv2,Live/Live_399.avi,360,360,360,[],0,0,0,,INDEX_TIMESTAMPS_CONSISTENT
siwmv2,Live/Live_4.mov,240,240,240,[],0,0,0,,INDEX_TIMESTAMPS_CONSISTENT
siwmv2,Live/Live_40.mov,240,240,240,[],0,0,0,,INDEX_TIMESTAMPS_CONSISTENT
siwmv2,Live/Live_400.avi,179,179,179,[],0,0,0,,INDEX_TIMESTAMPS_CONSISTENT
siwmv2,Live/Live_401.avi,360,360,360,[],0,0,0,,INDEX_TIMESTAMPS_CONSISTENT
siwmv2,Live/Live_402.avi,179,179,179,[],0,0,0,,INDEX_TIMESTAMPS_CONSISTENT
siwmv2,Live/Live_403.avi,179,179,179,[],0,0,0,,INDEX_TIMESTAMPS_CONSISTENT
siwmv2,Live/Live_404.avi,179,179,179,[],0,0,0,,INDEX_TIMESTAMPS_CONSISTENT
siwmv2,Live/Live_405.avi,360,360,360,[],0,0,0,,INDEX_TIMESTAMPS_CONSISTENT
siwmv2,Live/Live_406.avi,179,179,179,[],0,0,0,,INDEX_TIMESTAMPS_CONSISTENT
siwmv2,Live/Live_407.avi,179,179,179,[],0,0,0,,INDEX_TIMESTAMPS_CONSISTENT
siwmv2,Live/Live_408.avi,179,179,179,[],0,0,0,,INDEX_TIMESTAMPS_CONSISTENT
siwmv2,Live/Live_409.avi,360,360,360,[],0,0,0,,INDEX_TIMESTAMPS_CONSISTENT
siwmv2,Live/Live_41.mov,240,240,240,[],0,0,0,,INDEX_TIMESTAMPS_CONSISTENT
siwmv2,Live/Live_410.avi,179,179,179,[],0,0,0,,INDEX_TIMESTAMPS_CONSISTENT
siwmv2,Live/Live_411.avi,179,179,179,[],0,0,0,,INDEX_TIMESTAMPS_CONSISTENT
siwmv2,Live/Live_412.avi,360,360,360,[],0,0,0,,INDEX_TIMESTAMPS_CONSISTENT
siwmv2,Live/Live_413.avi,179,179,179,[],0,0,0,,INDEX_TIMESTAMPS_CONSISTENT
siwmv2,Live/Live_414.avi,360,360,360,[],0,0,0,,INDEX_TIMESTAMPS_CONSISTENT
siwmv2,Live/Live_415.avi,360,360,360,[],0,0,0,,INDEX_TIMESTAMPS_CONSISTENT
siwmv2,Live/Live_416.avi,360,360,360,[],0,0,0,,INDEX_TIMESTAMPS_CONSISTENT
siwmv2,Live/Live_417.avi,179,179,179,[],0,0,0,,INDEX_TIMESTAMPS_CONSISTENT
siwmv2,Live/Live_418.avi,179,179,179,[],0,0,0,,INDEX_TIMESTAMPS_CONSISTENT
siwmv2,Live/Live_419.avi,360,360,360,[],0,0,0,,INDEX_TIMESTAMPS_CONSISTENT
siwmv2,Live/Live_42.mov,240,240,240,[],0,0,0,,INDEX_TIMESTAMPS_CONSISTENT
siwmv2,Live/Live_420.avi,360,360,360,[],0,0,0,,INDEX_TIMESTAMPS_CONSISTENT
siwmv2,Live/Live_421.avi,179,179,179,[],0,0,0,,INDEX_TIMESTAMPS_CONSISTENT
siwmv2,Live/Live_422.avi,179,179,179,[],0,0,0,,INDEX_TIMESTAMPS_CONSISTENT
siwmv2,Live/Live_423.avi,179,179,179,[],0,0,0,,INDEX_TIMESTAMPS_CONSISTENT
siwmv2,Live/Live_424.avi,179,179,179,[],0,0,0,,INDEX_TIMESTAMPS_CONSISTENT
siwmv2,Live/Live_425.avi,179,179,179,[],0,0,0,,INDEX_TIMESTAMPS_CONSISTENT
siwmv2,Live/Live_426.avi,179,179,179,[],0,0,0,,INDEX_TIMESTAMPS_CONSISTENT
siwmv2,Live/Live_427.avi,179,179,179,[],0,0,0,,INDEX_TIMESTAMPS_CONSISTENT
siwmv2,Live/Live_428.avi,360,360,360,[],0,0,0,,INDEX_TIMESTAMPS_CONSISTENT
siwmv2,Live/Live_429.avi,179,179,179,[],0,0,0,,INDEX_TIMESTAMPS_CONSISTENT
siwmv2,Live/Live_43.mov,240,240,240,[],0,0,0,,INDEX_TIMESTAMPS_CONSISTENT
siwmv2,Live/Live_430.avi,179,179,179,[],0,0,0,,INDEX_TIMESTAMPS_CONSISTENT
siwmv2,Live/Live_431.avi,360,360,360,[],0,0,0,,INDEX_TIMESTAMPS_CONSISTENT
siwmv2,Live/Live_432.avi,179,179,179,[],0,0,0,,INDEX_TIMESTAMPS_CONSISTENT
siwmv2,Live/Live_433.avi,179,179,179,[],0,0,0,,INDEX_TIMESTAMPS_CONSISTENT
siwmv2,Live/Live_434.avi,360,360,360,[],0,0,0,,INDEX_TIMESTAMPS_CONSISTENT
siwmv2,Live/Live_435.avi,360,360,360,[],0,0,0,,INDEX_TIMESTAMPS_CONSISTENT
siwmv2,Live/Live_436.avi,179,179,179,[],0,0,0,,INDEX_TIMESTAMPS_CONSISTENT
siwmv2,Live/Live_437.avi,360,360,360,[],0,0,0,,INDEX_TIMESTAMPS_CONSISTENT
siwmv2,Live/Live_438.avi,179,179,179,[],0,0,0,,INDEX_TIMESTAMPS_CONSISTENT
siwmv2,Live/Live_439.avi,179,179,179,[],0,0,0,,INDEX_TIMESTAMPS_CONSISTENT
siwmv2,Live/Live_44.mov,240,240,240,[],0,0,0,,INDEX_TIMESTAMPS_CONSISTENT
siwmv2,Live/Live_440.avi,360,360,360,[],0,0,0,,INDEX_TIMESTAMPS_CONSISTENT
siwmv2,Live/Live_441.avi,360,360,360,[],0,0,0,,INDEX_TIMESTAMPS_CONSISTENT
siwmv2,Live/Live_442.avi,179,179,179,[],0,0,0,,INDEX_TIMESTAMPS_CONSISTENT
siwmv2,Live/Live_443.avi,179,179,179,[],0,0,0,,INDEX_TIMESTAMPS_CONSISTENT
siwmv2,Live/Live_444.avi,360,360,360,[],0,0,0,,INDEX_TIMESTAMPS_CONSISTENT
siwmv2,Live/Live_445.avi,360,360,360,[],0,0,0,,INDEX_TIMESTAMPS_CONSISTENT
siwmv2,Live/Live_446.avi,179,179,179,[],0,0,0,,INDEX_TIMESTAMPS_CONSISTENT
siwmv2,Live/Live_447.avi,360,360,360,[],0,0,0,,INDEX_TIMESTAMPS_CONSISTENT
siwmv2,Live/Live_448.avi,179,179,179,[],0,0,0,,INDEX_TIMESTAMPS_CONSISTENT
siwmv2,Live/Live_449.avi,360,360,360,[],0,0,0,,INDEX_TIMESTAMPS_CONSISTENT
siwmv2,Live/Live_45.mov,240,240,240,[],0,0,0,,INDEX_TIMESTAMPS_CONSISTENT
siwmv2,Live/Live_450.avi,360,360,360,[],0,0,0,,INDEX_TIMESTAMPS_CONSISTENT
siwmv2,Live/Live_451.avi,179,179,179,[],0,0,0,,INDEX_TIMESTAMPS_CONSISTENT
siwmv2,Live/Live_452.avi,360,360,360,[],0,0,0,,INDEX_TIMESTAMPS_CONSISTENT
siwmv2,Live/Live_453.avi,360,360,360,[],0,0,0,,INDEX_TIMESTAMPS_CONSISTENT
siwmv2,Live/Live_454.avi,360,360,360,[],0,0,0,,INDEX_TIMESTAMPS_CONSISTENT
siwmv2,Live/Live_455.avi,179,179,179,[],0,0,0,,INDEX_TIMESTAMPS_CONSISTENT
siwmv2,Live/Live_456.avi,179,179,179,[],0,0,0,,INDEX_TIMESTAMPS_CONSISTENT
siwmv2,Live/Live_457.avi,179,179,179,[],0,0,0,,INDEX_TIMESTAMPS_CONSISTENT
siwmv2,Live/Live_458.avi,179,179,179,[],0,0,0,,INDEX_TIMESTAMPS_CONSISTENT
siwmv2,Live/Live_459.avi,360,360,360,[],0,0,0,,INDEX_TIMESTAMPS_CONSISTENT
siwmv2,Live/Live_46.mov,240,240,240,[],0,0,0,,INDEX_TIMESTAMPS_CONSISTENT
siwmv2,Live/Live_460.avi,179,179,179,[],0,0,0,,INDEX_TIMESTAMPS_CONSISTENT
siwmv2,Live/Live_461.avi,179,179,179,[],0,0,0,,INDEX_TIMESTAMPS_CONSISTENT
siwmv2,Live/Live_462.avi,360,360,360,[],0,0,0,,INDEX_TIMESTAMPS_CONSISTENT
siwmv2,Live/Live_463.avi,360,360,360,[],0,0,0,,INDEX_TIMESTAMPS_CONSISTENT
siwmv2,Live/Live_464.avi,179,179,179,[],0,0,0,,INDEX_TIMESTAMPS_CONSISTENT
siwmv2,Live/Live_465.avi,179,179,179,[],0,0,0,,INDEX_TIMESTAMPS_CONSISTENT
siwmv2,Live/Live_466.avi,360,360,360,[],0,0,0,,INDEX_TIMESTAMPS_CONSISTENT
siwmv2,Live/Live_467.avi,179,179,179,[],0,0,0,,INDEX_TIMESTAMPS_CONSISTENT
siwmv2,Live/Live_468.avi,179,179,179,[],0,0,0,,INDEX_TIMESTAMPS_CONSISTENT
siwmv2,Live/Live_469.avi,360,360,360,[],0,0,0,,INDEX_TIMESTAMPS_CONSISTENT
siwmv2,Live/Live_47.mov,240,240,240,[],0,0,0,,INDEX_TIMESTAMPS_CONSISTENT
siwmv2,Live/Live_470.avi,360,360,360,[],0,0,0,,INDEX_TIMESTAMPS_CONSISTENT
siwmv2,Live/Live_471.avi,360,360,360,[],0,0,0,,INDEX_TIMESTAMPS_CONSISTENT
siwmv2,Live/Live_472.avi,179,179,179,[],0,0,0,,INDEX_TIMESTAMPS_CONSISTENT
siwmv2,Live/Live_473.avi,179,179,179,[],0,0,0,,INDEX_TIMESTAMPS_CONSISTENT
siwmv2,Live/Live_474.avi,360,360,360,[],0,0,0,,INDEX_TIMESTAMPS_CONSISTENT
siwmv2,Live/Live_475.avi,360,360,360,[],0,0,0,,INDEX_TIMESTAMPS_CONSISTENT
siwmv2,Live/Live_476.avi,179,179,179,[],0,0,0,,INDEX_TIMESTAMPS_CONSISTENT
siwmv2,Live/Live_477.avi,360,360,360,[],0,0,0,,INDEX_TIMESTAMPS_CONSISTENT
siwmv2,Live/Live_478.avi,179,179,179,[],0,0,0,,INDEX_TIMESTAMPS_CONSISTENT
siwmv2,Live/Live_479.avi,179,179,179,[],0,0,0,,INDEX_TIMESTAMPS_CONSISTENT
siwmv2,Live/Live_48.mov,240,240,240,[],0,0,0,,INDEX_TIMESTAMPS_CONSISTENT
siwmv2,Live/Live_480.avi,179,179,179,[],0,0,0,,INDEX_TIMESTAMPS_CONSISTENT
siwmv2,Live/Live_481.avi,360,360,360,[],0,0,0,,INDEX_TIMESTAMPS_CONSISTENT
siwmv2,Live/Live_482.avi,360,360,360,[],0,0,0,,INDEX_TIMESTAMPS_CONSISTENT
siwmv2,Live/Live_483.avi,179,179,179,[],0,0,0,,INDEX_TIMESTAMPS_CONSISTENT
siwmv2,Live/Live_484.avi,360,360,360,[],0,0,0,,INDEX_TIMESTAMPS_CONSISTENT
siwmv2,Live/Live_485.avi,360,360,360,[],0,0,0,,INDEX_TIMESTAMPS_CONSISTENT
siwmv2,Live/Live_486.avi,179,179,179,[],0,0,0,,INDEX_TIMESTAMPS_CONSISTENT
siwmv2,Live/Live_487.avi,179,179,179,[],0,0,0,,INDEX_TIMESTAMPS_CONSISTENT
siwmv2,Live/Live_488.avi,179,179,179,[],0,0,0,,INDEX_TIMESTAMPS_CONSISTENT
siwmv2,Live/Live_489.avi,360,360,360,[],0,0,0,,INDEX_TIMESTAMPS_CONSISTENT
siwmv2,Live/Live_49.mov,240,240,240,[],0,0,0,,INDEX_TIMESTAMPS_CONSISTENT
siwmv2,Live/Live_490.avi,179,179,179,[],0,0,0,,INDEX_TIMESTAMPS_CONSISTENT
siwmv2,Live/Live_491.avi,179,179,179,[],0,0,0,,INDEX_TIMESTAMPS_CONSISTENT
siwmv2,Live/Live_492.avi,360,360,360,[],0,0,0,,INDEX_TIMESTAMPS_CONSISTENT
siwmv2,Live/Live_493.avi,179,179,179,[],0,0,0,,INDEX_TIMESTAMPS_CONSISTENT
siwmv2,Live/Live_494.avi,360,360,360,[],0,0,0,,INDEX_TIMESTAMPS_CONSISTENT
siwmv2,Live/Live_495.avi,360,360,360,[],0,0,0,,INDEX_TIMESTAMPS_CONSISTENT
siwmv2,Live/Live_496.avi,179,179,179,[],0,0,0,,INDEX_TIMESTAMPS_CONSISTENT
siwmv2,Live/Live_497.avi,360,360,360,[],0,0,0,,INDEX_TIMESTAMPS_CONSISTENT
siwmv2,Live/Live_498.avi,179,179,179,[],0,0,0,,INDEX_TIMESTAMPS_CONSISTENT
siwmv2,Live/Live_499.avi,360,360,360,[],0,0,0,,INDEX_TIMESTAMPS_CONSISTENT
siwmv2,Live/Live_5.mov,240,240,240,[],0,0,0,,INDEX_TIMESTAMPS_CONSISTENT
siwmv2,Live/Live_50.mov,240,240,240,[],0,0,0,,INDEX_TIMESTAMPS_CONSISTENT
siwmv2,Live/Live_500.avi,179,179,179,[],0,0,0,,INDEX_TIMESTAMPS_CONSISTENT
siwmv2,Live/Live_501.avi,179,179,179,[],0,0,0,,INDEX_TIMESTAMPS_CONSISTENT
siwmv2,Live/Live_502.avi,360,360,360,[],0,0,0,,INDEX_TIMESTAMPS_CONSISTENT
siwmv2,Live/Live_503.avi,179,179,179,[],0,0,0,,INDEX_TIMESTAMPS_CONSISTENT
siwmv2,Live/Live_504.avi,179,179,179,[],0,0,0,,INDEX_TIMESTAMPS_CONSISTENT
siwmv2,Live/Live_51.mov,240,240,240,[],0,0,0,,INDEX_TIMESTAMPS_CONSISTENT
siwmv2,Live/Live_52.mov,240,240,240,[],0,0,0,,INDEX_TIMESTAMPS_CONSISTENT
siwmv2,Live/Live_53.mov,240,240,240,[],0,0,0,,INDEX_TIMESTAMPS_CONSISTENT
siwmv2,Live/Live_54.mov,240,240,240,[],0,0,0,,INDEX_TIMESTAMPS_CONSISTENT
siwmv2,Live/Live_55.mov,240,240,240,[],0,0,0,,INDEX_TIMESTAMPS_CONSISTENT
siwmv2,Live/Live_56.mov,240,240,240,[],0,0,0,,INDEX_TIMESTAMPS_CONSISTENT
siwmv2,Live/Live_57.mov,240,240,240,[],0,0,0,,INDEX_TIMESTAMPS_CONSISTENT
siwmv2,Live/Live_58.mov,240,240,240,[],0,0,0,,INDEX_TIMESTAMPS_CONSISTENT
siwmv2,Live/Live_59.mov,240,240,240,[],0,0,0,,INDEX_TIMESTAMPS_CONSISTENT
siwmv2,Live/Live_6.mov,240,240,240,[],0,0,0,,INDEX_TIMESTAMPS_CONSISTENT
siwmv2,Live/Live_60.mov,240,240,240,[],0,0,0,,INDEX_TIMESTAMPS_CONSISTENT
siwmv2,Live/Live_61.mov,240,240,240,[],0,0,0,,INDEX_TIMESTAMPS_CONSISTENT
siwmv2,Live/Live_610.mov,234,234,234,[],0,0,0,,INDEX_TIMESTAMPS_CONSISTENT
siwmv2,Live/Live_611.mov,30,30,30,[],0,0,0,,INDEX_TIMESTAMPS_CONSISTENT
siwmv2,Live/Live_612.mov,156,156,156,[],0,0,0,,INDEX_TIMESTAMPS_CONSISTENT
siwmv2,Live/Live_613.mov,113,113,113,[],0,0,0,,INDEX_TIMESTAMPS_CONSISTENT
siwmv2,Live/Live_614.mov,250,250,250,[],0,0,0,,INDEX_TIMESTAMPS_CONSISTENT
siwmv2,Live/Live_615.mov,207,207,207,[],0,0,0,,INDEX_TIMESTAMPS_CONSISTENT
siwmv2,Live/Live_616.mov,250,250,250,[],0,0,0,,INDEX_TIMESTAMPS_CONSISTENT
siwmv2,Live/Live_617.mov,250,250,250,[],0,0,0,,INDEX_TIMESTAMPS_CONSISTENT
siwmv2,Live/Live_618.mov,225,225,225,[],0,0,0,,INDEX_TIMESTAMPS_CONSISTENT
siwmv2,Live/Live_619.mov,200,200,200,[],0,0,0,,INDEX_TIMESTAMPS_CONSISTENT
siwmv2,Live/Live_62.mov,240,240,240,[],0,0,0,,INDEX_TIMESTAMPS_CONSISTENT
siwmv2,Live/Live_620.mov,194,194,194,[],0,0,0,,INDEX_TIMESTAMPS_CONSISTENT
siwmv2,Live/Live_621.mov,250,250,250,[],0,0,0,,INDEX_TIMESTAMPS_CONSISTENT
siwmv2,Live/Live_622.mov,250,250,250,[],0,0,0,,INDEX_TIMESTAMPS_CONSISTENT
siwmv2,Live/Live_623.mov,178,178,178,[],0,0,0,,INDEX_TIMESTAMPS_CONSISTENT
siwmv2,Live/Live_624.mov,98,98,98,[],0,0,0,,INDEX_TIMESTAMPS_CONSISTENT
siwmv2,Live/Live_625.mov,216,216,216,[],0,0,0,,INDEX_TIMESTAMPS_CONSISTENT
siwmv2,Live/Live_626.mov,82,82,82,[],0,0,0,,INDEX_TIMESTAMPS_CONSISTENT
siwmv2,Live/Live_627.mov,59,59,59,[],0,0,0,,INDEX_TIMESTAMPS_CONSISTENT
siwmv2,Live/Live_628.mov,66,66,66,[],0,0,0,,INDEX_TIMESTAMPS_CONSISTENT
siwmv2,Live/Live_629.mov,70,70,70,[],0,0,0,,INDEX_TIMESTAMPS_CONSISTENT
siwmv2,Live/Live_63.mov,240,240,240,[],0,0,0,,INDEX_TIMESTAMPS_CONSISTENT
siwmv2,Live/Live_630.mov,75,75,75,[],0,0,0,,INDEX_TIMESTAMPS_CONSISTENT
siwmv2,Live/Live_631.mov,30,30,30,[],0,0,0,,INDEX_TIMESTAMPS_CONSISTENT
siwmv2,Live/Live_632.mov,30,30,30,[],0,0,0,,INDEX_TIMESTAMPS_CONSISTENT
siwmv2,Live/Live_633.mov,30,30,30,[],0,0,0,,INDEX_TIMESTAMPS_CONSISTENT
siwmv2,Live/Live_634.mov,30,30,30,[],0,0,0,,INDEX_TIMESTAMPS_CONSISTENT
siwmv2,Live/Live_635.mov,30,30,30,[],0,0,0,,INDEX_TIMESTAMPS_CONSISTENT
siwmv2,Live/Live_636.mov,30,30,30,[],0,0,0,,INDEX_TIMESTAMPS_CONSISTENT
siwmv2,Live/Live_637.mov,30,30,30,[],0,0,0,,INDEX_TIMESTAMPS_CONSISTENT
siwmv2,Live/Live_638.mov,30,30,30,[],0,0,0,,INDEX_TIMESTAMPS_CONSISTENT
siwmv2,Live/Live_639.mov,30,30,30,[],0,0,0,,INDEX_TIMESTAMPS_CONSISTENT
siwmv2,Live/Live_64.mov,240,240,240,[],0,0,0,,INDEX_TIMESTAMPS_CONSISTENT
siwmv2,Live/Live_640.mov,78,78,78,[],0,0,0,,INDEX_TIMESTAMPS_CONSISTENT
siwmv2,Live/Live_641.mov,163,163,163,[],0,0,0,,INDEX_TIMESTAMPS_CONSISTENT
siwmv2,Live/Live_642.mov,83,83,83,[],0,0,0,,INDEX_TIMESTAMPS_CONSISTENT
siwmv2,Live/Live_643.mov,250,250,250,[],0,0,0,,INDEX_TIMESTAMPS_CONSISTENT
siwmv2,Live/Live_644.mov,52,52,52,[],0,0,0,,INDEX_TIMESTAMPS_CONSISTENT
siwmv2,Live/Live_645.mov,95,95,95,[],0,0,0,,INDEX_TIMESTAMPS_CONSISTENT
siwmv2,Live/Live_646.mov,209,209,209,[],0,0,0,,INDEX_TIMESTAMPS_CONSISTENT
siwmv2,Live/Live_647.mov,145,145,145,[],0,0,0,,INDEX_TIMESTAMPS_CONSISTENT
siwmv2,Live/Live_648.mov,131,131,131,[],0,0,0,,INDEX_TIMESTAMPS_CONSISTENT
siwmv2,Live/Live_649.mov,61,61,61,[],0,0,0,,INDEX_TIMESTAMPS_CONSISTENT
siwmv2,Live/Live_65.mov,240,240,240,[],0,0,0,,INDEX_TIMESTAMPS_CONSISTENT
siwmv2,Live/Live_650.mov,32,32,32,[],0,0,0,,INDEX_TIMESTAMPS_CONSISTENT
siwmv2,Live/Live_651.mov,42,42,42,[],0,0,0,,INDEX_TIMESTAMPS_CONSISTENT
siwmv2,Live/Live_652.mov,163,163,163,[],0,0,0,,INDEX_TIMESTAMPS_CONSISTENT
siwmv2,Live/Live_653.mov,30,30,30,[],0,0,0,,INDEX_TIMESTAMPS_CONSISTENT
siwmv2,Live/Live_654.mov,30,30,30,[],0,0,0,,INDEX_TIMESTAMPS_CONSISTENT
siwmv2,Live/Live_655.mov,30,30,30,[],0,0,0,,INDEX_TIMESTAMPS_CONSISTENT
siwmv2,Live/Live_656.mov,30,30,30,[],0,0,0,,INDEX_TIMESTAMPS_CONSISTENT
siwmv2,Live/Live_657.mov,30,30,30,[],0,0,0,,INDEX_TIMESTAMPS_CONSISTENT
siwmv2,Live/Live_658.mov,30,30,30,[],0,0,0,,INDEX_TIMESTAMPS_CONSISTENT
siwmv2,Live/Live_659.mov,30,30,30,[],0,0,0,,INDEX_TIMESTAMPS_CONSISTENT
siwmv2,Live/Live_66.mov,240,240,240,[],0,0,0,,INDEX_TIMESTAMPS_CONSISTENT
siwmv2,Live/Live_660.mov,30,30,30,[],0,0,0,,INDEX_TIMESTAMPS_CONSISTENT
siwmv2,Live/Live_661.mp4,150,150,150,[],0,0,0,,INDEX_TIMESTAMPS_CONSISTENT
siwmv2,Live/Live_662.mp4,182,178,178,"[178, 179, 180, 181]",4,0,0,,INDEX_TIMESTAMPS_CONSISTENT
siwmv2,Live/Live_663.mp4,150,150,150,[],0,0,0,,INDEX_TIMESTAMPS_CONSISTENT
siwmv2,Live/Live_664.mp4,150,150,150,[],0,0,0,,INDEX_TIMESTAMPS_CONSISTENT
siwmv2,Live/Live_665.mp4,154,152,152,"[152, 153]",2,0,0,,INDEX_TIMESTAMPS_CONSISTENT
siwmv2,Live/Live_666.mp4,126,122,122,"[122, 123, 124, 125]",4,0,0,,INDEX_TIMESTAMPS_CONSISTENT
siwmv2,Live/Live_667.mp4,150,150,150,[],0,0,0,,INDEX_TIMESTAMPS_CONSISTENT
siwmv2,Live/Live_668.mp4,124,121,121,"[121, 122, 123]",3,0,0,,INDEX_TIMESTAMPS_CONSISTENT
siwmv2,Live/Live_669.mp4,125,120,120,"[120, 121, 122, 123, 124]",5,0,0,,INDEX_TIMESTAMPS_CONSISTENT
siwmv2,Live/Live_67.mov,240,240,240,[],0,0,0,,INDEX_TIMESTAMPS_CONSISTENT
siwmv2,Live/Live_670.mp4,150,150,150,[],0,0,0,,INDEX_TIMESTAMPS_CONSISTENT
siwmv2,Live/Live_671.mp4,150,150,150,[],0,0,0,,INDEX_TIMESTAMPS_CONSISTENT
siwmv2,Live/Live_672.mp4,150,150,150,[],0,0,0,,INDEX_TIMESTAMPS_CONSISTENT
siwmv2,Live/Live_673.mp4,236,233,233,"[233, 234, 235]",3,0,0,,INDEX_TIMESTAMPS_CONSISTENT
siwmv2,Live/Live_674.mp4,167,164,164,"[164, 165, 166]",3,0,0,,INDEX_TIMESTAMPS_CONSISTENT
siwmv2,Live/Live_675.mp4,173,169,169,"[169, 170, 171, 172]",4,0,0,,INDEX_TIMESTAMPS_CONSISTENT
siwmv2,Live/Live_676.mp4,150,150,150,[],0,0,0,,INDEX_TIMESTAMPS_CONSISTENT
siwmv2,Live/Live_677.mp4,131,129,129,"[129, 130]",2,0,0,,INDEX_TIMESTAMPS_CONSISTENT
siwmv2,Live/Live_678.mp4,150,150,150,[],0,0,0,,INDEX_TIMESTAMPS_CONSISTENT
siwmv2,Live/Live_679.mp4,150,150,150,[],0,0,0,,INDEX_TIMESTAMPS_CONSISTENT
siwmv2,Live/Live_68.mov,240,240,240,[],0,0,0,,INDEX_TIMESTAMPS_CONSISTENT
siwmv2,Live/Live_680.mp4,86,82,82,"[82, 83, 84, 85]",4,0,0,,INDEX_TIMESTAMPS_CONSISTENT
siwmv2,Live/Live_681.mp4,150,150,150,[],0,0,0,,INDEX_TIMESTAMPS_CONSISTENT
siwmv2,Live/Live_682.mp4,149,147,147,"[147, 148]",2,0,0,,INDEX_TIMESTAMPS_CONSISTENT
siwmv2,Live/Live_683.mp4,130,128,128,"[128, 129]",2,0,0,,INDEX_TIMESTAMPS_CONSISTENT
siwmv2,Live/Live_684.mp4,150,150,150,[],0,0,0,,INDEX_TIMESTAMPS_CONSISTENT
siwmv2,Live/Live_685.mp4,150,150,150,[],0,0,0,,INDEX_TIMESTAMPS_CONSISTENT
siwmv2,Live/Live_686.mp4,150,150,150,[],0,0,0,,INDEX_TIMESTAMPS_CONSISTENT
siwmv2,Live/Live_687.mp4,150,150,150,[],0,0,0,,INDEX_TIMESTAMPS_CONSISTENT
siwmv2,Live/Live_688.mp4,150,150,150,[],0,0,0,,INDEX_TIMESTAMPS_CONSISTENT
siwmv2,Live/Live_689.mp4,115,112,112,"[112, 113, 114]",3,0,0,,INDEX_TIMESTAMPS_CONSISTENT
siwmv2,Live/Live_69.mov,240,240,240,[],0,0,0,,INDEX_TIMESTAMPS_CONSISTENT
siwmv2,Live/Live_690.mp4,150,150,150,[],0,0,0,,INDEX_TIMESTAMPS_CONSISTENT
siwmv2,Live/Live_691.mp4,126,121,121,"[121, 122, 123, 124, 125]",5,0,0,,INDEX_TIMESTAMPS_CONSISTENT
siwmv2,Live/Live_692.mp4,187,183,183,"[183, 184, 185, 186]",4,0,0,,INDEX_TIMESTAMPS_CONSISTENT
siwmv2,Live/Live_693.mp4,150,150,150,[],0,0,0,,INDEX_TIMESTAMPS_CONSISTENT
siwmv2,Live/Live_694.mp4,179,175,175,"[175, 176, 177, 178]",4,0,0,,INDEX_TIMESTAMPS_CONSISTENT
siwmv2,Live/Live_695.mp4,150,150,150,[],0,0,0,,INDEX_TIMESTAMPS_CONSISTENT
siwmv2,Live/Live_696.mp4,110,106,106,"[106, 107, 108, 109]",4,0,0,,INDEX_TIMESTAMPS_CONSISTENT
siwmv2,Live/Live_697.mp4,150,150,150,[],0,0,0,,INDEX_TIMESTAMPS_CONSISTENT
siwmv2,Live/Live_698.mp4,150,150,150,[],0,0,0,,INDEX_TIMESTAMPS_CONSISTENT
siwmv2,Live/Live_699.mp4,150,150,150,[],0,0,0,,INDEX_TIMESTAMPS_CONSISTENT
siwmv2,Live/Live_7.mov,240,240,240,[],0,0,0,,INDEX_TIMESTAMPS_CONSISTENT
siwmv2,Live/Live_70.mov,240,240,240,[],0,0,0,,INDEX_TIMESTAMPS_CONSISTENT
siwmv2,Live/Live_700.mp4,126,121,121,"[121, 122, 123, 124, 125]",5,0,0,,INDEX_TIMESTAMPS_CONSISTENT
siwmv2,Live/Live_701.mp4,150,150,150,[],0,0,0,,INDEX_TIMESTAMPS_CONSISTENT
siwmv2,Live/Live_702.mp4,150,150,150,[],0,0,0,,INDEX_TIMESTAMPS_CONSISTENT
siwmv2,Live/Live_703.mp4,150,150,150,[],0,0,0,,INDEX_TIMESTAMPS_CONSISTENT
siwmv2,Live/Live_704.mp4,124,121,121,"[121, 122, 123]",3,0,0,,INDEX_TIMESTAMPS_CONSISTENT
siwmv2,Live/Live_705.mp4,150,150,150,[],0,0,0,,INDEX_TIMESTAMPS_CONSISTENT
siwmv2,Live/Live_706.mp4,150,150,150,[],0,0,0,,INDEX_TIMESTAMPS_CONSISTENT
siwmv2,Live/Live_707.mp4,148,145,145,"[145, 146, 147]",3,0,0,,INDEX_TIMESTAMPS_CONSISTENT
siwmv2,Live/Live_708.mp4,150,150,150,[],0,0,0,,INDEX_TIMESTAMPS_CONSISTENT
siwmv2,Live/Live_709.mp4,122,117,117,"[117, 118, 119, 120, 121]",5,0,0,,INDEX_TIMESTAMPS_CONSISTENT
siwmv2,Live/Live_71.mov,240,240,240,[],0,0,0,,INDEX_TIMESTAMPS_CONSISTENT
siwmv2,Live/Live_710.mp4,150,150,150,[],0,0,0,,INDEX_TIMESTAMPS_CONSISTENT
siwmv2,Live/Live_711.mp4,150,150,150,[],0,0,0,,INDEX_TIMESTAMPS_CONSISTENT
siwmv2,Live/Live_712.mp4,209,207,207,"[207, 208]",2,0,0,,INDEX_TIMESTAMPS_CONSISTENT
siwmv2,Live/Live_713.mp4,118,114,114,"[114, 115, 116, 117]",4,0,0,,INDEX_TIMESTAMPS_CONSISTENT
siwmv2,Live/Live_714.mp4,150,150,150,[],0,0,0,,INDEX_TIMESTAMPS_CONSISTENT
siwmv2,Live/Live_715.mp4,219,217,217,"[217, 218]",2,0,0,,INDEX_TIMESTAMPS_CONSISTENT
siwmv2,Live/Live_716.mp4,126,123,123,"[123, 124, 125]",3,0,0,,INDEX_TIMESTAMPS_CONSISTENT
siwmv2,Live/Live_717.mp4,150,150,150,[],0,0,0,,INDEX_TIMESTAMPS_CONSISTENT
siwmv2,Live/Live_718.mp4,103,99,99,"[99, 100, 101, 102]",4,0,0,,INDEX_TIMESTAMPS_CONSISTENT
siwmv2,Live/Live_719.mp4,150,150,150,[],0,0,0,,INDEX_TIMESTAMPS_CONSISTENT
siwmv2,Live/Live_72.mov,240,240,240,[],0,0,0,,INDEX_TIMESTAMPS_CONSISTENT
siwmv2,Live/Live_720.mp4,150,150,150,[],0,0,0,,INDEX_TIMESTAMPS_CONSISTENT
siwmv2,Live/Live_721.mp4,150,150,150,[],0,0,0,,INDEX_TIMESTAMPS_CONSISTENT
siwmv2,Live/Live_722.mp4,150,150,150,[],0,0,0,,INDEX_TIMESTAMPS_CONSISTENT
siwmv2,Live/Live_723.mp4,156,153,153,"[153, 154, 155]",3,0,0,,INDEX_TIMESTAMPS_CONSISTENT
siwmv2,Live/Live_724.mp4,150,150,150,[],0,0,0,,INDEX_TIMESTAMPS_CONSISTENT
siwmv2,Live/Live_725.mp4,154,149,149,"[149, 150, 151, 152, 153]",5,0,0,,INDEX_TIMESTAMPS_CONSISTENT
siwmv2,Live/Live_726.mp4,140,137,137,"[137, 138, 139]",3,0,0,,INDEX_TIMESTAMPS_CONSISTENT
siwmv2,Live/Live_727.mp4,150,150,150,[],0,0,0,,INDEX_TIMESTAMPS_CONSISTENT
siwmv2,Live/Live_728.mp4,180,176,176,"[176, 177, 178, 179]",4,0,0,,INDEX_TIMESTAMPS_CONSISTENT
siwmv2,Live/Live_729.mp4,233,228,228,"[228, 229, 230, 231, 232]",5,0,0,,INDEX_TIMESTAMPS_CONSISTENT
siwmv2,Live/Live_73.mov,240,240,240,[],0,0,0,,INDEX_TIMESTAMPS_CONSISTENT
siwmv2,Live/Live_730.mp4,150,150,150,[],0,0,0,,INDEX_TIMESTAMPS_CONSISTENT
siwmv2,Live/Live_731.mp4,168,166,166,"[166, 167]",2,0,0,,INDEX_TIMESTAMPS_CONSISTENT
siwmv2,Live/Live_732.mp4,223,219,219,"[219, 220, 221, 222]",4,0,0,,INDEX_TIMESTAMPS_CONSISTENT
siwmv2,Live/Live_733.mp4,256,253,253,"[253, 254, 255]",3,0,0,,INDEX_TIMESTAMPS_CONSISTENT
siwmv2,Live/Live_734.mp4,86,84,84,"[84, 85]",2,0,0,,INDEX_TIMESTAMPS_CONSISTENT
siwmv2,Live/Live_735.mp4,173,170,170,"[170, 171, 172]",3,0,0,,INDEX_TIMESTAMPS_CONSISTENT
siwmv2,Live/Live_736.mp4,213,209,209,"[209, 210, 211, 212]",4,0,0,,INDEX_TIMESTAMPS_CONSISTENT
siwmv2,Live/Live_737.mp4,150,150,150,[],0,0,0,,INDEX_TIMESTAMPS_CONSISTENT
siwmv2,Live/Live_738.mp4,129,126,126,"[126, 127, 128]",3,0,0,,INDEX_TIMESTAMPS_CONSISTENT
siwmv2,Live/Live_739.mp4,150,150,150,[],0,0,0,,INDEX_TIMESTAMPS_CONSISTENT
siwmv2,Live/Live_74.mov,240,240,240,[],0,0,0,,INDEX_TIMESTAMPS_CONSISTENT
siwmv2,Live/Live_740.mp4,150,150,150,[],0,0,0,,INDEX_TIMESTAMPS_CONSISTENT
siwmv2,Live/Live_741.mp4,148,143,143,"[143, 144, 145, 146, 147]",5,0,0,,INDEX_TIMESTAMPS_CONSISTENT
siwmv2,Live/Live_742.mp4,209,206,206,"[206, 207, 208]",3,0,0,,INDEX_TIMESTAMPS_CONSISTENT
siwmv2,Live/Live_743.mp4,150,150,150,[],0,0,0,,INDEX_TIMESTAMPS_CONSISTENT
siwmv2,Live/Live_744.mp4,150,150,150,[],0,0,0,,INDEX_TIMESTAMPS_CONSISTENT
siwmv2,Live/Live_745.mp4,150,150,150,[],0,0,0,,INDEX_TIMESTAMPS_CONSISTENT
siwmv2,Live/Live_746.mp4,142,139,139,"[139, 140, 141]",3,0,0,,INDEX_TIMESTAMPS_CONSISTENT
siwmv2,Live/Live_747.mp4,150,150,150,[],0,0,0,,INDEX_TIMESTAMPS_CONSISTENT
siwmv2,Live/Live_748.mp4,124,119,119,"[119, 120, 121, 122, 123]",5,0,0,,INDEX_TIMESTAMPS_CONSISTENT
siwmv2,Live/Live_749.mp4,150,150,150,[],0,0,0,,INDEX_TIMESTAMPS_CONSISTENT
siwmv2,Live/Live_75.mov,240,240,240,[],0,0,0,,INDEX_TIMESTAMPS_CONSISTENT
siwmv2,Live/Live_750.mp4,142,139,139,"[139, 140, 141]",3,0,0,,INDEX_TIMESTAMPS_CONSISTENT
siwmv2,Live/Live_751.mp4,150,150,150,[],0,0,0,,INDEX_TIMESTAMPS_CONSISTENT
siwmv2,Live/Live_752.mp4,122,120,120,"[120, 121]",2,0,0,,INDEX_TIMESTAMPS_CONSISTENT
siwmv2,Live/Live_753.mp4,115,112,112,"[112, 113, 114]",3,0,0,,INDEX_TIMESTAMPS_CONSISTENT
siwmv2,Live/Live_754.mp4,239,234,234,"[234, 235, 236, 237, 238]",5,0,0,,INDEX_TIMESTAMPS_CONSISTENT
siwmv2,Live/Live_755.mp4,150,150,150,[],0,0,0,,INDEX_TIMESTAMPS_CONSISTENT
siwmv2,Live/Live_756.mp4,298,294,294,"[294, 295, 296, 297]",4,0,0,,INDEX_TIMESTAMPS_CONSISTENT
siwmv2,Live/Live_757.mp4,150,150,150,[],0,0,0,,INDEX_TIMESTAMPS_CONSISTENT
siwmv2,Live/Live_758.mp4,181,177,177,"[177, 178, 179, 180]",4,0,0,,INDEX_TIMESTAMPS_CONSISTENT
siwmv2,Live/Live_759.mp4,158,155,155,"[155, 156, 157]",3,0,0,,INDEX_TIMESTAMPS_CONSISTENT
siwmv2,Live/Live_76.mov,240,240,240,[],0,0,0,,INDEX_TIMESTAMPS_CONSISTENT
siwmv2,Live/Live_760.mp4,113,110,110,"[110, 111, 112]",3,0,0,,INDEX_TIMESTAMPS_CONSISTENT
siwmv2,Live/Live_761.mp4,105,101,101,"[101, 102, 103, 104]",4,0,0,,INDEX_TIMESTAMPS_CONSISTENT
siwmv2,Live/Live_762.mp4,211,206,206,"[206, 207, 208, 209, 210]",5,0,0,,INDEX_TIMESTAMPS_CONSISTENT
siwmv2,Live/Live_763.mp4,150,150,150,[],0,0,0,,INDEX_TIMESTAMPS_CONSISTENT
siwmv2,Live/Live_764.mp4,150,150,150,[],0,0,0,,INDEX_TIMESTAMPS_CONSISTENT
siwmv2,Live/Live_765.mp4,150,150,150,[],0,0,0,,INDEX_TIMESTAMPS_CONSISTENT
siwmv2,Live/Live_766.mp4,150,150,150,[],0,0,0,,INDEX_TIMESTAMPS_CONSISTENT
siwmv2,Live/Live_767.mp4,150,150,150,[],0,0,0,,INDEX_TIMESTAMPS_CONSISTENT
siwmv2,Live/Live_768.mp4,202,197,197,"[197, 198, 199, 200, 201]",5,0,0,,INDEX_TIMESTAMPS_CONSISTENT
siwmv2,Live/Live_769.mp4,125,122,122,"[122, 123, 124]",3,0,0,,INDEX_TIMESTAMPS_CONSISTENT
siwmv2,Live/Live_77.mov,240,240,240,[],0,0,0,,INDEX_TIMESTAMPS_CONSISTENT
siwmv2,Live/Live_770.mp4,159,155,155,"[155, 156, 157, 158]",4,0,0,,INDEX_TIMESTAMPS_CONSISTENT
siwmv2,Live/Live_771.mp4,146,141,141,"[141, 142, 143, 144, 145]",5,0,0,,INDEX_TIMESTAMPS_CONSISTENT
siwmv2,Live/Live_772.mp4,135,131,131,"[131, 132, 133, 134]",4,0,0,,INDEX_TIMESTAMPS_CONSISTENT
siwmv2,Live/Live_773.mp4,175,171,171,"[171, 172, 173, 174]",4,0,0,,INDEX_TIMESTAMPS_CONSISTENT
siwmv2,Live/Live_774.mp4,132,129,129,"[129, 130, 131]",3,0,0,,INDEX_TIMESTAMPS_CONSISTENT
siwmv2,Live/Live_775.mp4,150,150,150,[],0,0,0,,INDEX_TIMESTAMPS_CONSISTENT
siwmv2,Live/Live_776.mp4,150,150,150,[],0,0,0,,INDEX_TIMESTAMPS_CONSISTENT
siwmv2,Live/Live_777.mp4,115,111,111,"[111, 112, 113, 114]",4,0,0,,INDEX_TIMESTAMPS_CONSISTENT
siwmv2,Live/Live_778.mp4,157,152,152,"[152, 153, 154, 155, 156]",5,0,0,,INDEX_TIMESTAMPS_CONSISTENT
siwmv2,Live/Live_779.mp4,98,96,96,"[96, 97]",2,0,0,,INDEX_TIMESTAMPS_CONSISTENT
siwmv2,Live/Live_78.mov,240,240,240,[],0,0,0,,INDEX_TIMESTAMPS_CONSISTENT
siwmv2,Live/Live_780.mp4,145,141,141,"[141, 142, 143, 144]",4,0,0,,INDEX_TIMESTAMPS_CONSISTENT
siwmv2,Live/Live_781.mp4,172,170,170,"[170, 171]",2,0,0,,INDEX_TIMESTAMPS_CONSISTENT
siwmv2,Live/Live_782.mp4,150,150,150,[],0,0,0,,INDEX_TIMESTAMPS_CONSISTENT
siwmv2,Live/Live_783.mp4,150,150,150,[],0,0,0,,INDEX_TIMESTAMPS_CONSISTENT
siwmv2,Live/Live_784.mp4,122,119,119,"[119, 120, 121]",3,0,0,,INDEX_TIMESTAMPS_CONSISTENT
siwmv2,Live/Live_785.mp4,150,150,150,[],0,0,0,,INDEX_TIMESTAMPS_CONSISTENT
siwmv2,Live/Live_786.mp4,150,150,150,[],0,0,0,,INDEX_TIMESTAMPS_CONSISTENT
siwmv2,Live/Live_787.mp4,150,150,150,[],0,0,0,,INDEX_TIMESTAMPS_CONSISTENT
siwmv2,Live/Live_788.mp4,150,150,150,[],0,0,0,,INDEX_TIMESTAMPS_CONSISTENT
siwmv2,Live/Live_789.mp4,150,150,150,[],0,0,0,,INDEX_TIMESTAMPS_CONSISTENT
siwmv2,Live/Live_79.mov,240,240,240,[],0,0,0,,INDEX_TIMESTAMPS_CONSISTENT
siwmv2,Live/Live_790.mp4,184,181,181,"[181, 182, 183]",3,0,0,,INDEX_TIMESTAMPS_CONSISTENT
siwmv2,Live/Live_791.mp4,142,137,137,"[137, 138, 139, 140, 141]",5,0,0,,INDEX_TIMESTAMPS_CONSISTENT
siwmv2,Live/Live_792.mp4,222,218,218,"[218, 219, 220, 221]",4,0,0,,INDEX_TIMESTAMPS_CONSISTENT
siwmv2,Live/Live_793.mp4,148,145,145,"[145, 146, 147]",3,0,0,,INDEX_TIMESTAMPS_CONSISTENT
siwmv2,Live/Live_794.mp4,121,117,117,"[117, 118, 119, 120]",4,0,0,,INDEX_TIMESTAMPS_CONSISTENT
siwmv2,Live/Live_795.mp4,150,150,150,[],0,0,0,,INDEX_TIMESTAMPS_CONSISTENT
siwmv2,Live/Live_796.mp4,195,192,192,"[192, 193, 194]",3,0,0,,INDEX_TIMESTAMPS_CONSISTENT
siwmv2,Live/Live_797.mp4,150,150,150,[],0,0,0,,INDEX_TIMESTAMPS_CONSISTENT
siwmv2,Live/Live_798.mp4,161,157,157,"[157, 158, 159, 160]",4,0,0,,INDEX_TIMESTAMPS_CONSISTENT
siwmv2,Live/Live_799.mp4,152,149,149,"[149, 150, 151]",3,0,0,,INDEX_TIMESTAMPS_CONSISTENT
siwmv2,Live/Live_8.mov,240,240,240,[],0,0,0,,INDEX_TIMESTAMPS_CONSISTENT
siwmv2,Live/Live_80.mov,240,240,240,[],0,0,0,,INDEX_TIMESTAMPS_CONSISTENT
siwmv2,Live/Live_800.mp4,150,150,150,[],0,0,0,,INDEX_TIMESTAMPS_CONSISTENT
siwmv2,Live/Live_801.mp4,150,150,150,[],0,0,0,,INDEX_TIMESTAMPS_CONSISTENT
siwmv2,Live/Live_802.mp4,126,123,123,"[123, 124, 125]",3,0,0,,INDEX_TIMESTAMPS_CONSISTENT
siwmv2,Live/Live_803.mp4,150,150,150,[],0,0,0,,INDEX_TIMESTAMPS_CONSISTENT
siwmv2,Live/Live_804.mp4,206,204,204,"[204, 205]",2,0,0,,INDEX_TIMESTAMPS_CONSISTENT
siwmv2,Live/Live_805.mp4,150,150,150,[],0,0,0,,INDEX_TIMESTAMPS_CONSISTENT
siwmv2,Live/Live_806.mp4,192,190,190,"[190, 191]",2,0,0,,INDEX_TIMESTAMPS_CONSISTENT
siwmv2,Live/Live_807.mp4,150,150,150,[],0,0,0,,INDEX_TIMESTAMPS_CONSISTENT
siwmv2,Live/Live_808.mp4,150,150,150,[],0,0,0,,INDEX_TIMESTAMPS_CONSISTENT
siwmv2,Live/Live_809.mp4,142,138,138,"[138, 139, 140, 141]",4,0,0,,INDEX_TIMESTAMPS_CONSISTENT
siwmv2,Live/Live_81.mov,240,240,240,[],0,0,0,,INDEX_TIMESTAMPS_CONSISTENT
siwmv2,Live/Live_810.mp4,150,150,150,[],0,0,0,,INDEX_TIMESTAMPS_CONSISTENT
siwmv2,Live/Live_811.mp4,150,150,150,[],0,0,0,,INDEX_TIMESTAMPS_CONSISTENT
siwmv2,Live/Live_812.mp4,172,169,169,"[169, 170, 171]",3,0,0,,INDEX_TIMESTAMPS_CONSISTENT
siwmv2,Live/Live_813.mp4,150,150,150,[],0,0,0,,INDEX_TIMESTAMPS_CONSISTENT
siwmv2,Live/Live_814.mp4,150,150,150,[],0,0,0,,INDEX_TIMESTAMPS_CONSISTENT
siwmv2,Live/Live_815.mp4,150,150,150,[],0,0,0,,INDEX_TIMESTAMPS_CONSISTENT
siwmv2,Live/Live_816.mp4,196,192,192,"[192, 193, 194, 195]",4,0,0,,INDEX_TIMESTAMPS_CONSISTENT
siwmv2,Live/Live_817.mp4,158,154,154,"[154, 155, 156, 157]",4,0,0,,INDEX_TIMESTAMPS_CONSISTENT
siwmv2,Live/Live_818.mp4,167,163,163,"[163, 164, 165, 166]",4,0,0,,INDEX_TIMESTAMPS_CONSISTENT
siwmv2,Live/Live_819.mp4,146,142,142,"[142, 143, 144, 145]",4,0,0,,INDEX_TIMESTAMPS_CONSISTENT
siwmv2,Live/Live_82.mov,240,240,240,[],0,0,0,,INDEX_TIMESTAMPS_CONSISTENT
siwmv2,Live/Live_820.mp4,150,150,150,[],0,0,0,,INDEX_TIMESTAMPS_CONSISTENT
siwmv2,Live/Live_821.mp4,150,150,150,[],0,0,0,,INDEX_TIMESTAMPS_CONSISTENT
siwmv2,Live/Live_822.mp4,156,151,151,"[151, 152, 153, 154, 155]",5,0,0,,INDEX_TIMESTAMPS_CONSISTENT
siwmv2,Live/Live_823.mp4,150,150,150,[],0,0,0,,INDEX_TIMESTAMPS_CONSISTENT
siwmv2,Live/Live_824.mp4,127,124,124,"[124, 125, 126]",3,0,0,,INDEX_TIMESTAMPS_CONSISTENT
siwmv2,Live/Live_825.mp4,192,188,188,"[188, 189, 190, 191]",4,0,0,,INDEX_TIMESTAMPS_CONSISTENT
siwmv2,Live/Live_826.mp4,150,150,150,[],0,0,0,,INDEX_TIMESTAMPS_CONSISTENT
siwmv2,Live/Live_827.mp4,150,150,150,[],0,0,0,,INDEX_TIMESTAMPS_CONSISTENT
siwmv2,Live/Live_828.mp4,124,119,119,"[119, 120, 121, 122, 123]",5,0,0,,INDEX_TIMESTAMPS_CONSISTENT
siwmv2,Live/Live_829.mp4,257,254,254,"[254, 255, 256]",3,0,0,,INDEX_TIMESTAMPS_CONSISTENT
siwmv2,Live/Live_83.mov,240,240,240,[],0,0,0,,INDEX_TIMESTAMPS_CONSISTENT
siwmv2,Live/Live_830.mp4,150,150,150,[],0,0,0,,INDEX_TIMESTAMPS_CONSISTENT
siwmv2,Live/Live_831.mp4,150,150,150,[],0,0,0,,INDEX_TIMESTAMPS_CONSISTENT
siwmv2,Live/Live_832.mp4,150,150,150,[],0,0,0,,INDEX_TIMESTAMPS_CONSISTENT
siwmv2,Live/Live_833.mp4,150,150,150,[],0,0,0,,INDEX_TIMESTAMPS_CONSISTENT
siwmv2,Live/Live_834.mp4,198,193,193,"[193, 194, 195, 196, 197]",5,0,0,,INDEX_TIMESTAMPS_CONSISTENT
siwmv2,Live/Live_835.mp4,119,116,116,"[116, 117, 118]",3,0,0,,INDEX_TIMESTAMPS_CONSISTENT
siwmv2,Live/Live_836.mp4,145,141,141,"[141, 142, 143, 144]",4,0,0,,INDEX_TIMESTAMPS_CONSISTENT
siwmv2,Live/Live_837.mp4,150,150,150,[],0,0,0,,INDEX_TIMESTAMPS_CONSISTENT
siwmv2,Live/Live_838.mp4,150,150,150,[],0,0,0,,INDEX_TIMESTAMPS_CONSISTENT
siwmv2,Live/Live_839.mp4,150,150,150,[],0,0,0,,INDEX_TIMESTAMPS_CONSISTENT
siwmv2,Live/Live_84.mov,240,240,240,[],0,0,0,,INDEX_TIMESTAMPS_CONSISTENT
siwmv2,Live/Live_840.mp4,159,156,156,"[156, 157, 158]",3,0,0,,INDEX_TIMESTAMPS_CONSISTENT
siwmv2,Live/Live_841.mp4,150,150,150,[],0,0,0,,INDEX_TIMESTAMPS_CONSISTENT
siwmv2,Live/Live_842.mp4,117,113,113,"[113, 114, 115, 116]",4,0,0,,INDEX_TIMESTAMPS_CONSISTENT
siwmv2,Live/Live_843.mp4,156,152,152,"[152, 153, 154, 155]",4,0,0,,INDEX_TIMESTAMPS_CONSISTENT
siwmv2,Live/Live_844.mp4,150,150,150,[],0,0,0,,INDEX_TIMESTAMPS_CONSISTENT
siwmv2,Live/Live_845.mp4,150,150,150,[],0,0,0,,INDEX_TIMESTAMPS_CONSISTENT
siwmv2,Live/Live_846.mp4,150,150,150,[],0,0,0,,INDEX_TIMESTAMPS_CONSISTENT
siwmv2,Live/Live_847.mp4,150,150,150,[],0,0,0,,INDEX_TIMESTAMPS_CONSISTENT
siwmv2,Live/Live_848.mp4,115,111,111,"[111, 112, 113, 114]",4,0,0,,INDEX_TIMESTAMPS_CONSISTENT
siwmv2,Live/Live_849.mp4,150,150,150,[],0,0,0,,INDEX_TIMESTAMPS_CONSISTENT
siwmv2,Live/Live_85.mov,240,240,240,[],0,0,0,,INDEX_TIMESTAMPS_CONSISTENT
siwmv2,Live/Live_850.mp4,243,239,239,"[239, 240, 241, 242]",4,0,0,,INDEX_TIMESTAMPS_CONSISTENT
siwmv2,Live/Live_851.mp4,117,114,114,"[114, 115, 116]",3,0,0,,INDEX_TIMESTAMPS_CONSISTENT
siwmv2,Live/Live_852.mp4,104,100,100,"[100, 101, 102, 103]",4,0,0,,INDEX_TIMESTAMPS_CONSISTENT
siwmv2,Live/Live_853.mp4,150,150,150,[],0,0,0,,INDEX_TIMESTAMPS_CONSISTENT
siwmv2,Live/Live_854.mp4,150,150,150,[],0,0,0,,INDEX_TIMESTAMPS_CONSISTENT
siwmv2,Live/Live_855.mp4,150,150,150,[],0,0,0,,INDEX_TIMESTAMPS_CONSISTENT
siwmv2,Live/Live_856.mp4,150,150,150,[],0,0,0,,INDEX_TIMESTAMPS_CONSISTENT
siwmv2,Live/Live_857.mp4,150,150,150,[],0,0,0,,INDEX_TIMESTAMPS_CONSISTENT
siwmv2,Live/Live_858.mp4,182,179,179,"[179, 180, 181]",3,0,0,,INDEX_TIMESTAMPS_CONSISTENT
siwmv2,Live/Live_859.mp4,150,150,150,[],0,0,0,,INDEX_TIMESTAMPS_CONSISTENT
siwmv2,Live/Live_86.mov,240,240,240,[],0,0,0,,INDEX_TIMESTAMPS_CONSISTENT
siwmv2,Live/Live_860.mp4,214,211,211,"[211, 212, 213]",3,0,0,,INDEX_TIMESTAMPS_CONSISTENT
siwmv2,Live/Live_861.mp4,150,150,150,[],0,0,0,,INDEX_TIMESTAMPS_CONSISTENT
siwmv2,Live/Live_862.mp4,150,150,150,[],0,0,0,,INDEX_TIMESTAMPS_CONSISTENT
siwmv2,Live/Live_863.mp4,183,181,181,"[181, 182]",2,0,0,,INDEX_TIMESTAMPS_CONSISTENT
siwmv2,Live/Live_864.mp4,230,227,227,"[227, 228, 229]",3,0,0,,INDEX_TIMESTAMPS_CONSISTENT
siwmv2,Live/Live_865.mp4,150,150,150,[],0,0,0,,INDEX_TIMESTAMPS_CONSISTENT
siwmv2,Live/Live_866.mp4,114,111,111,"[111, 112, 113]",3,0,0,,INDEX_TIMESTAMPS_CONSISTENT
siwmv2,Live/Live_867.mp4,214,212,212,"[212, 213]",2,0,0,,INDEX_TIMESTAMPS_CONSISTENT
siwmv2,Live/Live_868.mp4,150,150,150,[],0,0,0,,INDEX_TIMESTAMPS_CONSISTENT
siwmv2,Live/Live_869.mp4,150,150,150,[],0,0,0,,INDEX_TIMESTAMPS_CONSISTENT
siwmv2,Live/Live_87.mov,240,240,240,[],0,0,0,,INDEX_TIMESTAMPS_CONSISTENT
siwmv2,Live/Live_870.mp4,150,150,150,[],0,0,0,,INDEX_TIMESTAMPS_CONSISTENT
siwmv2,Live/Live_871.mp4,150,150,150,[],0,0,0,,INDEX_TIMESTAMPS_CONSISTENT
siwmv2,Live/Live_872.mp4,123,120,120,"[120, 121, 122]",3,0,0,,INDEX_TIMESTAMPS_CONSISTENT
siwmv2,Live/Live_873.mp4,150,150,150,[],0,0,0,,INDEX_TIMESTAMPS_CONSISTENT
siwmv2,Live/Live_874.mp4,150,150,150,[],0,0,0,,INDEX_TIMESTAMPS_CONSISTENT
siwmv2,Live/Live_875.mp4,150,150,150,[],0,0,0,,INDEX_TIMESTAMPS_CONSISTENT
siwmv2,Live/Live_876.mp4,150,150,150,[],0,0,0,,INDEX_TIMESTAMPS_CONSISTENT
siwmv2,Live/Live_877.mp4,137,134,134,"[134, 135, 136]",3,0,0,,INDEX_TIMESTAMPS_CONSISTENT
siwmv2,Live/Live_878.mp4,150,150,150,[],0,0,0,,INDEX_TIMESTAMPS_CONSISTENT
siwmv2,Live/Live_879.mp4,144,141,141,"[141, 142, 143]",3,0,0,,INDEX_TIMESTAMPS_CONSISTENT
siwmv2,Live/Live_88.mov,240,240,240,[],0,0,0,,INDEX_TIMESTAMPS_CONSISTENT
siwmv2,Live/Live_880.mp4,150,150,150,[],0,0,0,,INDEX_TIMESTAMPS_CONSISTENT
siwmv2,Live/Live_881.mp4,120,116,116,"[116, 117, 118, 119]",4,0,0,,INDEX_TIMESTAMPS_CONSISTENT
siwmv2,Live/Live_882.mp4,150,150,150,[],0,0,0,,INDEX_TIMESTAMPS_CONSISTENT
siwmv2,Live/Live_883.mp4,179,175,175,"[175, 176, 177, 178]",4,0,0,,INDEX_TIMESTAMPS_CONSISTENT
siwmv2,Live/Live_884.mp4,150,150,150,[],0,0,0,,INDEX_TIMESTAMPS_CONSISTENT
siwmv2,Live/Live_885.mp4,248,246,246,"[246, 247]",2,0,0,,INDEX_TIMESTAMPS_CONSISTENT
siwmv2,Live/Live_886.mp4,140,136,136,"[136, 137, 138, 139]",4,0,0,,INDEX_TIMESTAMPS_CONSISTENT
siwmv2,Live/Live_887.mp4,150,150,150,[],0,0,0,,INDEX_TIMESTAMPS_CONSISTENT
siwmv2,Live/Live_888.mp4,116,112,112,"[112, 113, 114, 115]",4,0,0,,INDEX_TIMESTAMPS_CONSISTENT
siwmv2,Live/Live_889.mp4,111,108,108,"[108, 109, 110]",3,0,0,,INDEX_TIMESTAMPS_CONSISTENT
siwmv2,Live/Live_89.mov,240,240,240,[],0,0,0,,INDEX_TIMESTAMPS_CONSISTENT
siwmv2,Live/Live_890.mp4,150,150,150,[],0,0,0,,INDEX_TIMESTAMPS_CONSISTENT
siwmv2,Live/Live_891.mp4,107,103,103,"[103, 104, 105, 106]",4,0,0,,INDEX_TIMESTAMPS_CONSISTENT
siwmv2,Live/Live_9.mov,240,240,240,[],0,0,0,,INDEX_TIMESTAMPS_CONSISTENT
siwmv2,Live/Live_90.mov,240,240,240,[],0,0,0,,INDEX_TIMESTAMPS_CONSISTENT
siwmv2,Live/Live_91.mov,240,240,240,[],0,0,0,,INDEX_TIMESTAMPS_CONSISTENT
siwmv2,Live/Live_92.mov,240,240,240,[],0,0,0,,INDEX_TIMESTAMPS_CONSISTENT
siwmv2,Live/Live_93.mov,240,240,240,[],0,0,0,,INDEX_TIMESTAMPS_CONSISTENT
siwmv2,Live/Live_94.mov,240,240,240,[],0,0,0,,INDEX_TIMESTAMPS_CONSISTENT
siwmv2,Live/Live_95.mov,240,240,240,[],0,0,0,,INDEX_TIMESTAMPS_CONSISTENT
siwmv2,Live/Live_96.mov,240,240,240,[],0,0,0,,INDEX_TIMESTAMPS_CONSISTENT
siwmv2,Live/Live_97.mov,240,240,240,[],0,0,0,,INDEX_TIMESTAMPS_CONSISTENT
siwmv2,Live/Live_98.mov,240,240,240,[],0,0,0,,INDEX_TIMESTAMPS_CONSISTENT
siwmv2,Live/Live_99.mov,240,240,240,[],0,0,0,,INDEX_TIMESTAMPS_CONSISTENT
siwmv2,Spoof/Makeup_Cosmetic/Makeup_Co_10.mov,210,210,210,[],0,0,0,,INDEX_TIMESTAMPS_CONSISTENT
siwmv2,Spoof/Makeup_Cosmetic/Makeup_Co_11.mov,210,210,210,[],0,0,0,,INDEX_TIMESTAMPS_CONSISTENT
siwmv2,Spoof/Makeup_Cosmetic/Makeup_Co_12.mov,210,210,210,[],0,0,0,,INDEX_TIMESTAMPS_CONSISTENT
siwmv2,Spoof/Makeup_Cosmetic/Makeup_Co_13.mov,210,210,210,[],0,0,0,,INDEX_TIMESTAMPS_CONSISTENT
siwmv2,Spoof/Makeup_Cosmetic/Makeup_Co_14.mov,210,210,210,[],0,0,0,,INDEX_TIMESTAMPS_CONSISTENT
siwmv2,Spoof/Makeup_Cosmetic/Makeup_Co_15.mov,210,210,210,[],0,0,0,,INDEX_TIMESTAMPS_CONSISTENT
siwmv2,Spoof/Makeup_Cosmetic/Makeup_Co_18.mov,210,210,210,[],0,0,0,,INDEX_TIMESTAMPS_CONSISTENT
siwmv2,Spoof/Makeup_Cosmetic/Makeup_Co_19.mov,210,210,210,[],0,0,0,,INDEX_TIMESTAMPS_CONSISTENT
siwmv2,Spoof/Makeup_Cosmetic/Makeup_Co_20.mov,210,210,210,[],0,0,0,,INDEX_TIMESTAMPS_CONSISTENT
siwmv2,Spoof/Makeup_Cosmetic/Makeup_Co_21.mov,210,210,210,[],0,0,0,,INDEX_TIMESTAMPS_CONSISTENT
siwmv2,Spoof/Makeup_Cosmetic/Makeup_Co_22.mov,210,210,210,[],0,0,0,,INDEX_TIMESTAMPS_CONSISTENT
siwmv2,Spoof/Makeup_Cosmetic/Makeup_Co_23.mov,210,210,210,[],0,0,0,,INDEX_TIMESTAMPS_CONSISTENT
siwmv2,Spoof/Makeup_Cosmetic/Makeup_Co_24.mov,210,210,210,[],0,0,0,,INDEX_TIMESTAMPS_CONSISTENT
siwmv2,Spoof/Makeup_Cosmetic/Makeup_Co_25.mov,210,210,210,[],0,0,0,,INDEX_TIMESTAMPS_CONSISTENT
siwmv2,Spoof/Makeup_Cosmetic/Makeup_Co_28.mov,210,210,210,[],0,0,0,,INDEX_TIMESTAMPS_CONSISTENT
siwmv2,Spoof/Makeup_Cosmetic/Makeup_Co_29.mov,210,210,210,[],0,0,0,,INDEX_TIMESTAMPS_CONSISTENT
siwmv2,Spoof/Makeup_Cosmetic/Makeup_Co_30.mov,210,210,210,[],0,0,0,,INDEX_TIMESTAMPS_CONSISTENT
siwmv2,Spoof/Makeup_Cosmetic/Makeup_Co_31.mov,210,210,210,[],0,0,0,,INDEX_TIMESTAMPS_CONSISTENT
siwmv2,Spoof/Makeup_Cosmetic/Makeup_Co_32.mov,210,210,210,[],0,0,0,,INDEX_TIMESTAMPS_CONSISTENT
siwmv2,Spoof/Makeup_Cosmetic/Makeup_Co_33.mov,210,210,210,[],0,0,0,,INDEX_TIMESTAMPS_CONSISTENT
siwmv2,Spoof/Makeup_Cosmetic/Makeup_Co_34.mov,210,210,210,[],0,0,0,,INDEX_TIMESTAMPS_CONSISTENT
siwmv2,Spoof/Makeup_Cosmetic/Makeup_Co_35.mov,210,210,210,[],0,0,0,,INDEX_TIMESTAMPS_CONSISTENT
siwmv2,Spoof/Makeup_Cosmetic/Makeup_Co_36.mov,210,210,210,[],0,0,0,,INDEX_TIMESTAMPS_CONSISTENT
siwmv2,Spoof/Makeup_Cosmetic/Makeup_Co_37.mov,210,210,210,[],0,0,0,,INDEX_TIMESTAMPS_CONSISTENT
siwmv2,Spoof/Makeup_Cosmetic/Makeup_Co_38.mov,210,210,210,[],0,0,0,,INDEX_TIMESTAMPS_CONSISTENT
siwmv2,Spoof/Makeup_Cosmetic/Makeup_Co_39.mov,210,210,210,[],0,0,0,,INDEX_TIMESTAMPS_CONSISTENT
siwmv2,Spoof/Makeup_Cosmetic/Makeup_Co_40.mov,210,210,210,[],0,0,0,,INDEX_TIMESTAMPS_CONSISTENT
siwmv2,Spoof/Makeup_Cosmetic/Makeup_Co_41.mov,210,210,210,[],0,0,0,,INDEX_TIMESTAMPS_CONSISTENT
siwmv2,Spoof/Makeup_Cosmetic/Makeup_Co_42.mov,210,210,210,[],0,0,0,,INDEX_TIMESTAMPS_CONSISTENT
siwmv2,Spoof/Makeup_Cosmetic/Makeup_Co_43.mov,210,210,210,[],0,0,0,,INDEX_TIMESTAMPS_CONSISTENT
siwmv2,Spoof/Makeup_Cosmetic/Makeup_Co_44.mov,210,210,210,[],0,0,0,,INDEX_TIMESTAMPS_CONSISTENT
siwmv2,Spoof/Makeup_Cosmetic/Makeup_Co_45.mov,180,180,180,[],0,0,0,,INDEX_TIMESTAMPS_CONSISTENT
siwmv2,Spoof/Makeup_Cosmetic/Makeup_Co_46.mov,180,180,180,[],0,0,0,,INDEX_TIMESTAMPS_CONSISTENT
siwmv2,Spoof/Makeup_Cosmetic/Makeup_Co_47.mov,180,180,180,[],0,0,0,,INDEX_TIMESTAMPS_CONSISTENT
siwmv2,Spoof/Makeup_Cosmetic/Makeup_Co_48.mov,180,180,180,[],0,0,0,,INDEX_TIMESTAMPS_CONSISTENT
siwmv2,Spoof/Makeup_Cosmetic/Makeup_Co_49.mov,180,180,180,[],0,0,0,,INDEX_TIMESTAMPS_CONSISTENT
siwmv2,Spoof/Makeup_Cosmetic/Makeup_Co_5.mov,210,210,210,[],0,0,0,,INDEX_TIMESTAMPS_CONSISTENT
siwmv2,Spoof/Makeup_Cosmetic/Makeup_Co_50.mov,180,180,180,[],0,0,0,,INDEX_TIMESTAMPS_CONSISTENT
siwmv2,Spoof/Makeup_Cosmetic/Makeup_Co_51.mov,180,180,180,[],0,0,0,,INDEX_TIMESTAMPS_CONSISTENT
siwmv2,Spoof/Makeup_Cosmetic/Makeup_Co_52.mov,180,180,180,[],0,0,0,,INDEX_TIMESTAMPS_CONSISTENT
siwmv2,Spoof/Makeup_Cosmetic/Makeup_Co_53.mov,180,180,180,[],0,0,0,,INDEX_TIMESTAMPS_CONSISTENT
siwmv2,Spoof/Makeup_Cosmetic/Makeup_Co_54.mov,180,180,180,[],0,0,0,,INDEX_TIMESTAMPS_CONSISTENT
siwmv2,Spoof/Makeup_Cosmetic/Makeup_Co_55.mp4,150,150,150,[],0,0,0,,INDEX_TIMESTAMPS_CONSISTENT
siwmv2,Spoof/Makeup_Cosmetic/Makeup_Co_56.mp4,150,150,150,[],0,0,0,,INDEX_TIMESTAMPS_CONSISTENT
siwmv2,Spoof/Makeup_Cosmetic/Makeup_Co_57.mp4,150,150,150,[],0,0,0,,INDEX_TIMESTAMPS_CONSISTENT
siwmv2,Spoof/Makeup_Cosmetic/Makeup_Co_58.mp4,150,150,150,[],0,0,0,,INDEX_TIMESTAMPS_CONSISTENT
siwmv2,Spoof/Makeup_Cosmetic/Makeup_Co_59.mp4,150,150,150,[],0,0,0,,INDEX_TIMESTAMPS_CONSISTENT
siwmv2,Spoof/Makeup_Cosmetic/Makeup_Co_6.mov,210,210,210,[],0,0,0,,INDEX_TIMESTAMPS_CONSISTENT
siwmv2,Spoof/Makeup_Cosmetic/Makeup_Co_60.mp4,150,150,150,[],0,0,0,,INDEX_TIMESTAMPS_CONSISTENT
siwmv2,Spoof/Makeup_Cosmetic/Makeup_Co_7.mov,107,107,107,[],0,0,0,,INDEX_TIMESTAMPS_CONSISTENT
siwmv2,Spoof/Makeup_Cosmetic/Makeup_Co_8.mov,210,210,210,[],0,0,0,,INDEX_TIMESTAMPS_CONSISTENT
siwmv2,Spoof/Makeup_Cosmetic/Makeup_Co_9.mov,210,210,210,[],0,0,0,,INDEX_TIMESTAMPS_CONSISTENT
siwmv2,Spoof/Makeup_Impersonation/Makeup_Im_1.mov,168,168,168,[],0,0,0,,INDEX_TIMESTAMPS_CONSISTENT
siwmv2,Spoof/Makeup_Impersonation/Makeup_Im_10.mov,180,180,180,[],0,0,0,,INDEX_TIMESTAMPS_CONSISTENT
siwmv2,Spoof/Makeup_Impersonation/Makeup_Im_11.mov,180,180,180,[],0,0,0,,INDEX_TIMESTAMPS_CONSISTENT
siwmv2,Spoof/Makeup_Impersonation/Makeup_Im_12.mov,180,180,180,[],0,0,0,,INDEX_TIMESTAMPS_CONSISTENT
siwmv2,Spoof/Makeup_Impersonation/Makeup_Im_13.mov,180,180,180,[],0,0,0,,INDEX_TIMESTAMPS_CONSISTENT
siwmv2,Spoof/Makeup_Impersonation/Makeup_Im_14.mov,180,180,180,[],0,0,0,,INDEX_TIMESTAMPS_CONSISTENT
siwmv2,Spoof/Makeup_Impersonation/Makeup_Im_15.mov,180,180,180,[],0,0,0,,INDEX_TIMESTAMPS_CONSISTENT
siwmv2,Spoof/Makeup_Impersonation/Makeup_Im_16.mov,180,180,180,[],0,0,0,,INDEX_TIMESTAMPS_CONSISTENT
siwmv2,Spoof/Makeup_Impersonation/Makeup_Im_17.mov,180,180,180,[],0,0,0,,INDEX_TIMESTAMPS_CONSISTENT
siwmv2,Spoof/Makeup_Impersonation/Makeup_Im_18.mov,180,180,180,[],0,0,0,,INDEX_TIMESTAMPS_CONSISTENT
siwmv2,Spoof/Makeup_Impersonation/Makeup_Im_19.mov,180,180,180,[],0,0,0,,INDEX_TIMESTAMPS_CONSISTENT
siwmv2,Spoof/Makeup_Impersonation/Makeup_Im_2.mov,168,168,168,[],0,0,0,,INDEX_TIMESTAMPS_CONSISTENT
siwmv2,Spoof/Makeup_Impersonation/Makeup_Im_20.mov,180,180,180,[],0,0,0,,INDEX_TIMESTAMPS_CONSISTENT
siwmv2,Spoof/Makeup_Impersonation/Makeup_Im_21.mov,180,180,180,[],0,0,0,,INDEX_TIMESTAMPS_CONSISTENT
siwmv2,Spoof/Makeup_Impersonation/Makeup_Im_22.mov,180,180,180,[],0,0,0,,INDEX_TIMESTAMPS_CONSISTENT
siwmv2,Spoof/Makeup_Impersonation/Makeup_Im_23.mov,180,180,180,[],0,0,0,,INDEX_TIMESTAMPS_CONSISTENT
siwmv2,Spoof/Makeup_Impersonation/Makeup_Im_24.mov,180,180,180,[],0,0,0,,INDEX_TIMESTAMPS_CONSISTENT
siwmv2,Spoof/Makeup_Impersonation/Makeup_Im_25.mov,180,180,180,[],0,0,0,,INDEX_TIMESTAMPS_CONSISTENT
siwmv2,Spoof/Makeup_Impersonation/Makeup_Im_26.mov,180,180,180,[],0,0,0,,INDEX_TIMESTAMPS_CONSISTENT
siwmv2,Spoof/Makeup_Impersonation/Makeup_Im_27.mov,180,180,180,[],0,0,0,,INDEX_TIMESTAMPS_CONSISTENT
siwmv2,Spoof/Makeup_Impersonation/Makeup_Im_28.mov,180,180,180,[],0,0,0,,INDEX_TIMESTAMPS_CONSISTENT
siwmv2,Spoof/Makeup_Impersonation/Makeup_Im_29.mov,180,180,180,[],0,0,0,,INDEX_TIMESTAMPS_CONSISTENT
siwmv2,Spoof/Makeup_Impersonation/Makeup_Im_3.mov,210,210,210,[],0,0,0,,INDEX_TIMESTAMPS_CONSISTENT
siwmv2,Spoof/Makeup_Impersonation/Makeup_Im_30.mov,180,180,180,[],0,0,0,,INDEX_TIMESTAMPS_CONSISTENT
siwmv2,Spoof/Makeup_Impersonation/Makeup_Im_31.mov,180,180,180,[],0,0,0,,INDEX_TIMESTAMPS_CONSISTENT
siwmv2,Spoof/Makeup_Impersonation/Makeup_Im_32.mov,180,180,180,[],0,0,0,,INDEX_TIMESTAMPS_CONSISTENT
siwmv2,Spoof/Makeup_Impersonation/Makeup_Im_33.mov,180,180,180,[],0,0,0,,INDEX_TIMESTAMPS_CONSISTENT
siwmv2,Spoof/Makeup_Impersonation/Makeup_Im_34.mov,180,180,180,[],0,0,0,,INDEX_TIMESTAMPS_CONSISTENT
siwmv2,Spoof/Makeup_Impersonation/Makeup_Im_35.mov,180,180,180,[],0,0,0,,INDEX_TIMESTAMPS_CONSISTENT
siwmv2,Spoof/Makeup_Impersonation/Makeup_Im_36.mov,180,180,180,[],0,0,0,,INDEX_TIMESTAMPS_CONSISTENT
siwmv2,Spoof/Makeup_Impersonation/Makeup_Im_37.mov,180,180,180,[],0,0,0,,INDEX_TIMESTAMPS_CONSISTENT
siwmv2,Spoof/Makeup_Impersonation/Makeup_Im_38.mov,180,180,180,[],0,0,0,,INDEX_TIMESTAMPS_CONSISTENT
siwmv2,Spoof/Makeup_Impersonation/Makeup_Im_39.mov,180,180,180,[],0,0,0,,INDEX_TIMESTAMPS_CONSISTENT
siwmv2,Spoof/Makeup_Impersonation/Makeup_Im_4.mov,210,210,210,[],0,0,0,,INDEX_TIMESTAMPS_CONSISTENT
siwmv2,Spoof/Makeup_Impersonation/Makeup_Im_40.mov,180,180,180,[],0,0,0,,INDEX_TIMESTAMPS_CONSISTENT
siwmv2,Spoof/Makeup_Impersonation/Makeup_Im_41.mov,180,180,180,[],0,0,0,,INDEX_TIMESTAMPS_CONSISTENT
siwmv2,Spoof/Makeup_Impersonation/Makeup_Im_42.mov,180,180,180,[],0,0,0,,INDEX_TIMESTAMPS_CONSISTENT
siwmv2,Spoof/Makeup_Impersonation/Makeup_Im_43.mov,180,180,180,[],0,0,0,,INDEX_TIMESTAMPS_CONSISTENT
siwmv2,Spoof/Makeup_Impersonation/Makeup_Im_44.mov,180,180,180,[],0,0,0,,INDEX_TIMESTAMPS_CONSISTENT
siwmv2,Spoof/Makeup_Impersonation/Makeup_Im_45.mov,180,180,180,[],0,0,0,,INDEX_TIMESTAMPS_CONSISTENT
siwmv2,Spoof/Makeup_Impersonation/Makeup_Im_46.mov,180,180,180,[],0,0,0,,INDEX_TIMESTAMPS_CONSISTENT
siwmv2,Spoof/Makeup_Impersonation/Makeup_Im_47.mov,180,180,180,[],0,0,0,,INDEX_TIMESTAMPS_CONSISTENT
siwmv2,Spoof/Makeup_Impersonation/Makeup_Im_48.mov,180,180,180,[],0,0,0,,INDEX_TIMESTAMPS_CONSISTENT
siwmv2,Spoof/Makeup_Impersonation/Makeup_Im_49.mov,180,180,180,[],0,0,0,,INDEX_TIMESTAMPS_CONSISTENT
siwmv2,Spoof/Makeup_Impersonation/Makeup_Im_5.mov,150,150,150,[],0,0,0,,INDEX_TIMESTAMPS_CONSISTENT
siwmv2,Spoof/Makeup_Impersonation/Makeup_Im_50.mov,180,180,180,[],0,0,0,,INDEX_TIMESTAMPS_CONSISTENT
siwmv2,Spoof/Makeup_Impersonation/Makeup_Im_51.mov,180,180,180,[],0,0,0,,INDEX_TIMESTAMPS_CONSISTENT
siwmv2,Spoof/Makeup_Impersonation/Makeup_Im_52.mov,180,180,180,[],0,0,0,,INDEX_TIMESTAMPS_CONSISTENT
siwmv2,Spoof/Makeup_Impersonation/Makeup_Im_53.mov,180,180,180,[],0,0,0,,INDEX_TIMESTAMPS_CONSISTENT
siwmv2,Spoof/Makeup_Impersonation/Makeup_Im_56.mov,150,150,150,[],0,0,0,,INDEX_TIMESTAMPS_CONSISTENT
siwmv2,Spoof/Makeup_Impersonation/Makeup_Im_57.mov,150,150,150,[],0,0,0,,INDEX_TIMESTAMPS_CONSISTENT
siwmv2,Spoof/Makeup_Impersonation/Makeup_Im_58.mov,168,168,168,[],0,0,0,,INDEX_TIMESTAMPS_CONSISTENT
siwmv2,Spoof/Makeup_Impersonation/Makeup_Im_59.mov,210,210,210,[],0,0,0,,INDEX_TIMESTAMPS_CONSISTENT
siwmv2,Spoof/Makeup_Impersonation/Makeup_Im_6.mov,150,150,150,[],0,0,0,,INDEX_TIMESTAMPS_CONSISTENT
siwmv2,Spoof/Makeup_Impersonation/Makeup_Im_60.mov,90,90,90,[],0,0,0,,INDEX_TIMESTAMPS_CONSISTENT
siwmv2,Spoof/Makeup_Impersonation/Makeup_Im_61.mov,150,150,150,[],0,0,0,,INDEX_TIMESTAMPS_CONSISTENT
siwmv2,Spoof/Makeup_Impersonation/Makeup_Im_62.mov,150,150,150,[],0,0,0,,INDEX_TIMESTAMPS_CONSISTENT
siwmv2,Spoof/Makeup_Impersonation/Makeup_Im_63.mov,150,150,150,[],0,0,0,,INDEX_TIMESTAMPS_CONSISTENT
siwmv2,Spoof/Makeup_Impersonation/Makeup_Im_7.mov,150,150,150,[],0,0,0,,INDEX_TIMESTAMPS_CONSISTENT
siwmv2,Spoof/Makeup_Impersonation/Makeup_Im_8.mov,180,180,180,[],0,0,0,,INDEX_TIMESTAMPS_CONSISTENT
siwmv2,Spoof/Makeup_Impersonation/Makeup_Im_9.mov,180,180,180,[],0,0,0,,INDEX_TIMESTAMPS_CONSISTENT
siwmv2,Spoof/Makeup_Obfuscation/Makeup_Ob_1.mp4,150,150,150,[],0,0,0,,INDEX_TIMESTAMPS_CONSISTENT
siwmv2,Spoof/Makeup_Obfuscation/Makeup_Ob_10.mp4,150,150,150,[],0,0,0,,INDEX_TIMESTAMPS_CONSISTENT
siwmv2,Spoof/Makeup_Obfuscation/Makeup_Ob_11.mp4,184,179,179,"[179, 180, 181, 182, 183]",5,0,0,,INDEX_TIMESTAMPS_CONSISTENT
siwmv2,Spoof/Makeup_Obfuscation/Makeup_Ob_12.mp4,150,150,150,[],0,0,0,,INDEX_TIMESTAMPS_CONSISTENT
siwmv2,Spoof/Makeup_Obfuscation/Makeup_Ob_13.mp4,150,150,150,[],0,0,0,,INDEX_TIMESTAMPS_CONSISTENT
siwmv2,Spoof/Makeup_Obfuscation/Makeup_Ob_14.mp4,150,150,150,[],0,0,0,,INDEX_TIMESTAMPS_CONSISTENT
siwmv2,Spoof/Makeup_Obfuscation/Makeup_Ob_15.mp4,150,150,150,[],0,0,0,,INDEX_TIMESTAMPS_CONSISTENT
siwmv2,Spoof/Makeup_Obfuscation/Makeup_Ob_16.mp4,150,150,150,[],0,0,0,,INDEX_TIMESTAMPS_CONSISTENT
siwmv2,Spoof/Makeup_Obfuscation/Makeup_Ob_17.mp4,150,150,150,[],0,0,0,,INDEX_TIMESTAMPS_CONSISTENT
siwmv2,Spoof/Makeup_Obfuscation/Makeup_Ob_18.mp4,150,150,150,[],0,0,0,,INDEX_TIMESTAMPS_CONSISTENT
siwmv2,Spoof/Makeup_Obfuscation/Makeup_Ob_19.mp4,213,210,210,"[210, 211, 212]",3,0,0,,INDEX_TIMESTAMPS_CONSISTENT
siwmv2,Spoof/Makeup_Obfuscation/Makeup_Ob_2.mp4,150,150,150,[],0,0,0,,INDEX_TIMESTAMPS_CONSISTENT
siwmv2,Spoof/Makeup_Obfuscation/Makeup_Ob_20.mp4,214,211,211,"[211, 212, 213]",3,0,0,,INDEX_TIMESTAMPS_CONSISTENT
siwmv2,Spoof/Makeup_Obfuscation/Makeup_Ob_21.mp4,245,243,243,"[243, 244]",2,0,0,,INDEX_TIMESTAMPS_CONSISTENT
siwmv2,Spoof/Makeup_Obfuscation/Makeup_Ob_22.mp4,229,225,225,"[225, 226, 227, 228]",4,0,0,,INDEX_TIMESTAMPS_CONSISTENT
siwmv2,Spoof/Makeup_Obfuscation/Makeup_Ob_3.mp4,150,150,150,[],0,0,0,,INDEX_TIMESTAMPS_CONSISTENT
siwmv2,Spoof/Makeup_Obfuscation/Makeup_Ob_4.mp4,150,150,150,[],0,0,0,,INDEX_TIMESTAMPS_CONSISTENT
siwmv2,Spoof/Makeup_Obfuscation/Makeup_Ob_5.mp4,126,124,124,"[124, 125]",2,0,0,,INDEX_TIMESTAMPS_CONSISTENT
siwmv2,Spoof/Makeup_Obfuscation/Makeup_Ob_6.mp4,175,172,172,"[172, 173, 174]",3,0,0,,INDEX_TIMESTAMPS_CONSISTENT
siwmv2,Spoof/Makeup_Obfuscation/Makeup_Ob_7.mp4,207,203,203,"[203, 204, 205, 206]",4,0,0,,INDEX_TIMESTAMPS_CONSISTENT
siwmv2,Spoof/Makeup_Obfuscation/Makeup_Ob_8.mp4,162,159,159,"[159, 160, 161]",3,0,0,,INDEX_TIMESTAMPS_CONSISTENT
siwmv2,Spoof/Makeup_Obfuscation/Makeup_Ob_9.mp4,150,150,150,[],0,0,0,,INDEX_TIMESTAMPS_CONSISTENT
siwmv2,Spoof/Mannequin/Mask_Mann_1.mov,150,150,150,[],0,0,0,,INDEX_TIMESTAMPS_CONSISTENT
siwmv2,Spoof/Mannequin/Mask_Mann_10.mov,150,150,150,[],0,0,0,,INDEX_TIMESTAMPS_CONSISTENT
siwmv2,Spoof/Mannequin/Mask_Mann_11.mov,150,150,150,[],0,0,0,,INDEX_TIMESTAMPS_CONSISTENT
siwmv2,Spoof/Mannequin/Mask_Mann_12.mov,150,150,150,[],0,0,0,,INDEX_TIMESTAMPS_CONSISTENT
siwmv2,Spoof/Mannequin/Mask_Mann_13.mov,150,150,150,[],0,0,0,,INDEX_TIMESTAMPS_CONSISTENT
siwmv2,Spoof/Mannequin/Mask_Mann_14.mov,150,150,150,[],0,0,0,,INDEX_TIMESTAMPS_CONSISTENT
siwmv2,Spoof/Mannequin/Mask_Mann_15.mov,150,150,150,[],0,0,0,,INDEX_TIMESTAMPS_CONSISTENT
siwmv2,Spoof/Mannequin/Mask_Mann_16.mov,150,150,150,[],0,0,0,,INDEX_TIMESTAMPS_CONSISTENT
siwmv2,Spoof/Mannequin/Mask_Mann_17.mov,150,150,150,[],0,0,0,,INDEX_TIMESTAMPS_CONSISTENT
siwmv2,Spoof/Mannequin/Mask_Mann_18.mov,150,150,150,[],0,0,0,,INDEX_TIMESTAMPS_CONSISTENT
siwmv2,Spoof/Mannequin/Mask_Mann_19.mov,150,150,150,[],0,0,0,,INDEX_TIMESTAMPS_CONSISTENT
siwmv2,Spoof/Mannequin/Mask_Mann_2.mov,150,150,150,[],0,0,0,,INDEX_TIMESTAMPS_CONSISTENT
siwmv2,Spoof/Mannequin/Mask_Mann_20.mov,150,150,150,[],0,0,0,,INDEX_TIMESTAMPS_CONSISTENT
siwmv2,Spoof/Mannequin/Mask_Mann_21.mov,150,150,150,[],0,0,0,,INDEX_TIMESTAMPS_CONSISTENT
siwmv2,Spoof/Mannequin/Mask_Mann_22.mov,150,150,150,[],0,0,0,,INDEX_TIMESTAMPS_CONSISTENT
siwmv2,Spoof/Mannequin/Mask_Mann_23.mov,150,150,150,[],0,0,0,,INDEX_TIMESTAMPS_CONSISTENT
siwmv2,Spoof/Mannequin/Mask_Mann_24.mov,150,150,150,[],0,0,0,,INDEX_TIMESTAMPS_CONSISTENT
siwmv2,Spoof/Mannequin/Mask_Mann_25.mov,150,150,150,[],0,0,0,,INDEX_TIMESTAMPS_CONSISTENT
siwmv2,Spoof/Mannequin/Mask_Mann_26.mov,150,150,150,[],0,0,0,,INDEX_TIMESTAMPS_CONSISTENT
siwmv2,Spoof/Mannequin/Mask_Mann_27.mov,150,150,150,[],0,0,0,,INDEX_TIMESTAMPS_CONSISTENT
siwmv2,Spoof/Mannequin/Mask_Mann_28.mov,150,150,150,[],0,0,0,,INDEX_TIMESTAMPS_CONSISTENT
siwmv2,Spoof/Mannequin/Mask_Mann_29.mov,150,150,150,[],0,0,0,,INDEX_TIMESTAMPS_CONSISTENT
siwmv2,Spoof/Mannequin/Mask_Mann_3.mov,150,150,150,[],0,0,0,,INDEX_TIMESTAMPS_CONSISTENT
siwmv2,Spoof/Mannequin/Mask_Mann_30.mov,150,150,150,[],0,0,0,,INDEX_TIMESTAMPS_CONSISTENT
siwmv2,Spoof/Mannequin/Mask_Mann_31.mov,150,150,150,[],0,0,0,,INDEX_TIMESTAMPS_CONSISTENT
siwmv2,Spoof/Mannequin/Mask_Mann_32.mov,150,150,150,[],0,0,0,,INDEX_TIMESTAMPS_CONSISTENT
siwmv2,Spoof/Mannequin/Mask_Mann_33.mov,150,150,150,[],0,0,0,,INDEX_TIMESTAMPS_CONSISTENT
siwmv2,Spoof/Mannequin/Mask_Mann_34.mov,150,150,150,[],0,0,0,,INDEX_TIMESTAMPS_CONSISTENT
siwmv2,Spoof/Mannequin/Mask_Mann_35.mov,150,150,150,[],0,0,0,,INDEX_TIMESTAMPS_CONSISTENT
siwmv2,Spoof/Mannequin/Mask_Mann_36.mov,150,150,150,[],0,0,0,,INDEX_TIMESTAMPS_CONSISTENT
siwmv2,Spoof/Mannequin/Mask_Mann_37.mov,150,150,150,[],0,0,0,,INDEX_TIMESTAMPS_CONSISTENT
siwmv2,Spoof/Mannequin/Mask_Mann_38.mov,150,150,150,[],0,0,0,,INDEX_TIMESTAMPS_CONSISTENT
siwmv2,Spoof/Mannequin/Mask_Mann_39.mov,150,150,150,[],0,0,0,,INDEX_TIMESTAMPS_CONSISTENT
siwmv2,Spoof/Mannequin/Mask_Mann_4.mov,150,150,150,[],0,0,0,,INDEX_TIMESTAMPS_CONSISTENT
siwmv2,Spoof/Mannequin/Mask_Mann_40.mov,150,150,150,[],0,0,0,,INDEX_TIMESTAMPS_CONSISTENT
siwmv2,Spoof/Mannequin/Mask_Mann_5.mov,150,150,150,[],0,0,0,,INDEX_TIMESTAMPS_CONSISTENT
siwmv2,Spoof/Mannequin/Mask_Mann_6.mov,150,150,150,[],0,0,0,,INDEX_TIMESTAMPS_CONSISTENT
siwmv2,Spoof/Mannequin/Mask_Mann_7.mov,150,150,150,[],0,0,0,,INDEX_TIMESTAMPS_CONSISTENT
siwmv2,Spoof/Mannequin/Mask_Mann_8.mov,150,150,150,[],0,0,0,,INDEX_TIMESTAMPS_CONSISTENT
siwmv2,Spoof/Mannequin/Mask_Mann_9.mov,150,150,150,[],0,0,0,,INDEX_TIMESTAMPS_CONSISTENT
siwmv2,Spoof/Mask_HalfMask/Mask_Half_1.mov,150,150,150,[],0,0,0,,INDEX_TIMESTAMPS_CONSISTENT
siwmv2,Spoof/Mask_HalfMask/Mask_Half_10.mov,150,150,150,[],0,0,0,,INDEX_TIMESTAMPS_CONSISTENT
siwmv2,Spoof/Mask_HalfMask/Mask_Half_11.mov,150,150,150,[],0,0,0,,INDEX_TIMESTAMPS_CONSISTENT
siwmv2,Spoof/Mask_HalfMask/Mask_Half_12.mov,150,150,150,[],0,0,0,,INDEX_TIMESTAMPS_CONSISTENT
siwmv2,Spoof/Mask_HalfMask/Mask_Half_13.mov,150,150,150,[],0,0,0,,INDEX_TIMESTAMPS_CONSISTENT
siwmv2,Spoof/Mask_HalfMask/Mask_Half_14.mov,150,150,150,[],0,0,0,,INDEX_TIMESTAMPS_CONSISTENT
siwmv2,Spoof/Mask_HalfMask/Mask_Half_15.mov,150,150,150,[],0,0,0,,INDEX_TIMESTAMPS_CONSISTENT
siwmv2,Spoof/Mask_HalfMask/Mask_Half_16.mov,150,150,150,[],0,0,0,,INDEX_TIMESTAMPS_CONSISTENT
siwmv2,Spoof/Mask_HalfMask/Mask_Half_17.mov,150,150,150,[],0,0,0,,INDEX_TIMESTAMPS_CONSISTENT
siwmv2,Spoof/Mask_HalfMask/Mask_Half_18.mov,150,150,150,[],0,0,0,,INDEX_TIMESTAMPS_CONSISTENT
siwmv2,Spoof/Mask_HalfMask/Mask_Half_19.mov,150,150,150,[],0,0,0,,INDEX_TIMESTAMPS_CONSISTENT
siwmv2,Spoof/Mask_HalfMask/Mask_Half_2.mov,150,150,150,[],0,0,0,,INDEX_TIMESTAMPS_CONSISTENT
siwmv2,Spoof/Mask_HalfMask/Mask_Half_20.mov,150,150,150,[],0,0,0,,INDEX_TIMESTAMPS_CONSISTENT
siwmv2,Spoof/Mask_HalfMask/Mask_Half_21.mov,150,150,150,[],0,0,0,,INDEX_TIMESTAMPS_CONSISTENT
siwmv2,Spoof/Mask_HalfMask/Mask_Half_22.mov,150,150,150,[],0,0,0,,INDEX_TIMESTAMPS_CONSISTENT
siwmv2,Spoof/Mask_HalfMask/Mask_Half_23.mov,150,150,150,[],0,0,0,,INDEX_TIMESTAMPS_CONSISTENT
siwmv2,Spoof/Mask_HalfMask/Mask_Half_24.mov,150,150,150,[],0,0,0,,INDEX_TIMESTAMPS_CONSISTENT
siwmv2,Spoof/Mask_HalfMask/Mask_Half_25.mov,150,150,150,[],0,0,0,,INDEX_TIMESTAMPS_CONSISTENT
siwmv2,Spoof/Mask_HalfMask/Mask_Half_26.mov,150,150,150,[],0,0,0,,INDEX_TIMESTAMPS_CONSISTENT
siwmv2,Spoof/Mask_HalfMask/Mask_Half_27.mov,150,150,150,[],0,0,0,,INDEX_TIMESTAMPS_CONSISTENT
siwmv2,Spoof/Mask_HalfMask/Mask_Half_28.mov,150,150,150,[],0,0,0,,INDEX_TIMESTAMPS_CONSISTENT
siwmv2,Spoof/Mask_HalfMask/Mask_Half_29.mov,150,150,150,[],0,0,0,,INDEX_TIMESTAMPS_CONSISTENT
siwmv2,Spoof/Mask_HalfMask/Mask_Half_3.mov,150,150,150,[],0,0,0,,INDEX_TIMESTAMPS_CONSISTENT
siwmv2,Spoof/Mask_HalfMask/Mask_Half_30.mov,150,150,150,[],0,0,0,,INDEX_TIMESTAMPS_CONSISTENT
siwmv2,Spoof/Mask_HalfMask/Mask_Half_31.mov,150,150,150,[],0,0,0,,INDEX_TIMESTAMPS_CONSISTENT
siwmv2,Spoof/Mask_HalfMask/Mask_Half_32.mov,150,150,150,[],0,0,0,,INDEX_TIMESTAMPS_CONSISTENT
siwmv2,Spoof/Mask_HalfMask/Mask_Half_33.mov,150,150,150,[],0,0,0,,INDEX_TIMESTAMPS_CONSISTENT
siwmv2,Spoof/Mask_HalfMask/Mask_Half_34.mov,150,150,150,[],0,0,0,,INDEX_TIMESTAMPS_CONSISTENT
siwmv2,Spoof/Mask_HalfMask/Mask_Half_35.mov,150,150,150,[],0,0,0,,INDEX_TIMESTAMPS_CONSISTENT
siwmv2,Spoof/Mask_HalfMask/Mask_Half_36.mov,150,150,150,[],0,0,0,,INDEX_TIMESTAMPS_CONSISTENT
siwmv2,Spoof/Mask_HalfMask/Mask_Half_37.mov,150,150,150,[],0,0,0,,INDEX_TIMESTAMPS_CONSISTENT
siwmv2,Spoof/Mask_HalfMask/Mask_Half_38.mov,150,150,150,[],0,0,0,,INDEX_TIMESTAMPS_CONSISTENT
siwmv2,Spoof/Mask_HalfMask/Mask_Half_39.mov,150,150,150,[],0,0,0,,INDEX_TIMESTAMPS_CONSISTENT
siwmv2,Spoof/Mask_HalfMask/Mask_Half_4.mov,150,150,150,[],0,0,0,,INDEX_TIMESTAMPS_CONSISTENT
siwmv2,Spoof/Mask_HalfMask/Mask_Half_40.mov,150,150,150,[],0,0,0,,INDEX_TIMESTAMPS_CONSISTENT
siwmv2,Spoof/Mask_HalfMask/Mask_Half_41.mov,150,150,150,[],0,0,0,,INDEX_TIMESTAMPS_CONSISTENT
siwmv2,Spoof/Mask_HalfMask/Mask_Half_42.mov,150,150,150,[],0,0,0,,INDEX_TIMESTAMPS_CONSISTENT
siwmv2,Spoof/Mask_HalfMask/Mask_Half_43.mov,150,150,150,[],0,0,0,,INDEX_TIMESTAMPS_CONSISTENT
siwmv2,Spoof/Mask_HalfMask/Mask_Half_44.mov,150,150,150,[],0,0,0,,INDEX_TIMESTAMPS_CONSISTENT
siwmv2,Spoof/Mask_HalfMask/Mask_Half_45.mov,150,150,150,[],0,0,0,,INDEX_TIMESTAMPS_CONSISTENT
siwmv2,Spoof/Mask_HalfMask/Mask_Half_46.mov,150,150,150,[],0,0,0,,INDEX_TIMESTAMPS_CONSISTENT
siwmv2,Spoof/Mask_HalfMask/Mask_Half_47.mov,150,150,150,[],0,0,0,,INDEX_TIMESTAMPS_CONSISTENT
siwmv2,Spoof/Mask_HalfMask/Mask_Half_48.mov,150,150,150,[],0,0,0,,INDEX_TIMESTAMPS_CONSISTENT
siwmv2,Spoof/Mask_HalfMask/Mask_Half_49.mov,150,150,150,[],0,0,0,,INDEX_TIMESTAMPS_CONSISTENT
siwmv2,Spoof/Mask_HalfMask/Mask_Half_5.mov,150,150,150,[],0,0,0,,INDEX_TIMESTAMPS_CONSISTENT
siwmv2,Spoof/Mask_HalfMask/Mask_Half_50.mov,150,150,150,[],0,0,0,,INDEX_TIMESTAMPS_CONSISTENT
siwmv2,Spoof/Mask_HalfMask/Mask_Half_51.mov,150,150,150,[],0,0,0,,INDEX_TIMESTAMPS_CONSISTENT
siwmv2,Spoof/Mask_HalfMask/Mask_Half_52.mov,150,150,150,[],0,0,0,,INDEX_TIMESTAMPS_CONSISTENT
siwmv2,Spoof/Mask_HalfMask/Mask_Half_53.mov,150,150,150,[],0,0,0,,INDEX_TIMESTAMPS_CONSISTENT
siwmv2,Spoof/Mask_HalfMask/Mask_Half_54.mov,150,150,150,[],0,0,0,,INDEX_TIMESTAMPS_CONSISTENT
siwmv2,Spoof/Mask_HalfMask/Mask_Half_55.mov,150,150,150,[],0,0,0,,INDEX_TIMESTAMPS_CONSISTENT
siwmv2,Spoof/Mask_HalfMask/Mask_Half_56.mov,150,150,150,[],0,0,0,,INDEX_TIMESTAMPS_CONSISTENT
siwmv2,Spoof/Mask_HalfMask/Mask_Half_57.mov,150,150,150,[],0,0,0,,INDEX_TIMESTAMPS_CONSISTENT
siwmv2,Spoof/Mask_HalfMask/Mask_Half_58.mov,150,150,150,[],0,0,0,,INDEX_TIMESTAMPS_CONSISTENT
siwmv2,Spoof/Mask_HalfMask/Mask_Half_59.mov,150,150,150,[],0,0,0,,INDEX_TIMESTAMPS_CONSISTENT
siwmv2,Spoof/Mask_HalfMask/Mask_Half_6.mov,150,150,150,[],0,0,0,,INDEX_TIMESTAMPS_CONSISTENT
siwmv2,Spoof/Mask_HalfMask/Mask_Half_60.mov,150,150,150,[],0,0,0,,INDEX_TIMESTAMPS_CONSISTENT
siwmv2,Spoof/Mask_HalfMask/Mask_Half_61.mov,150,150,150,[],0,0,0,,INDEX_TIMESTAMPS_CONSISTENT
siwmv2,Spoof/Mask_HalfMask/Mask_Half_62.mov,150,150,150,[],0,0,0,,INDEX_TIMESTAMPS_CONSISTENT
siwmv2,Spoof/Mask_HalfMask/Mask_Half_63.mov,150,150,150,[],0,0,0,,INDEX_TIMESTAMPS_CONSISTENT
siwmv2,Spoof/Mask_HalfMask/Mask_Half_64.mov,150,150,150,[],0,0,0,,INDEX_TIMESTAMPS_CONSISTENT
siwmv2,Spoof/Mask_HalfMask/Mask_Half_65.mov,150,150,150,[],0,0,0,,INDEX_TIMESTAMPS_CONSISTENT
siwmv2,Spoof/Mask_HalfMask/Mask_Half_66.mov,150,150,150,[],0,0,0,,INDEX_TIMESTAMPS_CONSISTENT
siwmv2,Spoof/Mask_HalfMask/Mask_Half_67.mov,150,150,150,[],0,0,0,,INDEX_TIMESTAMPS_CONSISTENT
siwmv2,Spoof/Mask_HalfMask/Mask_Half_68.mov,150,150,150,[],0,0,0,,INDEX_TIMESTAMPS_CONSISTENT
siwmv2,Spoof/Mask_HalfMask/Mask_Half_69.mov,150,150,150,[],0,0,0,,INDEX_TIMESTAMPS_CONSISTENT
siwmv2,Spoof/Mask_HalfMask/Mask_Half_7.mov,150,150,150,[],0,0,0,,INDEX_TIMESTAMPS_CONSISTENT
siwmv2,Spoof/Mask_HalfMask/Mask_Half_70.mov,150,150,150,[],0,0,0,,INDEX_TIMESTAMPS_CONSISTENT
siwmv2,Spoof/Mask_HalfMask/Mask_Half_71.mov,150,150,150,[],0,0,0,,INDEX_TIMESTAMPS_CONSISTENT
siwmv2,Spoof/Mask_HalfMask/Mask_Half_72.mov,150,150,150,[],0,0,0,,INDEX_TIMESTAMPS_CONSISTENT
siwmv2,Spoof/Mask_HalfMask/Mask_Half_8.mov,150,150,150,[],0,0,0,,INDEX_TIMESTAMPS_CONSISTENT
siwmv2,Spoof/Mask_HalfMask/Mask_Half_9.mov,150,150,150,[],0,0,0,,INDEX_TIMESTAMPS_CONSISTENT
siwmv2,Spoof/Mask_PaperMask/Mask_Paper_1.mov,150,150,150,[],0,0,0,,INDEX_TIMESTAMPS_CONSISTENT
siwmv2,Spoof/Mask_PaperMask/Mask_Paper_10.mov,150,150,150,[],0,0,0,,INDEX_TIMESTAMPS_CONSISTENT
siwmv2,Spoof/Mask_PaperMask/Mask_Paper_11.mov,150,150,150,[],0,0,0,,INDEX_TIMESTAMPS_CONSISTENT
siwmv2,Spoof/Mask_PaperMask/Mask_Paper_12.mov,150,150,150,[],0,0,0,,INDEX_TIMESTAMPS_CONSISTENT
siwmv2,Spoof/Mask_PaperMask/Mask_Paper_13.mov,150,150,150,[],0,0,0,,INDEX_TIMESTAMPS_CONSISTENT
siwmv2,Spoof/Mask_PaperMask/Mask_Paper_14.mov,150,150,150,[],0,0,0,,INDEX_TIMESTAMPS_CONSISTENT
siwmv2,Spoof/Mask_PaperMask/Mask_Paper_15.mov,150,150,150,[],0,0,0,,INDEX_TIMESTAMPS_CONSISTENT
siwmv2,Spoof/Mask_PaperMask/Mask_Paper_16.mov,150,150,150,[],0,0,0,,INDEX_TIMESTAMPS_CONSISTENT
siwmv2,Spoof/Mask_PaperMask/Mask_Paper_17.mov,150,150,150,[],0,0,0,,INDEX_TIMESTAMPS_CONSISTENT
siwmv2,Spoof/Mask_PaperMask/Mask_Paper_2.mov,150,150,150,[],0,0,0,,INDEX_TIMESTAMPS_CONSISTENT
siwmv2,Spoof/Mask_PaperMask/Mask_Paper_3.mov,150,150,150,[],0,0,0,,INDEX_TIMESTAMPS_CONSISTENT
siwmv2,Spoof/Mask_PaperMask/Mask_Paper_4.mov,150,150,150,[],0,0,0,,INDEX_TIMESTAMPS_CONSISTENT
siwmv2,Spoof/Mask_PaperMask/Mask_Paper_5.mov,150,150,150,[],0,0,0,,INDEX_TIMESTAMPS_CONSISTENT
siwmv2,Spoof/Mask_PaperMask/Mask_Paper_6.mov,150,150,150,[],0,0,0,,INDEX_TIMESTAMPS_CONSISTENT
siwmv2,Spoof/Mask_PaperMask/Mask_Paper_7.mov,150,150,150,[],0,0,0,,INDEX_TIMESTAMPS_CONSISTENT
siwmv2,Spoof/Mask_PaperMask/Mask_Paper_8.mov,150,150,150,[],0,0,0,,INDEX_TIMESTAMPS_CONSISTENT
siwmv2,Spoof/Mask_PaperMask/Mask_Paper_9.mov,150,150,150,[],0,0,0,,INDEX_TIMESTAMPS_CONSISTENT
siwmv2,Spoof/Mask_TransparentMask/Mask_Trans_1.mov,150,150,150,[],0,0,0,,INDEX_TIMESTAMPS_CONSISTENT
siwmv2,Spoof/Mask_TransparentMask/Mask_Trans_10.mov,150,150,150,[],0,0,0,,INDEX_TIMESTAMPS_CONSISTENT
siwmv2,Spoof/Mask_TransparentMask/Mask_Trans_11.mov,150,150,150,[],0,0,0,,INDEX_TIMESTAMPS_CONSISTENT
siwmv2,Spoof/Mask_TransparentMask/Mask_Trans_12.mov,150,150,150,[],0,0,0,,INDEX_TIMESTAMPS_CONSISTENT
siwmv2,Spoof/Mask_TransparentMask/Mask_Trans_13.mov,150,150,150,[],0,0,0,,INDEX_TIMESTAMPS_CONSISTENT
siwmv2,Spoof/Mask_TransparentMask/Mask_Trans_14.mov,150,150,150,[],0,0,0,,INDEX_TIMESTAMPS_CONSISTENT
siwmv2,Spoof/Mask_TransparentMask/Mask_Trans_15.mov,150,150,150,[],0,0,0,,INDEX_TIMESTAMPS_CONSISTENT
siwmv2,Spoof/Mask_TransparentMask/Mask_Trans_16.mov,150,150,150,[],0,0,0,,INDEX_TIMESTAMPS_CONSISTENT
siwmv2,Spoof/Mask_TransparentMask/Mask_Trans_17.mov,150,150,150,[],0,0,0,,INDEX_TIMESTAMPS_CONSISTENT
siwmv2,Spoof/Mask_TransparentMask/Mask_Trans_18.mov,150,150,150,[],0,0,0,,INDEX_TIMESTAMPS_CONSISTENT
siwmv2,Spoof/Mask_TransparentMask/Mask_Trans_19.mov,150,150,150,[],0,0,0,,INDEX_TIMESTAMPS_CONSISTENT
siwmv2,Spoof/Mask_TransparentMask/Mask_Trans_2.mov,150,150,150,[],0,0,0,,INDEX_TIMESTAMPS_CONSISTENT
siwmv2,Spoof/Mask_TransparentMask/Mask_Trans_20.mov,150,150,150,[],0,0,0,,INDEX_TIMESTAMPS_CONSISTENT
siwmv2,Spoof/Mask_TransparentMask/Mask_Trans_21.mov,150,150,150,[],0,0,0,,INDEX_TIMESTAMPS_CONSISTENT
siwmv2,Spoof/Mask_TransparentMask/Mask_Trans_22.mov,150,150,150,[],0,0,0,,INDEX_TIMESTAMPS_CONSISTENT
siwmv2,Spoof/Mask_TransparentMask/Mask_Trans_23.mov,150,150,150,[],0,0,0,,INDEX_TIMESTAMPS_CONSISTENT
siwmv2,Spoof/Mask_TransparentMask/Mask_Trans_24.mov,150,150,150,[],0,0,0,,INDEX_TIMESTAMPS_CONSISTENT
siwmv2,Spoof/Mask_TransparentMask/Mask_Trans_25.mov,150,150,150,[],0,0,0,,INDEX_TIMESTAMPS_CONSISTENT
siwmv2,Spoof/Mask_TransparentMask/Mask_Trans_26.mov,150,150,150,[],0,0,0,,INDEX_TIMESTAMPS_CONSISTENT
siwmv2,Spoof/Mask_TransparentMask/Mask_Trans_27.mov,150,150,150,[],0,0,0,,INDEX_TIMESTAMPS_CONSISTENT
siwmv2,Spoof/Mask_TransparentMask/Mask_Trans_28.mov,150,150,150,[],0,0,0,,INDEX_TIMESTAMPS_CONSISTENT
siwmv2,Spoof/Mask_TransparentMask/Mask_Trans_29.mov,150,150,150,[],0,0,0,,INDEX_TIMESTAMPS_CONSISTENT
siwmv2,Spoof/Mask_TransparentMask/Mask_Trans_3.mov,150,150,150,[],0,0,0,,INDEX_TIMESTAMPS_CONSISTENT
siwmv2,Spoof/Mask_TransparentMask/Mask_Trans_30.mov,150,150,150,[],0,0,0,,INDEX_TIMESTAMPS_CONSISTENT
siwmv2,Spoof/Mask_TransparentMask/Mask_Trans_31.mov,150,150,150,[],0,0,0,,INDEX_TIMESTAMPS_CONSISTENT
siwmv2,Spoof/Mask_TransparentMask/Mask_Trans_32.mov,150,150,150,[],0,0,0,,INDEX_TIMESTAMPS_CONSISTENT
siwmv2,Spoof/Mask_TransparentMask/Mask_Trans_33.mov,150,150,150,[],0,0,0,,INDEX_TIMESTAMPS_CONSISTENT
siwmv2,Spoof/Mask_TransparentMask/Mask_Trans_34.mov,150,150,150,[],0,0,0,,INDEX_TIMESTAMPS_CONSISTENT
siwmv2,Spoof/Mask_TransparentMask/Mask_Trans_35.mov,150,150,150,[],0,0,0,,INDEX_TIMESTAMPS_CONSISTENT
siwmv2,Spoof/Mask_TransparentMask/Mask_Trans_36.mov,150,150,150,[],0,0,0,,INDEX_TIMESTAMPS_CONSISTENT
siwmv2,Spoof/Mask_TransparentMask/Mask_Trans_37.mov,150,150,150,[],0,0,0,,INDEX_TIMESTAMPS_CONSISTENT
siwmv2,Spoof/Mask_TransparentMask/Mask_Trans_38.mov,150,150,150,[],0,0,0,,INDEX_TIMESTAMPS_CONSISTENT
siwmv2,Spoof/Mask_TransparentMask/Mask_Trans_39.mov,150,150,150,[],0,0,0,,INDEX_TIMESTAMPS_CONSISTENT
siwmv2,Spoof/Mask_TransparentMask/Mask_Trans_4.mov,150,150,150,[],0,0,0,,INDEX_TIMESTAMPS_CONSISTENT
siwmv2,Spoof/Mask_TransparentMask/Mask_Trans_40.mov,150,150,150,[],0,0,0,,INDEX_TIMESTAMPS_CONSISTENT
siwmv2,Spoof/Mask_TransparentMask/Mask_Trans_41.mov,150,150,150,[],0,0,0,,INDEX_TIMESTAMPS_CONSISTENT
siwmv2,Spoof/Mask_TransparentMask/Mask_Trans_42.mov,150,150,150,[],0,0,0,,INDEX_TIMESTAMPS_CONSISTENT
siwmv2,Spoof/Mask_TransparentMask/Mask_Trans_43.mov,150,150,150,[],0,0,0,,INDEX_TIMESTAMPS_CONSISTENT
siwmv2,Spoof/Mask_TransparentMask/Mask_Trans_44.mov,150,150,150,[],0,0,0,,INDEX_TIMESTAMPS_CONSISTENT
siwmv2,Spoof/Mask_TransparentMask/Mask_Trans_45.mov,150,150,150,[],0,0,0,,INDEX_TIMESTAMPS_CONSISTENT
siwmv2,Spoof/Mask_TransparentMask/Mask_Trans_46.mov,150,150,150,[],0,0,0,,INDEX_TIMESTAMPS_CONSISTENT
siwmv2,Spoof/Mask_TransparentMask/Mask_Trans_47.mov,150,150,150,[],0,0,0,,INDEX_TIMESTAMPS_CONSISTENT
siwmv2,Spoof/Mask_TransparentMask/Mask_Trans_48.mov,150,150,150,[],0,0,0,,INDEX_TIMESTAMPS_CONSISTENT
siwmv2,Spoof/Mask_TransparentMask/Mask_Trans_49.mov,150,150,150,[],0,0,0,,INDEX_TIMESTAMPS_CONSISTENT
siwmv2,Spoof/Mask_TransparentMask/Mask_Trans_5.mov,150,150,150,[],0,0,0,,INDEX_TIMESTAMPS_CONSISTENT
siwmv2,Spoof/Mask_TransparentMask/Mask_Trans_50.mov,150,150,150,[],0,0,0,,INDEX_TIMESTAMPS_CONSISTENT
siwmv2,Spoof/Mask_TransparentMask/Mask_Trans_51.mp4,110,108,108,"[108, 109]",2,0,0,,INDEX_TIMESTAMPS_CONSISTENT
siwmv2,Spoof/Mask_TransparentMask/Mask_Trans_52.mp4,191,188,188,"[188, 189, 190]",3,0,0,,INDEX_TIMESTAMPS_CONSISTENT
siwmv2,Spoof/Mask_TransparentMask/Mask_Trans_53.mp4,155,152,152,"[152, 153, 154]",3,0,0,,INDEX_TIMESTAMPS_CONSISTENT
siwmv2,Spoof/Mask_TransparentMask/Mask_Trans_54.mp4,169,165,165,"[165, 166, 167, 168]",4,0,0,,INDEX_TIMESTAMPS_CONSISTENT
siwmv2,Spoof/Mask_TransparentMask/Mask_Trans_55.mp4,166,162,162,"[162, 163, 164, 165]",4,0,0,,INDEX_TIMESTAMPS_CONSISTENT
siwmv2,Spoof/Mask_TransparentMask/Mask_Trans_56.mp4,208,204,204,"[204, 205, 206, 207]",4,0,0,,INDEX_TIMESTAMPS_CONSISTENT
siwmv2,Spoof/Mask_TransparentMask/Mask_Trans_57.mp4,299,295,295,"[295, 296, 297, 298]",4,0,0,,INDEX_TIMESTAMPS_CONSISTENT
siwmv2,Spoof/Mask_TransparentMask/Mask_Trans_58.mp4,276,272,272,"[272, 273, 274, 275]",4,0,0,,INDEX_TIMESTAMPS_CONSISTENT
siwmv2,Spoof/Mask_TransparentMask/Mask_Trans_59.mp4,206,204,204,"[204, 205]",2,0,0,,INDEX_TIMESTAMPS_CONSISTENT
siwmv2,Spoof/Mask_TransparentMask/Mask_Trans_6.mov,150,150,150,[],0,0,0,,INDEX_TIMESTAMPS_CONSISTENT
siwmv2,Spoof/Mask_TransparentMask/Mask_Trans_60.mp4,229,226,226,"[226, 227, 228]",3,0,0,,INDEX_TIMESTAMPS_CONSISTENT
siwmv2,Spoof/Mask_TransparentMask/Mask_Trans_7.mov,150,150,150,[],0,0,0,,INDEX_TIMESTAMPS_CONSISTENT
siwmv2,Spoof/Mask_TransparentMask/Mask_Trans_8.mov,150,150,150,[],0,0,0,,INDEX_TIMESTAMPS_CONSISTENT
siwmv2,Spoof/Mask_TransparentMask/Mask_Trans_9.mov,150,150,150,[],0,0,0,,INDEX_TIMESTAMPS_CONSISTENT
siwmv2,Spoof/Paper/Paper_1.mov,30,30,30,[],0,0,0,,INDEX_TIMESTAMPS_CONSISTENT
siwmv2,Spoof/Paper/Paper_10.mov,250,250,250,[],0,0,0,,INDEX_TIMESTAMPS_CONSISTENT
siwmv2,Spoof/Paper/Paper_100.mov,121,121,121,[],0,0,0,,INDEX_TIMESTAMPS_CONSISTENT
siwmv2,Spoof/Paper/Paper_101.mov,95,95,95,[],0,0,0,,INDEX_TIMESTAMPS_CONSISTENT
siwmv2,Spoof/Paper/Paper_102.mov,111,111,111,[],0,0,0,,INDEX_TIMESTAMPS_CONSISTENT
siwmv2,Spoof/Paper/Paper_103.mov,100,100,100,[],0,0,0,,INDEX_TIMESTAMPS_CONSISTENT
siwmv2,Spoof/Paper/Paper_104.mov,99,99,99,[],0,0,0,,INDEX_TIMESTAMPS_CONSISTENT
siwmv2,Spoof/Paper/Paper_105.mov,126,126,126,[],0,0,0,,INDEX_TIMESTAMPS_CONSISTENT
siwmv2,Spoof/Paper/Paper_106.mov,57,57,57,[],0,0,0,,INDEX_TIMESTAMPS_CONSISTENT
siwmv2,Spoof/Paper/Paper_107.mov,86,86,86,[],0,0,0,,INDEX_TIMESTAMPS_CONSISTENT
siwmv2,Spoof/Paper/Paper_108.mov,89,89,89,[],0,0,0,,INDEX_TIMESTAMPS_CONSISTENT
siwmv2,Spoof/Paper/Paper_109.mov,100,100,100,[],0,0,0,,INDEX_TIMESTAMPS_CONSISTENT
siwmv2,Spoof/Paper/Paper_11.mov,250,250,250,[],0,0,0,,INDEX_TIMESTAMPS_CONSISTENT
siwmv2,Spoof/Paper/Paper_110.mov,92,92,92,[],0,0,0,,INDEX_TIMESTAMPS_CONSISTENT
siwmv2,Spoof/Paper/Paper_111.mov,78,78,78,[],0,0,0,,INDEX_TIMESTAMPS_CONSISTENT
siwmv2,Spoof/Paper/Paper_112.mov,106,106,106,[],0,0,0,,INDEX_TIMESTAMPS_CONSISTENT
siwmv2,Spoof/Paper/Paper_113.mov,85,85,85,[],0,0,0,,INDEX_TIMESTAMPS_CONSISTENT
siwmv2,Spoof/Paper/Paper_114.mov,90,90,90,[],0,0,0,,INDEX_TIMESTAMPS_CONSISTENT
siwmv2,Spoof/Paper/Paper_115.mov,94,94,94,[],0,0,0,,INDEX_TIMESTAMPS_CONSISTENT
siwmv2,Spoof/Paper/Paper_116.mov,86,86,86,[],0,0,0,,INDEX_TIMESTAMPS_CONSISTENT
siwmv2,Spoof/Paper/Paper_117.mov,100,100,100,[],0,0,0,,INDEX_TIMESTAMPS_CONSISTENT
siwmv2,Spoof/Paper/Paper_118.mov,102,102,102,[],0,0,0,,INDEX_TIMESTAMPS_CONSISTENT
siwmv2,Spoof/Paper/Paper_119.mp4,150,150,150,[],0,0,0,,INDEX_TIMESTAMPS_CONSISTENT
siwmv2,Spoof/Paper/Paper_12.mov,36,36,36,[],0,0,0,,INDEX_TIMESTAMPS_CONSISTENT
siwmv2,Spoof/Paper/Paper_120.mp4,150,150,150,[],0,0,0,,INDEX_TIMESTAMPS_CONSISTENT
siwmv2,Spoof/Paper/Paper_121.mp4,150,150,150,[],0,0,0,,INDEX_TIMESTAMPS_CONSISTENT
siwmv2,Spoof/Paper/Paper_122.mp4,150,150,150,[],0,0,0,,INDEX_TIMESTAMPS_CONSISTENT
siwmv2,Spoof/Paper/Paper_123.mp4,150,150,150,[],0,0,0,,INDEX_TIMESTAMPS_CONSISTENT
siwmv2,Spoof/Paper/Paper_124.mp4,150,150,150,[],0,0,0,,INDEX_TIMESTAMPS_CONSISTENT
siwmv2,Spoof/Paper/Paper_125.mp4,150,150,150,[],0,0,0,,INDEX_TIMESTAMPS_CONSISTENT
siwmv2,Spoof/Paper/Paper_126.mp4,150,150,150,[],0,0,0,,INDEX_TIMESTAMPS_CONSISTENT
siwmv2,Spoof/Paper/Paper_127.mp4,150,150,150,[],0,0,0,,INDEX_TIMESTAMPS_CONSISTENT
siwmv2,Spoof/Paper/Paper_128.mp4,150,150,150,[],0,0,0,,INDEX_TIMESTAMPS_CONSISTENT
siwmv2,Spoof/Paper/Paper_129.mp4,150,150,150,[],0,0,0,,INDEX_TIMESTAMPS_CONSISTENT
siwmv2,Spoof/Paper/Paper_13.mov,30,30,30,[],0,0,0,,INDEX_TIMESTAMPS_CONSISTENT
siwmv2,Spoof/Paper/Paper_130.mp4,150,150,150,[],0,0,0,,INDEX_TIMESTAMPS_CONSISTENT
siwmv2,Spoof/Paper/Paper_131.mp4,150,150,150,[],0,0,0,,INDEX_TIMESTAMPS_CONSISTENT
siwmv2,Spoof/Paper/Paper_132.mp4,150,150,150,[],0,0,0,,INDEX_TIMESTAMPS_CONSISTENT
siwmv2,Spoof/Paper/Paper_133.mp4,150,150,150,[],0,0,0,,INDEX_TIMESTAMPS_CONSISTENT
siwmv2,Spoof/Paper/Paper_134.mp4,150,150,150,[],0,0,0,,INDEX_TIMESTAMPS_CONSISTENT
siwmv2,Spoof/Paper/Paper_135.mp4,150,150,150,[],0,0,0,,INDEX_TIMESTAMPS_CONSISTENT
siwmv2,Spoof/Paper/Paper_136.mp4,150,150,150,[],0,0,0,,INDEX_TIMESTAMPS_CONSISTENT
siwmv2,Spoof/Paper/Paper_14.mov,250,250,250,[],0,0,0,,INDEX_TIMESTAMPS_CONSISTENT
siwmv2,Spoof/Paper/Paper_15.mov,143,143,143,[],0,0,0,,INDEX_TIMESTAMPS_CONSISTENT
siwmv2,Spoof/Paper/Paper_16.mov,250,250,250,[],0,0,0,,INDEX_TIMESTAMPS_CONSISTENT
siwmv2,Spoof/Paper/Paper_17.mov,43,43,43,[],0,0,0,,INDEX_TIMESTAMPS_CONSISTENT
siwmv2,Spoof/Paper/Paper_18.mov,177,177,177,[],0,0,0,,INDEX_TIMESTAMPS_CONSISTENT
siwmv2,Spoof/Paper/Paper_19.mov,186,186,186,[],0,0,0,,INDEX_TIMESTAMPS_CONSISTENT
siwmv2,Spoof/Paper/Paper_2.mov,36,36,36,[],0,0,0,,INDEX_TIMESTAMPS_CONSISTENT
siwmv2,Spoof/Paper/Paper_20.mov,238,238,238,[],0,0,0,,INDEX_TIMESTAMPS_CONSISTENT
siwmv2,Spoof/Paper/Paper_21.mov,151,151,151,[],0,0,0,,INDEX_TIMESTAMPS_CONSISTENT
siwmv2,Spoof/Paper/Paper_22.mov,193,193,193,[],0,0,0,,INDEX_TIMESTAMPS_CONSISTENT
siwmv2,Spoof/Paper/Paper_23.mov,250,250,250,[],0,0,0,,INDEX_TIMESTAMPS_CONSISTENT
siwmv2,Spoof/Paper/Paper_24.mov,30,30,30,[],0,0,0,,INDEX_TIMESTAMPS_CONSISTENT
siwmv2,Spoof/Paper/Paper_25.mov,30,30,30,[],0,0,0,,INDEX_TIMESTAMPS_CONSISTENT
siwmv2,Spoof/Paper/Paper_26.mov,30,30,30,[],0,0,0,,INDEX_TIMESTAMPS_CONSISTENT
siwmv2,Spoof/Paper/Paper_27.mov,30,30,30,[],0,0,0,,INDEX_TIMESTAMPS_CONSISTENT
siwmv2,Spoof/Paper/Paper_28.mov,30,30,30,[],0,0,0,,INDEX_TIMESTAMPS_CONSISTENT
siwmv2,Spoof/Paper/Paper_29.mov,30,30,30,[],0,0,0,,INDEX_TIMESTAMPS_CONSISTENT
siwmv2,Spoof/Paper/Paper_3.mov,41,41,41,[],0,0,0,,INDEX_TIMESTAMPS_CONSISTENT
siwmv2,Spoof/Paper/Paper_30.mov,30,30,30,[],0,0,0,,INDEX_TIMESTAMPS_CONSISTENT
siwmv2,Spoof/Paper/Paper_31.mov,30,30,30,[],0,0,0,,INDEX_TIMESTAMPS_CONSISTENT
siwmv2,Spoof/Paper/Paper_32.mov,30,30,30,[],0,0,0,,INDEX_TIMESTAMPS_CONSISTENT
siwmv2,Spoof/Paper/Paper_33.mov,30,30,30,[],0,0,0,,INDEX_TIMESTAMPS_CONSISTENT
siwmv2,Spoof/Paper/Paper_34.mov,30,30,30,[],0,0,0,,INDEX_TIMESTAMPS_CONSISTENT
siwmv2,Spoof/Paper/Paper_35.mov,30,30,30,[],0,0,0,,INDEX_TIMESTAMPS_CONSISTENT
siwmv2,Spoof/Paper/Paper_36.mov,30,30,30,[],0,0,0,,INDEX_TIMESTAMPS_CONSISTENT
siwmv2,Spoof/Paper/Paper_37.mov,250,250,250,[],0,0,0,,INDEX_TIMESTAMPS_CONSISTENT
siwmv2,Spoof/Paper/Paper_38.mov,30,30,30,[],0,0,0,,INDEX_TIMESTAMPS_CONSISTENT
siwmv2,Spoof/Paper/Paper_39.mov,30,30,30,[],0,0,0,,INDEX_TIMESTAMPS_CONSISTENT
siwmv2,Spoof/Paper/Paper_4.mov,37,37,37,[],0,0,0,,INDEX_TIMESTAMPS_CONSISTENT
siwmv2,Spoof/Paper/Paper_40.mov,225,225,225,[],0,0,0,,INDEX_TIMESTAMPS_CONSISTENT
siwmv2,Spoof/Paper/Paper_41.mov,41,41,41,[],0,0,0,,INDEX_TIMESTAMPS_CONSISTENT
siwmv2,Spoof/Paper/Paper_42.mov,47,47,47,[],0,0,0,,INDEX_TIMESTAMPS_CONSISTENT
siwmv2,Spoof/Paper/Paper_43.mov,250,250,250,[],0,0,0,,INDEX_TIMESTAMPS_CONSISTENT
siwmv2,Spoof/Paper/Paper_44.mov,250,250,250,[],0,0,0,,INDEX_TIMESTAMPS_CONSISTENT
siwmv2,Spoof/Paper/Paper_45.mov,63,63,63,[],0,0,0,,INDEX_TIMESTAMPS_CONSISTENT
siwmv2,Spoof/Paper/Paper_46.mov,250,250,250,[],0,0,0,,INDEX_TIMESTAMPS_CONSISTENT
siwmv2,Spoof/Paper/Paper_47.mov,34,34,34,[],0,0,0,,INDEX_TIMESTAMPS_CONSISTENT
siwmv2,Spoof/Paper/Paper_48.mov,76,76,76,[],0,0,0,,INDEX_TIMESTAMPS_CONSISTENT
siwmv2,Spoof/Paper/Paper_49.mov,127,127,127,[],0,0,0,,INDEX_TIMESTAMPS_CONSISTENT
siwmv2,Spoof/Paper/Paper_5.mov,250,250,250,[],0,0,0,,INDEX_TIMESTAMPS_CONSISTENT
siwmv2,Spoof/Paper/Paper_50.mov,130,130,130,[],0,0,0,,INDEX_TIMESTAMPS_CONSISTENT
siwmv2,Spoof/Paper/Paper_51.mov,36,36,36,[],0,0,0,,INDEX_TIMESTAMPS_CONSISTENT
siwmv2,Spoof/Paper/Paper_52.mov,30,30,30,[],0,0,0,,INDEX_TIMESTAMPS_CONSISTENT
siwmv2,Spoof/Paper/Paper_53.mov,30,30,30,[],0,0,0,,INDEX_TIMESTAMPS_CONSISTENT
siwmv2,Spoof/Paper/Paper_54.mov,30,30,30,[],0,0,0,,INDEX_TIMESTAMPS_CONSISTENT
siwmv2,Spoof/Paper/Paper_55.mov,30,30,30,[],0,0,0,,INDEX_TIMESTAMPS_CONSISTENT
siwmv2,Spoof/Paper/Paper_56.mov,30,30,30,[],0,0,0,,INDEX_TIMESTAMPS_CONSISTENT
siwmv2,Spoof/Paper/Paper_57.mov,30,30,30,[],0,0,0,,INDEX_TIMESTAMPS_CONSISTENT
siwmv2,Spoof/Paper/Paper_58.mov,30,30,30,[],0,0,0,,INDEX_TIMESTAMPS_CONSISTENT
siwmv2,Spoof/Paper/Paper_59.mov,30,30,30,[],0,0,0,,INDEX_TIMESTAMPS_CONSISTENT
siwmv2,Spoof/Paper/Paper_6.mov,208,208,208,[],0,0,0,,INDEX_TIMESTAMPS_CONSISTENT
siwmv2,Spoof/Paper/Paper_60.mov,30,30,30,[],0,0,0,,INDEX_TIMESTAMPS_CONSISTENT
siwmv2,Spoof/Paper/Paper_61.mov,30,30,30,[],0,0,0,,INDEX_TIMESTAMPS_CONSISTENT
siwmv2,Spoof/Paper/Paper_62.mov,30,30,30,[],0,0,0,,INDEX_TIMESTAMPS_CONSISTENT
siwmv2,Spoof/Paper/Paper_63.mov,30,30,30,[],0,0,0,,INDEX_TIMESTAMPS_CONSISTENT
siwmv2,Spoof/Paper/Paper_64.mov,30,30,30,[],0,0,0,,INDEX_TIMESTAMPS_CONSISTENT
siwmv2,Spoof/Paper/Paper_65.mov,30,30,30,[],0,0,0,,INDEX_TIMESTAMPS_CONSISTENT
siwmv2,Spoof/Paper/Paper_66.mov,30,30,30,[],0,0,0,,INDEX_TIMESTAMPS_CONSISTENT
siwmv2,Spoof/Paper/Paper_67.mov,30,30,30,[],0,0,0,,INDEX_TIMESTAMPS_CONSISTENT
siwmv2,Spoof/Paper/Paper_68.mov,30,30,30,[],0,0,0,,INDEX_TIMESTAMPS_CONSISTENT
siwmv2,Spoof/Paper/Paper_69.mov,30,30,30,[],0,0,0,,INDEX_TIMESTAMPS_CONSISTENT
siwmv2,Spoof/Paper/Paper_7.mov,250,250,250,[],0,0,0,,INDEX_TIMESTAMPS_CONSISTENT
siwmv2,Spoof/Paper/Paper_70.mov,39,39,39,[],0,0,0,,INDEX_TIMESTAMPS_CONSISTENT
siwmv2,Spoof/Paper/Paper_71.mov,30,30,30,[],0,0,0,,INDEX_TIMESTAMPS_CONSISTENT
siwmv2,Spoof/Paper/Paper_72.mov,33,33,33,[],0,0,0,,INDEX_TIMESTAMPS_CONSISTENT
siwmv2,Spoof/Paper/Paper_73.mov,30,30,30,[],0,0,0,,INDEX_TIMESTAMPS_CONSISTENT
siwmv2,Spoof/Paper/Paper_74.mov,30,30,30,[],0,0,0,,INDEX_TIMESTAMPS_CONSISTENT
siwmv2,Spoof/Paper/Paper_75.mov,30,30,30,[],0,0,0,,INDEX_TIMESTAMPS_CONSISTENT
siwmv2,Spoof/Paper/Paper_76.mov,48,48,48,[],0,0,0,,INDEX_TIMESTAMPS_CONSISTENT
siwmv2,Spoof/Paper/Paper_77.mov,54,54,54,[],0,0,0,,INDEX_TIMESTAMPS_CONSISTENT
siwmv2,Spoof/Paper/Paper_78.mov,231,231,231,[],0,0,0,,INDEX_TIMESTAMPS_CONSISTENT
siwmv2,Spoof/Paper/Paper_79.mov,250,250,250,[],0,0,0,,INDEX_TIMESTAMPS_CONSISTENT
siwmv2,Spoof/Paper/Paper_8.mov,250,250,250,[],0,0,0,,INDEX_TIMESTAMPS_CONSISTENT
siwmv2,Spoof/Paper/Paper_80.mov,250,250,250,[],0,0,0,,INDEX_TIMESTAMPS_CONSISTENT
siwmv2,Spoof/Paper/Paper_82.mov,30,30,30,[],0,0,0,,INDEX_TIMESTAMPS_CONSISTENT
siwmv2,Spoof/Paper/Paper_83.mov,30,30,30,[],0,0,0,,INDEX_TIMESTAMPS_CONSISTENT
siwmv2,Spoof/Paper/Paper_84.mov,30,30,30,[],0,0,0,,INDEX_TIMESTAMPS_CONSISTENT
siwmv2,Spoof/Paper/Paper_85.mov,30,30,30,[],0,0,0,,INDEX_TIMESTAMPS_CONSISTENT
siwmv2,Spoof/Paper/Paper_86.mov,30,30,30,[],0,0,0,,INDEX_TIMESTAMPS_CONSISTENT
siwmv2,Spoof/Paper/Paper_87.mov,30,30,30,[],0,0,0,,INDEX_TIMESTAMPS_CONSISTENT
siwmv2,Spoof/Paper/Paper_88.mov,30,30,30,[],0,0,0,,INDEX_TIMESTAMPS_CONSISTENT
siwmv2,Spoof/Paper/Paper_89.mov,90,90,90,[],0,0,0,,INDEX_TIMESTAMPS_CONSISTENT
siwmv2,Spoof/Paper/Paper_9.mov,250,250,250,[],0,0,0,,INDEX_TIMESTAMPS_CONSISTENT
siwmv2,Spoof/Paper/Paper_90.mov,248,248,248,[],0,0,0,,INDEX_TIMESTAMPS_CONSISTENT
siwmv2,Spoof/Paper/Paper_91.mov,134,134,134,[],0,0,0,,INDEX_TIMESTAMPS_CONSISTENT
siwmv2,Spoof/Paper/Paper_92.mov,100,100,100,[],0,0,0,,INDEX_TIMESTAMPS_CONSISTENT
siwmv2,Spoof/Paper/Paper_93.mov,115,115,115,[],0,0,0,,INDEX_TIMESTAMPS_CONSISTENT
siwmv2,Spoof/Paper/Paper_94.mov,108,108,108,[],0,0,0,,INDEX_TIMESTAMPS_CONSISTENT
siwmv2,Spoof/Paper/Paper_95.mov,93,93,93,[],0,0,0,,INDEX_TIMESTAMPS_CONSISTENT
siwmv2,Spoof/Paper/Paper_96.mov,89,89,89,[],0,0,0,,INDEX_TIMESTAMPS_CONSISTENT
siwmv2,Spoof/Paper/Paper_97.mov,121,121,121,[],0,0,0,,INDEX_TIMESTAMPS_CONSISTENT
siwmv2,Spoof/Paper/Paper_98.mov,88,88,88,[],0,0,0,,INDEX_TIMESTAMPS_CONSISTENT
siwmv2,Spoof/Paper/Paper_99.mov,108,108,108,[],0,0,0,,INDEX_TIMESTAMPS_CONSISTENT
siwmv2,Spoof/Partial_Eye/Partial_Eye_1.mov,169,169,169,[],0,0,0,,INDEX_TIMESTAMPS_CONSISTENT
siwmv2,Spoof/Partial_Eye/Partial_Eye_10.mov,141,141,141,[],0,0,0,,INDEX_TIMESTAMPS_CONSISTENT
siwmv2,Spoof/Partial_Eye/Partial_Eye_11.mov,173,173,173,[],0,0,0,,INDEX_TIMESTAMPS_CONSISTENT
siwmv2,Spoof/Partial_Eye/Partial_Eye_12.mov,175,175,175,[],0,0,0,,INDEX_TIMESTAMPS_CONSISTENT
siwmv2,Spoof/Partial_Eye/Partial_Eye_13.mov,171,171,171,[],0,0,0,,INDEX_TIMESTAMPS_CONSISTENT
siwmv2,Spoof/Partial_Eye/Partial_Eye_14.mov,176,176,176,[],0,0,0,,INDEX_TIMESTAMPS_CONSISTENT
siwmv2,Spoof/Partial_Eye/Partial_Eye_15.mov,199,199,199,[],0,0,0,,INDEX_TIMESTAMPS_CONSISTENT
siwmv2,Spoof/Partial_Eye/Partial_Eye_16.mov,238,238,238,[],0,0,0,,INDEX_TIMESTAMPS_CONSISTENT
siwmv2,Spoof/Partial_Eye/Partial_Eye_17.mov,201,201,201,[],0,0,0,,INDEX_TIMESTAMPS_CONSISTENT
siwmv2,Spoof/Partial_Eye/Partial_Eye_18.mov,175,175,175,[],0,0,0,,INDEX_TIMESTAMPS_CONSISTENT
siwmv2,Spoof/Partial_Eye/Partial_Eye_19.mov,246,246,246,[],0,0,0,,INDEX_TIMESTAMPS_CONSISTENT
siwmv2,Spoof/Partial_Eye/Partial_Eye_2.mov,170,170,170,[],0,0,0,,INDEX_TIMESTAMPS_CONSISTENT
siwmv2,Spoof/Partial_Eye/Partial_Eye_20.mov,248,248,248,[],0,0,0,,INDEX_TIMESTAMPS_CONSISTENT
siwmv2,Spoof/Partial_Eye/Partial_Eye_21.mov,174,174,174,[],0,0,0,,INDEX_TIMESTAMPS_CONSISTENT
siwmv2,Spoof/Partial_Eye/Partial_Eye_22.mov,188,188,188,[],0,0,0,,INDEX_TIMESTAMPS_CONSISTENT
siwmv2,Spoof/Partial_Eye/Partial_Eye_23.mov,198,198,198,[],0,0,0,,INDEX_TIMESTAMPS_CONSISTENT
siwmv2,Spoof/Partial_Eye/Partial_Eye_24.mov,184,184,184,[],0,0,0,,INDEX_TIMESTAMPS_CONSISTENT
siwmv2,Spoof/Partial_Eye/Partial_Eye_25.mov,213,213,213,[],0,0,0,,INDEX_TIMESTAMPS_CONSISTENT
siwmv2,Spoof/Partial_Eye/Partial_Eye_26.mov,180,180,180,[],0,0,0,,INDEX_TIMESTAMPS_CONSISTENT
siwmv2,Spoof/Partial_Eye/Partial_Eye_27.mov,189,189,189,[],0,0,0,,INDEX_TIMESTAMPS_CONSISTENT
siwmv2,Spoof/Partial_Eye/Partial_Eye_28.mov,175,175,175,[],0,0,0,,INDEX_TIMESTAMPS_CONSISTENT
siwmv2,Spoof/Partial_Eye/Partial_Eye_29.mov,250,250,250,[],0,0,0,,INDEX_TIMESTAMPS_CONSISTENT
siwmv2,Spoof/Partial_Eye/Partial_Eye_3.mov,212,212,212,[],0,0,0,,INDEX_TIMESTAMPS_CONSISTENT
siwmv2,Spoof/Partial_Eye/Partial_Eye_30.mov,202,202,202,[],0,0,0,,INDEX_TIMESTAMPS_CONSISTENT
siwmv2,Spoof/Partial_Eye/Partial_Eye_31.mov,250,250,250,[],0,0,0,,INDEX_TIMESTAMPS_CONSISTENT
siwmv2,Spoof/Partial_Eye/Partial_Eye_32.mov,250,250,250,[],0,0,0,,INDEX_TIMESTAMPS_CONSISTENT
siwmv2,Spoof/Partial_Eye/Partial_Eye_33.mov,224,224,224,[],0,0,0,,INDEX_TIMESTAMPS_CONSISTENT
siwmv2,Spoof/Partial_Eye/Partial_Eye_34.mov,188,188,188,[],0,0,0,,INDEX_TIMESTAMPS_CONSISTENT
siwmv2,Spoof/Partial_Eye/Partial_Eye_35.mov,246,246,246,[],0,0,0,,INDEX_TIMESTAMPS_CONSISTENT
siwmv2,Spoof/Partial_Eye/Partial_Eye_36.mov,202,202,202,[],0,0,0,,INDEX_TIMESTAMPS_CONSISTENT
siwmv2,Spoof/Partial_Eye/Partial_Eye_37.mov,171,171,171,[],0,0,0,,INDEX_TIMESTAMPS_CONSISTENT
siwmv2,Spoof/Partial_Eye/Partial_Eye_38.mov,227,227,227,[],0,0,0,,INDEX_TIMESTAMPS_CONSISTENT
siwmv2,Spoof/Partial_Eye/Partial_Eye_39.mov,181,181,181,[],0,0,0,,INDEX_TIMESTAMPS_CONSISTENT
siwmv2,Spoof/Partial_Eye/Partial_Eye_4.mov,205,205,205,[],0,0,0,,INDEX_TIMESTAMPS_CONSISTENT
siwmv2,Spoof/Partial_Eye/Partial_Eye_40.mov,175,175,175,[],0,0,0,,INDEX_TIMESTAMPS_CONSISTENT
siwmv2,Spoof/Partial_Eye/Partial_Eye_41.mov,178,178,178,[],0,0,0,,INDEX_TIMESTAMPS_CONSISTENT
siwmv2,Spoof/Partial_Eye/Partial_Eye_42.mov,178,178,178,[],0,0,0,,INDEX_TIMESTAMPS_CONSISTENT
siwmv2,Spoof/Partial_Eye/Partial_Eye_43.mov,175,175,175,[],0,0,0,,INDEX_TIMESTAMPS_CONSISTENT
siwmv2,Spoof/Partial_Eye/Partial_Eye_44.mov,165,165,165,[],0,0,0,,INDEX_TIMESTAMPS_CONSISTENT
siwmv2,Spoof/Partial_Eye/Partial_Eye_45.mov,250,250,250,[],0,0,0,,INDEX_TIMESTAMPS_CONSISTENT
siwmv2,Spoof/Partial_Eye/Partial_Eye_46.mov,173,173,173,[],0,0,0,,INDEX_TIMESTAMPS_CONSISTENT
siwmv2,Spoof/Partial_Eye/Partial_Eye_47.mov,173,173,173,[],0,0,0,,INDEX_TIMESTAMPS_CONSISTENT
siwmv2,Spoof/Partial_Eye/Partial_Eye_48.mov,175,175,175,[],0,0,0,,INDEX_TIMESTAMPS_CONSISTENT
siwmv2,Spoof/Partial_Eye/Partial_Eye_49.mov,173,173,173,[],0,0,0,,INDEX_TIMESTAMPS_CONSISTENT
siwmv2,Spoof/Partial_Eye/Partial_Eye_5.mov,143,143,143,[],0,0,0,,INDEX_TIMESTAMPS_CONSISTENT
siwmv2,Spoof/Partial_Eye/Partial_Eye_50.mov,207,207,207,[],0,0,0,,INDEX_TIMESTAMPS_CONSISTENT
siwmv2,Spoof/Partial_Eye/Partial_Eye_51.mov,199,199,199,[],0,0,0,,INDEX_TIMESTAMPS_CONSISTENT
siwmv2,Spoof/Partial_Eye/Partial_Eye_52.mov,177,177,177,[],0,0,0,,INDEX_TIMESTAMPS_CONSISTENT
siwmv2,Spoof/Partial_Eye/Partial_Eye_53.mov,170,170,170,[],0,0,0,,INDEX_TIMESTAMPS_CONSISTENT
siwmv2,Spoof/Partial_Eye/Partial_Eye_54.mov,150,150,150,[],0,0,0,,INDEX_TIMESTAMPS_CONSISTENT
siwmv2,Spoof/Partial_Eye/Partial_Eye_55.mov,150,150,150,[],0,0,0,,INDEX_TIMESTAMPS_CONSISTENT
siwmv2,Spoof/Partial_Eye/Partial_Eye_56.mov,150,150,150,[],0,0,0,,INDEX_TIMESTAMPS_CONSISTENT
siwmv2,Spoof/Partial_Eye/Partial_Eye_57.mov,150,150,150,[],0,0,0,,INDEX_TIMESTAMPS_CONSISTENT
siwmv2,Spoof/Partial_Eye/Partial_Eye_6.mov,168,168,168,[],0,0,0,,INDEX_TIMESTAMPS_CONSISTENT
siwmv2,Spoof/Partial_Eye/Partial_Eye_7.mov,172,172,172,[],0,0,0,,INDEX_TIMESTAMPS_CONSISTENT
siwmv2,Spoof/Partial_Eye/Partial_Eye_8.mov,172,172,172,[],0,0,0,,INDEX_TIMESTAMPS_CONSISTENT
siwmv2,Spoof/Partial_Eye/Partial_Eye_9.mov,172,172,172,[],0,0,0,,INDEX_TIMESTAMPS_CONSISTENT
siwmv2,Spoof/Partial_FunnyeyeGlasses/Partial_Funnyeye_1.mov,150,150,150,[],0,0,0,,INDEX_TIMESTAMPS_CONSISTENT
siwmv2,Spoof/Partial_FunnyeyeGlasses/Partial_Funnyeye_10.mov,150,150,150,[],0,0,0,,INDEX_TIMESTAMPS_CONSISTENT
siwmv2,Spoof/Partial_FunnyeyeGlasses/Partial_Funnyeye_100.mov,150,150,150,[],0,0,0,,INDEX_TIMESTAMPS_CONSISTENT
siwmv2,Spoof/Partial_FunnyeyeGlasses/Partial_Funnyeye_101.mov,150,150,150,[],0,0,0,,INDEX_TIMESTAMPS_CONSISTENT
siwmv2,Spoof/Partial_FunnyeyeGlasses/Partial_Funnyeye_102.mov,150,150,150,[],0,0,0,,INDEX_TIMESTAMPS_CONSISTENT
siwmv2,Spoof/Partial_FunnyeyeGlasses/Partial_Funnyeye_103.mov,150,150,150,[],0,0,0,,INDEX_TIMESTAMPS_CONSISTENT
siwmv2,Spoof/Partial_FunnyeyeGlasses/Partial_Funnyeye_104.mov,150,150,150,[],0,0,0,,INDEX_TIMESTAMPS_CONSISTENT
siwmv2,Spoof/Partial_FunnyeyeGlasses/Partial_Funnyeye_105.mov,150,150,150,[],0,0,0,,INDEX_TIMESTAMPS_CONSISTENT
siwmv2,Spoof/Partial_FunnyeyeGlasses/Partial_Funnyeye_106.mov,150,150,150,[],0,0,0,,INDEX_TIMESTAMPS_CONSISTENT
siwmv2,Spoof/Partial_FunnyeyeGlasses/Partial_Funnyeye_107.mov,150,150,150,[],0,0,0,,INDEX_TIMESTAMPS_CONSISTENT
siwmv2,Spoof/Partial_FunnyeyeGlasses/Partial_Funnyeye_108.mov,150,150,150,[],0,0,0,,INDEX_TIMESTAMPS_CONSISTENT
siwmv2,Spoof/Partial_FunnyeyeGlasses/Partial_Funnyeye_109.mov,150,150,150,[],0,0,0,,INDEX_TIMESTAMPS_CONSISTENT
siwmv2,Spoof/Partial_FunnyeyeGlasses/Partial_Funnyeye_11.mov,150,150,150,[],0,0,0,,INDEX_TIMESTAMPS_CONSISTENT
siwmv2,Spoof/Partial_FunnyeyeGlasses/Partial_Funnyeye_110.mov,150,150,150,[],0,0,0,,INDEX_TIMESTAMPS_CONSISTENT
siwmv2,Spoof/Partial_FunnyeyeGlasses/Partial_Funnyeye_111.mov,150,150,150,[],0,0,0,,INDEX_TIMESTAMPS_CONSISTENT
siwmv2,Spoof/Partial_FunnyeyeGlasses/Partial_Funnyeye_112.mov,150,150,150,[],0,0,0,,INDEX_TIMESTAMPS_CONSISTENT
siwmv2,Spoof/Partial_FunnyeyeGlasses/Partial_Funnyeye_113.mov,150,150,150,[],0,0,0,,INDEX_TIMESTAMPS_CONSISTENT
siwmv2,Spoof/Partial_FunnyeyeGlasses/Partial_Funnyeye_114.mov,150,150,150,[],0,0,0,,INDEX_TIMESTAMPS_CONSISTENT
siwmv2,Spoof/Partial_FunnyeyeGlasses/Partial_Funnyeye_115.mov,150,150,150,[],0,0,0,,INDEX_TIMESTAMPS_CONSISTENT
siwmv2,Spoof/Partial_FunnyeyeGlasses/Partial_Funnyeye_116.mov,150,150,150,[],0,0,0,,INDEX_TIMESTAMPS_CONSISTENT
siwmv2,Spoof/Partial_FunnyeyeGlasses/Partial_Funnyeye_117.mov,150,150,150,[],0,0,0,,INDEX_TIMESTAMPS_CONSISTENT
siwmv2,Spoof/Partial_FunnyeyeGlasses/Partial_Funnyeye_118.mov,150,150,150,[],0,0,0,,INDEX_TIMESTAMPS_CONSISTENT
siwmv2,Spoof/Partial_FunnyeyeGlasses/Partial_Funnyeye_119.mov,150,150,150,[],0,0,0,,INDEX_TIMESTAMPS_CONSISTENT
siwmv2,Spoof/Partial_FunnyeyeGlasses/Partial_Funnyeye_12.mov,150,150,150,[],0,0,0,,INDEX_TIMESTAMPS_CONSISTENT
siwmv2,Spoof/Partial_FunnyeyeGlasses/Partial_Funnyeye_120.mov,150,150,150,[],0,0,0,,INDEX_TIMESTAMPS_CONSISTENT
siwmv2,Spoof/Partial_FunnyeyeGlasses/Partial_Funnyeye_121.mov,150,150,150,[],0,0,0,,INDEX_TIMESTAMPS_CONSISTENT
siwmv2,Spoof/Partial_FunnyeyeGlasses/Partial_Funnyeye_122.mov,150,150,150,[],0,0,0,,INDEX_TIMESTAMPS_CONSISTENT
siwmv2,Spoof/Partial_FunnyeyeGlasses/Partial_Funnyeye_123.mov,150,150,150,[],0,0,0,,INDEX_TIMESTAMPS_CONSISTENT
siwmv2,Spoof/Partial_FunnyeyeGlasses/Partial_Funnyeye_124.mov,150,150,150,[],0,0,0,,INDEX_TIMESTAMPS_CONSISTENT
siwmv2,Spoof/Partial_FunnyeyeGlasses/Partial_Funnyeye_125.mov,150,150,150,[],0,0,0,,INDEX_TIMESTAMPS_CONSISTENT
siwmv2,Spoof/Partial_FunnyeyeGlasses/Partial_Funnyeye_126.mov,150,150,150,[],0,0,0,,INDEX_TIMESTAMPS_CONSISTENT
siwmv2,Spoof/Partial_FunnyeyeGlasses/Partial_Funnyeye_127.mov,150,150,150,[],0,0,0,,INDEX_TIMESTAMPS_CONSISTENT
siwmv2,Spoof/Partial_FunnyeyeGlasses/Partial_Funnyeye_128.mov,150,150,150,[],0,0,0,,INDEX_TIMESTAMPS_CONSISTENT
siwmv2,Spoof/Partial_FunnyeyeGlasses/Partial_Funnyeye_129.mov,150,150,150,[],0,0,0,,INDEX_TIMESTAMPS_CONSISTENT
siwmv2,Spoof/Partial_FunnyeyeGlasses/Partial_Funnyeye_13.mov,150,150,150,[],0,0,0,,INDEX_TIMESTAMPS_CONSISTENT
siwmv2,Spoof/Partial_FunnyeyeGlasses/Partial_Funnyeye_130.mov,150,150,150,[],0,0,0,,INDEX_TIMESTAMPS_CONSISTENT
siwmv2,Spoof/Partial_FunnyeyeGlasses/Partial_Funnyeye_131.mov,150,150,150,[],0,0,0,,INDEX_TIMESTAMPS_CONSISTENT
siwmv2,Spoof/Partial_FunnyeyeGlasses/Partial_Funnyeye_132.mov,150,150,150,[],0,0,0,,INDEX_TIMESTAMPS_CONSISTENT
siwmv2,Spoof/Partial_FunnyeyeGlasses/Partial_Funnyeye_133.mov,150,150,150,[],0,0,0,,INDEX_TIMESTAMPS_CONSISTENT
siwmv2,Spoof/Partial_FunnyeyeGlasses/Partial_Funnyeye_134.mov,150,150,150,[],0,0,0,,INDEX_TIMESTAMPS_CONSISTENT
siwmv2,Spoof/Partial_FunnyeyeGlasses/Partial_Funnyeye_135.mov,150,150,150,[],0,0,0,,INDEX_TIMESTAMPS_CONSISTENT
siwmv2,Spoof/Partial_FunnyeyeGlasses/Partial_Funnyeye_136.mov,150,150,150,[],0,0,0,,INDEX_TIMESTAMPS_CONSISTENT
siwmv2,Spoof/Partial_FunnyeyeGlasses/Partial_Funnyeye_137.mov,150,150,150,[],0,0,0,,INDEX_TIMESTAMPS_CONSISTENT
siwmv2,Spoof/Partial_FunnyeyeGlasses/Partial_Funnyeye_138.mov,150,150,150,[],0,0,0,,INDEX_TIMESTAMPS_CONSISTENT
siwmv2,Spoof/Partial_FunnyeyeGlasses/Partial_Funnyeye_139.mov,150,150,150,[],0,0,0,,INDEX_TIMESTAMPS_CONSISTENT
siwmv2,Spoof/Partial_FunnyeyeGlasses/Partial_Funnyeye_14.mov,150,150,150,[],0,0,0,,INDEX_TIMESTAMPS_CONSISTENT
siwmv2,Spoof/Partial_FunnyeyeGlasses/Partial_Funnyeye_140.mov,150,150,150,[],0,0,0,,INDEX_TIMESTAMPS_CONSISTENT
siwmv2,Spoof/Partial_FunnyeyeGlasses/Partial_Funnyeye_141.mov,150,150,150,[],0,0,0,,INDEX_TIMESTAMPS_CONSISTENT
siwmv2,Spoof/Partial_FunnyeyeGlasses/Partial_Funnyeye_142.mov,150,150,150,[],0,0,0,,INDEX_TIMESTAMPS_CONSISTENT
siwmv2,Spoof/Partial_FunnyeyeGlasses/Partial_Funnyeye_143.mov,150,150,150,[],0,0,0,,INDEX_TIMESTAMPS_CONSISTENT
siwmv2,Spoof/Partial_FunnyeyeGlasses/Partial_Funnyeye_144.mov,150,150,150,[],0,0,0,,INDEX_TIMESTAMPS_CONSISTENT
siwmv2,Spoof/Partial_FunnyeyeGlasses/Partial_Funnyeye_145.mov,150,150,150,[],0,0,0,,INDEX_TIMESTAMPS_CONSISTENT
siwmv2,Spoof/Partial_FunnyeyeGlasses/Partial_Funnyeye_146.mov,150,150,150,[],0,0,0,,INDEX_TIMESTAMPS_CONSISTENT
siwmv2,Spoof/Partial_FunnyeyeGlasses/Partial_Funnyeye_147.mov,150,150,150,[],0,0,0,,INDEX_TIMESTAMPS_CONSISTENT
siwmv2,Spoof/Partial_FunnyeyeGlasses/Partial_Funnyeye_148.mov,150,150,150,[],0,0,0,,INDEX_TIMESTAMPS_CONSISTENT
siwmv2,Spoof/Partial_FunnyeyeGlasses/Partial_Funnyeye_149.mov,150,150,150,[],0,0,0,,INDEX_TIMESTAMPS_CONSISTENT
siwmv2,Spoof/Partial_FunnyeyeGlasses/Partial_Funnyeye_15.mov,150,150,150,[],0,0,0,,INDEX_TIMESTAMPS_CONSISTENT
siwmv2,Spoof/Partial_FunnyeyeGlasses/Partial_Funnyeye_150.mov,150,150,150,[],0,0,0,,INDEX_TIMESTAMPS_CONSISTENT
siwmv2,Spoof/Partial_FunnyeyeGlasses/Partial_Funnyeye_151.mov,150,150,150,[],0,0,0,,INDEX_TIMESTAMPS_CONSISTENT
siwmv2,Spoof/Partial_FunnyeyeGlasses/Partial_Funnyeye_152.mov,150,150,150,[],0,0,0,,INDEX_TIMESTAMPS_CONSISTENT
siwmv2,Spoof/Partial_FunnyeyeGlasses/Partial_Funnyeye_153.mov,150,150,150,[],0,0,0,,INDEX_TIMESTAMPS_CONSISTENT
siwmv2,Spoof/Partial_FunnyeyeGlasses/Partial_Funnyeye_154.mov,150,150,150,[],0,0,0,,INDEX_TIMESTAMPS_CONSISTENT
siwmv2,Spoof/Partial_FunnyeyeGlasses/Partial_Funnyeye_155.mov,150,150,150,[],0,0,0,,INDEX_TIMESTAMPS_CONSISTENT
siwmv2,Spoof/Partial_FunnyeyeGlasses/Partial_Funnyeye_156.mov,150,150,150,[],0,0,0,,INDEX_TIMESTAMPS_CONSISTENT
siwmv2,Spoof/Partial_FunnyeyeGlasses/Partial_Funnyeye_157.mov,150,150,150,[],0,0,0,,INDEX_TIMESTAMPS_CONSISTENT
siwmv2,Spoof/Partial_FunnyeyeGlasses/Partial_Funnyeye_158.mov,150,150,150,[],0,0,0,,INDEX_TIMESTAMPS_CONSISTENT
siwmv2,Spoof/Partial_FunnyeyeGlasses/Partial_Funnyeye_159.mov,150,150,150,[],0,0,0,,INDEX_TIMESTAMPS_CONSISTENT
siwmv2,Spoof/Partial_FunnyeyeGlasses/Partial_Funnyeye_16.mov,150,150,150,[],0,0,0,,INDEX_TIMESTAMPS_CONSISTENT
siwmv2,Spoof/Partial_FunnyeyeGlasses/Partial_Funnyeye_160.mov,150,150,150,[],0,0,0,,INDEX_TIMESTAMPS_CONSISTENT
siwmv2,Spoof/Partial_FunnyeyeGlasses/Partial_Funnyeye_161.mp4,150,150,150,[],0,0,0,,INDEX_TIMESTAMPS_CONSISTENT
siwmv2,Spoof/Partial_FunnyeyeGlasses/Partial_Funnyeye_162.mp4,150,150,150,[],0,0,0,,INDEX_TIMESTAMPS_CONSISTENT
siwmv2,Spoof/Partial_FunnyeyeGlasses/Partial_Funnyeye_163.mp4,150,150,150,[],0,0,0,,INDEX_TIMESTAMPS_CONSISTENT
siwmv2,Spoof/Partial_FunnyeyeGlasses/Partial_Funnyeye_164.mp4,150,150,150,[],0,0,0,,INDEX_TIMESTAMPS_CONSISTENT
siwmv2,Spoof/Partial_FunnyeyeGlasses/Partial_Funnyeye_165.mp4,217,215,215,"[215, 216]",2,0,0,,INDEX_TIMESTAMPS_CONSISTENT
siwmv2,Spoof/Partial_FunnyeyeGlasses/Partial_Funnyeye_166.mp4,150,150,150,[],0,0,0,,INDEX_TIMESTAMPS_CONSISTENT
siwmv2,Spoof/Partial_FunnyeyeGlasses/Partial_Funnyeye_167.mp4,150,150,150,[],0,0,0,,INDEX_TIMESTAMPS_CONSISTENT
siwmv2,Spoof/Partial_FunnyeyeGlasses/Partial_Funnyeye_168.mp4,150,150,150,[],0,0,0,,INDEX_TIMESTAMPS_CONSISTENT
siwmv2,Spoof/Partial_FunnyeyeGlasses/Partial_Funnyeye_169.mp4,150,150,150,[],0,0,0,,INDEX_TIMESTAMPS_CONSISTENT
siwmv2,Spoof/Partial_FunnyeyeGlasses/Partial_Funnyeye_17.mov,150,150,150,[],0,0,0,,INDEX_TIMESTAMPS_CONSISTENT
siwmv2,Spoof/Partial_FunnyeyeGlasses/Partial_Funnyeye_170.mp4,179,176,176,"[176, 177, 178]",3,0,0,,INDEX_TIMESTAMPS_CONSISTENT
siwmv2,Spoof/Partial_FunnyeyeGlasses/Partial_Funnyeye_171.mp4,152,148,148,"[148, 149, 150, 151]",4,0,0,,INDEX_TIMESTAMPS_CONSISTENT
siwmv2,Spoof/Partial_FunnyeyeGlasses/Partial_Funnyeye_172.mp4,150,150,150,[],0,0,0,,INDEX_TIMESTAMPS_CONSISTENT
siwmv2,Spoof/Partial_FunnyeyeGlasses/Partial_Funnyeye_173.mp4,150,150,150,[],0,0,0,,INDEX_TIMESTAMPS_CONSISTENT
siwmv2,Spoof/Partial_FunnyeyeGlasses/Partial_Funnyeye_174.mp4,238,236,236,"[236, 237]",2,0,0,,INDEX_TIMESTAMPS_CONSISTENT
siwmv2,Spoof/Partial_FunnyeyeGlasses/Partial_Funnyeye_175.mp4,357,354,354,"[354, 355, 356]",3,0,0,,INDEX_TIMESTAMPS_CONSISTENT
siwmv2,Spoof/Partial_FunnyeyeGlasses/Partial_Funnyeye_176.mp4,150,150,150,[],0,0,0,,INDEX_TIMESTAMPS_CONSISTENT
siwmv2,Spoof/Partial_FunnyeyeGlasses/Partial_Funnyeye_177.mp4,150,150,150,[],0,0,0,,INDEX_TIMESTAMPS_CONSISTENT
siwmv2,Spoof/Partial_FunnyeyeGlasses/Partial_Funnyeye_178.mp4,150,150,150,[],0,0,0,,INDEX_TIMESTAMPS_CONSISTENT
siwmv2,Spoof/Partial_FunnyeyeGlasses/Partial_Funnyeye_179.mp4,150,150,150,[],0,0,0,,INDEX_TIMESTAMPS_CONSISTENT
siwmv2,Spoof/Partial_FunnyeyeGlasses/Partial_Funnyeye_18.mov,150,150,150,[],0,0,0,,INDEX_TIMESTAMPS_CONSISTENT
siwmv2,Spoof/Partial_FunnyeyeGlasses/Partial_Funnyeye_19.mov,150,150,150,[],0,0,0,,INDEX_TIMESTAMPS_CONSISTENT
siwmv2,Spoof/Partial_FunnyeyeGlasses/Partial_Funnyeye_2.mov,150,150,150,[],0,0,0,,INDEX_TIMESTAMPS_CONSISTENT
siwmv2,Spoof/Partial_FunnyeyeGlasses/Partial_Funnyeye_20.mov,150,150,150,[],0,0,0,,INDEX_TIMESTAMPS_CONSISTENT
siwmv2,Spoof/Partial_FunnyeyeGlasses/Partial_Funnyeye_21.mov,150,150,150,[],0,0,0,,INDEX_TIMESTAMPS_CONSISTENT
siwmv2,Spoof/Partial_FunnyeyeGlasses/Partial_Funnyeye_22.mov,150,150,150,[],0,0,0,,INDEX_TIMESTAMPS_CONSISTENT
siwmv2,Spoof/Partial_FunnyeyeGlasses/Partial_Funnyeye_23.mov,150,150,150,[],0,0,0,,INDEX_TIMESTAMPS_CONSISTENT
siwmv2,Spoof/Partial_FunnyeyeGlasses/Partial_Funnyeye_24.mov,150,150,150,[],0,0,0,,INDEX_TIMESTAMPS_CONSISTENT
siwmv2,Spoof/Partial_FunnyeyeGlasses/Partial_Funnyeye_25.mov,150,150,150,[],0,0,0,,INDEX_TIMESTAMPS_CONSISTENT
siwmv2,Spoof/Partial_FunnyeyeGlasses/Partial_Funnyeye_26.mov,150,150,150,[],0,0,0,,INDEX_TIMESTAMPS_CONSISTENT
siwmv2,Spoof/Partial_FunnyeyeGlasses/Partial_Funnyeye_27.mov,150,150,150,[],0,0,0,,INDEX_TIMESTAMPS_CONSISTENT
siwmv2,Spoof/Partial_FunnyeyeGlasses/Partial_Funnyeye_28.mov,150,150,150,[],0,0,0,,INDEX_TIMESTAMPS_CONSISTENT
siwmv2,Spoof/Partial_FunnyeyeGlasses/Partial_Funnyeye_29.mov,150,150,150,[],0,0,0,,INDEX_TIMESTAMPS_CONSISTENT
siwmv2,Spoof/Partial_FunnyeyeGlasses/Partial_Funnyeye_3.mov,150,150,150,[],0,0,0,,INDEX_TIMESTAMPS_CONSISTENT
siwmv2,Spoof/Partial_FunnyeyeGlasses/Partial_Funnyeye_30.mov,150,150,150,[],0,0,0,,INDEX_TIMESTAMPS_CONSISTENT
siwmv2,Spoof/Partial_FunnyeyeGlasses/Partial_Funnyeye_31.mov,150,150,150,[],0,0,0,,INDEX_TIMESTAMPS_CONSISTENT
siwmv2,Spoof/Partial_FunnyeyeGlasses/Partial_Funnyeye_32.mov,150,150,150,[],0,0,0,,INDEX_TIMESTAMPS_CONSISTENT
siwmv2,Spoof/Partial_FunnyeyeGlasses/Partial_Funnyeye_33.mov,150,150,150,[],0,0,0,,INDEX_TIMESTAMPS_CONSISTENT
siwmv2,Spoof/Partial_FunnyeyeGlasses/Partial_Funnyeye_34.mov,150,150,150,[],0,0,0,,INDEX_TIMESTAMPS_CONSISTENT
siwmv2,Spoof/Partial_FunnyeyeGlasses/Partial_Funnyeye_35.mov,150,150,150,[],0,0,0,,INDEX_TIMESTAMPS_CONSISTENT
siwmv2,Spoof/Partial_FunnyeyeGlasses/Partial_Funnyeye_36.mov,150,150,150,[],0,0,0,,INDEX_TIMESTAMPS_CONSISTENT
siwmv2,Spoof/Partial_FunnyeyeGlasses/Partial_Funnyeye_37.mov,150,150,150,[],0,0,0,,INDEX_TIMESTAMPS_CONSISTENT
siwmv2,Spoof/Partial_FunnyeyeGlasses/Partial_Funnyeye_38.mov,150,150,150,[],0,0,0,,INDEX_TIMESTAMPS_CONSISTENT
siwmv2,Spoof/Partial_FunnyeyeGlasses/Partial_Funnyeye_39.mov,150,150,150,[],0,0,0,,INDEX_TIMESTAMPS_CONSISTENT
siwmv2,Spoof/Partial_FunnyeyeGlasses/Partial_Funnyeye_4.mov,150,150,150,[],0,0,0,,INDEX_TIMESTAMPS_CONSISTENT
siwmv2,Spoof/Partial_FunnyeyeGlasses/Partial_Funnyeye_40.mov,150,150,150,[],0,0,0,,INDEX_TIMESTAMPS_CONSISTENT
siwmv2,Spoof/Partial_FunnyeyeGlasses/Partial_Funnyeye_41.mov,150,150,150,[],0,0,0,,INDEX_TIMESTAMPS_CONSISTENT
siwmv2,Spoof/Partial_FunnyeyeGlasses/Partial_Funnyeye_42.mov,150,150,150,[],0,0,0,,INDEX_TIMESTAMPS_CONSISTENT
siwmv2,Spoof/Partial_FunnyeyeGlasses/Partial_Funnyeye_43.mov,150,150,150,[],0,0,0,,INDEX_TIMESTAMPS_CONSISTENT
siwmv2,Spoof/Partial_FunnyeyeGlasses/Partial_Funnyeye_44.mov,150,150,150,[],0,0,0,,INDEX_TIMESTAMPS_CONSISTENT
siwmv2,Spoof/Partial_FunnyeyeGlasses/Partial_Funnyeye_45.mov,150,150,150,[],0,0,0,,INDEX_TIMESTAMPS_CONSISTENT
siwmv2,Spoof/Partial_FunnyeyeGlasses/Partial_Funnyeye_46.mov,150,150,150,[],0,0,0,,INDEX_TIMESTAMPS_CONSISTENT
siwmv2,Spoof/Partial_FunnyeyeGlasses/Partial_Funnyeye_47.mov,150,150,150,[],0,0,0,,INDEX_TIMESTAMPS_CONSISTENT
siwmv2,Spoof/Partial_FunnyeyeGlasses/Partial_Funnyeye_48.mov,150,150,150,[],0,0,0,,INDEX_TIMESTAMPS_CONSISTENT
siwmv2,Spoof/Partial_FunnyeyeGlasses/Partial_Funnyeye_49.mov,150,150,150,[],0,0,0,,INDEX_TIMESTAMPS_CONSISTENT
siwmv2,Spoof/Partial_FunnyeyeGlasses/Partial_Funnyeye_5.mov,150,150,150,[],0,0,0,,INDEX_TIMESTAMPS_CONSISTENT
siwmv2,Spoof/Partial_FunnyeyeGlasses/Partial_Funnyeye_50.mov,150,150,150,[],0,0,0,,INDEX_TIMESTAMPS_CONSISTENT
siwmv2,Spoof/Partial_FunnyeyeGlasses/Partial_Funnyeye_51.mov,150,150,150,[],0,0,0,,INDEX_TIMESTAMPS_CONSISTENT
siwmv2,Spoof/Partial_FunnyeyeGlasses/Partial_Funnyeye_52.mov,150,150,150,[],0,0,0,,INDEX_TIMESTAMPS_CONSISTENT
siwmv2,Spoof/Partial_FunnyeyeGlasses/Partial_Funnyeye_53.mov,150,150,150,[],0,0,0,,INDEX_TIMESTAMPS_CONSISTENT
siwmv2,Spoof/Partial_FunnyeyeGlasses/Partial_Funnyeye_54.mov,150,150,150,[],0,0,0,,INDEX_TIMESTAMPS_CONSISTENT
siwmv2,Spoof/Partial_FunnyeyeGlasses/Partial_Funnyeye_55.mov,150,150,150,[],0,0,0,,INDEX_TIMESTAMPS_CONSISTENT
siwmv2,Spoof/Partial_FunnyeyeGlasses/Partial_Funnyeye_56.mov,150,150,150,[],0,0,0,,INDEX_TIMESTAMPS_CONSISTENT
siwmv2,Spoof/Partial_FunnyeyeGlasses/Partial_Funnyeye_57.mov,150,150,150,[],0,0,0,,INDEX_TIMESTAMPS_CONSISTENT
siwmv2,Spoof/Partial_FunnyeyeGlasses/Partial_Funnyeye_58.mov,150,150,150,[],0,0,0,,INDEX_TIMESTAMPS_CONSISTENT
siwmv2,Spoof/Partial_FunnyeyeGlasses/Partial_Funnyeye_59.mov,150,150,150,[],0,0,0,,INDEX_TIMESTAMPS_CONSISTENT
siwmv2,Spoof/Partial_FunnyeyeGlasses/Partial_Funnyeye_6.mov,150,150,150,[],0,0,0,,INDEX_TIMESTAMPS_CONSISTENT
siwmv2,Spoof/Partial_FunnyeyeGlasses/Partial_Funnyeye_60.mov,150,150,150,[],0,0,0,,INDEX_TIMESTAMPS_CONSISTENT
siwmv2,Spoof/Partial_FunnyeyeGlasses/Partial_Funnyeye_61.mov,150,150,150,[],0,0,0,,INDEX_TIMESTAMPS_CONSISTENT
siwmv2,Spoof/Partial_FunnyeyeGlasses/Partial_Funnyeye_62.mov,150,150,150,[],0,0,0,,INDEX_TIMESTAMPS_CONSISTENT
siwmv2,Spoof/Partial_FunnyeyeGlasses/Partial_Funnyeye_63.mov,150,150,150,[],0,0,0,,INDEX_TIMESTAMPS_CONSISTENT
siwmv2,Spoof/Partial_FunnyeyeGlasses/Partial_Funnyeye_64.mov,150,150,150,[],0,0,0,,INDEX_TIMESTAMPS_CONSISTENT
siwmv2,Spoof/Partial_FunnyeyeGlasses/Partial_Funnyeye_65.mov,150,150,150,[],0,0,0,,INDEX_TIMESTAMPS_CONSISTENT
siwmv2,Spoof/Partial_FunnyeyeGlasses/Partial_Funnyeye_66.mov,150,150,150,[],0,0,0,,INDEX_TIMESTAMPS_CONSISTENT
siwmv2,Spoof/Partial_FunnyeyeGlasses/Partial_Funnyeye_67.mov,150,150,150,[],0,0,0,,INDEX_TIMESTAMPS_CONSISTENT
siwmv2,Spoof/Partial_FunnyeyeGlasses/Partial_Funnyeye_68.mov,150,150,150,[],0,0,0,,INDEX_TIMESTAMPS_CONSISTENT
siwmv2,Spoof/Partial_FunnyeyeGlasses/Partial_Funnyeye_69.mov,150,150,150,[],0,0,0,,INDEX_TIMESTAMPS_CONSISTENT
siwmv2,Spoof/Partial_FunnyeyeGlasses/Partial_Funnyeye_7.mov,150,150,150,[],0,0,0,,INDEX_TIMESTAMPS_CONSISTENT
siwmv2,Spoof/Partial_FunnyeyeGlasses/Partial_Funnyeye_70.mov,150,150,150,[],0,0,0,,INDEX_TIMESTAMPS_CONSISTENT
siwmv2,Spoof/Partial_FunnyeyeGlasses/Partial_Funnyeye_71.mov,150,150,150,[],0,0,0,,INDEX_TIMESTAMPS_CONSISTENT
siwmv2,Spoof/Partial_FunnyeyeGlasses/Partial_Funnyeye_72.mov,150,150,150,[],0,0,0,,INDEX_TIMESTAMPS_CONSISTENT
siwmv2,Spoof/Partial_FunnyeyeGlasses/Partial_Funnyeye_73.mov,150,150,150,[],0,0,0,,INDEX_TIMESTAMPS_CONSISTENT
siwmv2,Spoof/Partial_FunnyeyeGlasses/Partial_Funnyeye_74.mov,150,150,150,[],0,0,0,,INDEX_TIMESTAMPS_CONSISTENT
siwmv2,Spoof/Partial_FunnyeyeGlasses/Partial_Funnyeye_75.mov,150,150,150,[],0,0,0,,INDEX_TIMESTAMPS_CONSISTENT
siwmv2,Spoof/Partial_FunnyeyeGlasses/Partial_Funnyeye_76.mov,150,150,150,[],0,0,0,,INDEX_TIMESTAMPS_CONSISTENT
siwmv2,Spoof/Partial_FunnyeyeGlasses/Partial_Funnyeye_77.mov,150,150,150,[],0,0,0,,INDEX_TIMESTAMPS_CONSISTENT
siwmv2,Spoof/Partial_FunnyeyeGlasses/Partial_Funnyeye_78.mov,150,150,150,[],0,0,0,,INDEX_TIMESTAMPS_CONSISTENT
siwmv2,Spoof/Partial_FunnyeyeGlasses/Partial_Funnyeye_79.mov,150,150,150,[],0,0,0,,INDEX_TIMESTAMPS_CONSISTENT
siwmv2,Spoof/Partial_FunnyeyeGlasses/Partial_Funnyeye_8.mov,150,150,150,[],0,0,0,,INDEX_TIMESTAMPS_CONSISTENT
siwmv2,Spoof/Partial_FunnyeyeGlasses/Partial_Funnyeye_80.mov,150,150,150,[],0,0,0,,INDEX_TIMESTAMPS_CONSISTENT
siwmv2,Spoof/Partial_FunnyeyeGlasses/Partial_Funnyeye_81.mov,150,150,150,[],0,0,0,,INDEX_TIMESTAMPS_CONSISTENT
siwmv2,Spoof/Partial_FunnyeyeGlasses/Partial_Funnyeye_82.mov,150,150,150,[],0,0,0,,INDEX_TIMESTAMPS_CONSISTENT
siwmv2,Spoof/Partial_FunnyeyeGlasses/Partial_Funnyeye_83.mov,150,150,150,[],0,0,0,,INDEX_TIMESTAMPS_CONSISTENT
siwmv2,Spoof/Partial_FunnyeyeGlasses/Partial_Funnyeye_84.mov,150,150,150,[],0,0,0,,INDEX_TIMESTAMPS_CONSISTENT
siwmv2,Spoof/Partial_FunnyeyeGlasses/Partial_Funnyeye_85.mov,150,150,150,[],0,0,0,,INDEX_TIMESTAMPS_CONSISTENT
siwmv2,Spoof/Partial_FunnyeyeGlasses/Partial_Funnyeye_86.mov,150,150,150,[],0,0,0,,INDEX_TIMESTAMPS_CONSISTENT
siwmv2,Spoof/Partial_FunnyeyeGlasses/Partial_Funnyeye_87.mov,150,150,150,[],0,0,0,,INDEX_TIMESTAMPS_CONSISTENT
siwmv2,Spoof/Partial_FunnyeyeGlasses/Partial_Funnyeye_88.mov,150,150,150,[],0,0,0,,INDEX_TIMESTAMPS_CONSISTENT
siwmv2,Spoof/Partial_FunnyeyeGlasses/Partial_Funnyeye_89.mov,150,150,150,[],0,0,0,,INDEX_TIMESTAMPS_CONSISTENT
siwmv2,Spoof/Partial_FunnyeyeGlasses/Partial_Funnyeye_9.mov,150,150,150,[],0,0,0,,INDEX_TIMESTAMPS_CONSISTENT
siwmv2,Spoof/Partial_FunnyeyeGlasses/Partial_Funnyeye_90.mov,150,150,150,[],0,0,0,,INDEX_TIMESTAMPS_CONSISTENT
siwmv2,Spoof/Partial_FunnyeyeGlasses/Partial_Funnyeye_91.mov,150,150,150,[],0,0,0,,INDEX_TIMESTAMPS_CONSISTENT
siwmv2,Spoof/Partial_FunnyeyeGlasses/Partial_Funnyeye_92.mov,150,150,150,[],0,0,0,,INDEX_TIMESTAMPS_CONSISTENT
siwmv2,Spoof/Partial_FunnyeyeGlasses/Partial_Funnyeye_93.mov,150,150,150,[],0,0,0,,INDEX_TIMESTAMPS_CONSISTENT
siwmv2,Spoof/Partial_FunnyeyeGlasses/Partial_Funnyeye_94.mov,150,150,150,[],0,0,0,,INDEX_TIMESTAMPS_CONSISTENT
siwmv2,Spoof/Partial_FunnyeyeGlasses/Partial_Funnyeye_95.mov,150,150,150,[],0,0,0,,INDEX_TIMESTAMPS_CONSISTENT
siwmv2,Spoof/Partial_FunnyeyeGlasses/Partial_Funnyeye_96.mov,150,150,150,[],0,0,0,,INDEX_TIMESTAMPS_CONSISTENT
siwmv2,Spoof/Partial_FunnyeyeGlasses/Partial_Funnyeye_97.mov,150,150,150,[],0,0,0,,INDEX_TIMESTAMPS_CONSISTENT
siwmv2,Spoof/Partial_FunnyeyeGlasses/Partial_Funnyeye_98.mov,150,150,150,[],0,0,0,,INDEX_TIMESTAMPS_CONSISTENT
siwmv2,Spoof/Partial_FunnyeyeGlasses/Partial_Funnyeye_99.mov,150,150,150,[],0,0,0,,INDEX_TIMESTAMPS_CONSISTENT
siwmv2,Spoof/Partial_Mouth/Partial_Mouth_1.mov,178,178,178,[],0,0,0,,INDEX_TIMESTAMPS_CONSISTENT
siwmv2,Spoof/Partial_Mouth/Partial_Mouth_10.mov,179,179,179,[],0,0,0,,INDEX_TIMESTAMPS_CONSISTENT
siwmv2,Spoof/Partial_Mouth/Partial_Mouth_11.mov,179,179,179,[],0,0,0,,INDEX_TIMESTAMPS_CONSISTENT
siwmv2,Spoof/Partial_Mouth/Partial_Mouth_12.mov,185,185,185,[],0,0,0,,INDEX_TIMESTAMPS_CONSISTENT
siwmv2,Spoof/Partial_Mouth/Partial_Mouth_13.mov,182,182,182,[],0,0,0,,INDEX_TIMESTAMPS_CONSISTENT
siwmv2,Spoof/Partial_Mouth/Partial_Mouth_14.mov,166,166,166,[],0,0,0,,INDEX_TIMESTAMPS_CONSISTENT
siwmv2,Spoof/Partial_Mouth/Partial_Mouth_15.mov,169,169,169,[],0,0,0,,INDEX_TIMESTAMPS_CONSISTENT
siwmv2,Spoof/Partial_Mouth/Partial_Mouth_16.mov,178,178,178,[],0,0,0,,INDEX_TIMESTAMPS_CONSISTENT
siwmv2,Spoof/Partial_Mouth/Partial_Mouth_17.mov,188,188,188,[],0,0,0,,INDEX_TIMESTAMPS_CONSISTENT
siwmv2,Spoof/Partial_Mouth/Partial_Mouth_18.mov,199,199,199,[],0,0,0,,INDEX_TIMESTAMPS_CONSISTENT
siwmv2,Spoof/Partial_Mouth/Partial_Mouth_19.mov,189,189,189,[],0,0,0,,INDEX_TIMESTAMPS_CONSISTENT
siwmv2,Spoof/Partial_Mouth/Partial_Mouth_2.mov,199,199,199,[],0,0,0,,INDEX_TIMESTAMPS_CONSISTENT
siwmv2,Spoof/Partial_Mouth/Partial_Mouth_20.mov,181,181,181,[],0,0,0,,INDEX_TIMESTAMPS_CONSISTENT
siwmv2,Spoof/Partial_Mouth/Partial_Mouth_21.mov,214,214,214,[],0,0,0,,INDEX_TIMESTAMPS_CONSISTENT
siwmv2,Spoof/Partial_Mouth/Partial_Mouth_22.mov,185,185,185,[],0,0,0,,INDEX_TIMESTAMPS_CONSISTENT
siwmv2,Spoof/Partial_Mouth/Partial_Mouth_23.mov,191,191,191,[],0,0,0,,INDEX_TIMESTAMPS_CONSISTENT
siwmv2,Spoof/Partial_Mouth/Partial_Mouth_24.mov,250,250,250,[],0,0,0,,INDEX_TIMESTAMPS_CONSISTENT
siwmv2,Spoof/Partial_Mouth/Partial_Mouth_25.mov,193,193,193,[],0,0,0,,INDEX_TIMESTAMPS_CONSISTENT
siwmv2,Spoof/Partial_Mouth/Partial_Mouth_26.mov,186,186,186,[],0,0,0,,INDEX_TIMESTAMPS_CONSISTENT
siwmv2,Spoof/Partial_Mouth/Partial_Mouth_27.mov,150,150,150,[],0,0,0,,INDEX_TIMESTAMPS_CONSISTENT
siwmv2,Spoof/Partial_Mouth/Partial_Mouth_28.mov,150,150,150,[],0,0,0,,INDEX_TIMESTAMPS_CONSISTENT
siwmv2,Spoof/Partial_Mouth/Partial_Mouth_29.mov,150,150,150,[],0,0,0,,INDEX_TIMESTAMPS_CONSISTENT
siwmv2,Spoof/Partial_Mouth/Partial_Mouth_3.mov,170,170,170,[],0,0,0,,INDEX_TIMESTAMPS_CONSISTENT
siwmv2,Spoof/Partial_Mouth/Partial_Mouth_4.mov,176,176,176,[],0,0,0,,INDEX_TIMESTAMPS_CONSISTENT
siwmv2,Spoof/Partial_Mouth/Partial_Mouth_5.mov,168,168,168,[],0,0,0,,INDEX_TIMESTAMPS_CONSISTENT
siwmv2,Spoof/Partial_Mouth/Partial_Mouth_6.mov,178,178,178,[],0,0,0,,INDEX_TIMESTAMPS_CONSISTENT
siwmv2,Spoof/Partial_Mouth/Partial_Mouth_7.mov,181,181,181,[],0,0,0,,INDEX_TIMESTAMPS_CONSISTENT
siwmv2,Spoof/Partial_Mouth/Partial_Mouth_8.mov,180,180,180,[],0,0,0,,INDEX_TIMESTAMPS_CONSISTENT
siwmv2,Spoof/Partial_Mouth/Partial_Mouth_9.mov,191,191,191,[],0,0,0,,INDEX_TIMESTAMPS_CONSISTENT
siwmv2,Spoof/Partial_PaperGlasses/Partial_Paperglass_1.mov,150,150,150,[],0,0,0,,INDEX_TIMESTAMPS_CONSISTENT
siwmv2,Spoof/Partial_PaperGlasses/Partial_Paperglass_10.mov,150,150,150,[],0,0,0,,INDEX_TIMESTAMPS_CONSISTENT
siwmv2,Spoof/Partial_PaperGlasses/Partial_Paperglass_11.mov,150,150,150,[],0,0,0,,INDEX_TIMESTAMPS_CONSISTENT
siwmv2,Spoof/Partial_PaperGlasses/Partial_Paperglass_12.mov,150,150,150,[],0,0,0,,INDEX_TIMESTAMPS_CONSISTENT
siwmv2,Spoof/Partial_PaperGlasses/Partial_Paperglass_121.mov,150,150,150,[],0,0,0,,INDEX_TIMESTAMPS_CONSISTENT
siwmv2,Spoof/Partial_PaperGlasses/Partial_Paperglass_122.mov,150,150,150,[],0,0,0,,INDEX_TIMESTAMPS_CONSISTENT
siwmv2,Spoof/Partial_PaperGlasses/Partial_Paperglass_123.mov,150,150,150,[],0,0,0,,INDEX_TIMESTAMPS_CONSISTENT
siwmv2,Spoof/Partial_PaperGlasses/Partial_Paperglass_124.mov,150,150,150,[],0,0,0,,INDEX_TIMESTAMPS_CONSISTENT
siwmv2,Spoof/Partial_PaperGlasses/Partial_Paperglass_125.mov,150,150,150,[],0,0,0,,INDEX_TIMESTAMPS_CONSISTENT
siwmv2,Spoof/Partial_PaperGlasses/Partial_Paperglass_126.mov,150,150,150,[],0,0,0,,INDEX_TIMESTAMPS_CONSISTENT
siwmv2,Spoof/Partial_PaperGlasses/Partial_Paperglass_127.mov,150,150,150,[],0,0,0,,INDEX_TIMESTAMPS_CONSISTENT
siwmv2,Spoof/Partial_PaperGlasses/Partial_Paperglass_13.mov,150,150,150,[],0,0,0,,INDEX_TIMESTAMPS_CONSISTENT
siwmv2,Spoof/Partial_PaperGlasses/Partial_Paperglass_14.mov,150,150,150,[],0,0,0,,INDEX_TIMESTAMPS_CONSISTENT
siwmv2,Spoof/Partial_PaperGlasses/Partial_Paperglass_15.mov,150,150,150,[],0,0,0,,INDEX_TIMESTAMPS_CONSISTENT
siwmv2,Spoof/Partial_PaperGlasses/Partial_Paperglass_16.mov,150,150,150,[],0,0,0,,INDEX_TIMESTAMPS_CONSISTENT
siwmv2,Spoof/Partial_PaperGlasses/Partial_Paperglass_17.mov,150,150,150,[],0,0,0,,INDEX_TIMESTAMPS_CONSISTENT
siwmv2,Spoof/Partial_PaperGlasses/Partial_Paperglass_18.mov,150,150,150,[],0,0,0,,INDEX_TIMESTAMPS_CONSISTENT
siwmv2,Spoof/Partial_PaperGlasses/Partial_Paperglass_19.mov,150,150,150,[],0,0,0,,INDEX_TIMESTAMPS_CONSISTENT
siwmv2,Spoof/Partial_PaperGlasses/Partial_Paperglass_2.mov,150,150,150,[],0,0,0,,INDEX_TIMESTAMPS_CONSISTENT
siwmv2,Spoof/Partial_PaperGlasses/Partial_Paperglass_20.mov,150,150,150,[],0,0,0,,INDEX_TIMESTAMPS_CONSISTENT
siwmv2,Spoof/Partial_PaperGlasses/Partial_Paperglass_21.mov,150,150,150,[],0,0,0,,INDEX_TIMESTAMPS_CONSISTENT
siwmv2,Spoof/Partial_PaperGlasses/Partial_Paperglass_22.mov,150,150,150,[],0,0,0,,INDEX_TIMESTAMPS_CONSISTENT
siwmv2,Spoof/Partial_PaperGlasses/Partial_Paperglass_23.mov,150,150,150,[],0,0,0,,INDEX_TIMESTAMPS_CONSISTENT
siwmv2,Spoof/Partial_PaperGlasses/Partial_Paperglass_24.mov,150,150,150,[],0,0,0,,INDEX_TIMESTAMPS_CONSISTENT
siwmv2,Spoof/Partial_PaperGlasses/Partial_Paperglass_25.mov,150,150,150,[],0,0,0,,INDEX_TIMESTAMPS_CONSISTENT
siwmv2,Spoof/Partial_PaperGlasses/Partial_Paperglass_26.mov,150,150,150,[],0,0,0,,INDEX_TIMESTAMPS_CONSISTENT
siwmv2,Spoof/Partial_PaperGlasses/Partial_Paperglass_27.mov,150,150,150,[],0,0,0,,INDEX_TIMESTAMPS_CONSISTENT
siwmv2,Spoof/Partial_PaperGlasses/Partial_Paperglass_28.mov,150,150,150,[],0,0,0,,INDEX_TIMESTAMPS_CONSISTENT
siwmv2,Spoof/Partial_PaperGlasses/Partial_Paperglass_29.mov,150,150,150,[],0,0,0,,INDEX_TIMESTAMPS_CONSISTENT
siwmv2,Spoof/Partial_PaperGlasses/Partial_Paperglass_3.mov,150,150,150,[],0,0,0,,INDEX_TIMESTAMPS_CONSISTENT
siwmv2,Spoof/Partial_PaperGlasses/Partial_Paperglass_30.mov,150,150,150,[],0,0,0,,INDEX_TIMESTAMPS_CONSISTENT
siwmv2,Spoof/Partial_PaperGlasses/Partial_Paperglass_31.mov,150,150,150,[],0,0,0,,INDEX_TIMESTAMPS_CONSISTENT
siwmv2,Spoof/Partial_PaperGlasses/Partial_Paperglass_32.mov,150,150,150,[],0,0,0,,INDEX_TIMESTAMPS_CONSISTENT
siwmv2,Spoof/Partial_PaperGlasses/Partial_Paperglass_33.mov,150,150,150,[],0,0,0,,INDEX_TIMESTAMPS_CONSISTENT
siwmv2,Spoof/Partial_PaperGlasses/Partial_Paperglass_34.mov,150,150,150,[],0,0,0,,INDEX_TIMESTAMPS_CONSISTENT
siwmv2,Spoof/Partial_PaperGlasses/Partial_Paperglass_35.mov,150,150,150,[],0,0,0,,INDEX_TIMESTAMPS_CONSISTENT
siwmv2,Spoof/Partial_PaperGlasses/Partial_Paperglass_36.mov,150,150,150,[],0,0,0,,INDEX_TIMESTAMPS_CONSISTENT
siwmv2,Spoof/Partial_PaperGlasses/Partial_Paperglass_37.mov,150,150,150,[],0,0,0,,INDEX_TIMESTAMPS_CONSISTENT
siwmv2,Spoof/Partial_PaperGlasses/Partial_Paperglass_38.mov,150,150,150,[],0,0,0,,INDEX_TIMESTAMPS_CONSISTENT
siwmv2,Spoof/Partial_PaperGlasses/Partial_Paperglass_39.mov,150,150,150,[],0,0,0,,INDEX_TIMESTAMPS_CONSISTENT
siwmv2,Spoof/Partial_PaperGlasses/Partial_Paperglass_4.mov,150,150,150,[],0,0,0,,INDEX_TIMESTAMPS_CONSISTENT
siwmv2,Spoof/Partial_PaperGlasses/Partial_Paperglass_40.mov,150,150,150,[],0,0,0,,INDEX_TIMESTAMPS_CONSISTENT
siwmv2,Spoof/Partial_PaperGlasses/Partial_Paperglass_41.mov,150,150,150,[],0,0,0,,INDEX_TIMESTAMPS_CONSISTENT
siwmv2,Spoof/Partial_PaperGlasses/Partial_Paperglass_42.mov,150,150,150,[],0,0,0,,INDEX_TIMESTAMPS_CONSISTENT
siwmv2,Spoof/Partial_PaperGlasses/Partial_Paperglass_43.mov,150,150,150,[],0,0,0,,INDEX_TIMESTAMPS_CONSISTENT
siwmv2,Spoof/Partial_PaperGlasses/Partial_Paperglass_44.mov,150,150,150,[],0,0,0,,INDEX_TIMESTAMPS_CONSISTENT
siwmv2,Spoof/Partial_PaperGlasses/Partial_Paperglass_45.mov,150,150,150,[],0,0,0,,INDEX_TIMESTAMPS_CONSISTENT
siwmv2,Spoof/Partial_PaperGlasses/Partial_Paperglass_46.mov,150,150,150,[],0,0,0,,INDEX_TIMESTAMPS_CONSISTENT
siwmv2,Spoof/Partial_PaperGlasses/Partial_Paperglass_47.mov,150,150,150,[],0,0,0,,INDEX_TIMESTAMPS_CONSISTENT
siwmv2,Spoof/Partial_PaperGlasses/Partial_Paperglass_48.mov,150,150,150,[],0,0,0,,INDEX_TIMESTAMPS_CONSISTENT
siwmv2,Spoof/Partial_PaperGlasses/Partial_Paperglass_49.mov,150,150,150,[],0,0,0,,INDEX_TIMESTAMPS_CONSISTENT
siwmv2,Spoof/Partial_PaperGlasses/Partial_Paperglass_5.mov,150,150,150,[],0,0,0,,INDEX_TIMESTAMPS_CONSISTENT
siwmv2,Spoof/Partial_PaperGlasses/Partial_Paperglass_50.mov,150,150,150,[],0,0,0,,INDEX_TIMESTAMPS_CONSISTENT
siwmv2,Spoof/Partial_PaperGlasses/Partial_Paperglass_51.mov,150,150,150,[],0,0,0,,INDEX_TIMESTAMPS_CONSISTENT
siwmv2,Spoof/Partial_PaperGlasses/Partial_Paperglass_52.mov,150,150,150,[],0,0,0,,INDEX_TIMESTAMPS_CONSISTENT
siwmv2,Spoof/Partial_PaperGlasses/Partial_Paperglass_53.mov,150,150,150,[],0,0,0,,INDEX_TIMESTAMPS_CONSISTENT
siwmv2,Spoof/Partial_PaperGlasses/Partial_Paperglass_54.mov,150,150,150,[],0,0,0,,INDEX_TIMESTAMPS_CONSISTENT
siwmv2,Spoof/Partial_PaperGlasses/Partial_Paperglass_55.mov,150,150,150,[],0,0,0,,INDEX_TIMESTAMPS_CONSISTENT
siwmv2,Spoof/Partial_PaperGlasses/Partial_Paperglass_56.mov,150,150,150,[],0,0,0,,INDEX_TIMESTAMPS_CONSISTENT
siwmv2,Spoof/Partial_PaperGlasses/Partial_Paperglass_57.mov,150,150,150,[],0,0,0,,INDEX_TIMESTAMPS_CONSISTENT
siwmv2,Spoof/Partial_PaperGlasses/Partial_Paperglass_58.mov,150,150,150,[],0,0,0,,INDEX_TIMESTAMPS_CONSISTENT
siwmv2,Spoof/Partial_PaperGlasses/Partial_Paperglass_59.mov,150,150,150,[],0,0,0,,INDEX_TIMESTAMPS_CONSISTENT
siwmv2,Spoof/Partial_PaperGlasses/Partial_Paperglass_6.mov,150,150,150,[],0,0,0,,INDEX_TIMESTAMPS_CONSISTENT
siwmv2,Spoof/Partial_PaperGlasses/Partial_Paperglass_60.mov,150,150,150,[],0,0,0,,INDEX_TIMESTAMPS_CONSISTENT
siwmv2,Spoof/Partial_PaperGlasses/Partial_Paperglass_61.mov,150,150,150,[],0,0,0,,INDEX_TIMESTAMPS_CONSISTENT
siwmv2,Spoof/Partial_PaperGlasses/Partial_Paperglass_62.mov,150,150,150,[],0,0,0,,INDEX_TIMESTAMPS_CONSISTENT
siwmv2,Spoof/Partial_PaperGlasses/Partial_Paperglass_63.mov,150,150,150,[],0,0,0,,INDEX_TIMESTAMPS_CONSISTENT
siwmv2,Spoof/Partial_PaperGlasses/Partial_Paperglass_64.mov,150,150,150,[],0,0,0,,INDEX_TIMESTAMPS_CONSISTENT
siwmv2,Spoof/Partial_PaperGlasses/Partial_Paperglass_65.mov,150,150,150,[],0,0,0,,INDEX_TIMESTAMPS_CONSISTENT
siwmv2,Spoof/Partial_PaperGlasses/Partial_Paperglass_66.mov,150,150,150,[],0,0,0,,INDEX_TIMESTAMPS_CONSISTENT
siwmv2,Spoof/Partial_PaperGlasses/Partial_Paperglass_67.mov,150,150,150,[],0,0,0,,INDEX_TIMESTAMPS_CONSISTENT
siwmv2,Spoof/Partial_PaperGlasses/Partial_Paperglass_68.mov,150,150,150,[],0,0,0,,INDEX_TIMESTAMPS_CONSISTENT
siwmv2,Spoof/Partial_PaperGlasses/Partial_Paperglass_69.mov,150,150,150,[],0,0,0,,INDEX_TIMESTAMPS_CONSISTENT
siwmv2,Spoof/Partial_PaperGlasses/Partial_Paperglass_7.mov,150,150,150,[],0,0,0,,INDEX_TIMESTAMPS_CONSISTENT
siwmv2,Spoof/Partial_PaperGlasses/Partial_Paperglass_8.mov,150,150,150,[],0,0,0,,INDEX_TIMESTAMPS_CONSISTENT
siwmv2,Spoof/Partial_PaperGlasses/Partial_Paperglass_9.mov,150,150,150,[],0,0,0,,INDEX_TIMESTAMPS_CONSISTENT
siwmv2,Spoof/Replay/Replay_1.mov,47,47,47,[],0,0,0,,INDEX_TIMESTAMPS_CONSISTENT
siwmv2,Spoof/Replay/Replay_10.mov,51,51,51,[],0,0,0,,INDEX_TIMESTAMPS_CONSISTENT
siwmv2,Spoof/Replay/Replay_11.mov,64,64,64,[],0,0,0,,INDEX_TIMESTAMPS_CONSISTENT
siwmv2,Spoof/Replay/Replay_12.mov,250,250,250,[],0,0,0,,INDEX_TIMESTAMPS_CONSISTENT
siwmv2,Spoof/Replay/Replay_13.mov,250,250,250,[],0,0,0,,INDEX_TIMESTAMPS_CONSISTENT
siwmv2,Spoof/Replay/Replay_14.mov,50,50,50,[],0,0,0,,INDEX_TIMESTAMPS_CONSISTENT
siwmv2,Spoof/Replay/Replay_15.mov,105,105,105,[],0,0,0,,INDEX_TIMESTAMPS_CONSISTENT
siwmv2,Spoof/Replay/Replay_16.mov,250,250,250,[],0,0,0,,INDEX_TIMESTAMPS_CONSISTENT
siwmv2,Spoof/Replay/Replay_17.mov,34,34,34,[],0,0,0,,INDEX_TIMESTAMPS_CONSISTENT
siwmv2,Spoof/Replay/Replay_18.mov,183,183,183,[],0,0,0,,INDEX_TIMESTAMPS_CONSISTENT
siwmv2,Spoof/Replay/Replay_19.mov,71,71,71,[],0,0,0,,INDEX_TIMESTAMPS_CONSISTENT
siwmv2,Spoof/Replay/Replay_2.mov,250,250,250,[],0,0,0,,INDEX_TIMESTAMPS_CONSISTENT
siwmv2,Spoof/Replay/Replay_20.mov,95,95,95,[],0,0,0,,INDEX_TIMESTAMPS_CONSISTENT
siwmv2,Spoof/Replay/Replay_21.mov,250,250,250,[],0,0,0,,INDEX_TIMESTAMPS_CONSISTENT
siwmv2,Spoof/Replay/Replay_22.mov,151,151,151,[],0,0,0,,INDEX_TIMESTAMPS_CONSISTENT
siwmv2,Spoof/Replay/Replay_23.mov,86,86,86,[],0,0,0,,INDEX_TIMESTAMPS_CONSISTENT
siwmv2,Spoof/Replay/Replay_24.mov,167,167,167,[],0,0,0,,INDEX_TIMESTAMPS_CONSISTENT
siwmv2,Spoof/Replay/Replay_25.mov,38,38,38,[],0,0,0,,INDEX_TIMESTAMPS_CONSISTENT
siwmv2,Spoof/Replay/Replay_26.mov,45,45,45,[],0,0,0,,INDEX_TIMESTAMPS_CONSISTENT
siwmv2,Spoof/Replay/Replay_27.mov,30,30,30,[],0,0,0,,INDEX_TIMESTAMPS_CONSISTENT
siwmv2,Spoof/Replay/Replay_28.mov,30,30,30,[],0,0,0,,INDEX_TIMESTAMPS_CONSISTENT
siwmv2,Spoof/Replay/Replay_29.mov,30,30,30,[],0,0,0,,INDEX_TIMESTAMPS_CONSISTENT
siwmv2,Spoof/Replay/Replay_3.mov,32,32,32,[],0,0,0,,INDEX_TIMESTAMPS_CONSISTENT
siwmv2,Spoof/Replay/Replay_30.mov,30,30,30,[],0,0,0,,INDEX_TIMESTAMPS_CONSISTENT
siwmv2,Spoof/Replay/Replay_31.mov,42,42,42,[],0,0,0,,INDEX_TIMESTAMPS_CONSISTENT
siwmv2,Spoof/Replay/Replay_32.mov,31,31,31,[],0,0,0,,INDEX_TIMESTAMPS_CONSISTENT
siwmv2,Spoof/Replay/Replay_33.mov,30,30,30,[],0,0,0,,INDEX_TIMESTAMPS_CONSISTENT
siwmv2,Spoof/Replay/Replay_34.mov,159,159,159,[],0,0,0,,INDEX_TIMESTAMPS_CONSISTENT
siwmv2,Spoof/Replay/Replay_35.mov,250,250,250,[],0,0,0,,INDEX_TIMESTAMPS_CONSISTENT
siwmv2,Spoof/Replay/Replay_36.mov,142,142,142,[],0,0,0,,INDEX_TIMESTAMPS_CONSISTENT
siwmv2,Spoof/Replay/Replay_37.mov,81,81,81,[],0,0,0,,INDEX_TIMESTAMPS_CONSISTENT
siwmv2,Spoof/Replay/Replay_38.mov,250,250,250,[],0,0,0,,INDEX_TIMESTAMPS_CONSISTENT
siwmv2,Spoof/Replay/Replay_39.mov,67,67,67,[],0,0,0,,INDEX_TIMESTAMPS_CONSISTENT
siwmv2,Spoof/Replay/Replay_4.mov,250,250,250,[],0,0,0,,INDEX_TIMESTAMPS_CONSISTENT
siwmv2,Spoof/Replay/Replay_40.mov,172,172,172,[],0,0,0,,INDEX_TIMESTAMPS_CONSISTENT
siwmv2,Spoof/Replay/Replay_41.mov,167,167,167,[],0,0,0,,INDEX_TIMESTAMPS_CONSISTENT
siwmv2,Spoof/Replay/Replay_42.mov,98,98,98,[],0,0,0,,INDEX_TIMESTAMPS_CONSISTENT
siwmv2,Spoof/Replay/Replay_43.mov,250,250,250,[],0,0,0,,INDEX_TIMESTAMPS_CONSISTENT
siwmv2,Spoof/Replay/Replay_44.mov,250,250,250,[],0,0,0,,INDEX_TIMESTAMPS_CONSISTENT
siwmv2,Spoof/Replay/Replay_45.mov,250,250,250,[],0,0,0,,INDEX_TIMESTAMPS_CONSISTENT
siwmv2,Spoof/Replay/Replay_46.mov,250,250,250,[],0,0,0,,INDEX_TIMESTAMPS_CONSISTENT
siwmv2,Spoof/Replay/Replay_47.mov,30,30,30,[],0,0,0,,INDEX_TIMESTAMPS_CONSISTENT
siwmv2,Spoof/Replay/Replay_48.mov,239,239,239,[],0,0,0,,INDEX_TIMESTAMPS_CONSISTENT
siwmv2,Spoof/Replay/Replay_49.mov,55,55,55,[],0,0,0,,INDEX_TIMESTAMPS_CONSISTENT
siwmv2,Spoof/Replay/Replay_5.mov,250,250,250,[],0,0,0,,INDEX_TIMESTAMPS_CONSISTENT
siwmv2,Spoof/Replay/Replay_50.mov,49,49,49,[],0,0,0,,INDEX_TIMESTAMPS_CONSISTENT
siwmv2,Spoof/Replay/Replay_51.mov,250,250,250,[],0,0,0,,INDEX_TIMESTAMPS_CONSISTENT
siwmv2,Spoof/Replay/Replay_52.mov,51,51,51,[],0,0,0,,INDEX_TIMESTAMPS_CONSISTENT
siwmv2,Spoof/Replay/Replay_53.mov,155,155,155,[],0,0,0,,INDEX_TIMESTAMPS_CONSISTENT
siwmv2,Spoof/Replay/Replay_54.mov,94,94,94,[],0,0,0,,INDEX_TIMESTAMPS_CONSISTENT
siwmv2,Spoof/Replay/Replay_55.mov,118,118,118,[],0,0,0,,INDEX_TIMESTAMPS_CONSISTENT
siwmv2,Spoof/Replay/Replay_56.mov,250,250,250,[],0,0,0,,INDEX_TIMESTAMPS_CONSISTENT
siwmv2,Spoof/Replay/Replay_57.mov,35,35,35,[],0,0,0,,INDEX_TIMESTAMPS_CONSISTENT
siwmv2,Spoof/Replay/Replay_58.mov,125,125,125,[],0,0,0,,INDEX_TIMESTAMPS_CONSISTENT
siwmv2,Spoof/Replay/Replay_59.mov,250,250,250,[],0,0,0,,INDEX_TIMESTAMPS_CONSISTENT
siwmv2,Spoof/Replay/Replay_6.mov,136,136,136,[],0,0,0,,INDEX_TIMESTAMPS_CONSISTENT
siwmv2,Spoof/Replay/Replay_60.mov,250,250,250,[],0,0,0,,INDEX_TIMESTAMPS_CONSISTENT
siwmv2,Spoof/Replay/Replay_61.mov,250,250,250,[],0,0,0,,INDEX_TIMESTAMPS_CONSISTENT
siwmv2,Spoof/Replay/Replay_63.mov,30,30,30,[],0,0,0,,INDEX_TIMESTAMPS_CONSISTENT
siwmv2,Spoof/Replay/Replay_64.mov,30,30,30,[],0,0,0,,INDEX_TIMESTAMPS_CONSISTENT
siwmv2,Spoof/Replay/Replay_65.mov,42,42,42,[],0,0,0,,INDEX_TIMESTAMPS_CONSISTENT
siwmv2,Spoof/Replay/Replay_66.mov,32,32,32,[],0,0,0,,INDEX_TIMESTAMPS_CONSISTENT
siwmv2,Spoof/Replay/Replay_67.mov,30,30,30,[],0,0,0,,INDEX_TIMESTAMPS_CONSISTENT
siwmv2,Spoof/Replay/Replay_68.mov,125,125,125,[],0,0,0,,INDEX_TIMESTAMPS_CONSISTENT
siwmv2,Spoof/Replay/Replay_69.mov,125,125,125,[],0,0,0,,INDEX_TIMESTAMPS_CONSISTENT
siwmv2,Spoof/Replay/Replay_7.mov,250,250,250,[],0,0,0,,INDEX_TIMESTAMPS_CONSISTENT
siwmv2,Spoof/Replay/Replay_70.mov,57,57,57,[],0,0,0,,INDEX_TIMESTAMPS_CONSISTENT
siwmv2,Spoof/Replay/Replay_71.mov,125,125,125,[],0,0,0,,INDEX_TIMESTAMPS_CONSISTENT
siwmv2,Spoof/Replay/Replay_72.mov,30,30,30,[],0,0,0,,INDEX_TIMESTAMPS_CONSISTENT
siwmv2,Spoof/Replay/Replay_73.mov,125,125,125,[],0,0,0,,INDEX_TIMESTAMPS_CONSISTENT
siwmv2,Spoof/Replay/Replay_74.mov,81,81,81,[],0,0,0,,INDEX_TIMESTAMPS_CONSISTENT
siwmv2,Spoof/Replay/Replay_75.mov,67,67,67,[],0,0,0,,INDEX_TIMESTAMPS_CONSISTENT
siwmv2,Spoof/Replay/Replay_76.mov,150,150,150,[],0,0,0,,INDEX_TIMESTAMPS_CONSISTENT
siwmv2,Spoof/Replay/Replay_77.mov,150,150,150,[],0,0,0,,INDEX_TIMESTAMPS_CONSISTENT
siwmv2,Spoof/Replay/Replay_78.mov,150,150,150,[],0,0,0,,INDEX_TIMESTAMPS_CONSISTENT
siwmv2,Spoof/Replay/Replay_79.mov,150,150,150,[],0,0,0,,INDEX_TIMESTAMPS_CONSISTENT
siwmv2,Spoof/Replay/Replay_8.mov,129,129,129,[],0,0,0,,INDEX_TIMESTAMPS_CONSISTENT
siwmv2,Spoof/Replay/Replay_80.mov,150,150,150,[],0,0,0,,INDEX_TIMESTAMPS_CONSISTENT
siwmv2,Spoof/Replay/Replay_81.mov,150,150,150,[],0,0,0,,INDEX_TIMESTAMPS_CONSISTENT
siwmv2,Spoof/Replay/Replay_82.mov,150,150,150,[],0,0,0,,INDEX_TIMESTAMPS_CONSISTENT
siwmv2,Spoof/Replay/Replay_83.mov,150,150,150,[],0,0,0,,INDEX_TIMESTAMPS_CONSISTENT
siwmv2,Spoof/Replay/Replay_84.mov,150,150,150,[],0,0,0,,INDEX_TIMESTAMPS_CONSISTENT
siwmv2,Spoof/Replay/Replay_85.mov,150,150,150,[],0,0,0,,INDEX_TIMESTAMPS_CONSISTENT
siwmv2,Spoof/Replay/Replay_86.mov,150,150,150,[],0,0,0,,INDEX_TIMESTAMPS_CONSISTENT
siwmv2,Spoof/Replay/Replay_87.mov,150,150,150,[],0,0,0,,INDEX_TIMESTAMPS_CONSISTENT
siwmv2,Spoof/Replay/Replay_88.mov,150,150,150,[],0,0,0,,INDEX_TIMESTAMPS_CONSISTENT
siwmv2,Spoof/Replay/Replay_89.mov,150,150,150,[],0,0,0,,INDEX_TIMESTAMPS_CONSISTENT
siwmv2,Spoof/Replay/Replay_9.mov,250,250,250,[],0,0,0,,INDEX_TIMESTAMPS_CONSISTENT
siwmv2,Spoof/Replay/Replay_90.mov,150,150,150,[],0,0,0,,INDEX_TIMESTAMPS_CONSISTENT
siwmv2,Spoof/Replay/Replay_91.mov,150,150,150,[],0,0,0,,INDEX_TIMESTAMPS_CONSISTENT
siwmv2,Spoof/Replay/Replay_92.mov,150,150,150,[],0,0,0,,INDEX_TIMESTAMPS_CONSISTENT
siwmv2,Spoof/Replay/Replay_93.mov,150,150,150,[],0,0,0,,INDEX_TIMESTAMPS_CONSISTENT
siwmv2,Spoof/Replay/Replay_94.mov,150,150,150,[],0,0,0,,INDEX_TIMESTAMPS_CONSISTENT
siwmv2,Spoof/Replay/Replay_95.mov,150,150,150,[],0,0,0,,INDEX_TIMESTAMPS_CONSISTENT
siwmv2,Spoof/Replay/Replay_96.mov,150,150,150,[],0,0,0,,INDEX_TIMESTAMPS_CONSISTENT
siwmv2,Spoof/Replay/Replay_97.mov,150,150,150,[],0,0,0,,INDEX_TIMESTAMPS_CONSISTENT
siwmv2,Spoof/Replay/Replay_98.mov,150,150,150,[],0,0,0,,INDEX_TIMESTAMPS_CONSISTENT
siwmv2,Spoof/Replay/Replay_99.mov,150,150,150,[],0,0,0,,INDEX_TIMESTAMPS_CONSISTENT
siwmv2,Spoof/Silicone/Mask_Silicone_1.mov,210,210,210,[],0,0,0,,INDEX_TIMESTAMPS_CONSISTENT
siwmv2,Spoof/Silicone/Mask_Silicone_10.mov,210,210,210,[],0,0,0,,INDEX_TIMESTAMPS_CONSISTENT
siwmv2,Spoof/Silicone/Mask_Silicone_11.mov,210,210,210,[],0,0,0,,INDEX_TIMESTAMPS_CONSISTENT
siwmv2,Spoof/Silicone/Mask_Silicone_12.mov,210,210,210,[],0,0,0,,INDEX_TIMESTAMPS_CONSISTENT
siwmv2,Spoof/Silicone/Mask_Silicone_13.mov,210,210,210,[],0,0,0,,INDEX_TIMESTAMPS_CONSISTENT
siwmv2,Spoof/Silicone/Mask_Silicone_14.mov,210,210,210,[],0,0,0,,INDEX_TIMESTAMPS_CONSISTENT
siwmv2,Spoof/Silicone/Mask_Silicone_15.mov,210,210,210,[],0,0,0,,INDEX_TIMESTAMPS_CONSISTENT
siwmv2,Spoof/Silicone/Mask_Silicone_16.mov,210,210,210,[],0,0,0,,INDEX_TIMESTAMPS_CONSISTENT
siwmv2,Spoof/Silicone/Mask_Silicone_17.mov,210,210,210,[],0,0,0,,INDEX_TIMESTAMPS_CONSISTENT
siwmv2,Spoof/Silicone/Mask_Silicone_2.mov,210,210,210,[],0,0,0,,INDEX_TIMESTAMPS_CONSISTENT
siwmv2,Spoof/Silicone/Mask_Silicone_3.mov,210,210,210,[],0,0,0,,INDEX_TIMESTAMPS_CONSISTENT
siwmv2,Spoof/Silicone/Mask_Silicone_4.mov,210,210,210,[],0,0,0,,INDEX_TIMESTAMPS_CONSISTENT
siwmv2,Spoof/Silicone/Mask_Silicone_5.mov,210,210,210,[],0,0,0,,INDEX_TIMESTAMPS_CONSISTENT
siwmv2,Spoof/Silicone/Mask_Silicone_6.mov,210,210,210,[],0,0,0,,INDEX_TIMESTAMPS_CONSISTENT
siwmv2,Spoof/Silicone/Mask_Silicone_7.mov,210,210,210,[],0,0,0,,INDEX_TIMESTAMPS_CONSISTENT
siwmv2,Spoof/Silicone/Mask_Silicone_8.mov,210,210,210,[],0,0,0,,INDEX_TIMESTAMPS_CONSISTENT
siwmv2,Spoof/Silicone/Mask_Silicone_9.mov,210,210,210,[],0,0,0,,INDEX_TIMESTAMPS_CONSISTENT
