field,role,shard,rows,bytes,shard_sha256,codec_id,index_sha256,physical_dir
embedding,identity,embedding-00000.bin,256,557056,3e400951c28da6c6952537e598a484561626e8f387b7d229609c7ef5c31717da,npy1,c153572b6c70119d77880d061141da9e550feff9bd5bf9d70a392ee583270a8c,/media/cong/Data/GPAT_TransferBench_runtime/cache/identity/embedding
embedding,identity,embedding-00001.bin,256,557056,c8f81712eea9e72fcb3b4f9a4f042afb8f1c041bd65b006d58d8c4b9b1de887d,npy1,4340572fcf9e0e536dd11b558b8fef29a2d9cc0cab9d1bfd815a5659de2be9b3,/media/cong/Data/GPAT_TransferBench_runtime/cache/identity/embedding
embedding,identity,embedding-00002.bin,256,557056,e4d7572662dc409b72b92c9762248ef2c6041c6d044e0ad52ad1d7cd5e4bd919,npy1,667b0b072a10f050964d29153807309fa17dd683062dbf8271603ba53dd8885f,/media/cong/Data/GPAT_TransferBench_runtime/cache/identity/embedding
embedding,identity,embedding-00003.bin,256,557056,77986abaf3c82e1a249e3310621183a3421309e52fea6361b96bdcfab977defa,npy1,5d2bf859b9969c843766ac9aa9b2a469980beb50b86bef98a6fd1baa6d5a5264,/media/cong/Data/GPAT_TransferBench_runtime/cache/identity/embedding
embedding,identity,embedding-00004.bin,256,557056,4c7f17d44050489813d8b6843267522519af33227fda59d807d054a3fd4e9a41,npy1,d82cedc429969e8353419461606e7e1adf5aab5190dc72244fdc160d5cb8d6b8,/media/cong/Data/GPAT_TransferBench_runtime/cache/identity/embedding
embedding,identity,embedding-00005.bin,256,557056,90059ecb7c7aec7d3915f0854cc18922d8a6295cab82694a0e578b1ace0ee82d,npy1,dae847865fec7694a44dcc35046f78d1059fcaed91cfb585e3d7665f17a7706a,/media/cong/Data/GPAT_TransferBench_runtime/cache/identity/embedding
embedding,identity,embedding-00006.bin,256,557056,895fb2c969bee96269c444b448b8ecaed3be410beb17fc222822bda9a433b1c1,npy1,93040a9520f346e2f08696df6f4ba22beb38165ee32fdbd15157ffda4ef9cb07,/media/cong/Data/GPAT_TransferBench_runtime/cache/identity/embedding
embedding,identity,embedding-00007.bin,256,557056,e7e6bb8f3e2fda64576684befb54b7b08c60231c91f5feaac56782efd07e5769,npy1,f5fdd91acae6104b9406cd3fc8f7f897ec90386fe853fa4f600049baba377499,/media/cong/Data/GPAT_TransferBench_runtime/cache/identity/embedding
embedding,identity,embedding-00008.bin,256,557056,26a06469f57e24e29d07a275f02a178f016eb3fcdea35470e5eaf9b30263b1d1,npy1,a310e7764fb3b2d291b5ad85d3e21188d5bda9f33157da34c1cadc19d4933110,/media/cong/Data/GPAT_TransferBench_runtime/cache/identity/embedding
embedding,identity,embedding-00009.bin,256,557056,98ba96cf5547bd4d8b380e7195c00bc6d637c0b87c8d4575fcdbfa7c858750a4,npy1,1fb4df37504b244e11bba41130f7ff84a8fce4e0a80d4dab92c2118a1b041047,/media/cong/Data/GPAT_TransferBench_runtime/cache/identity/embedding
embedding,identity,embedding-00010.bin,256,557056,75d6c8281a6d5bf4f7bf71ca9c14b4187ec1e4f3d847a856860b58a47f85eda7,npy1,4edb2335d9af929ce5ba3dc8bf1484657c086eb57d72cc1146a4297bbeb97f6c,/media/cong/Data/GPAT_TransferBench_runtime/cache/identity/embedding
embedding,identity,embedding-00011.bin,256,557056,6589ef569a07a6f4bf5d8a38c48a5104a900128b735b61647d33246849a5c1e8,npy1,d00ad96e84a5e849fd3470557ede107607fecfbdfe290c5ab499dee377344fe6,/media/cong/Data/GPAT_TransferBench_runtime/cache/identity/embedding
embedding,identity,embedding-00012.bin,256,557056,8b813e43df934bf37b629b1761292fc7033e3191a687182893668ec4231a152d,npy1,62d84aeec1c3eab20987d3c95acff54c585189858fae9916d25630c6b7233e39,/media/cong/Data/GPAT_TransferBench_runtime/cache/identity/embedding
embedding,identity,embedding-00013.bin,256,557056,7fea22d48ede058df9123448bb414c5da0986f6bb72ff593cecbbd86a0953199,npy1,445d74189e1fff3744e5eb9e4a3661f1cbe6bb273da37c29bd26bc320ee5daeb,/media/cong/Data/GPAT_TransferBench_runtime/cache/identity/embedding
embedding,identity,embedding-00014.bin,256,557056,4af52eb1abe960547a4d20142eb05c7a69b7ec12128d67c9be81c015118b1a14,npy1,75888a16b832e784964b230d81d930825d3b07f45351390cc5ce6dba801dac5b,/media/cong/Data/GPAT_TransferBench_runtime/cache/identity/embedding
embedding,identity,embedding-00015.bin,256,557056,70784a9eb2afc9c4c5cd96f9f6271f03dfb523abadcb8ceecd72726b71fb74ba,npy1,8ce290cb72d80979f9c04deaee432a2b3317c21aa0d6dfc94851aef50560a6bb,/media/cong/Data/GPAT_TransferBench_runtime/cache/identity/embedding
embedding,identity,embedding-00016.bin,256,557056,c014e4cfc711d335439274caed63952b1da18af92de75f7e7e35ea2d61650c2f,npy1,76976720af30e9fc493ff5ef6078c4ff8cd4d342537614f4a5f87d9c9dc537f9,/media/cong/Data/GPAT_TransferBench_runtime/cache/identity/embedding
embedding,identity,embedding-00017.bin,256,557056,0f0a292f96838933ae8c8a90cd376ab1e354f21bc933677fbf463461e33619ce,npy1,30cb2083a2cebfb2942ff6413520aeb50186ed7a17d427388bb21d9fc591aedc,/media/cong/Data/GPAT_TransferBench_runtime/cache/identity/embedding
embedding,identity,embedding-00018.bin,256,557056,293eb5a885ab644f88fb5ad7e2eb6c04f50fc02f9e1aa0e0ab4fef3b41a7bd07,npy1,50212dd9aa010ea667a11c7150cddd38ddb4f9401044cab219cdae6a76b04dd4,/media/cong/Data/GPAT_TransferBench_runtime/cache/identity/embedding
embedding,identity,embedding-00019.bin,256,557056,adc2bd444707859bae3aed3282af3da335caee7bf9ede8f0acea55d3ef23c040,npy1,f2d7bf0d35a2e3fcb47a921b44aa5f983efb96acbb6b77c29a09407b614a396d,/media/cong/Data/GPAT_TransferBench_runtime/cache/identity/embedding
embedding,identity,embedding-00020.bin,256,557056,2bb10464f1820a6defdb7d182ba00b95fc87b4168de17396aa47187b80c8c3bb,npy1,9554491f8e8925f6ec777f00747a5d2a47548e5ae78e72d7181723abb11e8f78,/media/cong/Data/GPAT_TransferBench_runtime/cache/identity/embedding
embedding,identity,embedding-00021.bin,256,557056,59c2606721b2128f0f9b9adfb319251560e1be65008f26ea28b7a701d1f5221e,npy1,9ec2a340c3ddf190bd4cccf22037e5e71285bcd7e57da4cc56ea64a185c5cab7,/media/cong/Data/GPAT_TransferBench_runtime/cache/identity/embedding
embedding,identity,embedding-00022.bin,256,557056,5a49baa6f747af989624ce4a37b8b5cd0151c46bedbec88d30050aace0ff6d0d,npy1,81b3c7f1d08a9c2ba2996e40a2ad5af48884c251c1c21611d049c8cf523cf8c6,/media/cong/Data/GPAT_TransferBench_runtime/cache/identity/embedding
embedding,identity,embedding-00023.bin,256,557056,0d2388f52931aa38c0cac9a95ecbee1b6dba9b0af35e92f9902eede637d536f1,npy1,bd1b21e245fbb11d2fe318a1e14828beec5c52f21792f489a5af10bd60911a2d,/media/cong/Data/GPAT_TransferBench_runtime/cache/identity/embedding
embedding,identity,embedding-00024.bin,256,557056,1b1d7c0f5bafd74efbef51f55c3c43ba2207d0d6956b9a0f48bf799c6298fce0,npy1,2c13a0278bf48482d17abe156dcbe17003da91ed3b11195d2302f602a2e2f9e1,/media/cong/Data/GPAT_TransferBench_runtime/cache/identity/embedding
embedding,identity,embedding-00025.bin,256,557056,339514f219481912544c581ee63d72b020c0f7857502fd18284cc0b9f49cc9b4,npy1,99226a6024d4b12d163d5e8262f0241f28898c3198cdbb088788f9cf54212390,/media/cong/Data/GPAT_TransferBench_runtime/cache/identity/embedding
embedding,identity,embedding-00026.bin,256,557056,e8be5b01190f1b1bd083869bddb0dd5a67a39d4ec619260b3a1cac5c5b301d34,npy1,427b68c8124ae3cf62072e63c8c396536d0af42145a82d58040d844d5ec488e9,/media/cong/Data/GPAT_TransferBench_runtime/cache/identity/embedding
embedding,identity,embedding-00027.bin,256,557056,ca771e067d0936ea7ec51958d6c55e09f65cb4a51804e2e955a2d4c7cf60fbd9,npy1,8b0576ad9c2b207ef0e641b49c93272d9f37d3f3a30689dc84d2acf2150e7df1,/media/cong/Data/GPAT_TransferBench_runtime/cache/identity/embedding
embedding,identity,embedding-00028.bin,256,557056,a34944b0738be197aa0f3d1575691e3e40503244fc8b8ed5b108a54042d852ae,npy1,e58651f2ab3a00bf13401742d798e74173c20d1a8c0a78893ba33ac3d4cfc904,/media/cong/Data/GPAT_TransferBench_runtime/cache/identity/embedding
embedding,identity,embedding-00029.bin,256,557056,827a6b7a425a5a68bc8d4be2896117523f4f346979370a58159670ed466f946d,npy1,ebed4f51680c356a6cf439ea428c45eca170a638a27b0f44b22087a03fb6b75c,/media/cong/Data/GPAT_TransferBench_runtime/cache/identity/embedding
embedding,identity,embedding-00030.bin,256,557056,16cdbbe1d01e6ae2bf03065417e9b8140fe7f648edeb9987b790cb889a5e9566,npy1,1e83def80c3f74f2e1bd84f14ad1b63262127bac577a805f1598747f6f267800,/media/cong/Data/GPAT_TransferBench_runtime/cache/identity/embedding
embedding,identity,embedding-00031.bin,256,557056,6f2127858eadd717246477b61f42d9e510bfdecbae4b22e94b723273a518fad2,npy1,6dbf4e278caaaaab1f7750d9fda0d97bad66d6a22c7b24ccce0db4335072c92d,/media/cong/Data/GPAT_TransferBench_runtime/cache/identity/embedding
embedding,identity,embedding-00032.bin,256,557056,bae97d46f42b36a65d1029cc9ef4ecfee3c16df0e7a07909d17af9d42e5e12cb,npy1,fbb37c836e66c0bcc1cc573182dcf1781bdb54fc9bfb273f8eb93eff3a2fa206,/media/cong/Data/GPAT_TransferBench_runtime/cache/identity/embedding
embedding,identity,embedding-00033.bin,256,557056,56e6ec9bb67f0d3ac958eb88e9bf7c95397daf2d483c6d7064ffddb68aee484c,npy1,319a3ba46983b64c3646ee83b323995439ee214ccf27a69298f1e89b8397a498,/media/cong/Data/GPAT_TransferBench_runtime/cache/identity/embedding
embedding,identity,embedding-00034.bin,256,557056,2172bfbce3de20e10cf39d39ccb03b7ef8e60b1caf6e28eeeef87151997b856f,npy1,790fa9f5e503dd3c076394788d768eb209b278e9950de0ca0068711d6fd24b00,/media/cong/Data/GPAT_TransferBench_runtime/cache/identity/embedding
embedding,identity,embedding-00035.bin,256,557056,f6f89be599a3b03a439af91683fec84a55ebc3e0c0014a300616d3e74e2a737e,npy1,2c959f4d9dc238d802ec65dd77450af9045b55873f92b3f3859a23ab84ddedb7,/media/cong/Data/GPAT_TransferBench_runtime/cache/identity/embedding
embedding,identity,embedding-00036.bin,256,557056,80313212204d4a27f74220bcab6e486a21374e5b93858fc1c79aadead0dc2424,npy1,2b6ed486e576356ee1a4ce46d2dce3d93008b354269b1029913969000456a0d7,/media/cong/Data/GPAT_TransferBench_runtime/cache/identity/embedding
embedding,identity,embedding-00037.bin,256,557056,8acf9d0161e66ae9ad823c34af0f0a5d8a2f6ecb4c5a63d5be2409c1e2279275,npy1,3bc7e7b7160a2b661eac93061099cfe4815aa85aca143300c3711718f1dfa8f0,/media/cong/Data/GPAT_TransferBench_runtime/cache/identity/embedding
embedding,identity,embedding-00038.bin,256,557056,5a5709966051eb1b0a698158277b59605bdb4c9e6a022f93b943b614d4d003fe,npy1,0edeee5a47a92f512db0f6f51d79714126ea73df6c1c4f97938e3b63b07ad10c,/media/cong/Data/GPAT_TransferBench_runtime/cache/identity/embedding
embedding,identity,embedding-00039.bin,256,557056,d383a3993114dc6fe4395356d38120649386d40ace8974462800d31f81b72bdc,npy1,05187af019406e215a510ae110daf7950ac337bd5717f1df1dc093926c49a4f9,/media/cong/Data/GPAT_TransferBench_runtime/cache/identity/embedding
embedding,identity,embedding-00040.bin,255,554880,44c01fae183e7334ec7aff9bca1352477adf9cf634e24e733a9cc4a39f50c510,npy1,3e4b3e7a2eeb1520e070eae64ba38c5dc8907d89ed938eab36093c7f7fca18f8,/media/cong/Data/GPAT_TransferBench_runtime/cache/identity/embedding
embedding,identity,embedding-00041.bin,256,557056,49dccf165005015cbcb3ff14f1ad10c308c2298b5ca4f1b58eb0db14c5a34d7f,npy1,b118955667dc169c98a1c14617ea5c0deb29ddc663d762840532ef82d5dfe2f0,/media/cong/Data/GPAT_TransferBench_runtime/cache/identity/embedding
embedding,identity,embedding-00042.bin,255,554880,9431cf74b5b9d888f2c89311b318450f330c1cbca1a80d57f0125367509109c0,npy1,f1190448ec1ed2f3fa2162f95584b64e383829af47db00afa7e2e8c350a0479b,/media/cong/Data/GPAT_TransferBench_runtime/cache/identity/embedding
embedding,identity,embedding-00043.bin,256,557056,e575de50867171715de351d2b482937729b05da011485a535d6d77ae13dfb509,npy1,8dc80e4e82fc9aede91e4c38180ff9a861ab33f6d2bd282426669e2ba16ef12c,/media/cong/Data/GPAT_TransferBench_runtime/cache/identity/embedding
embedding,identity,embedding-00044.bin,256,557056,bd67fb7c983a3f4f5859a0a357f8d499ae721613f8ef0d4decaea38bb42b92ce,npy1,9fdf8ce514b5d5e49df76362fede6514aa743fd86819e739f83260b60346252c,/media/cong/Data/GPAT_TransferBench_runtime/cache/identity/embedding
embedding,identity,embedding-00045.bin,256,557056,c67a1fa7284f784ec467e7695c20c80e927db0440aa2c28a63fb6d9eb5c03973,npy1,7d13fb39471435ada08c8ae9ae40d0d7e3278107a2e62a2da2788193bf2fb615,/media/cong/Data/GPAT_TransferBench_runtime/cache/identity/embedding
embedding,identity,embedding-00046.bin,256,557056,8546ab8222e1251128a85cfda6081d6f5cdeab620d5d0aad4cb17792898d8ab3,npy1,2f83e19bb9a6520032ccb71414de107405983dd91c126be0461d1d321035a55e,/media/cong/Data/GPAT_TransferBench_runtime/cache/identity/embedding
embedding,identity,embedding-00047.bin,256,557056,d232576553e03d8a300ae05e9fc07226b30d3af6d2dbe564581e6cc5fb600b9b,npy1,28cb83f5dfd6d9361fe872588f456c2de618bc2f5216142244a284b33560acbc,/media/cong/Data/GPAT_TransferBench_runtime/cache/identity/embedding
embedding,identity,embedding-00048.bin,256,557056,9ee9d5827f803b40c04cfaef5304c9f8d2073165781e12d5cbc4580570e824b7,npy1,4e3b43d733903a525216056f608d78226f66d4947d4e56e23879253fa0882760,/media/cong/Data/GPAT_TransferBench_runtime/cache/identity/embedding
embedding,identity,embedding-00049.bin,256,557056,1443158626d3a23c95bac6995cd4ab15217827b61a80169fc57827746a53f3be,npy1,543c2b70f099dc8400de80e75dc05de202588493be2a02ed7dc0caacd92d3aeb,/media/cong/Data/GPAT_TransferBench_runtime/cache/identity/embedding
embedding,identity,embedding-00050.bin,254,552704,144a222b0c99257e219337c964f48a64e16a34acb19d0d0fe1be00bd16ee6538,npy1,4aa1fec7d63395f6f9353b4271de505d7843530d96d05939ef90ee827f285ccb,/media/cong/Data/GPAT_TransferBench_runtime/cache/identity/embedding
embedding,identity,embedding-00051.bin,256,557056,f63dda5433f247850b95fb0947572aad1f25462570f16686db60cfb4fcd016a6,npy1,89e5ca898533565d834b71822c387f8199b121535a3f8bc8b97ac253eccfa0f0,/media/cong/Data/GPAT_TransferBench_runtime/cache/identity/embedding
embedding,identity,embedding-00052.bin,256,557056,b1aecd8b58cd817f9430b02075b4105007e41db1497d504d8f10c0970d22a98d,npy1,9c668a81ccc32cada1aedaceab225726f3f4bd64cd1d4f0f5fa7d2fd3fb86dc1,/media/cong/Data/GPAT_TransferBench_runtime/cache/identity/embedding
embedding,identity,embedding-00053.bin,256,557056,cf4d7bd0034e35266bc03c72aa2bd66f128bace2fc8ab6e8b4b46436b9aa1e72,npy1,0bd6d95f70ccb1d1e1075188ceaf75db122ceac16da06d0975e0374f53d59d92,/media/cong/Data/GPAT_TransferBench_runtime/cache/identity/embedding
embedding,identity,embedding-00054.bin,255,554880,9aa0e69701e6409bf478ef128492d8897d723f3afc7bf1be8797793f4fa893c2,npy1,7374617016ffbb6d4bf74f984c5a94bb96e5470634b021504e21b3232b667dac,/media/cong/Data/GPAT_TransferBench_runtime/cache/identity/embedding
embedding,identity,embedding-00055.bin,255,554880,e6f07f13ab7cdae579afa617126c9b123cea50128e59ec5e6ef5d81407139a92,npy1,a6ab0daf7bfefe9781a8502d9f3a205b07c825bc50e695b62632fa430db07bb5,/media/cong/Data/GPAT_TransferBench_runtime/cache/identity/embedding
embedding,identity,embedding-00056.bin,256,557056,5f97ec3a7f9e43c754f7da54b503bbd98eb73729e3806d17336e9ebf4f8f3c6d,npy1,0b5871bfa3aa81ac48d83641102a9d3d80949a9c8a64520d29b5d245ca967d16,/media/cong/Data/GPAT_TransferBench_runtime/cache/identity/embedding
embedding,identity,embedding-00057.bin,256,557056,fe31e7479cd98f5f5cfd7359e1f9995577f00b703bce1f5c5362c6aef7b241cc,npy1,6e3b7192576dabb937c3aa6820a5fe3fe23f17ca6e3a38cfd0aefd331df984bf,/media/cong/Data/GPAT_TransferBench_runtime/cache/identity/embedding
embedding,identity,embedding-00058.bin,256,557056,98f736f66e7deeb5fbb073d8ddb1ed991a8e95a8bc7acc2dbbc07abb046e1545,npy1,16ac9539e530185e38fe3c07135b77be40387842610661c13f543f359c223f8c,/media/cong/Data/GPAT_TransferBench_runtime/cache/identity/embedding
embedding,identity,embedding-00059.bin,256,557056,4fcd9af30902391d4e3095a0f4b3d670248a541852f6e22c809a6cce98b66d51,npy1,86d447aa72fec1f57afe2b66a95f8ff29f4af1554fdbf0f937f6949f1cc6e28c,/media/cong/Data/GPAT_TransferBench_runtime/cache/identity/embedding
embedding,identity,embedding-00060.bin,256,557056,33722beda81dfcae636c968f61905979b3b43391bf83b73082601194ef31678e,npy1,653ab290b4d45734c6a2cc888ed355d3221230bb47634a6333cd8b4890c01fb9,/media/cong/Data/GPAT_TransferBench_runtime/cache/identity/embedding
embedding,identity,embedding-00061.bin,256,557056,628496c84d29c45f00627e760df5c85e2cf8e034bfceaaf2b36f878b2c8fa559,npy1,e65d62aa6a1b90ec967f0efabb4eda61462b84cfcca99739dc58b578547bf5ee,/media/cong/Data/GPAT_TransferBench_runtime/cache/identity/embedding
embedding,identity,embedding-00062.bin,255,554880,1e72525bb09f1c31035a3d29ca6b60a4cf9178b027e1672547428c9a28abd790,npy1,07c28ceedef851530428874a2143954f60f00c90fa72adb527404eef2741bfeb,/media/cong/Data/GPAT_TransferBench_runtime/cache/identity/embedding
embedding,identity,embedding-00063.bin,256,557056,13ea85623b2d887843718b044d193b52f441ff3c8c687c0d07a25f93e31db195,npy1,0bb30d2b91e2625fc86b819abb4818b912f35fc3e58a617c2d6b742052e19067,/media/cong/Data/GPAT_TransferBench_runtime/cache/identity/embedding
embedding,identity,embedding-00064.bin,255,554880,273bbdf437720bbf34f835739bb188d55a9e2798e0a586825bda8cae7a67723d,npy1,85700a12afcc7b240735f247f281d49d6c2f73264a3c51efd1337784c24af096,/media/cong/Data/GPAT_TransferBench_runtime/cache/identity/embedding
embedding,identity,embedding-00065.bin,256,557056,d8469f40575e5f5e1c116b7e320a3954f6f4a990728be2fdebb5aa1e6d43fca1,npy1,c2d84515bcfc00caafa48a93dbeb2d20cbe63ccbd23d13b039588c764379d93e,/media/cong/Data/GPAT_TransferBench_runtime/cache/identity/embedding
embedding,identity,embedding-00066.bin,253,550528,ad3104a5051e2cedd0d06bca1bbf1f0039e9336c55314e0b2bd68147204b1b01,npy1,265daeb46b5408a7a5909a95b72c5e16569831d1ca2b1e56d7b35415e61b81d9,/media/cong/Data/GPAT_TransferBench_runtime/cache/identity/embedding
embedding,identity,embedding-00067.bin,256,557056,5ce7fb793814d23d9a90b8175fb1f9d18a0a9ae898d6c4e2ea1e8d366433c8b0,npy1,92c17ec28bfec2418a3a01b8a6ab5d833a0fe25e4027c04f801dc91612e43286,/media/cong/Data/GPAT_TransferBench_runtime/cache/identity/embedding
embedding,identity,embedding-00068.bin,256,557056,4b21883fd0a65b2d508f167d5f19423c42421d8cc3da896a45d21f428e70cacd,npy1,46dd42f63aac0c2d0ec10f2c7d4e396e95dd76bc502d15190dbfb96353c8e067,/media/cong/Data/GPAT_TransferBench_runtime/cache/identity/embedding
embedding,identity,embedding-00069.bin,256,557056,3dc4761ba23d4dc899d6c78bcb60fa89cbddc07b4f1762b8563284407e79fa13,npy1,a1eb383541fa6268111dc01efff51aa7220dd6d0f7e5021c45638fa330cb053c,/media/cong/Data/GPAT_TransferBench_runtime/cache/identity/embedding
embedding,identity,embedding-00070.bin,256,557056,8c2805a74d35cd1b38d6692e951d9a77c8da9d51b9470123af9c57e2aed97e85,npy1,d750775db1de5b827510af34c37e9b949ab8cb571bd3f853eb1dcb6053f2aa65,/media/cong/Data/GPAT_TransferBench_runtime/cache/identity/embedding
embedding,identity,embedding-00071.bin,255,554880,bb39c58d8defbff4e737bae2d5e20c62ce17462ac43dc0e1b9b2347c6be9fe13,npy1,15e04ca4df96c4300f2ecf8783d8ee273f35a78f66780b5c8b6c38af6b4736ab,/media/cong/Data/GPAT_TransferBench_runtime/cache/identity/embedding
embedding,identity,embedding-00072.bin,254,552704,75192ca93c9709b7320c85e01392141d63984226591b7b73c71d4041d39f5158,npy1,d77af477b52fa360020be891f9cc1fd165f4e6b2004c94ae89c6ced1abd6ba9d,/media/cong/Data/GPAT_TransferBench_runtime/cache/identity/embedding
embedding,identity,embedding-00073.bin,256,557056,d9ba82008be6a24613dcfc335135ff4955ffe87ea02bb14c453366925e660b15,npy1,9397c67201cee9975e182dce369dce9e05769e3aca35960bdf57563a555eea99,/media/cong/Data/GPAT_TransferBench_runtime/cache/identity/embedding
embedding,identity,embedding-00074.bin,256,557056,da71985dc3e4c7a6107de16cc26b2a32ab1dcb6c56abaac07c2ac1aefd143528,npy1,a60b6759d1264a720a2302fa5be39605edcf5ebdbc6a6b212e6e6bffeae30aea,/media/cong/Data/GPAT_TransferBench_runtime/cache/identity/embedding
embedding,identity,embedding-00075.bin,256,557056,80ef4a6fe7151862c0b33a7e93b7d4a565d32eb0be785a9b62b6999b788ac9e3,npy1,9590cd7262f077338da22f1814abcc88f7454f9a2be639044fedff3c1896ed8f,/media/cong/Data/GPAT_TransferBench_runtime/cache/identity/embedding
embedding,identity,embedding-00076.bin,256,557056,5d5e8c3cb11941ed3ce51ba7a3a93fb82fd573aa004d7c1695d1bfba2a8b7cdd,npy1,173273a8357463660871f43f7566f28faccf8197d6a9d333e3e3cad27bc8cd03,/media/cong/Data/GPAT_TransferBench_runtime/cache/identity/embedding
embedding,identity,embedding-00077.bin,256,557056,c290a1177f7daa4d4c79300b6004a7722a530b932ee53f0aded10468644fb54b,npy1,49b2bac6151589981653be01e3ca75a8adb4d955bbf426c5669539d2ccffd364,/media/cong/Data/GPAT_TransferBench_runtime/cache/identity/embedding
embedding,identity,embedding-00078.bin,256,557056,7904609c2f4341c8e8414156330a86bc5ec428107ae0e7c60d647d9ff450d3e5,npy1,d4c9d7cd126ab5787b3d12a8bba04f7aaf8f6040c7ffce7f7ec8813040f46798,/media/cong/Data/GPAT_TransferBench_runtime/cache/identity/embedding
embedding,identity,embedding-00079.bin,248,539648,61812ce420daa68cdc0019c39c5ffe858f8b9bca24e079d0b63849f0c93d5691,npy1,d6f2914156c917e74fdb4ee38f576978114e8bb2752b53b9f20a355fa0afc195,/media/cong/Data/GPAT_TransferBench_runtime/cache/identity/embedding
embedding,identity,embedding-00080.bin,157,341632,56a68f16a357e740a67ee083b87f1805af034c7710ed23fe866be71d2e1826fd,npy1,3df9f5dbfa60fb804a2eee60ad546510541dfbc12a89aaec0491ded74978ca89,/media/cong/Data/GPAT_TransferBench_runtime/cache/identity/embedding
landmarks_norm,geometry,landmarks_norm-00000.bin,256,172032,526f6398d70a9a1f11d084ac59ae1784875abd48a8df37764b2e6a2e5f54dce3,npy1,38f28a692cfbd035d2b4201751e124745899285fde03da9aaa1ed3daec8df578,/media/cong/Data/GPAT_TransferBench_runtime/cache/geometry/landmarks_norm
landmarks_norm,geometry,landmarks_norm-00001.bin,256,172032,97b90b0b1ba307b2536cb1e2b5860f087775d00873e22e27f9fed55cac97ec28,npy1,0f2c90a7d889d2d858125d93012fec17f78d518910d764fba20c6ad9049c76cd,/media/cong/Data/GPAT_TransferBench_runtime/cache/geometry/landmarks_norm
landmarks_norm,geometry,landmarks_norm-00002.bin,256,172032,adc2fe8f3e9a782300305b2da4003b5e71b5c54d0c443af16f183eb391ad18d3,npy1,1327159b317c07ac6b5c3721052be258ae8da56a4248a9395b4c43514f90db32,/media/cong/Data/GPAT_TransferBench_runtime/cache/geometry/landmarks_norm
landmarks_norm,geometry,landmarks_norm-00003.bin,256,172032,5f06429ec254d4ac06d7c983c055998960aa72b1abe01cd59aff9af5020b30cd,npy1,3723dd45ebf79f8e91b0fb5dacc99b8344cd31d76d79de48ef6f3a87619d96e2,/media/cong/Data/GPAT_TransferBench_runtime/cache/geometry/landmarks_norm
landmarks_norm,geometry,landmarks_norm-00004.bin,256,172032,5a572c1776452c3019fd4871e432b39e8767dbf305451a911de1ca22a71257be,npy1,c164ca69256be3e89595f6db5931b47413db231ab38ad34c619d8c455e77d17e,/media/cong/Data/GPAT_TransferBench_runtime/cache/geometry/landmarks_norm
landmarks_norm,geometry,landmarks_norm-00005.bin,256,172032,8bd13f756b101d9d3af06e6c9348d5cbdcb311b93a780610da54baff5e5098b2,npy1,f5d95fa8dcc005372a3a39b634c45ceda4738e1c673c599bc1b8bea6f3a19808,/media/cong/Data/GPAT_TransferBench_runtime/cache/geometry/landmarks_norm
landmarks_norm,geometry,landmarks_norm-00006.bin,256,172032,533beab326b7abc2b75f0e2bccfda35f1b47e0a94184d85ef024fa4b1396695e,npy1,e36dd1cd9b357636fe69e019276b6842225ab3a4f3b956c8b99dafebc8597e22,/media/cong/Data/GPAT_TransferBench_runtime/cache/geometry/landmarks_norm
landmarks_norm,geometry,landmarks_norm-00007.bin,256,172032,4b7cde3b3edb57020abd30a8b91245922b20bac3d0b78e5acb2a95ec1b564159,npy1,f1fdb822f30225c5ff630603ce5fff8cfd47fef5c1c37b5b5343a19a12d66765,/media/cong/Data/GPAT_TransferBench_runtime/cache/geometry/landmarks_norm
landmarks_norm,geometry,landmarks_norm-00008.bin,256,172032,334bf8427469bb865f28b0582d5ca110b977b22c48a29704772f956700309016,npy1,106f261826ae64fd7ea5472c1c4c8e434f27d18f08a0d60615302d982ada5aa3,/media/cong/Data/GPAT_TransferBench_runtime/cache/geometry/landmarks_norm
landmarks_norm,geometry,landmarks_norm-00009.bin,256,172032,666a9c62a654f35958a117aae7290fc0e1e292b6f72e3a57107abf02df8aa384,npy1,61a66f4637f4902455f6b6d619b8b944d016b5372f3a0cad3440858a33d62307,/media/cong/Data/GPAT_TransferBench_runtime/cache/geometry/landmarks_norm
landmarks_norm,geometry,landmarks_norm-00010.bin,256,172032,0577eb164de2a9ab1b0290dac134a6f09989990dd83a399631ef930f75812632,npy1,492857972fabe8121e7a630d6fd4f0444a50f8c2eaab97c610b37ae1b6691c57,/media/cong/Data/GPAT_TransferBench_runtime/cache/geometry/landmarks_norm
landmarks_norm,geometry,landmarks_norm-00011.bin,256,172032,a58bb2db6dd37683ec7c613ae10f8686c25bd222a807b3bd4417d02249e9246b,npy1,dd8c415dacb052f7bcd6b02b21684ffa64a7d947d7f3412a1a3070537b0b1a1b,/media/cong/Data/GPAT_TransferBench_runtime/cache/geometry/landmarks_norm
landmarks_norm,geometry,landmarks_norm-00012.bin,256,172032,b09758c280240db8c7fa83a6e56f4e317dd5075c9e33ccdc779d09f91613ecf7,npy1,9ec4b6a62a4b822ecde00618278286725878f844c0cf714c788fda49a0eaf6a3,/media/cong/Data/GPAT_TransferBench_runtime/cache/geometry/landmarks_norm
landmarks_norm,geometry,landmarks_norm-00013.bin,256,172032,2793489ce733cc641efb22d75c47810f4391b574a71031d5357791c8673b777e,npy1,c3036300e1cf18ae477e914d212635d69240735e936e942732880424a0d4cd81,/media/cong/Data/GPAT_TransferBench_runtime/cache/geometry/landmarks_norm
landmarks_norm,geometry,landmarks_norm-00014.bin,256,172032,7b8b5a8687bcb094add3563c7b283df5d8c980a88a2e1e8ddbf80d9fb60cb71f,npy1,9f6841174ea96ff6850034ee58d2624ca6e59241c24f014904ec24b70c530059,/media/cong/Data/GPAT_TransferBench_runtime/cache/geometry/landmarks_norm
landmarks_norm,geometry,landmarks_norm-00015.bin,256,172032,fc473a8169ffd020bee1085ef3172bb36dc412ed07e132f594115d79bedb967c,npy1,252c4c397ef580e0f79f9f04515a687fec5b9cff4918f74718d9bb05ace8c13b,/media/cong/Data/GPAT_TransferBench_runtime/cache/geometry/landmarks_norm
landmarks_norm,geometry,landmarks_norm-00016.bin,256,172032,b05e4a9e51966c3af6619e121518595d9a2229e4a70ecea54821465c3989269e,npy1,d1be960945dbc8159dc324954e1e347a0af99fdee31481e7cac79adbaeaa05be,/media/cong/Data/GPAT_TransferBench_runtime/cache/geometry/landmarks_norm
landmarks_norm,geometry,landmarks_norm-00017.bin,256,172032,d8662223d3df8317c166b59cf9c7031bab9f4cfacc94756afbd0580049360e3f,npy1,d5c1ffb82892f6f464ec24574071dc8ad33c0613e9c27199460e314d24504150,/media/cong/Data/GPAT_TransferBench_runtime/cache/geometry/landmarks_norm
landmarks_norm,geometry,landmarks_norm-00018.bin,256,172032,74b7fc625bc6de1411ef8356bc262637079bc970322bf845380a0d9a60d1259a,npy1,7c512c67565f199887ec175c9c93a664634f9dfcd02d7ac4935197b542086859,/media/cong/Data/GPAT_TransferBench_runtime/cache/geometry/landmarks_norm
landmarks_norm,geometry,landmarks_norm-00019.bin,256,172032,7a7598cb0367024b26462ddcbfd7d639818445c4cd60e0c30318510cacc55c57,npy1,53dd5467226c3eeadb2ca1c3db0a747340a766c370902006928aa87c35d78d09,/media/cong/Data/GPAT_TransferBench_runtime/cache/geometry/landmarks_norm
landmarks_norm,geometry,landmarks_norm-00020.bin,256,172032,ce0975c7ef09e7071c618dfc122bf0eaa57467160e86a94bfbbf5beaf59e886e,npy1,408916692f93e00c2806b0216e30e6e337cc44b9d0f791270b2d17e95b2f3d56,/media/cong/Data/GPAT_TransferBench_runtime/cache/geometry/landmarks_norm
landmarks_norm,geometry,landmarks_norm-00021.bin,256,172032,e8d176f9550f7bd617261bf75ae5faa32f39ea674651a3baaedd99879516a5db,npy1,47cb01bee67f992806fc0caeb73be1112216045036b9647944007c714b1217c3,/media/cong/Data/GPAT_TransferBench_runtime/cache/geometry/landmarks_norm
landmarks_norm,geometry,landmarks_norm-00022.bin,256,172032,6781b1c199e76723327d593cc25b0af99259512f9d2ca0b799fdd9bbd0c3413a,npy1,97e5813c48a9306d9b31af7e8347af3543843ddf3bbec2c03551d3cb63e8b476,/media/cong/Data/GPAT_TransferBench_runtime/cache/geometry/landmarks_norm
landmarks_norm,geometry,landmarks_norm-00023.bin,256,172032,6afcfe54bf5d79af5fabc46a2cec852f1f6daf08c7dfe42cfeaca05d11a073dd,npy1,ff17ce0a0e6931b89edea0efa61bdf8b077c50f6ecce02486a3014269d49eebc,/media/cong/Data/GPAT_TransferBench_runtime/cache/geometry/landmarks_norm
landmarks_norm,geometry,landmarks_norm-00024.bin,256,172032,298fe03ae6d327285654f093de60d0ba5fee60f0425e5d85ab97a794456a3f45,npy1,db2e3875e28aefbcf736485e7378c8d065f4956a1452c916246ca8c9a7e5619f,/media/cong/Data/GPAT_TransferBench_runtime/cache/geometry/landmarks_norm
landmarks_norm,geometry,landmarks_norm-00025.bin,256,172032,e970475dc50cc1256f04a130908b790c68431f3412b21d99cc2e86fa3b3efbae,npy1,99510c2a9b19af0fd73cb17cd197d476aed228456f2fcbcee8d51a428b4fadf2,/media/cong/Data/GPAT_TransferBench_runtime/cache/geometry/landmarks_norm
landmarks_norm,geometry,landmarks_norm-00026.bin,256,172032,1a072460602aba56552599a80d695031102e9eb691f771d07c921196b1b6c8cb,npy1,750f7cc426adb1ddc152400edddcf2d5a66386c550b9a8ee784df86dff423f3f,/media/cong/Data/GPAT_TransferBench_runtime/cache/geometry/landmarks_norm
landmarks_norm,geometry,landmarks_norm-00027.bin,256,172032,0b2e670530e0e9870d7d7e387a544dd5be7847b3eb514a6fa19d2fe330709d57,npy1,55652136f7b9d2be538ba696cdbee7c34c14c6aa2186bff6741f743ada600738,/media/cong/Data/GPAT_TransferBench_runtime/cache/geometry/landmarks_norm
landmarks_norm,geometry,landmarks_norm-00028.bin,256,172032,601d0ac2d32eca3bbfb7d6c316978bd6de01562a088c917aa99d66e7bc88adde,npy1,5e25c9fda2528ab27167237798f1f72637eed59be05aaebec3c6bcb69166ab9d,/media/cong/Data/GPAT_TransferBench_runtime/cache/geometry/landmarks_norm
landmarks_norm,geometry,landmarks_norm-00029.bin,256,172032,6e8f1913b14f8b62ddea01bded9cb474aa91417376fea61f8c52e9ff7004cb3b,npy1,b5ac419b0cc72b816190fdc56a54c85d86b67f9601842c82fc63e0c54154f359,/media/cong/Data/GPAT_TransferBench_runtime/cache/geometry/landmarks_norm
landmarks_norm,geometry,landmarks_norm-00030.bin,256,172032,40108251a6939043ea95e71a752f2b1f724eceac2b76abb49b01744005601178,npy1,e0b2320a5452520fe342ce3bf30ae297d0959d2dc5dc65f784d23486ae9ec31f,/media/cong/Data/GPAT_TransferBench_runtime/cache/geometry/landmarks_norm
landmarks_norm,geometry,landmarks_norm-00031.bin,256,172032,894475227698506e3dc96a721ca3e33319f6f026998a479677cb4d092bb72816,npy1,39171fc8a3cd804c43fb70c58726bfb529676d6f8b9144d123dc44a890060ad7,/media/cong/Data/GPAT_TransferBench_runtime/cache/geometry/landmarks_norm
landmarks_norm,geometry,landmarks_norm-00032.bin,256,172032,f32b29b959d66ffe4cfbde0fc2b8635d18b8dc241a0b9815505189bf856836f8,npy1,5abbf2ec62fd8a970e7bb0e9173d86976afb1518db68a12d7e3404f540a0294c,/media/cong/Data/GPAT_TransferBench_runtime/cache/geometry/landmarks_norm
landmarks_norm,geometry,landmarks_norm-00033.bin,256,172032,9ce186a298e1f55d450aec31295b5d9481de6b3cddc8aba743405838541bc32a,npy1,f24d4912a542ca79db6ca39c7af43e058c27201d71b559331349a9cba52be325,/media/cong/Data/GPAT_TransferBench_runtime/cache/geometry/landmarks_norm
landmarks_norm,geometry,landmarks_norm-00034.bin,256,172032,ee1d390900c824af59f689dd5d1a42e45b93476d87db27d6fdf63eb0dd67dabc,npy1,335361b1d26750e64c764abf1c7301a991582a4ae207f15b40e89f3b2b941afa,/media/cong/Data/GPAT_TransferBench_runtime/cache/geometry/landmarks_norm
landmarks_norm,geometry,landmarks_norm-00035.bin,256,172032,e056940dae61ac61d7a1d88d938ec9abad38e825ed29b7d4ee2e24445da48415,npy1,93cf3b53c603f1f4edf1ff14c33ab85cefae8d931f456fd15e8b9d86fcb4bf31,/media/cong/Data/GPAT_TransferBench_runtime/cache/geometry/landmarks_norm
landmarks_norm,geometry,landmarks_norm-00036.bin,256,172032,bd8dd01c405b6731dc3b47053e3ea2ae0dd73befcfa7f48b6df5db23753fe304,npy1,bbeb7962f2312aedfa78f2f78fa281b7f702501ecc4fb7b4bcf3156a5110ebb0,/media/cong/Data/GPAT_TransferBench_runtime/cache/geometry/landmarks_norm
landmarks_norm,geometry,landmarks_norm-00037.bin,256,172032,045ac966ad4d645020b731e9113e8aca06669872f369cd6382a4b1ed3819add1,npy1,a902f1831d1627ed9188d92297e1a1c8f73164f2eddf466cb3bd218b0dd57604,/media/cong/Data/GPAT_TransferBench_runtime/cache/geometry/landmarks_norm
landmarks_norm,geometry,landmarks_norm-00038.bin,256,172032,7cc23d162ad8bca2a461c5a5325cf5865b63f19dca8882010fcfe80491c4dda3,npy1,23441af763cf36f093676607b83ae5a69bff2906f186a932508b42550e583808,/media/cong/Data/GPAT_TransferBench_runtime/cache/geometry/landmarks_norm
landmarks_norm,geometry,landmarks_norm-00039.bin,256,172032,a74b20219f84929c15bdf6663b16e1a008bc9f90a29d1b299c2ecaeb7e6ec4bc,npy1,1445c880fc6deed61335ee325f3d3394168dd56f6a7c4d8bd2fb447df815bcbe,/media/cong/Data/GPAT_TransferBench_runtime/cache/geometry/landmarks_norm
landmarks_norm,geometry,landmarks_norm-00040.bin,255,171360,7d1dbcbb44af0ab8fe9af400fc7db700bf385601746f16f14f85a33bbb2158f9,npy1,01194e3f0d109fe3ec0f7e1cd7d8d5db68e003d0d52929266864d42ffe688725,/media/cong/Data/GPAT_TransferBench_runtime/cache/geometry/landmarks_norm
landmarks_norm,geometry,landmarks_norm-00041.bin,256,172032,708d9dcf9f54d49d2ebf386210abb611129add62fdc572ecb7dd87cfaba0c8e0,npy1,9293d73fbd1c0c12605e38cb277fae1f0589b542d91cb837c05375d770e03451,/media/cong/Data/GPAT_TransferBench_runtime/cache/geometry/landmarks_norm
landmarks_norm,geometry,landmarks_norm-00042.bin,255,171360,38cec791773b8c3a1f735279e620f033d2d56edaf3254735d57cab6b704f5325,npy1,fb9603f373573cf0cf9b0c495bc3417a4faf0261fc26b1b3d9c80439ea7db595,/media/cong/Data/GPAT_TransferBench_runtime/cache/geometry/landmarks_norm
landmarks_norm,geometry,landmarks_norm-00043.bin,256,172032,1161d5d2ad47959db9896b6d4f3b819e0d7fff56aff782af55bca4b71a8c7971,npy1,535565ba520a634d15819761d8bf7749d8289b689545efde98abd8d6494fde10,/media/cong/Data/GPAT_TransferBench_runtime/cache/geometry/landmarks_norm
landmarks_norm,geometry,landmarks_norm-00044.bin,256,172032,10e22f8efe93dc9440f03b41f3eb8922d7ecfbbb4ac291ebeadb8df0d58a7bed,npy1,feb656e0b01fe353e5fd063fc90261d528eaca185caa32355bbb63d72b4379b2,/media/cong/Data/GPAT_TransferBench_runtime/cache/geometry/landmarks_norm
landmarks_norm,geometry,landmarks_norm-00045.bin,256,172032,d3955a2dd7dad5cbf45d5a374a524dbdb4cf05490813b26c7b8720fe8c1b2b73,npy1,93de3b2313167c7373358aa4b9acd118c990c9ce351ffacb4fef77151a88be41,/media/cong/Data/GPAT_TransferBench_runtime/cache/geometry/landmarks_norm
landmarks_norm,geometry,landmarks_norm-00046.bin,256,172032,7ef5f84a5ad09099d52765c621cb30149da7bb5605d6bb70431d8bff260e12ca,npy1,6371e671eb55ce0a74700a0ee6c003b4bb2bcac7bb961cd6dd7bac7c3829fac0,/media/cong/Data/GPAT_TransferBench_runtime/cache/geometry/landmarks_norm
landmarks_norm,geometry,landmarks_norm-00047.bin,256,172032,88b6d48ddfe67a07739ce1a1f9e21f0f555c58719fedcc465b017eed77cd0b90,npy1,b5e377385afb53ba6291ccc43e430a059c1066f527edc37c975806a8187fb435,/media/cong/Data/GPAT_TransferBench_runtime/cache/geometry/landmarks_norm
landmarks_norm,geometry,landmarks_norm-00048.bin,256,172032,a94171952690196885928c18cfa773f09a75a5124b85329a05891c050ee4eb00,npy1,3e984f2f23efb97556ca05ce118ae602b0e8930c17ba60aa7aed571d2b451420,/media/cong/Data/GPAT_TransferBench_runtime/cache/geometry/landmarks_norm
landmarks_norm,geometry,landmarks_norm-00049.bin,256,172032,270aa7dab4992c0a7239023e8b62c72fe09ac3045bb42a6ee3b0c9e2fbaef48a,npy1,f4b348c184de362c965f6b8508bfa2f2f7ccff5cb3a74ecddbde82c3eaf25042,/media/cong/Data/GPAT_TransferBench_runtime/cache/geometry/landmarks_norm
landmarks_norm,geometry,landmarks_norm-00050.bin,254,170688,63d777c0da8fe0a2e7658659e08e22b87e60349a0f81c4d6c8d1073b15be022f,npy1,8d94f9d5484225c790140eb7812860cd3b4a39e5974cd96a694b679ed3d3eeac,/media/cong/Data/GPAT_TransferBench_runtime/cache/geometry/landmarks_norm
landmarks_norm,geometry,landmarks_norm-00051.bin,256,172032,602b428f4d121180cfb79b85ee694f8a65d621e8306dc2b20d0aa95908c4abed,npy1,681e26f3eeff97882b4fbd924defaf39a07b422ccc559afe6d0a7fc8029cd90c,/media/cong/Data/GPAT_TransferBench_runtime/cache/geometry/landmarks_norm
landmarks_norm,geometry,landmarks_norm-00052.bin,256,172032,ef3a24ece4b6a942af45daab14570582f25a99a7d8a4e6f93c3ed644c04ce01e,npy1,bfc8e41530d7f13d8bb67ebb5dccd2e07ce39515822b5610d5f44963035bf1f3,/media/cong/Data/GPAT_TransferBench_runtime/cache/geometry/landmarks_norm
landmarks_norm,geometry,landmarks_norm-00053.bin,256,172032,5ec8c1d3d4cdd2a78230589f32f0a1f91dec45c0e160408d66d7b62ec10e1091,npy1,b4249d699bba245f5d838d874a127c95af71b8d9048be71587a2aa02e48378c6,/media/cong/Data/GPAT_TransferBench_runtime/cache/geometry/landmarks_norm
landmarks_norm,geometry,landmarks_norm-00054.bin,255,171360,117c605df3cab791d73b1502911ed339c74b9503585f30ead005e88e76d770af,npy1,531ee58f6455aeffac756a17bea21c7f0d84d08918f23422a5221300e213c0d5,/media/cong/Data/GPAT_TransferBench_runtime/cache/geometry/landmarks_norm
landmarks_norm,geometry,landmarks_norm-00055.bin,255,171360,ec345b7b27a3b86b3c75a3cf8219add8139714bbaf5e231c3cd1da19909e7b8a,npy1,56a1e40daedc679d0714ba6fd01df1a1a40e80aef239ab721dc51ac76e2171b0,/media/cong/Data/GPAT_TransferBench_runtime/cache/geometry/landmarks_norm
landmarks_norm,geometry,landmarks_norm-00056.bin,256,172032,e357c7235aa548ad200cfd3136f4e532343b5dda44c3c35f3c95d0c788b0fdd6,npy1,872239b1fbc8c020c9de56db9e07a9d0f45d3413c851c74ca30f06e5ab23c3f6,/media/cong/Data/GPAT_TransferBench_runtime/cache/geometry/landmarks_norm
landmarks_norm,geometry,landmarks_norm-00057.bin,256,172032,cf95990c4f7b39ef32c583b7fe4c977373cfddb590e24bbdf5da8d1acf43e688,npy1,3edee46336a6f7d978ed4162a07e2317e8ef97225b45a956c4800b61104f3636,/media/cong/Data/GPAT_TransferBench_runtime/cache/geometry/landmarks_norm
landmarks_norm,geometry,landmarks_norm-00058.bin,256,172032,644326938f2d0486fcb70881493637829ed164a81aac2e94473e55c25be1d74b,npy1,459aec65380cefaf2678948ed62500e34428d574cb9bfb45c78604e51ed438f8,/media/cong/Data/GPAT_TransferBench_runtime/cache/geometry/landmarks_norm
landmarks_norm,geometry,landmarks_norm-00059.bin,256,172032,d40ea9296ed3e26d041e01fe2ca66ec337180f07e4bb77db26850c6a1055afff,npy1,301eaced0db1bc9c430f74618b78081a89662dc6cb778e15769fd5b528afb461,/media/cong/Data/GPAT_TransferBench_runtime/cache/geometry/landmarks_norm
landmarks_norm,geometry,landmarks_norm-00060.bin,256,172032,24a647a5b2637c114d2fce54d81fef7eb6ec17f7beb1edee551fae1cdde1b44a,npy1,5ff253fae053f7eae4c27aec0e7eaa68f76ed9ded07c1ad2d38ab81d0334931d,/media/cong/Data/GPAT_TransferBench_runtime/cache/geometry/landmarks_norm
landmarks_norm,geometry,landmarks_norm-00061.bin,256,172032,1ca3d60d1882f16cb42b76d179b5ebdb2c7e2c1937740458f77676e5eff17d60,npy1,be05cff09cf44769cc71704d50ad302c0ead1f6e9c5ba00fd2ab2d5502b32d06,/media/cong/Data/GPAT_TransferBench_runtime/cache/geometry/landmarks_norm
landmarks_norm,geometry,landmarks_norm-00062.bin,255,171360,8706d7ed2acab7b6e27e63b5ad7357a9a66059f151ed77a568717ffde3fdb576,npy1,5c76a9e2b6b5b223a19d38ca522ec30a6f11bb1b08ee3468063ed6e5d53fac98,/media/cong/Data/GPAT_TransferBench_runtime/cache/geometry/landmarks_norm
landmarks_norm,geometry,landmarks_norm-00063.bin,256,172032,1208b1e07b5173fd06d541f2c714eebc720d8541ee726a593d3d35823a6f1dea,npy1,c9a8c1eece44582717c88914d2aac9bd4e886e07ea94ecae54bbbad4fddc7c51,/media/cong/Data/GPAT_TransferBench_runtime/cache/geometry/landmarks_norm
landmarks_norm,geometry,landmarks_norm-00064.bin,255,171360,c0f5eba3747c526ba836d9972ea6f2846c406ea1dc87f551560334abc012f2ea,npy1,2933b8fdd82b6abbc7492f32cc7da6de8cd9e5ffa68331afdb43f10d76398a8c,/media/cong/Data/GPAT_TransferBench_runtime/cache/geometry/landmarks_norm
landmarks_norm,geometry,landmarks_norm-00065.bin,256,172032,f5ff681bc70ad92b58c67fabc4df1c7368f90165271de06f18e84bd294de43fa,npy1,6e040f9c581b8f1ba374b1516151d1501ed56db1f796ce2b6e82f1d042ab0aa6,/media/cong/Data/GPAT_TransferBench_runtime/cache/geometry/landmarks_norm
landmarks_norm,geometry,landmarks_norm-00066.bin,253,170016,d9a5b08919289f63e82e3df1d6b8dd2d5ddaa032ee6ee21ba7da42d073204fd8,npy1,709a1db0d0afac6920b053e18bb9afc89fc9b88931c475ba8fcf2030cf4b7334,/media/cong/Data/GPAT_TransferBench_runtime/cache/geometry/landmarks_norm
landmarks_norm,geometry,landmarks_norm-00067.bin,256,172032,48b8b92535eb7d2fe907b90a96a0a08019f9936b31543d94f36c5d1e1e2e285a,npy1,2c12d4e6936e3b44a483662c6df4afa8e1475f7e0592a7b5eef02a663a28a747,/media/cong/Data/GPAT_TransferBench_runtime/cache/geometry/landmarks_norm
landmarks_norm,geometry,landmarks_norm-00068.bin,256,172032,0c02c99695d0def3ebac384c4bb141654571e75c1fe8dffa5f2cdae4c830029f,npy1,30f41cd29bf577383eef4e2613724dee836317cce36d09ad17e155a184924cbf,/media/cong/Data/GPAT_TransferBench_runtime/cache/geometry/landmarks_norm
landmarks_norm,geometry,landmarks_norm-00069.bin,256,172032,83b1ecd1378504e127045912be609a99329f4d647d88e77770ac71898ab9c92e,npy1,dfdfff0241c06911d5789dcdcc63a697d90563240621c8f7bb9bad0dc56029a6,/media/cong/Data/GPAT_TransferBench_runtime/cache/geometry/landmarks_norm
landmarks_norm,geometry,landmarks_norm-00070.bin,256,172032,701e61b9103ee3d029e8d68cc6d9302ffcd1f0ffbb5a905875984943662dec20,npy1,dfa70c4b9bc75c176e4edd0b117c1ba395beaeff679796d0f34490450b418409,/media/cong/Data/GPAT_TransferBench_runtime/cache/geometry/landmarks_norm
landmarks_norm,geometry,landmarks_norm-00071.bin,255,171360,afabff164fb231e617ae46982887c36b6299344b8580a9329e7e4b5702594a6a,npy1,7e623532a14e1e96e53acc4b66ca0db1bb7719a2ac21bc77c50c0ba2f557c517,/media/cong/Data/GPAT_TransferBench_runtime/cache/geometry/landmarks_norm
landmarks_norm,geometry,landmarks_norm-00072.bin,254,170688,d47f86689e947408d548c4f321dc504f630e106bfca24642e8bffbf24b13a8a1,npy1,554abc39645ca04e659bd0aae1b1d648830b461468e2475087008f47bca645ef,/media/cong/Data/GPAT_TransferBench_runtime/cache/geometry/landmarks_norm
landmarks_norm,geometry,landmarks_norm-00073.bin,256,172032,533ae0d28af2d6a0816830601a63a098f206d33c0fa678b203fb6ee992429d96,npy1,3fd7576c5587927e6b53bdaddc14f5d863cd09217807881886423e3cbaa7f265,/media/cong/Data/GPAT_TransferBench_runtime/cache/geometry/landmarks_norm
landmarks_norm,geometry,landmarks_norm-00074.bin,256,172032,4ca4b50754f08c10e7468096367f62e70ccaeb67f7902913c26ea7bb76cfd018,npy1,d567729e2c08b668c84c54be7a42924aef64285be7556401de0e3bdc0cd0c840,/media/cong/Data/GPAT_TransferBench_runtime/cache/geometry/landmarks_norm
landmarks_norm,geometry,landmarks_norm-00075.bin,256,172032,f118332752a7a2e00cb9fc677322830fac44abc35936b0a24f38adf390e096f5,npy1,a25dd82ca9215bd0f4283b0cdb476e9654fae556e733ee05a714b4d1ba1e136f,/media/cong/Data/GPAT_TransferBench_runtime/cache/geometry/landmarks_norm
landmarks_norm,geometry,landmarks_norm-00076.bin,256,172032,a3ed0fc1c0bb6b298b77b7082a5e7a62624018d77ad9a7dc4ac99be3b97130a2,npy1,58bd02c3f2fa7a9deafe422dcbcc7ec98cbbf32ac4c43b277c80edc089c64630,/media/cong/Data/GPAT_TransferBench_runtime/cache/geometry/landmarks_norm
landmarks_norm,geometry,landmarks_norm-00077.bin,256,172032,d49bd472f649a0d4c588a86a3b2db4d3764ec748ed6ad723667b732117872e70,npy1,a5d598637b065aa301c7527e0c69b736e2b87193276de59179f10632c902cd3c,/media/cong/Data/GPAT_TransferBench_runtime/cache/geometry/landmarks_norm
landmarks_norm,geometry,landmarks_norm-00078.bin,256,172032,ffbe0703b6e13f7e6c0b40bcb3d0982861e45948b0f9c4551b07839ed5a491e7,npy1,6a2903fc54d26c5da241c8708d68820c41cfb3349178fe1d08a2a2a110375b61,/media/cong/Data/GPAT_TransferBench_runtime/cache/geometry/landmarks_norm
landmarks_norm,geometry,landmarks_norm-00079.bin,248,166656,0413fe5bec425fbd553604779736331a112bbed54b063356114487ab40693ba6,npy1,011af2c048e7802cb25dd7ca4302ad0e63237afff5dfd3e944e48da485d77002,/media/cong/Data/GPAT_TransferBench_runtime/cache/geometry/landmarks_norm
landmarks_norm,geometry,landmarks_norm-00080.bin,157,105504,5c7a0b72966417425c2b81474c7378055fa36dd922478b33d9a81d40be2b4c06,npy1,c51d4a608be8c26bcf4b782a5d9f05cc4c39990336d74d782b7decac9f8fac55,/media/cong/Data/GPAT_TransferBench_runtime/cache/geometry/landmarks_norm
landmarks_px224,geometry,landmarks_px224-00000.bin,256,172032,07bda4f1b5affe9f0b4d20995a26f2e99e941bb43c47d3ccda77818c48ffa9e1,npy1,85de8cbc4983d8f1cbfe62c37eb5e40cb0625eab93ea4248b55ed980c4d1afd9,/media/cong/Data/GPAT_TransferBench_runtime/cache/geometry/landmarks_px224
landmarks_px224,geometry,landmarks_px224-00001.bin,256,172032,a7629ab15b6cdd4b0dc809f0a67b54822fc7a75011e5c6ccb8e377988bb9c996,npy1,e43bd372c70e8c57718c0283dad48d82cb511ef8ebf241e04634a30e97b22c6d,/media/cong/Data/GPAT_TransferBench_runtime/cache/geometry/landmarks_px224
landmarks_px224,geometry,landmarks_px224-00002.bin,256,172032,1881f1966163a66bddd285b6399831dca0cfa970a4c53fd3e67e1a4b9d8685bf,npy1,a02d14eb7b354f99095eab99133bf40518a5d8348895b3a34d8d4a7f9395952b,/media/cong/Data/GPAT_TransferBench_runtime/cache/geometry/landmarks_px224
landmarks_px224,geometry,landmarks_px224-00003.bin,256,172032,31d1e859e9c631e77daedab21a56482b17aaf9a29eaf4d8f737316d41faf836d,npy1,7b9e6980b62af9d4738a39754fc013045108c17a1d928008573b9ec2553cc9c8,/media/cong/Data/GPAT_TransferBench_runtime/cache/geometry/landmarks_px224
landmarks_px224,geometry,landmarks_px224-00004.bin,256,172032,9db16339bee96ddc049a2c45d12ee568ebafe72e4c9c532a7302057eb4f52d3c,npy1,7f7867fbff35c256c90e39377e5a061d1389b387c1b256a0f8c6e85bb40c9d38,/media/cong/Data/GPAT_TransferBench_runtime/cache/geometry/landmarks_px224
landmarks_px224,geometry,landmarks_px224-00005.bin,256,172032,48eda445b0feb4f111bd69c5d8c5b42613d9ceff6ed1f90102c4121e2f896439,npy1,077f63e5836d079e5b19a44eddafb8f6601f933eebeaa8a7062c34c35355a834,/media/cong/Data/GPAT_TransferBench_runtime/cache/geometry/landmarks_px224
landmarks_px224,geometry,landmarks_px224-00006.bin,256,172032,ac9276a5b961e71478f4c945b3c5356d5ce965ab0195288554d4ab7467a38290,npy1,bb9ad2932d326310fcca7edf675a8c3f4c406b9cecd55b30d35a25cb3b18822a,/media/cong/Data/GPAT_TransferBench_runtime/cache/geometry/landmarks_px224
landmarks_px224,geometry,landmarks_px224-00007.bin,256,172032,d7d9aff86554521c4c5f7bd7aac92d8eb94acfb21fed8ce8a01b63755fa839ad,npy1,5e50bc9993743575dfc979e41cdd1946edd498e3160b35049fc511e0a88ae87d,/media/cong/Data/GPAT_TransferBench_runtime/cache/geometry/landmarks_px224
landmarks_px224,geometry,landmarks_px224-00008.bin,256,172032,420fe87fa72efaf871d9b845b711683408bd032b0e7485e074d605dcccadce3c,npy1,956edef25c4f69a59252ccaa17b230058a893210d8fbbe8733bb76dfd96b6c0c,/media/cong/Data/GPAT_TransferBench_runtime/cache/geometry/landmarks_px224
landmarks_px224,geometry,landmarks_px224-00009.bin,256,172032,14f4184bcb223ff6e9873df68fe593f1a33a773f778848bfdf340844796b215e,npy1,5e70094c7a6df7ad1a3c74015fe12ec7b4ad816a35cd829109f109854f7c4d2c,/media/cong/Data/GPAT_TransferBench_runtime/cache/geometry/landmarks_px224
landmarks_px224,geometry,landmarks_px224-00010.bin,256,172032,3d7de43f5ab3835c7269c95b06143dbf937605437e9e359fe76293a36520bdbc,npy1,f555cb4ca1aaa6fccaebff0c9a9e2c15ec331d4147081a8b66623a7ac67f3b06,/media/cong/Data/GPAT_TransferBench_runtime/cache/geometry/landmarks_px224
landmarks_px224,geometry,landmarks_px224-00011.bin,256,172032,4ee936bbfae137337c95992cdeb80ce3d3c6ac10f4f45fb5856385751c6bbca1,npy1,b4b74de2f89e1f1d4823ff20a8b2c133e51a75665a9f10b695918cc00fca008d,/media/cong/Data/GPAT_TransferBench_runtime/cache/geometry/landmarks_px224
landmarks_px224,geometry,landmarks_px224-00012.bin,256,172032,8487a8f4188f2af967a8bf36d713e62d195f857cf47b2198690580d7661ecf2e,npy1,7f5105d079e5c373a9dc243d626a07587bdd13c1a65d19741802583b6ea88b62,/media/cong/Data/GPAT_TransferBench_runtime/cache/geometry/landmarks_px224
landmarks_px224,geometry,landmarks_px224-00013.bin,256,172032,b4ba6bba2ec202bb4f700f4a279fa9b3a78aeb268a56c25d67360b8d1bcedb7a,npy1,45acbcfe852e37bdaba470bb7a612794fb6fbccae5a9105074b35f03b95ee889,/media/cong/Data/GPAT_TransferBench_runtime/cache/geometry/landmarks_px224
landmarks_px224,geometry,landmarks_px224-00014.bin,256,172032,af13b4fc0ee66ecbb5e7eb2dd9f57053bdf90e822842781a889bcfece2e008d2,npy1,4927c5342ad23edddcdfe2492ec1d9c7e6c4582b42046863d839ea8d1e4786f5,/media/cong/Data/GPAT_TransferBench_runtime/cache/geometry/landmarks_px224
landmarks_px224,geometry,landmarks_px224-00015.bin,256,172032,d682dda397b2d750420d2f6dedecd64ac941f0b3ae72bc102ba5ffc34b06d9c3,npy1,8dade729fb5db2025dd9972861d5ad6bcf5313e0bc9aba165c67423749aeee1b,/media/cong/Data/GPAT_TransferBench_runtime/cache/geometry/landmarks_px224
landmarks_px224,geometry,landmarks_px224-00016.bin,256,172032,e56a778cbc438519fba9db2257ddbe8ff3cedde01659034a369752c90054480b,npy1,2c6c905127b91647cf168d6a6a2e843f2c150af85de55c10df535b6aba6cc467,/media/cong/Data/GPAT_TransferBench_runtime/cache/geometry/landmarks_px224
landmarks_px224,geometry,landmarks_px224-00017.bin,256,172032,ea2720e3e0bb01cd80e665e3dd4bfe202eed5283f864cb99c39a469a33aca812,npy1,e8ecaf415eb956cdb30a61070c948e6f4990b90d0f0bc3f199660cc4a5402eab,/media/cong/Data/GPAT_TransferBench_runtime/cache/geometry/landmarks_px224
landmarks_px224,geometry,landmarks_px224-00018.bin,256,172032,88086a9417d184170d99760f78f9d452c608c00af496085f8e61bf6029374315,npy1,996737d7ffa655a8897ac4265dff11b01995b2dcb0c4f4d1492ca6ddc9ffd895,/media/cong/Data/GPAT_TransferBench_runtime/cache/geometry/landmarks_px224
landmarks_px224,geometry,landmarks_px224-00019.bin,256,172032,f8744c7096e16c0821441342661c3c607d3801ea1396cc9e4ad4111f2c5688c6,npy1,b864db5668f9685300ceaebdbcf74acfafd813835172c2aaa3b54f29f1239da3,/media/cong/Data/GPAT_TransferBench_runtime/cache/geometry/landmarks_px224
landmarks_px224,geometry,landmarks_px224-00020.bin,256,172032,400e48286daab98eff51f4e4048787a52df04383f22568ccf6a22342f6106bd3,npy1,4aadc903f0f5293b9ca06f7838125257f267ff293a81dcda86375a5fbbcf6449,/media/cong/Data/GPAT_TransferBench_runtime/cache/geometry/landmarks_px224
landmarks_px224,geometry,landmarks_px224-00021.bin,256,172032,31c10811a4376b92f1c842d98512eff9ab3118532749572d62a8fc50207728f9,npy1,2bd71fe3176176e07a1c73adb23687d2524bfd52f7f7933245e235dff1251f3b,/media/cong/Data/GPAT_TransferBench_runtime/cache/geometry/landmarks_px224
landmarks_px224,geometry,landmarks_px224-00022.bin,256,172032,f36f2b66b55e06bfa70d65f9bbabf69b2dddc77ecc23cc537f50bb3945bd153a,npy1,46e6f4f1beab8976ab44674a27df42f20d964db40b54bce6368799e332f05d8a,/media/cong/Data/GPAT_TransferBench_runtime/cache/geometry/landmarks_px224
landmarks_px224,geometry,landmarks_px224-00023.bin,256,172032,f5f3aa2edf8e048fd56069b0fabfdaccb39054fb129ed67ab821bf0e2117d0d6,npy1,ce03ea570d9687b02a6bc526772817ef48b523f2000906c0f05e7c0e82b2d5aa,/media/cong/Data/GPAT_TransferBench_runtime/cache/geometry/landmarks_px224
landmarks_px224,geometry,landmarks_px224-00024.bin,256,172032,aba01560b6070ecc5c8307191cee77178e9d7019dcff16797cb207bd52f3f4f0,npy1,db27baa6ed901c34d11e08982b4d38a97338b33313fd550321cd3fc4c1f19367,/media/cong/Data/GPAT_TransferBench_runtime/cache/geometry/landmarks_px224
landmarks_px224,geometry,landmarks_px224-00025.bin,256,172032,e314318aa6e34ba84df6ab46e46a91142f9d4bda710942bcdb389db679132a2b,npy1,41136336458f38d5d1cf61300eb9cd93453bc841636bf1fe8605765648a0e312,/media/cong/Data/GPAT_TransferBench_runtime/cache/geometry/landmarks_px224
landmarks_px224,geometry,landmarks_px224-00026.bin,256,172032,20a18d9815e091d1bf79e1ea9311063b652d56ad6f02cad7e073ec470463c926,npy1,7aef287f823b90158656bb497cc26c35211f5ee19e0c9217edb1e7096dcc07ce,/media/cong/Data/GPAT_TransferBench_runtime/cache/geometry/landmarks_px224
landmarks_px224,geometry,landmarks_px224-00027.bin,256,172032,4b5fe4eec4eab3a06233b6fdaace47ac10d03c543b3cef544999917ffe0249eb,npy1,3ba9b49b2d7f368b7edb9aaceb6490aee14398294e99726b4b018ce841d4e385,/media/cong/Data/GPAT_TransferBench_runtime/cache/geometry/landmarks_px224
landmarks_px224,geometry,landmarks_px224-00028.bin,256,172032,287f1ea03871293aaf1d826ab351501c6503fca80cec476c41f841820d5e7c30,npy1,b67cc216fddb757e2e4175c9ea24fbc9e3fcff0c9970a6ea4284e95d87c5ff56,/media/cong/Data/GPAT_TransferBench_runtime/cache/geometry/landmarks_px224
landmarks_px224,geometry,landmarks_px224-00029.bin,256,172032,ad8e5ac0ea8264fe9cf5597958dc4017d9e0a425c5a4590357aa7b3a3c10037d,npy1,e83bc666cf5947aed50fd3e6c0a5bebff373534ff6cf86af2ba32b6ad1d42f05,/media/cong/Data/GPAT_TransferBench_runtime/cache/geometry/landmarks_px224
landmarks_px224,geometry,landmarks_px224-00030.bin,256,172032,b471416e8eefd4e673531d1526fabd82221b405af27872bec6e112b02085061c,npy1,baa8a934f91075a8eb0eb3f9a95f6cfade7a6874cb3c437023c3d71eae7d577c,/media/cong/Data/GPAT_TransferBench_runtime/cache/geometry/landmarks_px224
landmarks_px224,geometry,landmarks_px224-00031.bin,256,172032,b43fefee914fd861dd45a676d14784d7f083485402acf083c7f3d1cd380184f3,npy1,672a938f09995e6e95338e7ecd085fed095aa43f955ff02f1a6316f6d8dc0f78,/media/cong/Data/GPAT_TransferBench_runtime/cache/geometry/landmarks_px224
landmarks_px224,geometry,landmarks_px224-00032.bin,256,172032,dcb037191e3c77a44e3b047aa4bf8071495332b9f884531baf364b29378b912c,npy1,fb7477cea9bd46b8baf45f33b7a6cb2228f15e10249fc095829b4b8b85d93374,/media/cong/Data/GPAT_TransferBench_runtime/cache/geometry/landmarks_px224
landmarks_px224,geometry,landmarks_px224-00033.bin,256,172032,042f9413505ff19246d3bcda07f91b4c8c025cd025d2841eb6b0a358eb757373,npy1,570083e7860d5a0035d85c1606d2472808355d3c64e2781dd0ff3255e841c9f3,/media/cong/Data/GPAT_TransferBench_runtime/cache/geometry/landmarks_px224
landmarks_px224,geometry,landmarks_px224-00034.bin,256,172032,36d934c15382a4b2e65ebcd6ba37664165cf0a19ba9a922e5ddc25bd373cd531,npy1,d571f3106085fdb9c0c1e07002977a3812bf71d8c3e9773075d6370abf1d1e24,/media/cong/Data/GPAT_TransferBench_runtime/cache/geometry/landmarks_px224
landmarks_px224,geometry,landmarks_px224-00035.bin,256,172032,280e07985f8453523df51a79be2617e2727426b70430e780fc63941d419181f0,npy1,c27da1b37c3e351e2a507439ad467feac56694d586c020e52b61a7208dab55c5,/media/cong/Data/GPAT_TransferBench_runtime/cache/geometry/landmarks_px224
landmarks_px224,geometry,landmarks_px224-00036.bin,256,172032,2f1b430cfa27e426dba1ea94b22754853ab4a7e5fa3b7b3ad7259295000c112b,npy1,98982fd2509ba8ea65b92fa716fe102c238b8bbb1d4ffd7461d40bfd685c2e1e,/media/cong/Data/GPAT_TransferBench_runtime/cache/geometry/landmarks_px224
landmarks_px224,geometry,landmarks_px224-00037.bin,256,172032,06a5cc38cef62bdfe2a792a7291738d8aa10a37c163ea8a4b1302e4c4c8aa231,npy1,4810ab9fab46be3fd764fb61dd34f0fb2009f4fb63dd877cebe9657d20122888,/media/cong/Data/GPAT_TransferBench_runtime/cache/geometry/landmarks_px224
landmarks_px224,geometry,landmarks_px224-00038.bin,256,172032,6ec6b2b611a4431ed392c3c875b84dc1be033d87d43ecb0fe531a6ada79e79d7,npy1,dfdae72e201a75ad43bb8d3821b263e341ec0f778d3085d8e461f69fe675c53a,/media/cong/Data/GPAT_TransferBench_runtime/cache/geometry/landmarks_px224
landmarks_px224,geometry,landmarks_px224-00039.bin,256,172032,eec884f87186a0adb2fffde368e03d35ee81871c950e45fdffd2b61aba35e3c2,npy1,0bf3487cf2fc8d12c86b3c8c5026039180151441d65dcca9f5abaa41504d21f5,/media/cong/Data/GPAT_TransferBench_runtime/cache/geometry/landmarks_px224
landmarks_px224,geometry,landmarks_px224-00040.bin,255,171360,a51ae6097edae4b3f4764f737218a50a12ce14e89f3359ed38e28938382e433d,npy1,ba8f7ec4497d2fdf3dddd2129269d33572041a3cf37705f5590aed9b77106c4a,/media/cong/Data/GPAT_TransferBench_runtime/cache/geometry/landmarks_px224
landmarks_px224,geometry,landmarks_px224-00041.bin,256,172032,4e5aa3da3c6cc13694e7150917bfa668ad03cd602d25496b7c8834b7ea942756,npy1,588925afc34ccdcb66dd83b5252cd92be622cff0906600e5fdd3964bb63e929f,/media/cong/Data/GPAT_TransferBench_runtime/cache/geometry/landmarks_px224
landmarks_px224,geometry,landmarks_px224-00042.bin,255,171360,7a71c1759de9d85b05153ade94b04d02c9bce4a7eeeb85155c70dbce02743945,npy1,a699bdff9263bf6dc338de10f00d821c302d9d821c5ed0eb96bdc490126fe199,/media/cong/Data/GPAT_TransferBench_runtime/cache/geometry/landmarks_px224
landmarks_px224,geometry,landmarks_px224-00043.bin,256,172032,5bf96536ac5df80bbe94d5d4ffe9bc57508e7c84178e3340a7f9043124021241,npy1,f863dbe837c0edf8ef96d0e383bc93f4a096df6bccd303f24a11b675cb736777,/media/cong/Data/GPAT_TransferBench_runtime/cache/geometry/landmarks_px224
landmarks_px224,geometry,landmarks_px224-00044.bin,256,172032,fccaf49d0d5bb80114012eec5673a3317eb1f786bb96ed52f9f5235f7f48d571,npy1,af9a68ff18a8ab99041e4b45576ef81f10b3e792b9e6c89afb4c38c43920a2dc,/media/cong/Data/GPAT_TransferBench_runtime/cache/geometry/landmarks_px224
landmarks_px224,geometry,landmarks_px224-00045.bin,256,172032,78b117ac247de343e328d5d780a8feeca56b1b305208a108814884f19ac6cfb4,npy1,b5a6819f6f1e4f11fe4c7cee96747dd35a55f7183ae448d612ae08b03ca3b9b7,/media/cong/Data/GPAT_TransferBench_runtime/cache/geometry/landmarks_px224
landmarks_px224,geometry,landmarks_px224-00046.bin,256,172032,2f0921742318b32e4dd0bb906d62e1ac3e55f65b2ea2debecf4b1352ac810f7a,npy1,7065f75420635601c40d231cbaf20417c18e6ae857046062e699f7c841f1c07e,/media/cong/Data/GPAT_TransferBench_runtime/cache/geometry/landmarks_px224
landmarks_px224,geometry,landmarks_px224-00047.bin,256,172032,adbdc084aa59cfc6f431f952ee59ba5a354273677a42f115dc5ee8f6e70a8573,npy1,02983e93fb897229a19d511e7a4aa7a95699b25c8d80a5305d921b7940958cfd,/media/cong/Data/GPAT_TransferBench_runtime/cache/geometry/landmarks_px224
landmarks_px224,geometry,landmarks_px224-00048.bin,256,172032,ade4c2b262125bf820fd57da276ff91a915d08f1d8d110554adb451614b97e64,npy1,b369df7de108e04462518fb717c929867ce39f5a4c0f7d397e2df5fdda2f5b09,/media/cong/Data/GPAT_TransferBench_runtime/cache/geometry/landmarks_px224
landmarks_px224,geometry,landmarks_px224-00049.bin,256,172032,dd38a2a1c2639c777717710fd37425a5c36370e839c131c26d25032ca46e1889,npy1,e2701853d2ff6ebd0f372a935bc576abe3bfcc8e34b5f95d86cb0286f4ed6a56,/media/cong/Data/GPAT_TransferBench_runtime/cache/geometry/landmarks_px224
landmarks_px224,geometry,landmarks_px224-00050.bin,254,170688,5c309d535a426b904af39d8b5d8d146d46638918769164bae3d78bb7ebcdaa06,npy1,bf59ee0a0794f565d00f78a2c12503234f5ad1bac67452d5164146471803c0fc,/media/cong/Data/GPAT_TransferBench_runtime/cache/geometry/landmarks_px224
landmarks_px224,geometry,landmarks_px224-00051.bin,256,172032,d249a5ff8c4f0f7ac629bdf0e62744a36ffa3cf1a5349de4be6f44bdc2d1faa8,npy1,31dc4fd6fb6ed261bd246a2d9ccb9b85d26c317bab5f8211e2be060c5bf6d5d7,/media/cong/Data/GPAT_TransferBench_runtime/cache/geometry/landmarks_px224
landmarks_px224,geometry,landmarks_px224-00052.bin,256,172032,1b56269dcbca6b2a9f3bd6fafc288fdeb40b049e0241fc4aa9e7869ca752f3af,npy1,91b4e01d590ebd7e66c92543995a97081e651d7133b7810e34c55c9c090f6590,/media/cong/Data/GPAT_TransferBench_runtime/cache/geometry/landmarks_px224
landmarks_px224,geometry,landmarks_px224-00053.bin,256,172032,b0da5cb93102e6042a1ca1c5863827234e79f517c3dcc189bd1a71ec3f576477,npy1,4d61f9ab8b1d5f5c057aff687da4decbb0edcd006c55ae7a0c1c38adc94e6f29,/media/cong/Data/GPAT_TransferBench_runtime/cache/geometry/landmarks_px224
landmarks_px224,geometry,landmarks_px224-00054.bin,255,171360,a8235e94051d84754805fc500cde936d1d59f9788ad643685148365bb93693de,npy1,7e6b64d7a8917b74bffb47a64f77334b4449eca17d0aff10e6ee42491fda3c15,/media/cong/Data/GPAT_TransferBench_runtime/cache/geometry/landmarks_px224
landmarks_px224,geometry,landmarks_px224-00055.bin,255,171360,6dfc161911379efc9d17f6e9a338a68f44650aa024115a3381dfdefccdd4bb09,npy1,420f819589f1b8554bdd4a86abef52c72ef82d40519699d713fdf24dc2d10223,/media/cong/Data/GPAT_TransferBench_runtime/cache/geometry/landmarks_px224
landmarks_px224,geometry,landmarks_px224-00056.bin,256,172032,6873134cac9cd930ac155f85d95950c7e5809a7aaf426385b99e416293afde26,npy1,23437b0e5219d979d1f43a93f8d3e3a04da5ff2b03434575efe5e89bd838cc54,/media/cong/Data/GPAT_TransferBench_runtime/cache/geometry/landmarks_px224
landmarks_px224,geometry,landmarks_px224-00057.bin,256,172032,6a8aaaee143744ce9155be855c55779900abae67173cdcf3aabf12347491308a,npy1,3a92f5fd7d5e2e17502580146149677c996b72c2b6673ffb9ad01ee564913a6d,/media/cong/Data/GPAT_TransferBench_runtime/cache/geometry/landmarks_px224
landmarks_px224,geometry,landmarks_px224-00058.bin,256,172032,d86e2b0dd3e27977f3807f3d08a53dd841432cb58e88b2ad62f62155866aee12,npy1,b2efdd6eba280b87be4e06baa3804a141638908fd594847d2240321318b3101d,/media/cong/Data/GPAT_TransferBench_runtime/cache/geometry/landmarks_px224
landmarks_px224,geometry,landmarks_px224-00059.bin,256,172032,8e633f9b4b7f0c1d054625fe636791bf27c3686cd25227fd47754c408f551e2e,npy1,2a1d4ab538937fd48ddb353c517a338aa6fdcf51c6168b13d317caddf730be9c,/media/cong/Data/GPAT_TransferBench_runtime/cache/geometry/landmarks_px224
landmarks_px224,geometry,landmarks_px224-00060.bin,256,172032,dcebbd612b29a7bbeb984cb6aa05e2a3df3e0edeeea2d42c9e3953620b1418b0,npy1,68c64a1066b0b1d779e6188920c60a94fbc69c067f13c05cdcdfc3489bccd4f0,/media/cong/Data/GPAT_TransferBench_runtime/cache/geometry/landmarks_px224
landmarks_px224,geometry,landmarks_px224-00061.bin,256,172032,4aa558109449d8037aa475ec73a1d8f36a1b77226b75ddb9928daa965ece6506,npy1,2fa739c9e0d7843655ab1d3bdb9d1e0df17d252bf6ce645d88675b376365dc30,/media/cong/Data/GPAT_TransferBench_runtime/cache/geometry/landmarks_px224
landmarks_px224,geometry,landmarks_px224-00062.bin,255,171360,6fe02efd4196e2062bb3e4f840ef6b8b9be29009b63834ea9b249b09742086ee,npy1,9f79db261e579874f749a4a9e4989153b64f89ecdb5866e51a88a769796210f9,/media/cong/Data/GPAT_TransferBench_runtime/cache/geometry/landmarks_px224
landmarks_px224,geometry,landmarks_px224-00063.bin,256,172032,5cd619e6566a6fd517124af5e17a901a86c659c8068a3a332df90f6e55688a78,npy1,99668a808b6c39c8dd31c7becb711103629728914badbf4366f2333162819fd4,/media/cong/Data/GPAT_TransferBench_runtime/cache/geometry/landmarks_px224
landmarks_px224,geometry,landmarks_px224-00064.bin,255,171360,6e1974a8164e6e59c1031416f553cc99812011eab6e2ccbf785e879d84b92344,npy1,82702b86f4181fe3749e08aca6503acdeaeefa1b31bddd9f949647bfed2e0ea8,/media/cong/Data/GPAT_TransferBench_runtime/cache/geometry/landmarks_px224
landmarks_px224,geometry,landmarks_px224-00065.bin,256,172032,d6c1c3b8cac36062391227642bab14877f91bac5bf36c6fe844366b5b6ffd75e,npy1,6b2ce788ad7c86d4ff3dcbfe067fce4a09c20a5a7ee39436405a0eb3337f39e3,/media/cong/Data/GPAT_TransferBench_runtime/cache/geometry/landmarks_px224
landmarks_px224,geometry,landmarks_px224-00066.bin,253,170016,b58829dc48cd61f28be4ee79bde0b310b3f094ee9d267792469503f2c7103ac6,npy1,5f77fcf2c696b17a77e847b80503c272102d670d48c6b8b194aed02fb2efa1dd,/media/cong/Data/GPAT_TransferBench_runtime/cache/geometry/landmarks_px224
landmarks_px224,geometry,landmarks_px224-00067.bin,256,172032,5e96b45c615f850055587c6d96a47a1078df826649372186a98f47308201b706,npy1,6397b52e2ac16e30ed20f35be90ab8e1c3824fb2ac716f35c7604522995a751e,/media/cong/Data/GPAT_TransferBench_runtime/cache/geometry/landmarks_px224
landmarks_px224,geometry,landmarks_px224-00068.bin,256,172032,999cb54d5e2d31d0acfb0bc72bd6391d0dddc31966c97dd35a772c1eb8f46540,npy1,4785c9c98286f85e8d303bf534f6a7722da8d0fa6f707bdb359c17979114ac28,/media/cong/Data/GPAT_TransferBench_runtime/cache/geometry/landmarks_px224
landmarks_px224,geometry,landmarks_px224-00069.bin,256,172032,ec6fcf26f213021371bd11ae1bde21763df09ec2482ef023b488c0d506f8ae97,npy1,83c1caaf805ef6fab65c01ae8288c9f6ad90003c4a9dfb09791c496526da6fc8,/media/cong/Data/GPAT_TransferBench_runtime/cache/geometry/landmarks_px224
landmarks_px224,geometry,landmarks_px224-00070.bin,256,172032,f25cf027bc3d391845efd7cfa0142fe829896be0185e9fe33ef300ee96fe0373,npy1,e4211e0cae5b7394355ae419035108a33b8d2e0c658fec71fa2454ab4c37cde3,/media/cong/Data/GPAT_TransferBench_runtime/cache/geometry/landmarks_px224
landmarks_px224,geometry,landmarks_px224-00071.bin,255,171360,06f0beaa870eed522ec32e4fa4ed39342c1538d7259660bfd53a6eca02800f04,npy1,02e51f6a37ab506fd170e03b5d6bd7985fcac93be3de88210402f857902a96d5,/media/cong/Data/GPAT_TransferBench_runtime/cache/geometry/landmarks_px224
landmarks_px224,geometry,landmarks_px224-00072.bin,254,170688,071dc1ac71b412cb7ab1ce1700cc7af26118cf4a7f9cad39d42bd718c88d0f3a,npy1,d1e9dbf3a7635eb328d4660c26ca1bb5d0fcc52edda7a5c350cdca1069c06639,/media/cong/Data/GPAT_TransferBench_runtime/cache/geometry/landmarks_px224
landmarks_px224,geometry,landmarks_px224-00073.bin,256,172032,5ab0a02434182315004c6ca9bdd07eb6cc155abc13d1020b8544fa5ae5b833c1,npy1,22985e161d2bbba53e255facd002c8dbc1dd239795407ad7318d14d23e91d64e,/media/cong/Data/GPAT_TransferBench_runtime/cache/geometry/landmarks_px224
landmarks_px224,geometry,landmarks_px224-00074.bin,256,172032,858717abab0a6d578c5503b85c1f6f18841985637b80b851024a476e93ac2249,npy1,6e9edf7eb349e913060fc0b5a138acb71ee4e11db210077d9e748d3cf44d60ff,/media/cong/Data/GPAT_TransferBench_runtime/cache/geometry/landmarks_px224
landmarks_px224,geometry,landmarks_px224-00075.bin,256,172032,a0591a566fe67235f70cc0371204fc958804f42027f6324c5b5499a3e60ea0e6,npy1,aaae19faa7df0ceb232965acbde50d2bf9a65edec40782bc4c5b25c7edaf251d,/media/cong/Data/GPAT_TransferBench_runtime/cache/geometry/landmarks_px224
landmarks_px224,geometry,landmarks_px224-00076.bin,256,172032,2399047725852b4ed894b6a95cd4c9ce2f9341f0c4564ecdcd8d725863073bbb,npy1,ea8cebef18f353153390620784df1bff15a093685e8e5f736af3da38b10a55b9,/media/cong/Data/GPAT_TransferBench_runtime/cache/geometry/landmarks_px224
landmarks_px224,geometry,landmarks_px224-00077.bin,256,172032,a744896dbb794da484e0cd98a57f92b01e9256283b164e9e1ecef4833bb99db3,npy1,4516f00c3862057f35349fc14049ef05c2351b1d9fd6b1c3ea72961712022211,/media/cong/Data/GPAT_TransferBench_runtime/cache/geometry/landmarks_px224
landmarks_px224,geometry,landmarks_px224-00078.bin,256,172032,50e93ef2e79e3ad3b4fb250b75a122e1f0ec49f1627f00a10480c0dd9bac84e2,npy1,36db65afbc8fb05ea4e3dd41b9f298e00ad3caf96c853c2d76bc28ecde26cba0,/media/cong/Data/GPAT_TransferBench_runtime/cache/geometry/landmarks_px224
landmarks_px224,geometry,landmarks_px224-00079.bin,248,166656,a9574a777eb66edd984dbbb4a21a845f9e9feb0734bb8c63c22c979cf1c1b38f,npy1,7b61775b25da3dd3d82e8d774d6ba0f74e0a05a1cd0624d0a5c5eef2477204df,/media/cong/Data/GPAT_TransferBench_runtime/cache/geometry/landmarks_px224
landmarks_px224,geometry,landmarks_px224-00080.bin,157,105504,49fe5aa211f00678dcc9a712bfec58a5806c84161d8367c330c0da57070ba58f,npy1,5e43bdc43cb81c8b02d702d826af0ca07c7934fc155339d505a508afd53c682b,/media/cong/Data/GPAT_TransferBench_runtime/cache/geometry/landmarks_px224
landmarks_px256,geometry,landmarks_px256-00000.bin,256,172032,81a2554a53b1c42d681560df1711f3d58715c4c29ee472cc8514a08e2c24fc4c,npy1,8725925c0e0428d55223c93e4f2186a29e2308965440b9347a8791275bcff300,/media/cong/Data/GPAT_TransferBench_runtime/cache/geometry/landmarks_px256
landmarks_px256,geometry,landmarks_px256-00001.bin,256,172032,61a006f12408755fd4932c4f86ad2e404ffe58e5231b0a0e8a96e00b4838a521,npy1,22b612863397079155edb234dc3536ae7bfa02a145df1dcead48d1606388191e,/media/cong/Data/GPAT_TransferBench_runtime/cache/geometry/landmarks_px256
landmarks_px256,geometry,landmarks_px256-00002.bin,256,172032,77a9c8c2210b9a2e89b50230d25ca3625a414e0ca47074e0f0b2aa4ee64398a1,npy1,8dd9720bbc06777fd44afea8f1e6a4f86128b8a1afe274dfbe7ba940bee13931,/media/cong/Data/GPAT_TransferBench_runtime/cache/geometry/landmarks_px256
landmarks_px256,geometry,landmarks_px256-00003.bin,256,172032,a532cab9e9c8ab51a45a11ee9436d5d8b29e4fb2feebc1cae314aad2889d139c,npy1,f67915353c4de2597f8db0fd515f004779147fa7d5659626ea5ff744012aa38a,/media/cong/Data/GPAT_TransferBench_runtime/cache/geometry/landmarks_px256
landmarks_px256,geometry,landmarks_px256-00004.bin,256,172032,706cb6a3ee2aab5d0caf48d6a0d419aeb442fb928e3118a23ae6e500c43b6503,npy1,0f6db420a4aa71a88155185cd7cc55e73618daa75f835c957bebc58fbf8e33b2,/media/cong/Data/GPAT_TransferBench_runtime/cache/geometry/landmarks_px256
landmarks_px256,geometry,landmarks_px256-00005.bin,256,172032,b57df5971fa97912438dd6af3aa660ddaf704b414fc34d8f4bd1d18c1b1fd14b,npy1,b3b3b9b44bd4dc118ce95f6611e1ede6b308b8ba1307b6a7cb75d81473f0c89f,/media/cong/Data/GPAT_TransferBench_runtime/cache/geometry/landmarks_px256
landmarks_px256,geometry,landmarks_px256-00006.bin,256,172032,107fd2269f48c35b90d304ea94ba5718de8ce4b53ec91e467cbd41d5e119f08b,npy1,22d4bc755dd324981ffc1ab5e2c427c91c54e0c9a8a64026a1aa686d272de3f5,/media/cong/Data/GPAT_TransferBench_runtime/cache/geometry/landmarks_px256
landmarks_px256,geometry,landmarks_px256-00007.bin,256,172032,bf42433b298af46b7338b6adfbf6a6091b545613b0dd353b20fa2bf3b3907fc3,npy1,899a6799698d8f9bc89eb282f41e6fbb32be715417810b01bef2d179b351fe14,/media/cong/Data/GPAT_TransferBench_runtime/cache/geometry/landmarks_px256
landmarks_px256,geometry,landmarks_px256-00008.bin,256,172032,ddcaca9c01cb2aca8590fd34d9d84d5e16558a7366f879814260726ba8c910f8,npy1,efbb78f576124a6a10b0e05f45d6bfe57307eb7d69b54fc548489b62c9031829,/media/cong/Data/GPAT_TransferBench_runtime/cache/geometry/landmarks_px256
landmarks_px256,geometry,landmarks_px256-00009.bin,256,172032,1165b9ea773300eac0c2701e478a2aeb0cd2dc1fb406377842c4a8d2586bd513,npy1,3ee2ff1e51f1326eff4543d2026b4d322e306ef7a617cd59ebdb8ada7aae759f,/media/cong/Data/GPAT_TransferBench_runtime/cache/geometry/landmarks_px256
landmarks_px256,geometry,landmarks_px256-00010.bin,256,172032,72ed3e7be22185a494a6d5a9e154361a8e032d4cf60fcd0cd1113b0285325bb6,npy1,ef88f9f69abdf96e3823c5399a522147f66784e5aaddf28da4cb511aa521edec,/media/cong/Data/GPAT_TransferBench_runtime/cache/geometry/landmarks_px256
landmarks_px256,geometry,landmarks_px256-00011.bin,256,172032,d57896b4dec0c91774fc98d45880b440f5892e6b7455823e500daedb1fe971c3,npy1,9cd7dd08496dd19632090cae8f5ddb2c5a70f465cc55165d9b4d72b85ac6bcd9,/media/cong/Data/GPAT_TransferBench_runtime/cache/geometry/landmarks_px256
landmarks_px256,geometry,landmarks_px256-00012.bin,256,172032,34f45c139c69e4eb0c61d0862970f3ddecdefc3600b8be999e729b7cf1253745,npy1,1c1844a92b2d5b42c401e0f2fe54be5d2f1dc96082e2945572c8569a27f1d31d,/media/cong/Data/GPAT_TransferBench_runtime/cache/geometry/landmarks_px256
landmarks_px256,geometry,landmarks_px256-00013.bin,256,172032,d877e7d0becbd48845512755eb7f891f780ec0d0ee7a11aafe0d635fc644cdf9,npy1,a46e4c3d230aaec3fa88e109dd8779db06ffe032a28f4aff0b070c858ba5c97d,/media/cong/Data/GPAT_TransferBench_runtime/cache/geometry/landmarks_px256
landmarks_px256,geometry,landmarks_px256-00014.bin,256,172032,834544b27dee72e3fc467794283e3f6cb487825d6cfa065494584af13c535855,npy1,ddc2d50a5f0d17286443444358672d6b0f295f81e624ebcbe4943290b6c56ec3,/media/cong/Data/GPAT_TransferBench_runtime/cache/geometry/landmarks_px256
landmarks_px256,geometry,landmarks_px256-00015.bin,256,172032,e7a52935559d1754352806d670fb3672af10161abd3799460651a09b81b9cf42,npy1,e6912069eba1de7c737d4daba40d98e91cb75219d13a6b0fe74307aa9fa81917,/media/cong/Data/GPAT_TransferBench_runtime/cache/geometry/landmarks_px256
landmarks_px256,geometry,landmarks_px256-00016.bin,256,172032,0c86967c8d9680ba9c7d295b1974b877112713216e3dc8b8b2c375eb3b040c32,npy1,4df1132dd398de598fc06c19f7262ec2875de7734c65b6dc276be484d8131d2c,/media/cong/Data/GPAT_TransferBench_runtime/cache/geometry/landmarks_px256
landmarks_px256,geometry,landmarks_px256-00017.bin,256,172032,8b50a738355ff119ea7797edd5f3d4a5bc92a144260e0982bf19201f92da574c,npy1,ab20f6141ec5b95fbb51c3295daad1796e470b6a97a2848b6c0dd635f007332f,/media/cong/Data/GPAT_TransferBench_runtime/cache/geometry/landmarks_px256
landmarks_px256,geometry,landmarks_px256-00018.bin,256,172032,078f513979ecf26d07c5d90aeec4a147d97a9cac1689d8e7fae32788869e96e7,npy1,443c056909f97d5d846c97c5ccaf00d35692fd5ff42ec495d247963e2594d5a5,/media/cong/Data/GPAT_TransferBench_runtime/cache/geometry/landmarks_px256
landmarks_px256,geometry,landmarks_px256-00019.bin,256,172032,a6a70c154c60159956dc05dbb2cded945427ec4b46e7736cfb681c7871d58d63,npy1,0d94dc30d98e71c8a2bd2b72d0088ba23e51b5b3cf3de22f38703378d255d00a,/media/cong/Data/GPAT_TransferBench_runtime/cache/geometry/landmarks_px256
landmarks_px256,geometry,landmarks_px256-00020.bin,256,172032,85c4d861a0366b02abbe72b06c155140621c21f7dac0f1ebf0b2bd9aed4db393,npy1,6ce4549a6da90230a002d636deb7a6940d5ca9a03f8564b51cd07156ab26a859,/media/cong/Data/GPAT_TransferBench_runtime/cache/geometry/landmarks_px256
landmarks_px256,geometry,landmarks_px256-00021.bin,256,172032,ee5ee8ec7e37083e018c386aee5dcc9064c5f3652559f583781d7515bc5f54ea,npy1,c19669db2a9e18a16909b688dc8b2c9e5198defa0452ddab63764e25043f12b4,/media/cong/Data/GPAT_TransferBench_runtime/cache/geometry/landmarks_px256
landmarks_px256,geometry,landmarks_px256-00022.bin,256,172032,177d1c255f53e39f794490e209c1cc11084c45017af5086e9937310491eb1b91,npy1,61388d9ecc50fb1bd0900426bd35545e8b9a146eef72ed35393291ce9eb930df,/media/cong/Data/GPAT_TransferBench_runtime/cache/geometry/landmarks_px256
landmarks_px256,geometry,landmarks_px256-00023.bin,256,172032,ba56e22b4faa3a79068187e56cca92c071593b05bdd4469c31c4a36259e68606,npy1,5e22efd8f18622038e74f71fe5e0d36cbca00da79d2c05c8018ca4a0504c185b,/media/cong/Data/GPAT_TransferBench_runtime/cache/geometry/landmarks_px256
landmarks_px256,geometry,landmarks_px256-00024.bin,256,172032,75121c57c329073f9dce6db37e76f924c93e4043da758c6c735601b0d1789566,npy1,ea114588b59692678bc41978571812d6c6278936d304c56088cc64501b823bcb,/media/cong/Data/GPAT_TransferBench_runtime/cache/geometry/landmarks_px256
landmarks_px256,geometry,landmarks_px256-00025.bin,256,172032,f565ba400c1d796df9415e724e4fbf2fde7f3f515ef4ec84d1eb62ecb596a750,npy1,6620b8a3a2d363d6be300893f05c29edb772e39f7efaa1adbae066f9215c829f,/media/cong/Data/GPAT_TransferBench_runtime/cache/geometry/landmarks_px256
landmarks_px256,geometry,landmarks_px256-00026.bin,256,172032,b91bec32db58c4e7282bc4ce14062b5f69b7b71a77c03762f0c749e3db71ed69,npy1,fe62d8470c474ddc2b38c22e146e3e291b2c16996ab0d0d47c79dda9ff26a29d,/media/cong/Data/GPAT_TransferBench_runtime/cache/geometry/landmarks_px256
landmarks_px256,geometry,landmarks_px256-00027.bin,256,172032,6453278033999cd2669b322be13cd3db2316b6e77dae10f9446cff9098a5b2ca,npy1,d7c0d7a6aed8cc6d954e0a4da2d17c74bf5cbf93a3ef78a62e91c4884ccf8abd,/media/cong/Data/GPAT_TransferBench_runtime/cache/geometry/landmarks_px256
landmarks_px256,geometry,landmarks_px256-00028.bin,256,172032,fad5fdf0f738e54f0d62ac525c241abc1555a87b617d5675e6c40362bd01e4e6,npy1,a9fd775e3c4b4a98ea762f0a11623e242dc0c60994c363fb6723d92a5d873108,/media/cong/Data/GPAT_TransferBench_runtime/cache/geometry/landmarks_px256
landmarks_px256,geometry,landmarks_px256-00029.bin,256,172032,692fc5ad81a90a14c38860c5439a06f445a0c3e70807cf6f31a8fbe0d10b0173,npy1,f976d7347bc5de7e4d272272f40ea6745668dc78b2ba8a63b6b36fc1508e0075,/media/cong/Data/GPAT_TransferBench_runtime/cache/geometry/landmarks_px256
landmarks_px256,geometry,landmarks_px256-00030.bin,256,172032,313e95cabaae2ecd52bf05afc788be929627400c285a1c30c3fc492e719c1da5,npy1,2858615678ca39ce7bec35b9136d49d789cf9a66854b230a654c0fdc3248c202,/media/cong/Data/GPAT_TransferBench_runtime/cache/geometry/landmarks_px256
landmarks_px256,geometry,landmarks_px256-00031.bin,256,172032,6d1e70c1e9213824ab5a164cba989eba1e4504e068a7aeda4885cc840f10748e,npy1,2adccc7b38e48303c196d1d3a6fb41eadef74ed94c86846380ae4c2aeab25191,/media/cong/Data/GPAT_TransferBench_runtime/cache/geometry/landmarks_px256
landmarks_px256,geometry,landmarks_px256-00032.bin,256,172032,c91ea69ae8179d2d5d8497e2dc5e06306ffb1f5d31841fd77615f673d944d3ea,npy1,a0e230af8f15cef208805f2666904324008177b8c6c705e2d9f4a4ea376c4e9a,/media/cong/Data/GPAT_TransferBench_runtime/cache/geometry/landmarks_px256
landmarks_px256,geometry,landmarks_px256-00033.bin,256,172032,eabc4e46ac80cd335b7bef59fec67abfec5dbaf841168b5fbf74b92c3cc0bb1b,npy1,fc749567f7dbcb161304a3358c568609debc22d5c71774052714831ff27f3909,/media/cong/Data/GPAT_TransferBench_runtime/cache/geometry/landmarks_px256
landmarks_px256,geometry,landmarks_px256-00034.bin,256,172032,d68afcc21f56ffeae1b172d4636a66632d127fc8e5f13a6d17ed83c5cf35a58a,npy1,cc7177cd9b73712f4f50234b2486615240c91f02250b928da905e58b008b0555,/media/cong/Data/GPAT_TransferBench_runtime/cache/geometry/landmarks_px256
landmarks_px256,geometry,landmarks_px256-00035.bin,256,172032,96d6178bf75f2e5986e9a36b090a65572100ab9d7e0cc42bed4df30d311229b9,npy1,1327262719789e27118f29b560ccf20dfe3a357510468871090197dca9c59604,/media/cong/Data/GPAT_TransferBench_runtime/cache/geometry/landmarks_px256
landmarks_px256,geometry,landmarks_px256-00036.bin,256,172032,911d69118a35bdc7c9dead5c0db3e6c07312ed5bee8425e7ea1e46369ccd9a46,npy1,13f0773b8be95bd01b82d1ac65afa0c671e16b516ff3c71f542549c8f6cca008,/media/cong/Data/GPAT_TransferBench_runtime/cache/geometry/landmarks_px256
landmarks_px256,geometry,landmarks_px256-00037.bin,256,172032,34e72d77442612783e76fb7fdbf4117ab596d0f8719d8b4d92bec1de5ea7c20b,npy1,0da6b1c53d4b4bcc31f23bc4f0fdfa17dc98b599ef7ee51b3a9fb62961462950,/media/cong/Data/GPAT_TransferBench_runtime/cache/geometry/landmarks_px256
landmarks_px256,geometry,landmarks_px256-00038.bin,256,172032,0063b52b3f119c0ae14feabe7ddc0f76bf7d6c16a0633aa6284b2f17565ba35a,npy1,76d3cb7b936ccf5eb37ac2aef53c7d5c7f4de18085e85c0d9642cd2cbe20dcbe,/media/cong/Data/GPAT_TransferBench_runtime/cache/geometry/landmarks_px256
landmarks_px256,geometry,landmarks_px256-00039.bin,256,172032,1e93f440bfe01a3dd3e8209ea40b2073cd244c0bee261e3fe54615aa38928e61,npy1,fc1011c9b5f384792b41b9bb04d22720d525c548bac9bb41571e627d526ea1a0,/media/cong/Data/GPAT_TransferBench_runtime/cache/geometry/landmarks_px256
landmarks_px256,geometry,landmarks_px256-00040.bin,255,171360,2336226738d2c051498d7c7e08765c5d713940e753192b98f41b39b0a490799f,npy1,642c5e151b400c12187c17cb639b7617d38ecf6bd94060a152268d12aba28bba,/media/cong/Data/GPAT_TransferBench_runtime/cache/geometry/landmarks_px256
landmarks_px256,geometry,landmarks_px256-00041.bin,256,172032,540db14be1c27559de30c408f54d0617b2d7f2273ef4f09f3614518f73ffe616,npy1,c07376b344979a247cb7444516c73e07462232eb1bde7dda10cf2e103471d3b9,/media/cong/Data/GPAT_TransferBench_runtime/cache/geometry/landmarks_px256
landmarks_px256,geometry,landmarks_px256-00042.bin,255,171360,6ada8f7752576b0e1b2660e95868f66701135cecf31c6ccd14a2b633708e845f,npy1,a4f5dc91e1b918e79b475d7360970ed0a5da301cfb8b32ee6d14ec76f94dbf63,/media/cong/Data/GPAT_TransferBench_runtime/cache/geometry/landmarks_px256
landmarks_px256,geometry,landmarks_px256-00043.bin,256,172032,aa4ba49928ae0657441dbc438c9e70ca35d59f765219612dc568283f8451434e,npy1,1568be9bf641c829a793025183d609b75e35e687a7a83fda5eebae39e44ffb09,/media/cong/Data/GPAT_TransferBench_runtime/cache/geometry/landmarks_px256
landmarks_px256,geometry,landmarks_px256-00044.bin,256,172032,791106092127aaffa1cfc761f1651e22e3c71a730fdbc2fb315fd0ae38113567,npy1,2fb6f0f897fc34f1519c0ae3a287c6c59ab41a1c9859ead1dd4e6028acb1e89d,/media/cong/Data/GPAT_TransferBench_runtime/cache/geometry/landmarks_px256
landmarks_px256,geometry,landmarks_px256-00045.bin,256,172032,7ed82a6403dab587d206f7d85945b112716e69c01cd5676beff25ddbda52984c,npy1,66472274e00bc6f3e1da41eb62613c74c96f913e46c5e027798dc4cb2406effd,/media/cong/Data/GPAT_TransferBench_runtime/cache/geometry/landmarks_px256
landmarks_px256,geometry,landmarks_px256-00046.bin,256,172032,b13941b4ece7e871eda18f63245144cda1be9c75635e2923a1a3994943266481,npy1,cd558c127f1c414002d3d8647810e45d63fef4fbb3f478874d1cb3f3aa4ff7cf,/media/cong/Data/GPAT_TransferBench_runtime/cache/geometry/landmarks_px256
landmarks_px256,geometry,landmarks_px256-00047.bin,256,172032,bf5d10af1b550f25e5737d2cc9095a82cea3beb4f736d02bd7a43be386e7cecb,npy1,1082b3cdd9a20e2fda64eaf39a543bbd7ca97322c4e49e9e62751c5cd9514faa,/media/cong/Data/GPAT_TransferBench_runtime/cache/geometry/landmarks_px256
landmarks_px256,geometry,landmarks_px256-00048.bin,256,172032,51610b269b9c87a0e679d91167b094e14757ec468a949b6ba2cefc1b70e3a8f3,npy1,56bed219c7ede38b8d5768a16ff01a10bf4bdb22b3346db3300f05d9de312041,/media/cong/Data/GPAT_TransferBench_runtime/cache/geometry/landmarks_px256
landmarks_px256,geometry,landmarks_px256-00049.bin,256,172032,d3e5248927826c835e77425536ec324e3a7823a7d31d4df9bf05bb3ac4343380,npy1,f217f6ecc9f653cf4024e9a40fb485d899ef4cb48c75e68171e052812d08623a,/media/cong/Data/GPAT_TransferBench_runtime/cache/geometry/landmarks_px256
landmarks_px256,geometry,landmarks_px256-00050.bin,254,170688,0e22a64155246e6db86d816da936f728011d78a697c1deb46f3755a9792019b5,npy1,bdd8ae198421bcc1cc3443a35155a87fa48e13d275a17c3a9f15dc10e4f9bda2,/media/cong/Data/GPAT_TransferBench_runtime/cache/geometry/landmarks_px256
landmarks_px256,geometry,landmarks_px256-00051.bin,256,172032,38596685a7e16882e6dd1c16fc53d46245cc4ac13ec8c4a42ea6a909ebd7f0d4,npy1,29c8bc24b2f06df1531a2af2065c405eab19f2e050266ac02670421081c27131,/media/cong/Data/GPAT_TransferBench_runtime/cache/geometry/landmarks_px256
landmarks_px256,geometry,landmarks_px256-00052.bin,256,172032,623b958a6741adb88e7ba1425f7837516f4594e2195c384fdd53c6491e341f28,npy1,e7a34b5911c21fe5a8fe1f943b72e8fe720f80b87ecf319022541cee70f3fdcb,/media/cong/Data/GPAT_TransferBench_runtime/cache/geometry/landmarks_px256
landmarks_px256,geometry,landmarks_px256-00053.bin,256,172032,1e9f59e10d00764ab75ebcb64a1943069ebe8d957500b602bb3e6c108b067cc1,npy1,6c8f6ae377737617bfbe92ddef01d8d15d6af471f73fab4af32fdaf78b93fc79,/media/cong/Data/GPAT_TransferBench_runtime/cache/geometry/landmarks_px256
landmarks_px256,geometry,landmarks_px256-00054.bin,255,171360,2b42ddb115380f0040d96178d646e818969fed9fc8f6eb2abc865e2cf59529c7,npy1,06219af3f8e70877515d80477f683feac99e7d8937d52b71610a7ba2705cd454,/media/cong/Data/GPAT_TransferBench_runtime/cache/geometry/landmarks_px256
landmarks_px256,geometry,landmarks_px256-00055.bin,255,171360,80034f107d1d5927da8704d6da2746b9f9f106b94bd57c13f1811c8ad7640f5a,npy1,08e12a373b6a83901a8657edfb2a99eed37770eec3a43c7bd1bc0e2d7bfce407,/media/cong/Data/GPAT_TransferBench_runtime/cache/geometry/landmarks_px256
landmarks_px256,geometry,landmarks_px256-00056.bin,256,172032,15efa7a651a74269b1a563f6a965c173a9afe5b0799028f0bc9b318bca74bd22,npy1,81d94eca0fabb2c2bd2c71ff1420d9d47be525a447ead4cce5b3ca0e67105725,/media/cong/Data/GPAT_TransferBench_runtime/cache/geometry/landmarks_px256
landmarks_px256,geometry,landmarks_px256-00057.bin,256,172032,051410482bb31342fce3f4dfe6e151543b642a9c027f3ecc4454c4e9e48aabd3,npy1,e6f886e51b17abf7733537465ad5b4d7c8be7b215824b84f2a0ac56198db2c42,/media/cong/Data/GPAT_TransferBench_runtime/cache/geometry/landmarks_px256
landmarks_px256,geometry,landmarks_px256-00058.bin,256,172032,df250444bc900c2c93fdca1d33b0e8ee0d9f92cb2cae43ce3dd861c1b633e202,npy1,fbfb77837569a2ddbea61172d1b935b24b97d5476e559ee0992b52dce6e6c52c,/media/cong/Data/GPAT_TransferBench_runtime/cache/geometry/landmarks_px256
landmarks_px256,geometry,landmarks_px256-00059.bin,256,172032,8358c982a6a3efce0feebaf85b9a71329760e314cc073ff08e0c252b54bc5a34,npy1,0e39540cf3a322259ccff48cb12d4ca94dc342f7d037938913f1834e0add5916,/media/cong/Data/GPAT_TransferBench_runtime/cache/geometry/landmarks_px256
landmarks_px256,geometry,landmarks_px256-00060.bin,256,172032,6b1f01466f9d9448497bb09150cd7e1de9eb4ecce39a27104c68ef517f6cbbbf,npy1,e7f1aae9c0988fa77ffc9bcefa9a6dc29daf515c3030fdecffea46c164252c3c,/media/cong/Data/GPAT_TransferBench_runtime/cache/geometry/landmarks_px256
landmarks_px256,geometry,landmarks_px256-00061.bin,256,172032,b9833dd9a11f806db3cac330de5dea9e136cb94ea113ae6c0cf3f0beff0d81aa,npy1,c37a05e14847c51105fb474c3a1056853556a791801c404b9fac6bd2d91b7c63,/media/cong/Data/GPAT_TransferBench_runtime/cache/geometry/landmarks_px256
landmarks_px256,geometry,landmarks_px256-00062.bin,255,171360,28c04c32153ff8eba06119fd1e9565e8fcab4bd01d52b3f4b88f34e1cf1a6c9f,npy1,0f4312ca741865fc2f1208b35c0f3a5e54c82526a33a87910e05f002ac0a25b6,/media/cong/Data/GPAT_TransferBench_runtime/cache/geometry/landmarks_px256
landmarks_px256,geometry,landmarks_px256-00063.bin,256,172032,1fa7006330cab93a07318e9b76999e1edea34de605eb8dc0f0ee3750f44dd4b8,npy1,de81e9b2a9cebbb6aaa55dd44adb8b27bdce68772c0eeb8d6b79d8a5a7d5c9cd,/media/cong/Data/GPAT_TransferBench_runtime/cache/geometry/landmarks_px256
landmarks_px256,geometry,landmarks_px256-00064.bin,255,171360,c9539cca0e969e542f661741edb0026fc2e4d6643fe3c7ce83b03cd9dd46a33f,npy1,d907446aab216668161e960a75123cdd132780a0ed9856a1fdeba4c5221ba06b,/media/cong/Data/GPAT_TransferBench_runtime/cache/geometry/landmarks_px256
landmarks_px256,geometry,landmarks_px256-00065.bin,256,172032,3a1fbf1135bddee11a9c5a0b450ca34b6d592a9351f3d8cf6fc8ce9b8b4ec14f,npy1,6408f63ee349bbd0d7f7d538242939861066128957b11bc9d8be4d55e7ee0f76,/media/cong/Data/GPAT_TransferBench_runtime/cache/geometry/landmarks_px256
landmarks_px256,geometry,landmarks_px256-00066.bin,253,170016,6d44ce6860fc196cbb1c9e549c8d23b1423b3ca05517888152b949f0904633c7,npy1,a6cd07cdda01e35d5f3f89ca30657748b69535c2147eb94cde8d872c760e2077,/media/cong/Data/GPAT_TransferBench_runtime/cache/geometry/landmarks_px256
landmarks_px256,geometry,landmarks_px256-00067.bin,256,172032,e0948cbce34d8a17d31a22fbf7ebbc1dbe51b46e693aa345cf3b5f58ea2d98a7,npy1,90b42350c33aa38b2703eb30df4fac867139277b068b558f22cff772b35a735a,/media/cong/Data/GPAT_TransferBench_runtime/cache/geometry/landmarks_px256
landmarks_px256,geometry,landmarks_px256-00068.bin,256,172032,16455c1bb711160a1feda979e496395290a2d180f5e0b6657aec5d006faa335b,npy1,e03bb103abd89fef6a283412db7d279e92b9d7891c39d8e06e74eb80c35a1110,/media/cong/Data/GPAT_TransferBench_runtime/cache/geometry/landmarks_px256
landmarks_px256,geometry,landmarks_px256-00069.bin,256,172032,b5ac74294d4b3c7bf1460d984b6f8dd568def4ec21ab520665eaeab11d24efc9,npy1,7513f8b4aec27a588c353a17724aef3080907566334b4a38b1d855df30645565,/media/cong/Data/GPAT_TransferBench_runtime/cache/geometry/landmarks_px256
landmarks_px256,geometry,landmarks_px256-00070.bin,256,172032,348fe7fb46a62ddf1c72b8df1b0a5848d3012a532fb84f083b2ad035bb3af40c,npy1,cc30530b191e90c86fce3f817509eefbcf7310c8c3a8f6eab47ab35a06ef0c5b,/media/cong/Data/GPAT_TransferBench_runtime/cache/geometry/landmarks_px256
landmarks_px256,geometry,landmarks_px256-00071.bin,255,171360,9f018469df45fd72d50f0773f42a482d7be32260ac8471ad097750200b4b613a,npy1,3dd03f2712c30dc64e4828b302512c0da5969dd59229d466f90355ac0f9a821e,/media/cong/Data/GPAT_TransferBench_runtime/cache/geometry/landmarks_px256
landmarks_px256,geometry,landmarks_px256-00072.bin,254,170688,9a2af0dd89b963c6453362a02dee0e1284f521f205a8d3265fd95db942f57de7,npy1,e23f6f1419bba061440fa9d4147cac04ac49d72bb43b4292df1acc58eae7ac70,/media/cong/Data/GPAT_TransferBench_runtime/cache/geometry/landmarks_px256
landmarks_px256,geometry,landmarks_px256-00073.bin,256,172032,cc2d169b9d624af95fc11b6e403d52020662a9d449b84dfdb72e427b48dab243,npy1,f5660a54b668b044f45ca6f1b549023b284747d2475dc6bb06c1dcff6549beb4,/media/cong/Data/GPAT_TransferBench_runtime/cache/geometry/landmarks_px256
landmarks_px256,geometry,landmarks_px256-00074.bin,256,172032,af9155f886abeee383d8571f2a8b4a5c2b5017be8c739203eaa164aa554cf6e2,npy1,99c693d222aaed40d1c81d8bf76f65e7e162be76f0078784dc4044e4a0a95371,/media/cong/Data/GPAT_TransferBench_runtime/cache/geometry/landmarks_px256
landmarks_px256,geometry,landmarks_px256-00075.bin,256,172032,ede59fcc04486956d5119a186ca4812506bf3c190c8ae6bb8a20ff463b7eb526,npy1,0cda3bc92160bba652c12f2519d4b35390c21e67c2ef40f6d283cf89566579e7,/media/cong/Data/GPAT_TransferBench_runtime/cache/geometry/landmarks_px256
landmarks_px256,geometry,landmarks_px256-00076.bin,256,172032,1ce634502b26745d57c58e64e9246e66ad6b5ac6ed7ed743e0e247afbfe9f805,npy1,9e52efad7ebee77a5c3ee6175d1865172c83376bfa9e629bdecef8a802fd0c67,/media/cong/Data/GPAT_TransferBench_runtime/cache/geometry/landmarks_px256
landmarks_px256,geometry,landmarks_px256-00077.bin,256,172032,18c834ee78b261f4f25493f96bae109f3b59154f8275d3d9965e44b909244861,npy1,1a38e4994197a233570d1f1fc22f21f5e8810203756599b52771e0551708b7f9,/media/cong/Data/GPAT_TransferBench_runtime/cache/geometry/landmarks_px256
landmarks_px256,geometry,landmarks_px256-00078.bin,256,172032,875c2fc4c4438e9fd8a143c512f0f02650dc5818c094e5f306e8bf6f05c7eafa,npy1,00c4760d9b5795bb5a269247b2973b2ca3eb8913016c4e8a8a90d34937c131e2,/media/cong/Data/GPAT_TransferBench_runtime/cache/geometry/landmarks_px256
landmarks_px256,geometry,landmarks_px256-00079.bin,248,166656,5cd6745271eac124807e3ddb5bf42358dde664b69212d7da1970503081780cc5,npy1,5e69ae4359cf5f2cdf5fd7bd62be8b566d7d2b855c8ebe12e13659dc7f9e0ecd,/media/cong/Data/GPAT_TransferBench_runtime/cache/geometry/landmarks_px256
landmarks_px256,geometry,landmarks_px256-00080.bin,157,105504,b5440bc77be3e6a72f6831a3949932dbdcf01e670ca5ce7d65f23c2a8b1fb553,npy1,6ba56e2300cf5dccb1aba2728e02665f1d9b9bbf6567e8ad2a0c578318c0aed1,/media/cong/Data/GPAT_TransferBench_runtime/cache/geometry/landmarks_px256
parsing_logits,geometry,parsing_logits-00000.bin,256,432725189,e55a14a9f163a21869cd34eed5c7067dbefd2e6ad1500752ea5598fade54194c,npy1+shuffle4+zstd,e39f33873ffb7ae644794ffa80d60345cfe5eaf57227edc8fc34c2e360946130,/media/cong/Data/GPAT_TransferBench_runtime/cache/geometry/parsing_logits
parsing_logits,geometry,parsing_logits-00001.bin,256,432569157,ba4e1c5cf53bd89472e318c911d55adebfc6688fca5fc4ad068c678841b25bec,npy1+shuffle4+zstd,760e40ba47d0609e1e58a20450b2099d6b02ff8ac581c1f874db042bbab5b45c,/media/cong/Data/GPAT_TransferBench_runtime/cache/geometry/parsing_logits
parsing_logits,geometry,parsing_logits-00002.bin,256,432115156,060d72e75b5ca39d565bd076d3b1e68fbf6843e6396d3ba7c42277580784ec31,npy1+shuffle4+zstd,ef891f90ceda8160414fb521021c4e548a6f0bbcb70c5ba4da85bcbeec4b0f91,/media/cong/Data/GPAT_TransferBench_runtime/cache/geometry/parsing_logits
parsing_logits,geometry,parsing_logits-00003.bin,256,432828352,257922f815e4f82d1a5a0245eb3075a80e9801e89183a16dd1bdc70c14068436,npy1+shuffle4+zstd,4319df3f2d1ae0185d2b96b5ec7a91130369eb509d596eae18684f35925b78eb,/media/cong/Data/GPAT_TransferBench_runtime/cache/geometry/parsing_logits
parsing_logits,geometry,parsing_logits-00004.bin,256,431717978,dd504f6792600b93c36a0df27665e018c90f12d340e4e4cf27c30142e1bfd147,npy1+shuffle4+zstd,390cea4606694d04813f4d9c924473c6c628045b5c15607bd8dade3e09a6c694,/media/cong/Data/GPAT_TransferBench_runtime/cache/geometry/parsing_logits
parsing_logits,geometry,parsing_logits-00005.bin,256,432377988,7430856c9c96a1eecca732fbd0b8076a71c30c514ccb72d1d985b5465342f9eb,npy1+shuffle4+zstd,8b5fbdafaa960455e3b40b1461df25744e81a134198a035a9d33c656016479cf,/media/cong/Data/GPAT_TransferBench_runtime/cache/geometry/parsing_logits
parsing_logits,geometry,parsing_logits-00006.bin,256,432419824,629f61e21ca8776d37fffdb01a1199a870c44fa00f2395a5066708251fd77a15,npy1+shuffle4+zstd,b81c28f0b8171ca280fdfeb01d2672d438f85eede64df454e03899a1db9a4fff,/media/cong/Data/GPAT_TransferBench_runtime/cache/geometry/parsing_logits
parsing_logits,geometry,parsing_logits-00007.bin,256,432615115,0c9d46f36c785a945aa2b24874a38a0b9629d1645971b8e7c1da1e2986b3266d,npy1+shuffle4+zstd,a3458094120fcdf86d3d4190b7c661409e0e12ba49a631e56e2994e5bbcc6b4c,/media/cong/Data/GPAT_TransferBench_runtime/cache/geometry/parsing_logits
parsing_logits,geometry,parsing_logits-00008.bin,256,432702365,39148ea592bd5988eb207ec936f8e6efa457dd0db8d9bc846a216210e8fb765e,npy1+shuffle4+zstd,207434b25db1874cc5dd145f181614a6285d48163db23f98af9d62b05e359ccc,/media/cong/Data/GPAT_TransferBench_runtime/cache/geometry/parsing_logits
parsing_logits,geometry,parsing_logits-00009.bin,256,431499345,ca2d6997f502b50df882d2fe3f9a95af29b08560a0fa0e64f55e27af50f01d9b,npy1+shuffle4+zstd,e9f359c8652d0bb92ede42f91c18839c2dd721a22f44dc005b86e69bbd8a10ab,/media/cong/Data/GPAT_TransferBench_runtime/cache/geometry/parsing_logits
parsing_logits,geometry,parsing_logits-00010.bin,256,431864975,26a2e42b1cde338d8aeddfd1ecde89e70f826b150b089e4b5654806673f3e118,npy1+shuffle4+zstd,d2f94f7681b943a7fd71978d38f1ccc36faf0db598c217f02e9a99fa28b269fe,/media/cong/Data/GPAT_TransferBench_runtime/cache/geometry/parsing_logits
parsing_logits,geometry,parsing_logits-00011.bin,256,432948472,f220479e818549dc76bebe367763670f749da791d7b931530f8475c8933764b6,npy1+shuffle4+zstd,9e3f8ffd047ab3bceaf2b270ceb86e565155983f4a911a5ddd43f826459d9e2b,/media/cong/Data/GPAT_TransferBench_runtime/cache/geometry/parsing_logits
parsing_logits,geometry,parsing_logits-00012.bin,256,432760736,28f06c041dda5c2cb109624074b47f024b70700bd33f41e2bcac279ae6156049,npy1+shuffle4+zstd,55d7d9ae167ddf2fa39bc27b112be3ab69a4b87d270098470fb19d12e2ff682e,/media/cong/Data/GPAT_TransferBench_runtime/cache/geometry/parsing_logits
parsing_logits,geometry,parsing_logits-00013.bin,256,432334015,0ca2192b34214d57e50bd2549eb36575be954e0c009113a849adc52f922e3020,npy1+shuffle4+zstd,4188f5fee4ca726523d84e1300a57bb4d5978e56dd4f3a2723692110ccf6a7e5,/media/cong/Data/GPAT_TransferBench_runtime/cache/geometry/parsing_logits
parsing_logits,geometry,parsing_logits-00014.bin,256,432497830,74583482146fce0b49013d407ff7aa67b0ec95e4b6ae46d460cd150139ce61cd,npy1+shuffle4+zstd,e2604f6ad8b2a101a880c0ed5d350152663f0410f0f2ba7a0f2013217ef24e96,/media/cong/Data/GPAT_TransferBench_runtime/cache/geometry/parsing_logits
parsing_logits,geometry,parsing_logits-00015.bin,256,432016312,18bc903068d470b17c7d4b2d1a56059921efd9d9a0416c24178a22d0c341ff2f,npy1+shuffle4+zstd,5afa88c17b129067fc6be7e47d8e846d2add6a008ddf584fb3e602dcd59bc3a7,/media/cong/Data/GPAT_TransferBench_runtime/cache/geometry/parsing_logits
parsing_logits,geometry,parsing_logits-00016.bin,256,432591988,085218a051e50025fcba95ec76450f591bf4f855cd0981864844182758a0b987,npy1+shuffle4+zstd,eee102be01bdddfb9942c124f6317fce17f73d97251581489d202139aa1e2d90,/media/cong/Data/GPAT_TransferBench_runtime/cache/geometry/parsing_logits
parsing_logits,geometry,parsing_logits-00017.bin,256,432542502,12578ed07e10b487d3ef44f5d757f0d910c944bcc20432695db7222b07203af3,npy1+shuffle4+zstd,54608fbbc9b58a6a66cde5a57ab7fee7535c26cae85f0d652e1a78af13b9850e,/media/cong/Data/GPAT_TransferBench_runtime/cache/geometry/parsing_logits
parsing_logits,geometry,parsing_logits-00018.bin,256,432528418,45be992b9101c1671325423818acffa4e2ceb870bc0eebefca3cc46fc20e0ef5,npy1+shuffle4+zstd,3c7696def027e69e0b0297dd78933e48a41fc68732cc3088490e639dc8b6241f,/media/cong/Data/GPAT_TransferBench_runtime/cache/geometry/parsing_logits
parsing_logits,geometry,parsing_logits-00019.bin,256,430943563,855c901997d2c8d4b599506bb8110a6b48cf96be684e513622ea4064f163b23b,npy1+shuffle4+zstd,3ebad0cf554605d2fc1ec643bc50236d4ef604e81480962ec642cdfcbb2667a3,/media/cong/Data/GPAT_TransferBench_runtime/cache/geometry/parsing_logits
parsing_logits,geometry,parsing_logits-00020.bin,256,431129521,e71dde71f3ea36e10ffc34a3e08e1a259041bdd16383574af38af656af007dcc,npy1+shuffle4+zstd,1bba753958b874c18e134fe8a07ab1a65254179640fb289c994bf5bd4ccd30b4,/media/cong/Data/GPAT_TransferBench_runtime/cache/geometry/parsing_logits
parsing_logits,geometry,parsing_logits-00021.bin,256,431199394,dd4b404abd142c64f4e0f72b05d990ae6c05862bf54871a632e0e286ca333e05,npy1+shuffle4+zstd,e29890551037b4d10a41e4d972799225a162ff99b9f90842f79cb82927df998c,/media/cong/Data/GPAT_TransferBench_runtime/cache/geometry/parsing_logits
parsing_logits,geometry,parsing_logits-00022.bin,256,429998030,ae157179cbfbcd7a991b6b1b788aab58a0090b4967ee4d88bb1be300df760894,npy1+shuffle4+zstd,05c62945112863ec09a5b5146751e89a903da8e1823585c4a5fdffb26c7de04a,/media/cong/Data/GPAT_TransferBench_runtime/cache/geometry/parsing_logits
parsing_logits,geometry,parsing_logits-00023.bin,256,430080076,4afb526a3ff2f8be3e240212a0a8cd0736c068cc3255b2c3af44c03888130096,npy1+shuffle4+zstd,a6c826a6bcef97bc6e956b44ad8622b4a345548bd73de86e499c613d0a95ee49,/media/cong/Data/GPAT_TransferBench_runtime/cache/geometry/parsing_logits
parsing_logits,geometry,parsing_logits-00024.bin,256,429956706,f73b1374a6fc185ab0d3a8c420e39260ba559dbece40b2da78ba07157381b44f,npy1+shuffle4+zstd,6bc2e916c0d20ad513d8550fe32c46217b310dcb23687dcf5b60f301d65218fa,/media/cong/Data/GPAT_TransferBench_runtime/cache/geometry/parsing_logits
parsing_logits,geometry,parsing_logits-00025.bin,256,431185786,25dd0d2dd71b525d2e7d663c73e3a1fa6221597a540a85328d77458ddac69581,npy1+shuffle4+zstd,eab66dedaaa93b008eff9251edd960cc888945a4f4004cbe7d5c2d6421d9073f,/media/cong/Data/GPAT_TransferBench_runtime/cache/geometry/parsing_logits
parsing_logits,geometry,parsing_logits-00026.bin,256,430713623,93d9c521a8c4e2ef90fd4b45ef717a25ddf7e95ebfd7361d9a2c598b2523662e,npy1+shuffle4+zstd,eaa41f002a02aa55d9d4d0a7252656f669bd4358325ec69c86ba4000e61493c6,/media/cong/Data/GPAT_TransferBench_runtime/cache/geometry/parsing_logits
parsing_logits,geometry,parsing_logits-00027.bin,256,430812330,10e3becee97d6a5ec81e457ca96368a16f7afd067bbdfefbf730c6359322a14b,npy1+shuffle4+zstd,f6bf7e51d16bef476152b83d7649d3bd75f524b307ae1f2dbc657b4c9cdd0959,/media/cong/Data/GPAT_TransferBench_runtime/cache/geometry/parsing_logits
parsing_logits,geometry,parsing_logits-00028.bin,256,431039683,20478e37045831c8220a76a3250e80ee02706555e02e71c11d4d7a11d2673d60,npy1+shuffle4+zstd,f43feb0bcd65bf6877ae9c600c552daffdb4942436c19a149270b42fdf36e6af,/media/cong/Data/GPAT_TransferBench_runtime/cache/geometry/parsing_logits
parsing_logits,geometry,parsing_logits-00029.bin,256,430906473,577805a22d51db9751e0d739dd59e04952334e17cd08e4bb11613a90d929a8c3,npy1+shuffle4+zstd,fae932eaf6302817e3aa006bd9697db5585e9875f7ff617632ab71fe6247fab0,/media/cong/Data/GPAT_TransferBench_runtime/cache/geometry/parsing_logits
parsing_logits,geometry,parsing_logits-00030.bin,256,430964542,200900c03cd7588456756a966bb7f5f6237a89dbb05f333051c6387a5d85bab9,npy1+shuffle4+zstd,d8f80096d23d8e8973980ec10e372316467e1465e60dc513b6625a121eabbcb9,/media/cong/Data/GPAT_TransferBench_runtime/cache/geometry/parsing_logits
parsing_logits,geometry,parsing_logits-00031.bin,256,430784999,a5b6c3914d98c7f0d828800458043eab0e99fdafae62c7485a200bc1bd4dbac2,npy1+shuffle4+zstd,bf091c258fd49f0e70ec6cc4a132e29fe088f6f7795f40a14fe99f8568ab860a,/media/cong/Data/GPAT_TransferBench_runtime/cache/geometry/parsing_logits
parsing_logits,geometry,parsing_logits-00032.bin,256,431110266,2398df77af93ebcc437cf545939f02e7283f94154d6d3e26931750b547104ce3,npy1+shuffle4+zstd,ca4e244cc88b308c7d9db86f30db1119e5d4973786349afe81e839bc12c31b06,/media/cong/Data/GPAT_TransferBench_runtime/cache/geometry/parsing_logits
parsing_logits,geometry,parsing_logits-00033.bin,256,430678948,81e213adb6d94a6a1130e76c8aa79f1b5bac13b457f3e22f162f21818ea21676,npy1+shuffle4+zstd,f4d063fb0df1c72120c48ded6c259a808f0fd89ea8d44e7b24b3405593a979f3,/media/cong/Data/GPAT_TransferBench_runtime/cache/geometry/parsing_logits
parsing_logits,geometry,parsing_logits-00034.bin,256,430637726,f21ebe312495bed2707df8e2ffe9474a0db53dc260b96ee29d475794c8886211,npy1+shuffle4+zstd,ab88bf2956f8145f66b60504e03c2200b504c9efbdfb65542f08dcff4fc13e47,/media/cong/Data/GPAT_TransferBench_runtime/cache/geometry/parsing_logits
parsing_logits,geometry,parsing_logits-00035.bin,256,431058364,0f3265ffccd3fac6d087b30b8a9b588c083d2cd6007c5afe066fc7a70cef5103,npy1+shuffle4+zstd,19bb0f781077a0c2fe60276dd36f47e9164a525cfe931471bb4d1d0af7d9f08c,/media/cong/Data/GPAT_TransferBench_runtime/cache/geometry/parsing_logits
parsing_logits,geometry,parsing_logits-00036.bin,256,430919222,ec4a7d8d0bf8b96828ff3748b1b5dc2ca903d85ce47de2b79a1a95eb6bf52486,npy1+shuffle4+zstd,60253426cfd0e3755160640e066e4819423d7a4f33ad2114a6c4ef43a4288ec0,/media/cong/Data/GPAT_TransferBench_runtime/cache/geometry/parsing_logits
parsing_logits,geometry,parsing_logits-00037.bin,256,430612061,61d8eca5d8ccd38e6b24b8fc53e6bdfef85b9dfd67bd52c30b5a0a093f46a067,npy1+shuffle4+zstd,3428fef33105c4f7977fd42d5149d32d275652f8745990ce26f0d9c7f8c04374,/media/cong/Data/GPAT_TransferBench_runtime/cache/geometry/parsing_logits
parsing_logits,geometry,parsing_logits-00038.bin,256,430525509,8cda364487c941f49a6932f725c614a6f64704f95136d2316173a2fcbd24ed0c,npy1+shuffle4+zstd,763056f3d1f80cc852bc1bcc402ffe78c4a95713d7ccdcfbb85fda04693156a2,/media/cong/Data/GPAT_TransferBench_runtime/cache/geometry/parsing_logits
parsing_logits,geometry,parsing_logits-00039.bin,256,430508847,0eaae8dff77243da4fa0e42c1c71483ee594d33122c5d350b8f037fa4cc65d4f,npy1+shuffle4+zstd,f5b18099c035e5c590dc411a2298f79c0183ed63a9262306982b4ca79869aa9d,/media/cong/Data/GPAT_TransferBench_runtime/cache/geometry/parsing_logits
parsing_logits,geometry,parsing_logits-00040.bin,255,429841374,9a7c1da2fc88db7ed123f05aa69c1dfdae7e4d7afbb4424e5d20b4c4c9930d4b,npy1+shuffle4+zstd,acf3cc990d73b4d38410b8b6ad3b01e2236704ac3b2f7b4c2fd8f64cc550cafa,/media/cong/Data/GPAT_TransferBench_runtime/cache/geometry/parsing_logits
parsing_logits,geometry,parsing_logits-00041.bin,256,430673501,1daae682c8b9a82cb3434d109be1c6db54c91ce173e82c4c05dbff884be1d603,npy1+shuffle4+zstd,b436de909aabfa37992d0e6581548ada93d7d5ee8efae072ded2911908e8d5ea,/media/cong/Data/GPAT_TransferBench_runtime/cache/geometry/parsing_logits
parsing_logits,geometry,parsing_logits-00042.bin,255,429195771,2087f146591385fbdd3d5b69e3e3c42931aab4c9bf9582b215a26eb74842731a,npy1+shuffle4+zstd,4b433a04e3b0b1d5af354b8f9be303ce7301a38cf417735bd3cf26d4cbdfc5a0,/media/cong/Data/GPAT_TransferBench_runtime/cache/geometry/parsing_logits
parsing_logits,geometry,parsing_logits-00043.bin,256,431003639,2ce0673b3d6e58e5b5ba098ba8397f48dab8798b364faab2a8f2f82439af52f3,npy1+shuffle4+zstd,5b5d01ddd98e3a554452ae5a9bc79463eb43ffd831c75238013da8ec4ae88d97,/media/cong/Data/GPAT_TransferBench_runtime/cache/geometry/parsing_logits
parsing_logits,geometry,parsing_logits-00044.bin,256,430036277,403ab4d21a20e1b7360eaeec9ba024dbbafe7e934c64ac2d3b243d5696c8cbf1,npy1+shuffle4+zstd,f4a458eb6afbc5bc2c13fd65d5515f724916e85f66c13ed35333e19dda715eee,/media/cong/Data/GPAT_TransferBench_runtime/cache/geometry/parsing_logits
parsing_logits,geometry,parsing_logits-00045.bin,256,430775961,fd8c45e86492dcdd275347ff7b661e3245e130d6ad15927ad80d6846dce10fee,npy1+shuffle4+zstd,b336e967693e72ae61593afb1b05502f18ac6aa993a6df990214cdbefd61f156,/media/cong/Data/GPAT_TransferBench_runtime/cache/geometry/parsing_logits
parsing_logits,geometry,parsing_logits-00046.bin,256,430544719,f8f5cbc576df4d3115b5b612e797223fe98121218bb8aa3ad3596961204fdb92,npy1+shuffle4+zstd,8dca58adb970addc69c0e2d086968335cfe7325755db83d9c30e066a7e6802e2,/media/cong/Data/GPAT_TransferBench_runtime/cache/geometry/parsing_logits
parsing_logits,geometry,parsing_logits-00047.bin,256,430721213,6aef99bd0a2d49f9686642867a4afb33c340c0ae4b18ab456b2070267abf040d,npy1+shuffle4+zstd,289a7838da241f7ad7b0699ce8b327bdd79bb991b527d7de51a20383f83fa982,/media/cong/Data/GPAT_TransferBench_runtime/cache/geometry/parsing_logits
parsing_logits,geometry,parsing_logits-00048.bin,256,430179126,8f33f23f1802be1ef496b52647567ac63987fe830b8643eb13c81953634c00ed,npy1+shuffle4+zstd,d095b20679c834804e8d60207a15c6fef3252d018cce70b1f447e5dffb23b66f,/media/cong/Data/GPAT_TransferBench_runtime/cache/geometry/parsing_logits
parsing_logits,geometry,parsing_logits-00049.bin,256,430536008,3dbf6801c3f8d63f75e532094e60bc2bf6fef672a82a0fb269cedab3967a5cdd,npy1+shuffle4+zstd,5956bbd98df93032f2d3bb6f59b42b64d155c1f753aad5d64feb9de387b6e7da,/media/cong/Data/GPAT_TransferBench_runtime/cache/geometry/parsing_logits
parsing_logits,geometry,parsing_logits-00050.bin,254,427058471,9406f9d08412832a049a94b2c8ba656e9d4ab3168ec36a8ee94a994c3e2b0623,npy1+shuffle4+zstd,cb10822d47d72048990de43837ed5ed4d4e8e01987d6dfb66739ea16c6d97903,/media/cong/Data/GPAT_TransferBench_runtime/cache/geometry/parsing_logits
parsing_logits,geometry,parsing_logits-00051.bin,256,430400621,4554418b9471d91c0f974c4a4ba2b8d25f97562bfa14454305a84612bf113f2f,npy1+shuffle4+zstd,2f9c52d6294ca54e5d99f025bc94042db5114a23ffd35f858e036b73250a4d07,/media/cong/Data/GPAT_TransferBench_runtime/cache/geometry/parsing_logits
parsing_logits,geometry,parsing_logits-00052.bin,256,431360478,6835afe5dd833e641595f9ee12ac94b29bc889a066b36c0a6211e38e7b890598,npy1+shuffle4+zstd,c6720a1e3382597555a3b628c1a659ac05eed7cfe533b54ba980feb15addac75,/media/cong/Data/GPAT_TransferBench_runtime/cache/geometry/parsing_logits
parsing_logits,geometry,parsing_logits-00053.bin,256,430764132,f5bd361031ee7bab1ca3cc41b878bc07a0e3cbc949b128a1de3c8c7627efd723,npy1+shuffle4+zstd,38df4c04b8fdd087e0e194e13dafc326728b4262ffcf88b303e9f73446fa40ea,/media/cong/Data/GPAT_TransferBench_runtime/cache/geometry/parsing_logits
parsing_logits,geometry,parsing_logits-00054.bin,255,428151489,4d7a821e1c2d50c0eea9d4e73611e4d91f843f59f194fe698c6d19875d8b9e36,npy1+shuffle4+zstd,123c4bb0183fef9c1da02962dcd9d60c29e7773b46fa14d33af835e605aa30a5,/media/cong/Data/GPAT_TransferBench_runtime/cache/geometry/parsing_logits
parsing_logits,geometry,parsing_logits-00055.bin,255,428257386,d72814d0cef6d3e401a8f79cfef9d2a6f72688e3fbe20ecab5fc4e7f9dcc0097,npy1+shuffle4+zstd,015fa977b2b9008176abed6d06b128a2bbb3dffaab72156f30a9f9af92349660,/media/cong/Data/GPAT_TransferBench_runtime/cache/geometry/parsing_logits
parsing_logits,geometry,parsing_logits-00056.bin,256,430308177,694ea21b3d41e326fbca8819f6980926bab0dbff26979fe244eda5e3d9ccd9bc,npy1+shuffle4+zstd,98a29f0b598c14ef33eccd298009b6f0faf621e23250209ee1db0bcc62caae57,/media/cong/Data/GPAT_TransferBench_runtime/cache/geometry/parsing_logits
parsing_logits,geometry,parsing_logits-00057.bin,256,430004474,f6673d16107cf63167aea1e0206f5f9620ce1fd756626a2dfb83757cb95d3ada,npy1+shuffle4+zstd,2fbe311e67e4d4f990fe1ae9bf17b561f44f524d30e16e89070fd2475230fd1f,/media/cong/Data/GPAT_TransferBench_runtime/cache/geometry/parsing_logits
parsing_logits,geometry,parsing_logits-00058.bin,256,430798942,df1e8348f8ea39d7a80798d6ba94b0b0fc769b7e4afb9f173d5b1cf9523daa01,npy1+shuffle4+zstd,891df6e9b370a0ba78c7d93be579adbca6cdfc03a7b42f347098ca16e18b1681,/media/cong/Data/GPAT_TransferBench_runtime/cache/geometry/parsing_logits
parsing_logits,geometry,parsing_logits-00059.bin,256,430176287,dd550a218890a91c9f1a947dddd6f196f3debb0fa3d90633433704e2a69ef504,npy1+shuffle4+zstd,81dd20da4244ee0f9df27c66df7efb689114db95e13c816f3074cd3108aefb09,/media/cong/Data/GPAT_TransferBench_runtime/cache/geometry/parsing_logits
parsing_logits,geometry,parsing_logits-00060.bin,256,430750216,e22ed672fdbd900cebe9973b02bdc407bcf35fc40a3c2802dcd21d3b77323f62,npy1+shuffle4+zstd,9426ff7b2667f449dc8abff34c7b50de0fe3173b4a240750b9013982c5571755,/media/cong/Data/GPAT_TransferBench_runtime/cache/geometry/parsing_logits
parsing_logits,geometry,parsing_logits-00061.bin,256,430454302,039eecda403e498a37d5a4a4719acc6cdd6244e012ef6cc11384f6dc020e7b55,npy1+shuffle4+zstd,b789cf4acdf4f62a7c2114429ade6c53ecd30537e6234c99e3c145d6c27b22cc,/media/cong/Data/GPAT_TransferBench_runtime/cache/geometry/parsing_logits
parsing_logits,geometry,parsing_logits-00062.bin,255,428440361,f0f86ab4ce7fc25cfd8e6e730d63bc3d5b4c84eecfdd5f60caebb8f7574f40af,npy1+shuffle4+zstd,b1ae23d9498a1e6795096d32f39413a37e070be5b40d901f527bae0aa7c87539,/media/cong/Data/GPAT_TransferBench_runtime/cache/geometry/parsing_logits
parsing_logits,geometry,parsing_logits-00063.bin,256,429077518,61eed1032b102b5562cc966f151b8ed56702eae1232dee21b19cf00056feb49d,npy1+shuffle4+zstd,8cb992eb25dee8eaa5dd5b983e0223854da2f3dbe758f8ff7302a70f9dbadb9b,/media/cong/Data/GPAT_TransferBench_runtime/cache/geometry/parsing_logits
parsing_logits,geometry,parsing_logits-00064.bin,255,428457173,c80cf7202782c2fdc0672379949fb085e8b240cef2c3349c422c6b06b2fdc1d4,npy1+shuffle4+zstd,a18272ae5a085e12707e929e17d469e20721453a6aab3415db41374c6d07f759,/media/cong/Data/GPAT_TransferBench_runtime/cache/geometry/parsing_logits
parsing_logits,geometry,parsing_logits-00065.bin,256,429678257,e2e85f185e6c397c00b81d53266680939c10edfa1b7ab61cfe30d6c0ec6b8ed6,npy1+shuffle4+zstd,bfa7ca42c0da39799bdd2dba568a053851aba10de42d41c6bdb31f41b0912de9,/media/cong/Data/GPAT_TransferBench_runtime/cache/geometry/parsing_logits
parsing_logits,geometry,parsing_logits-00066.bin,253,425230054,2190a58bb74b8fd0045acdeac8c1feb13b8f988d5cb664a45e6da571d5495e1f,npy1+shuffle4+zstd,94599e81edb2790942844f4125ed22b080024803569b0784532895b4c55351ef,/media/cong/Data/GPAT_TransferBench_runtime/cache/geometry/parsing_logits
parsing_logits,geometry,parsing_logits-00067.bin,256,430794955,40215d0c4f8887f50340bb4cc683f51de5931e57b095b970bef9a5bf25c33532,npy1+shuffle4+zstd,0ad8251754980553f66c6e8dfe3aca9b46918b677a2ddbe943b014068448df1e,/media/cong/Data/GPAT_TransferBench_runtime/cache/geometry/parsing_logits
parsing_logits,geometry,parsing_logits-00068.bin,256,430407901,5769a3ae7c3ffb4e92f143a1dbf83bab2463f8d2f4962f84c7e39e92c6816ee9,npy1+shuffle4+zstd,1e6e9712d5e9100abc62f250b3ee6ddd5a767ddae05618d91e443dae75ffa3ed,/media/cong/Data/GPAT_TransferBench_runtime/cache/geometry/parsing_logits
parsing_logits,geometry,parsing_logits-00069.bin,256,430969959,addf8fa140fe0915b03f42be0b4a9d4dd9ff2b0b2acaeaa89c83a344aa17bfbc,npy1+shuffle4+zstd,fdd16fef40f91792b7cd73a18576a0aa72c21a01cbb1aba1fe9393536a3d3ce6,/media/cong/Data/GPAT_TransferBench_runtime/cache/geometry/parsing_logits
parsing_logits,geometry,parsing_logits-00070.bin,256,430625513,e30e74b5f95070cf8ad3b353169f78c371f13528e96d08a4cb6171d5974e365a,npy1+shuffle4+zstd,07cc456d14908838dbf0c25e822407693632f4d94d19130aebc4ac7088e75289,/media/cong/Data/GPAT_TransferBench_runtime/cache/geometry/parsing_logits
parsing_logits,geometry,parsing_logits-00071.bin,255,429209147,9aa0bf9d3c3a5842fec3349da90b1c2272c8f167ac5d1d2e56761c418d2da267,npy1+shuffle4+zstd,1c00f78ae8731e3879593442f8a3e893f4f409a2cda1235e327f64b95f4ad0b2,/media/cong/Data/GPAT_TransferBench_runtime/cache/geometry/parsing_logits
parsing_logits,geometry,parsing_logits-00072.bin,254,426969426,c788048ab6d14d704c497428492c16e83e155f256ff7571e2b1b39cd45b94ad1,npy1+shuffle4+zstd,d62e81e5d952f18b901a0caeaec8631d643fb5e1280fdf6534254e3860c6210a,/media/cong/Data/GPAT_TransferBench_runtime/cache/geometry/parsing_logits
parsing_logits,geometry,parsing_logits-00073.bin,256,430385037,0a503704d588a54173d0a5dfeb9f9f13818a72f5d0dde5cc10ef50b9e4c9d0af,npy1+shuffle4+zstd,78eb8a1fab09b87a43d841557d4b8c884189fa76fb8af7ba9de7e5f1e410a3b0,/media/cong/Data/GPAT_TransferBench_runtime/cache/geometry/parsing_logits
parsing_logits,geometry,parsing_logits-00074.bin,256,430857021,887b66c4583c785a7715347aea197c8b7b40206b5b759f3da29cb49cd1a8af45,npy1+shuffle4+zstd,74448ea7ac8725ec23ec2e138309bbc63bb59f579d9b271560ffe743f23ee860,/media/cong/Data/GPAT_TransferBench_runtime/cache/geometry/parsing_logits
parsing_logits,geometry,parsing_logits-00075.bin,256,430105693,70712e4aed0020e367885ce695583b288aba020710afb4f5685625410540a485,npy1+shuffle4+zstd,55f3ac1e7d4db1e0434fc79be2299039ee946e34172ea15ed6e981075949ef80,/media/cong/Data/GPAT_TransferBench_runtime/cache/geometry/parsing_logits
parsing_logits,geometry,parsing_logits-00076.bin,256,430509886,f4b9cac090bd7d4793bb583676ffad9e38a4aaab76fd7470304203ea0119fcbe,npy1+shuffle4+zstd,d4ef55266774f7a45dd584dfa187daa0e52cc4714b60116211df98c556691434,/media/cong/Data/GPAT_TransferBench_runtime/cache/geometry/parsing_logits
parsing_logits,geometry,parsing_logits-00077.bin,256,430803923,f6815e3746124161201e56c21b516109f7a3c64711abbccea249482314ea9e1f,npy1+shuffle4+zstd,82187bdf423b3c656feed5635fc18ff9feca4b9fd54b12045b7dc2b5b978455f,/media/cong/Data/GPAT_TransferBench_runtime/cache/geometry/parsing_logits
parsing_logits,geometry,parsing_logits-00078.bin,256,430541669,a400cd8e439fb5197a3115098b10dfe591f4190e511de1cf55d56c1152692665,npy1+shuffle4+zstd,4c002f7e4db2025a3d56f12624a290eb1d65a1023b43571ace78f5bb0a3a2595,/media/cong/Data/GPAT_TransferBench_runtime/cache/geometry/parsing_logits
parsing_logits,geometry,parsing_logits-00079.bin,248,417357424,ede68a85bf697b112f04e89a61d5ebc3a11445c1c250edf9e280a459c5a60ace,npy1+shuffle4+zstd,0ea417ab0134d7041e42e51ec73c59a496d8ab2a99139c55512a056efd161a73,/media/cong/Data/GPAT_TransferBench_runtime/cache/geometry/parsing_logits
parsing_logits,geometry,parsing_logits-00080.bin,157,263841635,73416dcbe94d30c93bdee104ad509d80fb1f8d3cf6d3df70bca8ce916a6b9f96,npy1+shuffle4+zstd,0def28f5216160db0dac4691d75e7ba67d5d85fee3ae791b79116ed8404a7a35,/media/cong/Data/GPAT_TransferBench_runtime/cache/geometry/parsing_logits
parsing_mask,geometry,parsing_mask-00000.bin,256,12877824,7415c2f7fab9fb55c1eff636b3936ff8703da44ec940e5ff51e3929b8c2480b2,npy1,8617b6f0bf5723c0bb73940bbf993287c8d0034f64a7696dc250a47552d301d0,/media/cong/Data/GPAT_TransferBench_runtime/cache/geometry/parsing_mask
parsing_mask,geometry,parsing_mask-00001.bin,256,12877824,e34ebe0b99364012fafb692aa61a0ed230f3cee89be957ac0f4e0c767c6c8568,npy1,a3e009411a0fb4cd310e16aac5d9f7f832100afbb63bb66641ff0a5c575e59bb,/media/cong/Data/GPAT_TransferBench_runtime/cache/geometry/parsing_mask
parsing_mask,geometry,parsing_mask-00002.bin,256,12877824,0acee9e28bdd310f752f09509b327236e6473130426811c7093c76dd21c740de,npy1,13d15b8264f77424319411f8c4b13cc0294c10e0de857b4f7eb763fbf0100303,/media/cong/Data/GPAT_TransferBench_runtime/cache/geometry/parsing_mask
parsing_mask,geometry,parsing_mask-00003.bin,256,12877824,c487426a908107b430881ec21f0b5fc7ae3bf0a0af47b9694f6b3667c76148c6,npy1,2b167b387e2980818870ab04b4be2e7a8c1f002cf45a6b39dededdea2c4a7195,/media/cong/Data/GPAT_TransferBench_runtime/cache/geometry/parsing_mask
parsing_mask,geometry,parsing_mask-00004.bin,256,12877824,0df18eb054a625c096256f6f60d01f08afa1bf023943e1f00444ba8ee6957305,npy1,773851ec02b74491cc0ae1f1d54c4ef85d61091a3ac0ebf98b0a6c8d15c76d3c,/media/cong/Data/GPAT_TransferBench_runtime/cache/geometry/parsing_mask
parsing_mask,geometry,parsing_mask-00005.bin,256,12877824,90f53e4360328ac0696a47992ce73c3c0fb583317d141ca0c592fa5714b5a249,npy1,17c8bb0c5c80e57e2319e1bb212c7fe82316ee6a0a93281900914e679335240f,/media/cong/Data/GPAT_TransferBench_runtime/cache/geometry/parsing_mask
parsing_mask,geometry,parsing_mask-00006.bin,256,12877824,72c96ef86548948f63c9f932f84d442533283cef14a4800bc2dd75fd58326b91,npy1,8f0e6ea1cae1675ed68d515fc29c0e534378e5d498c754fb75c68259de098283,/media/cong/Data/GPAT_TransferBench_runtime/cache/geometry/parsing_mask
parsing_mask,geometry,parsing_mask-00007.bin,256,12877824,e266bfd8da090fb955b1be536a282332eeea6035a54ecf7bdbf0b41b7a2d9c38,npy1,cbfcf513e3871415c9e4dddfb6eb5499faaab00404fda4e6b9938c811b0cd94c,/media/cong/Data/GPAT_TransferBench_runtime/cache/geometry/parsing_mask
parsing_mask,geometry,parsing_mask-00008.bin,256,12877824,9d131053eb29004f198fada5937d05e0999030af0c06b9a7ab4c83d44e225b58,npy1,0abd1a5a4475e3231388f24c3bedc58c68e0210f7935f8438e5859f020522b1b,/media/cong/Data/GPAT_TransferBench_runtime/cache/geometry/parsing_mask
parsing_mask,geometry,parsing_mask-00009.bin,256,12877824,612f63327e6463b4d9156f3974b1cee4d54a9bd51c588dba91f0a6cc16788154,npy1,6dd4c674531d205e386647409283717eb8d7eb328e8796335a8e86bca47c18d3,/media/cong/Data/GPAT_TransferBench_runtime/cache/geometry/parsing_mask
parsing_mask,geometry,parsing_mask-00010.bin,256,12877824,ff3d5096e66efea875c9941750833c1e62ae51419bbf51f5ee87ba823ea5239d,npy1,22d437729265a1632ee2972abfd5ba8009293d4a9fcafa27079a2ab4344cd6c4,/media/cong/Data/GPAT_TransferBench_runtime/cache/geometry/parsing_mask
parsing_mask,geometry,parsing_mask-00011.bin,256,12877824,c57cb1648bc237a33f39100b9f05d6ef5e61cb31a0b54ea8ff480a56f92a506e,npy1,81b28582fcafef9d53a219dbd5b15e418c088ac22fd9328b9453f86e2d7e7ea3,/media/cong/Data/GPAT_TransferBench_runtime/cache/geometry/parsing_mask
parsing_mask,geometry,parsing_mask-00012.bin,256,12877824,4468d7988545dad692cbed0d06fc23ec26ef6e17023a278dfadbc99f2273460f,npy1,4b005e0e869738429c32ee43dd6805893cfa3b83602307781a5267dd5f7470ba,/media/cong/Data/GPAT_TransferBench_runtime/cache/geometry/parsing_mask
parsing_mask,geometry,parsing_mask-00013.bin,256,12877824,42c5e9f9cce212552f3e6d92ffd990695f5e150d132edcc415cf37e1b9ac3de5,npy1,ec22fccce7beda7670e801274a7449f309ccade57b8ca12ef33beeac22468185,/media/cong/Data/GPAT_TransferBench_runtime/cache/geometry/parsing_mask
parsing_mask,geometry,parsing_mask-00014.bin,256,12877824,c53bb2b18f083a91dd84c6a99c72ff00eceab27b135c713f255ac70bbeaa1bde,npy1,619f945fc6fd40b0abe7abde5fa821fe928a720e353e081ff428d3a1da295c8f,/media/cong/Data/GPAT_TransferBench_runtime/cache/geometry/parsing_mask
parsing_mask,geometry,parsing_mask-00015.bin,256,12877824,332f37439e72d1d73c1018e9ad3ddf3c6d131d467c70f24d9c96bbdcc7852f54,npy1,09e5ba060628f278efa75030ee49ec021d6dc6b8fea77476c4c04fb40a9c249a,/media/cong/Data/GPAT_TransferBench_runtime/cache/geometry/parsing_mask
parsing_mask,geometry,parsing_mask-00016.bin,256,12877824,4894bde9a7a259fafeec6aafbceb23d1937f53115b3cc8b6461ff8de7182db8d,npy1,55e8303674246dce4f9db1be4233c0114c9b4c97f9c8c453d6fcdbd3c2cfbcdc,/media/cong/Data/GPAT_TransferBench_runtime/cache/geometry/parsing_mask
parsing_mask,geometry,parsing_mask-00017.bin,256,12877824,55b0746ef136dd88b34ad43b3492651f3149682e20273f01e896fc6579b9d880,npy1,a2909eb2b34e11c327636d646f7c7604b4f4e321b457553efeaceaf0f9bab22f,/media/cong/Data/GPAT_TransferBench_runtime/cache/geometry/parsing_mask
parsing_mask,geometry,parsing_mask-00018.bin,256,12877824,14d2c89aed3610875ec04e21fe2142d7b179ecc7a0be8a03f97babaa6ab7e8f8,npy1,4706a4bac49d2839276d65600236b531d650c569c66305c8699c0636befc2992,/media/cong/Data/GPAT_TransferBench_runtime/cache/geometry/parsing_mask
parsing_mask,geometry,parsing_mask-00019.bin,256,12877824,f36d5d57c282b0f9cf4d1adf26d431a346eb26ab9cbdbe932a7ada18a8cb482c,npy1,787fc9cb75f0be267f7643c9e19b90a3a9a8f7bfd076a2583035cfa895e44b91,/media/cong/Data/GPAT_TransferBench_runtime/cache/geometry/parsing_mask
parsing_mask,geometry,parsing_mask-00020.bin,256,12877824,e12fcf5f5873e85684af94686bc55d6dccd717176a16f9c02db603d85216e531,npy1,4a7812553d66d53310e874e51d76b66b3533c617562ae5026af62a4b7b1c8590,/media/cong/Data/GPAT_TransferBench_runtime/cache/geometry/parsing_mask
parsing_mask,geometry,parsing_mask-00021.bin,256,12877824,835dcec3ae7a0304f6f0bb2f802a7d6216fcb22a8e80616720273928d7f128f7,npy1,cca915dd93a304e4a9234a70af5b94e73ae33c9c7ee01f8d48dac579df82065b,/media/cong/Data/GPAT_TransferBench_runtime/cache/geometry/parsing_mask
parsing_mask,geometry,parsing_mask-00022.bin,256,12877824,787582480b90bc959997ff75844df8f90ffa77fb9dcfe4b44e7e31b8978b0802,npy1,a8f7a8fea1fe83205d3dc303a0d8d2637d3dceed51243d1ddb11cdf67c1f04ca,/media/cong/Data/GPAT_TransferBench_runtime/cache/geometry/parsing_mask
parsing_mask,geometry,parsing_mask-00023.bin,256,12877824,02bbd0733d3540b6df6e3de756cfe231ae62732a6e70c1ace569ad0e9d3a87d6,npy1,9aba6375922269d8da721cc3c588dcb4cfeb0d93af9ed553131ee89ef6afce77,/media/cong/Data/GPAT_TransferBench_runtime/cache/geometry/parsing_mask
parsing_mask,geometry,parsing_mask-00024.bin,256,12877824,494188a3d99c9c43c4bb53aff7d8cf48194ac20ce30466d32db9f01668ed4a91,npy1,90f8fd45d1c8d2886ea0235aa76fd84d6b3cf00bc3baf72756f9de3a743dfcb7,/media/cong/Data/GPAT_TransferBench_runtime/cache/geometry/parsing_mask
parsing_mask,geometry,parsing_mask-00025.bin,256,12877824,3e002d0412255637b19e7641d7f1f0f66e1757ede5d51d1d7b9568957c39220d,npy1,5dc035e8bd4bbc4aedef9f6c19889cdc6d45973e1e4c2e6d8257a7db670796c2,/media/cong/Data/GPAT_TransferBench_runtime/cache/geometry/parsing_mask
parsing_mask,geometry,parsing_mask-00026.bin,256,12877824,66ba2601faae0797bb72cd487a7df12103988052f5a4e7599669af8e0f1adc15,npy1,77e8e04b94181d15583a2790f0b031ba6c1dd621e760b34cdf6fd9563d2993b0,/media/cong/Data/GPAT_TransferBench_runtime/cache/geometry/parsing_mask
parsing_mask,geometry,parsing_mask-00027.bin,256,12877824,6bd5f7ceb7abd7b8e172b8bc8096068c87ef9593d9aa85eebdc011a64744ebcf,npy1,1a45c6cad29a58a5d8da3426a01de1501898ec0e4cf2cb0e631377a035a9241e,/media/cong/Data/GPAT_TransferBench_runtime/cache/geometry/parsing_mask
parsing_mask,geometry,parsing_mask-00028.bin,256,12877824,1af1c677e0b65ff91157ac94be79d210b01cd909ed2b4d57f6ebf83e98513e38,npy1,b46ffa4856bacb8b3f5961220dab1b232db41dd29a74e42dcc18e405dc6bd08c,/media/cong/Data/GPAT_TransferBench_runtime/cache/geometry/parsing_mask
parsing_mask,geometry,parsing_mask-00029.bin,256,12877824,4e79107dd18ea16914577a6661d14be840ce8dd6153561aab825418d0340a4c1,npy1,9150b2252be606300eb2cec01f58d367050a1a9d3b19bfdbd8cbbbf2f33b1075,/media/cong/Data/GPAT_TransferBench_runtime/cache/geometry/parsing_mask
parsing_mask,geometry,parsing_mask-00030.bin,256,12877824,fcc37111b0b02472025f5123a13923c81f991f8026c575f2655e44c4ef4ffd2f,npy1,144acd1a0c7f42b83f9830bb370f0c5f8ec5cab0ad27c3264a667587ee583238,/media/cong/Data/GPAT_TransferBench_runtime/cache/geometry/parsing_mask
parsing_mask,geometry,parsing_mask-00031.bin,256,12877824,0f8855d3f51ddaee0678aa7458f201d094fcbdb56210c4a7c7e13aeead95971a,npy1,9c0df32658b3b76a0836b8aaa75d1e316f2e9863237ddb370cb756b40dc96f67,/media/cong/Data/GPAT_TransferBench_runtime/cache/geometry/parsing_mask
parsing_mask,geometry,parsing_mask-00032.bin,256,12877824,19e8f6460cd4eeba1c7c4565e29d09c5414a283d2a4946426c13eb4a6f4beda8,npy1,aea70bdae9f090974fae07ce3f45c4b536b83fdc76379b5c6498b6cb2e6a8d40,/media/cong/Data/GPAT_TransferBench_runtime/cache/geometry/parsing_mask
parsing_mask,geometry,parsing_mask-00033.bin,256,12877824,e8652763ee6d159a6b794334cffa703ff087d901e3c8b660ab3fb3da9b4579e0,npy1,269e9e8a2b88cd890ad2f2813cb3dbd8eab8681d63d1f7c3bd43b508dd7c9131,/media/cong/Data/GPAT_TransferBench_runtime/cache/geometry/parsing_mask
parsing_mask,geometry,parsing_mask-00034.bin,256,12877824,a392daa57f3371887e7e7cf49cc7f59cafd14c1d4923fc7cddb4b9229e83648c,npy1,97d4c4cabf01f95b2b990af1c6ca2533adcb449264bddf8d1cae8420245f6471,/media/cong/Data/GPAT_TransferBench_runtime/cache/geometry/parsing_mask
parsing_mask,geometry,parsing_mask-00035.bin,256,12877824,26f84a77e7cd180841ada2c283c01104c24aad7da3cab0e09016d6d9c878f7c6,npy1,3fe3b70bd5544d0981a1f233f74e41cd8e6115626770af19f68da664fbed529b,/media/cong/Data/GPAT_TransferBench_runtime/cache/geometry/parsing_mask
parsing_mask,geometry,parsing_mask-00036.bin,256,12877824,04505456d399a8efe753c7b05dff3340156bff3e8aa3518a443b820f7ffcf12f,npy1,a3c7e25556fe0e45de14335160be8f6219d53b75d238f657b0db6964abb7df24,/media/cong/Data/GPAT_TransferBench_runtime/cache/geometry/parsing_mask
parsing_mask,geometry,parsing_mask-00037.bin,256,12877824,2a9e9f1006d27c5d049a04609d0e0766fdc95da3a7c8b44bb3cbc97c56bf462c,npy1,fb072ce4a3626377e68be45a4e6b7011cf34b4e52dc4b6554aaf975515bcfd34,/media/cong/Data/GPAT_TransferBench_runtime/cache/geometry/parsing_mask
parsing_mask,geometry,parsing_mask-00038.bin,256,12877824,0b59d462b86943f5b17f1dd971884d006fbb7f58b9051c548ec71b526f495931,npy1,33ae500b8309443a9edf6cf0e5c2e3a06bcea8052d58ea6ee07bdbe625950feb,/media/cong/Data/GPAT_TransferBench_runtime/cache/geometry/parsing_mask
parsing_mask,geometry,parsing_mask-00039.bin,256,12877824,10a498ccf2accf5af1940661392d1158b1add19e0e918397b711a415bb44db0e,npy1,055c2d6ac32c764d12fbb0764014b1a4fe394398ebe0f1ae5471b2e17695c4bc,/media/cong/Data/GPAT_TransferBench_runtime/cache/geometry/parsing_mask
parsing_mask,geometry,parsing_mask-00040.bin,255,12827520,dbb7f5e4470c8ec61f37fe4fa017767238679110975dc41cca5fbf2b1d0f1b03,npy1,5fafa06008a4a60f40dc490c041157d19f9ab584866ae45bbf40c05ec7509bc9,/media/cong/Data/GPAT_TransferBench_runtime/cache/geometry/parsing_mask
parsing_mask,geometry,parsing_mask-00041.bin,256,12877824,32f0140beb971a6f5217e12e579b59e92dcc5f41ff740b46d00b3fa9fde3b3fb,npy1,a99d7b811e7fa235d63034f0e6f7896115d6eb14295d39d227ab0e22ae79e797,/media/cong/Data/GPAT_TransferBench_runtime/cache/geometry/parsing_mask
parsing_mask,geometry,parsing_mask-00042.bin,255,12827520,3d4c804c88ca6fc5bea9080e900d9d8cc2dd1a93603b0d55375f00e6cc7cbb85,npy1,52cb0a5b6c02c60aac464132d00e7776a0395eab40d67a5e10e6c6240a77c39e,/media/cong/Data/GPAT_TransferBench_runtime/cache/geometry/parsing_mask
parsing_mask,geometry,parsing_mask-00043.bin,256,12877824,e356d6e4ba158ab3b0e9eddb45f25ae446d8e395c75b4c8333fa5affdfaf145b,npy1,95c9b00b1e6e957a4a6f395aeb6a0c1f3efc7d1f1a7170d7a052c606aa5e9963,/media/cong/Data/GPAT_TransferBench_runtime/cache/geometry/parsing_mask
parsing_mask,geometry,parsing_mask-00044.bin,256,12877824,15457f86b4e11a08c444b5a3d42d9cff3ecc59ede88f4cfd5b4eaa7da93dab96,npy1,3ea4eecaa1602b78904b1effca447881846a940febdef4cc138f3dac3bb3d44f,/media/cong/Data/GPAT_TransferBench_runtime/cache/geometry/parsing_mask
parsing_mask,geometry,parsing_mask-00045.bin,256,12877824,7226b822ff6bae2ca3f7cd8906dbb3fa59da58b3576ddbb18e7b8ac555c63deb,npy1,23797402309db07343bc0e5acf21b408c76c96d292f9e71dd5b184f18fbe2edc,/media/cong/Data/GPAT_TransferBench_runtime/cache/geometry/parsing_mask
parsing_mask,geometry,parsing_mask-00046.bin,256,12877824,1c67754823385daef10ef0751f0daa6700192e5f081d0d90fee261e368331426,npy1,a5a283c288b9178cdd7b292af7a8f3dbee8818b51a46ff65808988cfbe23fe22,/media/cong/Data/GPAT_TransferBench_runtime/cache/geometry/parsing_mask
parsing_mask,geometry,parsing_mask-00047.bin,256,12877824,da2001d6419db92e30e568712dfcdf6eccda0eb238e748e98166acafe2124786,npy1,5d16a182f4dca5bbc00018836df94af6a8487c1ba92874f550727b3200b1ea72,/media/cong/Data/GPAT_TransferBench_runtime/cache/geometry/parsing_mask
parsing_mask,geometry,parsing_mask-00048.bin,256,12877824,2af44742847ad78d43134e7613a63bf5ab78780e53909962ecd40a82642ed2cf,npy1,b20e7a7fccbcbc7ea47e009c3c6b12544cb52d8fdbae8c740bc328039bee5a39,/media/cong/Data/GPAT_TransferBench_runtime/cache/geometry/parsing_mask
parsing_mask,geometry,parsing_mask-00049.bin,256,12877824,a9112709d8fcb4e32e97ab3b192013432c73d781867e4c8cd5efa6464f0d09b6,npy1,87ad2d4187e109534f4dbede9f75c658cdfcbbb0d07b090cac487b7241eaaf66,/media/cong/Data/GPAT_TransferBench_runtime/cache/geometry/parsing_mask
parsing_mask,geometry,parsing_mask-00050.bin,254,12777216,63c2b5fe13f53163f3a13e7a2bec8efca3101b62f276c457281baa82995497da,npy1,d3ac9abd1dd940d65de6326c0f8a62ef621c7f67ecbeb1c26cd5293a94a7b77a,/media/cong/Data/GPAT_TransferBench_runtime/cache/geometry/parsing_mask
parsing_mask,geometry,parsing_mask-00051.bin,256,12877824,332c67aa710d6a2f623e9f02d450ffc571446493ce977082f7b324b1b4e45a49,npy1,582d8a9aa39451fd0bdeaefd9187ebd3cc0802705299f74e1a5d127cfa8f2961,/media/cong/Data/GPAT_TransferBench_runtime/cache/geometry/parsing_mask
parsing_mask,geometry,parsing_mask-00052.bin,256,12877824,65557d9c919d5ded223904eae9db549e65fd86f77f1cdabfab39d3cc2ab913a2,npy1,4bc9067fe68736f1c7c9e748c3833bd9c663efae41da032a0943fbe7755c6f23,/media/cong/Data/GPAT_TransferBench_runtime/cache/geometry/parsing_mask
parsing_mask,geometry,parsing_mask-00053.bin,256,12877824,72fcc2980fa47a6f48a475dc20f5bb7700a74c51afa1ebb6487f671103a8368e,npy1,68737b483fd8ddb83d6741216434730feb422f7731ac87c4d780d40335501159,/media/cong/Data/GPAT_TransferBench_runtime/cache/geometry/parsing_mask
parsing_mask,geometry,parsing_mask-00054.bin,255,12827520,4b8bd563a36fb4df0941e46d21a1cc031ef794fcec7f30ad046e23188db4b95e,npy1,96692b66c115490f4553d158f2ffaef4f69991550874864dd429b4d941c9f358,/media/cong/Data/GPAT_TransferBench_runtime/cache/geometry/parsing_mask
parsing_mask,geometry,parsing_mask-00055.bin,255,12827520,84b01af35534c180619fb88a51093587bd7a476df62675658317e2a79cda08df,npy1,dd5310c36aad173f421e02b7f2d92172d2941dd6f084ded097dcb02168e41994,/media/cong/Data/GPAT_TransferBench_runtime/cache/geometry/parsing_mask
parsing_mask,geometry,parsing_mask-00056.bin,256,12877824,6b9660f028b6f9abeb97c8d96ba81bc657d101a90714e979a205f75ce5637c5b,npy1,578bbeaec0ada17d4cfed9e976e1a4359d6655766e3b05ba393c8ad223ae1ccb,/media/cong/Data/GPAT_TransferBench_runtime/cache/geometry/parsing_mask
parsing_mask,geometry,parsing_mask-00057.bin,256,12877824,2bcd03ae883aeb7baa08a3eeeb1961a117877504f896e320998e54c3060ba0d7,npy1,7a90d4ba5ad30a26eb53f3b4e9d182d116ec4bf2a72255b8855d5159eaf9a3e6,/media/cong/Data/GPAT_TransferBench_runtime/cache/geometry/parsing_mask
parsing_mask,geometry,parsing_mask-00058.bin,256,12877824,a0084a5addac802d795b431729a00bd6b214140d1aba5091168add37856b1670,npy1,fb26e1b9710708508962671feab084e5edb2ab8eb875aec023a4204e237aea2b,/media/cong/Data/GPAT_TransferBench_runtime/cache/geometry/parsing_mask
parsing_mask,geometry,parsing_mask-00059.bin,256,12877824,24f5de08a8dc205ddad39137e5c7934e091d573d9ac53998ad1a3686ca5d4f7c,npy1,346819055080833677c661e4f56a3a9f977a8b10c2d721f78c956e3edb541766,/media/cong/Data/GPAT_TransferBench_runtime/cache/geometry/parsing_mask
parsing_mask,geometry,parsing_mask-00060.bin,256,12877824,9634920f81508549bf57998ae52a8a7c11f30dca1884b7f64d8156cdaa912f55,npy1,00def90ed39c47dd51fbd76fdade45fe15689fbdbd026c747f9ae00318012235,/media/cong/Data/GPAT_TransferBench_runtime/cache/geometry/parsing_mask
parsing_mask,geometry,parsing_mask-00061.bin,256,12877824,bcaa8015cfd7541d7654e4c30c085249e88940969c1d5205d8530f973cd07a09,npy1,9f8b6ef66469e963616169e75468087e92644d806998fea2f869653f5c943662,/media/cong/Data/GPAT_TransferBench_runtime/cache/geometry/parsing_mask
parsing_mask,geometry,parsing_mask-00062.bin,255,12827520,8bcce89584850c6553494101083e079118f641407e52bf61e6cd484f35a6b0c6,npy1,34eee9f69f4fd0f29f90b1e4aa57e052d004a5deaab13df227a06c1b68f60837,/media/cong/Data/GPAT_TransferBench_runtime/cache/geometry/parsing_mask
parsing_mask,geometry,parsing_mask-00063.bin,256,12877824,130dd5c2258bf93076b58710cdc0a339b2be70d232487100c6371a970d1e6bb9,npy1,9522e6d7a7753108d049abd4887065a9f4f21708f207a6fb45314fe3e91b0ed2,/media/cong/Data/GPAT_TransferBench_runtime/cache/geometry/parsing_mask
parsing_mask,geometry,parsing_mask-00064.bin,255,12827520,451727012b1b49f98f3ca57ba5ef27cfa0bc03928ca1e33e021a60fdf6974190,npy1,608970a4def473d676bb982e1695a788206ff68b15542a0819c66b7afb27c3ab,/media/cong/Data/GPAT_TransferBench_runtime/cache/geometry/parsing_mask
parsing_mask,geometry,parsing_mask-00065.bin,256,12877824,a6623260c965f4d712b14b02509bed2d8500a58e2c5da74a1df891de4e4ba356,npy1,9b4b786392649321cd4aa9ef6222c55f503072bdc7630fcae493e1b1e39abc55,/media/cong/Data/GPAT_TransferBench_runtime/cache/geometry/parsing_mask
parsing_mask,geometry,parsing_mask-00066.bin,253,12726912,c695ba2ef8098bf5d0e157b35ece0a93d59279d4db0c965da1863b8544f1cce2,npy1,db8a3d3a162c9b133782b754cc87c8d047397d31fd76c539e2bd4a97c9775b10,/media/cong/Data/GPAT_TransferBench_runtime/cache/geometry/parsing_mask
parsing_mask,geometry,parsing_mask-00067.bin,256,12877824,2b6876542320f81db99dfcc967a166c03f8a76bf90bf1ca35b8e521b4a773291,npy1,470bec3daa2feb189f1c2db4cdb7499cf4f4ef1718fd0a1578c37093ab4c6f91,/media/cong/Data/GPAT_TransferBench_runtime/cache/geometry/parsing_mask
parsing_mask,geometry,parsing_mask-00068.bin,256,12877824,d8d7fd5db9e1830dacb2a94072af754597307314179b6c760890c9b312ab6c57,npy1,b6e313ce99a5cae55c3b67fce9cb42f586a0f778652451a76609ca9f201b551c,/media/cong/Data/GPAT_TransferBench_runtime/cache/geometry/parsing_mask
parsing_mask,geometry,parsing_mask-00069.bin,256,12877824,53c70838f73b7fafdc96c29970f61528f5617059a5689093fc9a9d53f9837db6,npy1,3541f85fd62e0a0d347bca743d54d5e5b08301cd713d2b27cdc1880ed62ee552,/media/cong/Data/GPAT_TransferBench_runtime/cache/geometry/parsing_mask
parsing_mask,geometry,parsing_mask-00070.bin,256,12877824,865931beb92a929fd59e118d2f492d39895cc2f456ffa4595401e184c70a5a4b,npy1,844e8b1d71f4e8f3832490bc310f201a7a5717de4fe738941766760461ece002,/media/cong/Data/GPAT_TransferBench_runtime/cache/geometry/parsing_mask
parsing_mask,geometry,parsing_mask-00071.bin,255,12827520,afff79dbc0931995f8fc06271422e4cf68b191af21b4221d71db892a2dcee187,npy1,e3ddfb884bcbb8e14dcd387ce3364dba2fcbedb2a9c0a93013b2c1021bcd3755,/media/cong/Data/GPAT_TransferBench_runtime/cache/geometry/parsing_mask
parsing_mask,geometry,parsing_mask-00072.bin,254,12777216,499997c53ccf637d11e996dc5b916e8f8f7e8f216f95c1077033c6249b64a3fa,npy1,f759c94e8d95c10177b6643d55ab7c9e9e1569605492737836573e1dbe535c50,/media/cong/Data/GPAT_TransferBench_runtime/cache/geometry/parsing_mask
parsing_mask,geometry,parsing_mask-00073.bin,256,12877824,ff0111ca370630c30dd76dfe7f9358f56679e341ca38152dd3118e2b57e67e01,npy1,a252a4e6eaf018e7489a796a0b70e36af6708a9da47ab699a2800d0777db2690,/media/cong/Data/GPAT_TransferBench_runtime/cache/geometry/parsing_mask
parsing_mask,geometry,parsing_mask-00074.bin,256,12877824,55dcc912a8e51ad9fc4ecb31303fbdfbce51fbea77adb3fdc042392a762870e6,npy1,9f8552ab3f02ca340f3a1e9671699b17bb7f800ca2f9992f24ffa4327dc744a2,/media/cong/Data/GPAT_TransferBench_runtime/cache/geometry/parsing_mask
parsing_mask,geometry,parsing_mask-00075.bin,256,12877824,d815ab54061383f448a5272d8fb30493182f1368ef5ba9292367b23c997cf23e,npy1,39d7e56a28b2fa20dc4bfde9ad06422f92cb7ba1c9a55ae3e81d16af77ef11c3,/media/cong/Data/GPAT_TransferBench_runtime/cache/geometry/parsing_mask
parsing_mask,geometry,parsing_mask-00076.bin,256,12877824,2517990d782232b700b34d3f8dd3e294e0df21955b55043f43446a815fe1b778,npy1,9044277eb05d3b5674fc74b4edf49ea0c95c472b2cd6cacb7c4459004784eacf,/media/cong/Data/GPAT_TransferBench_runtime/cache/geometry/parsing_mask
parsing_mask,geometry,parsing_mask-00077.bin,256,12877824,6b40d54dfd14562c26669fe7228688de680053998928fbc0c43f3492da29c1ae,npy1,38278f8b1f8b56dcbcabe4097264342b2b8a3b60b7f63d7c9163f6493163b05f,/media/cong/Data/GPAT_TransferBench_runtime/cache/geometry/parsing_mask
parsing_mask,geometry,parsing_mask-00078.bin,256,12877824,ab244395c1f81a8ea4195f9cb3e73086e8b70f475d836d41ce13da5b4974c2cb,npy1,cb83750582866d42e073eac4dad45205dbf744b2266c646feef66a84e74b7218,/media/cong/Data/GPAT_TransferBench_runtime/cache/geometry/parsing_mask
parsing_mask,geometry,parsing_mask-00079.bin,248,12475392,32147c43f1613e97a194d10db5856c3c5e405df06b0d83fececd27f39a426a23,npy1,55255df3a7d00a83b11e03006232995ade9fcaeab275151ce46dc53b36283d63,/media/cong/Data/GPAT_TransferBench_runtime/cache/geometry/parsing_mask
parsing_mask,geometry,parsing_mask-00080.bin,157,7897728,166c378d0498d154fee8a85124dbc23a20899afbed0c5fd88465223892540bdb,npy1,b9ddfd87d2d21047a5bc32365503fab679e400379b40b810a422fc380f4ab0b1,/media/cong/Data/GPAT_TransferBench_runtime/cache/geometry/parsing_mask
pose_pitch_yaw_roll_rad,geometry,pose_pitch_yaw_roll_rad-00000.bin,256,35840,16c13ea86593a5bee5e015dad4394f8dc3d0a38564c2fc292acd0c62176a7a7f,npy1,4e7d7d9c0afc5a93870174645ba6ba5d778a83ea82805240b31aa5e8adec1d0a,/media/cong/Data/GPAT_TransferBench_runtime/cache/geometry/pose_pitch_yaw_roll_rad
pose_pitch_yaw_roll_rad,geometry,pose_pitch_yaw_roll_rad-00001.bin,256,35840,8e777c98a3032a6466782d2ea5012a99e8b49d1d5f2c354c1e3b109b2e911d75,npy1,abb78dec8b698b7bead86d1e733d54683e985684542407890d990af385fcb53c,/media/cong/Data/GPAT_TransferBench_runtime/cache/geometry/pose_pitch_yaw_roll_rad
pose_pitch_yaw_roll_rad,geometry,pose_pitch_yaw_roll_rad-00002.bin,256,35840,d182c4e9d3f95c52227e1289cf1aacc3683d000215284e72c609c92c7184791b,npy1,077e1fc66c6086b7f794b3da29a9c81f32708ff0cff54bd3701b66521b7fa3dd,/media/cong/Data/GPAT_TransferBench_runtime/cache/geometry/pose_pitch_yaw_roll_rad
pose_pitch_yaw_roll_rad,geometry,pose_pitch_yaw_roll_rad-00003.bin,256,35840,49a25b47722090d156a176692df8a0e3cab521f04656e5742ca7b367e454ee39,npy1,533fc922c12882b59d4afff8c255942ac437c97ba4bc8ac2e42c0e6527d53b9d,/media/cong/Data/GPAT_TransferBench_runtime/cache/geometry/pose_pitch_yaw_roll_rad
pose_pitch_yaw_roll_rad,geometry,pose_pitch_yaw_roll_rad-00004.bin,256,35840,1871f80de7fbb3ff4528cb22e08bb60e43eebb0534a79c4058b721c7da69c5ad,npy1,bd271eeee8246fcb11e38a8b870f62bb6442128a9a2062346770f6a5d484d753,/media/cong/Data/GPAT_TransferBench_runtime/cache/geometry/pose_pitch_yaw_roll_rad
pose_pitch_yaw_roll_rad,geometry,pose_pitch_yaw_roll_rad-00005.bin,256,35840,f5960546aa7114e7fb782f66256b50a931aca24459b2d1c8ad625e21021a2ca0,npy1,63667aa97249667a33bb92a31e98e3ca35830241d76c428b6bbd428f041cff8d,/media/cong/Data/GPAT_TransferBench_runtime/cache/geometry/pose_pitch_yaw_roll_rad
pose_pitch_yaw_roll_rad,geometry,pose_pitch_yaw_roll_rad-00006.bin,256,35840,cc6acb42bfa98d422616a69e463b427f389f15e38cfd4b93d25384a5ac8ab5b6,npy1,e212dadb28ea825444a426c41bd6ccce275d57e039fc1f349509e9d5f3719f4e,/media/cong/Data/GPAT_TransferBench_runtime/cache/geometry/pose_pitch_yaw_roll_rad
pose_pitch_yaw_roll_rad,geometry,pose_pitch_yaw_roll_rad-00007.bin,256,35840,10f958f29386a68efe7ecbc0ea26ec3b2638eaa9990e737ed36a8825c1614407,npy1,282d6dac91eec2388d78c1810697f5033a50df943ce4f9bf82674f71c2a52e12,/media/cong/Data/GPAT_TransferBench_runtime/cache/geometry/pose_pitch_yaw_roll_rad
pose_pitch_yaw_roll_rad,geometry,pose_pitch_yaw_roll_rad-00008.bin,256,35840,00c91134c991861058240daf9ed9a02e96c78cf571b31787bb404970a9ba26b1,npy1,3d6c7475169bb38f075ff9d71aadebb2d6065135942388b20e44f1bc59c6c294,/media/cong/Data/GPAT_TransferBench_runtime/cache/geometry/pose_pitch_yaw_roll_rad
pose_pitch_yaw_roll_rad,geometry,pose_pitch_yaw_roll_rad-00009.bin,256,35840,7dd2350e5e9aac01c10df448713d9576472c908852bfbdb56f8764c0895f65d7,npy1,a55967133271fbcb37e29e193d3b95d14fe44149d5879f40d8f04df44a87f413,/media/cong/Data/GPAT_TransferBench_runtime/cache/geometry/pose_pitch_yaw_roll_rad
pose_pitch_yaw_roll_rad,geometry,pose_pitch_yaw_roll_rad-00010.bin,256,35840,aaf3013af7d599ca6de58f37066c4575a1fe234fad00ac0cbf5bbeb857b5e699,npy1,a5cf0747cd8999d2588f20a7b4854cd57871269f04edffff8da1cc8384cae4ca,/media/cong/Data/GPAT_TransferBench_runtime/cache/geometry/pose_pitch_yaw_roll_rad
pose_pitch_yaw_roll_rad,geometry,pose_pitch_yaw_roll_rad-00011.bin,256,35840,069f19a5da253f95bedb4902aa7d2a22531458654887b4245656c8d825ed3720,npy1,470b2ab72416f89c4ecc70e32ec55985a85879eca6732a23441bbf6236fc8668,/media/cong/Data/GPAT_TransferBench_runtime/cache/geometry/pose_pitch_yaw_roll_rad
pose_pitch_yaw_roll_rad,geometry,pose_pitch_yaw_roll_rad-00012.bin,256,35840,816d8eaafedaa0855f681eae0899c3edeadb3476eb77a9e18ba0cd4c9c383118,npy1,d243c2eefa03590aeccc39ce938640d868c5a266b7e52b1d2a2f3f6366cce824,/media/cong/Data/GPAT_TransferBench_runtime/cache/geometry/pose_pitch_yaw_roll_rad
pose_pitch_yaw_roll_rad,geometry,pose_pitch_yaw_roll_rad-00013.bin,256,35840,8ee70da7f85b9435883e3498f1ae5d517dc19d533e094ecaa34edb1768ab6104,npy1,e2315e702cee9da3aab1fe7dbfba6726998a37f6824d7eefae125fcf611a2334,/media/cong/Data/GPAT_TransferBench_runtime/cache/geometry/pose_pitch_yaw_roll_rad
pose_pitch_yaw_roll_rad,geometry,pose_pitch_yaw_roll_rad-00014.bin,256,35840,ff07333af094a68f99fee82965f5ff98f1d66d62c6d3223ca544adf7f05cc605,npy1,08ac3424e7aa3d6501841771f65cc2be922666c567ca2ac162cafe5029a014e8,/media/cong/Data/GPAT_TransferBench_runtime/cache/geometry/pose_pitch_yaw_roll_rad
pose_pitch_yaw_roll_rad,geometry,pose_pitch_yaw_roll_rad-00015.bin,256,35840,e5c74732931f8d2cdc77f4c23269a3301b7b1156e05d43d0fc703d54c1961582,npy1,346ef0d1423741425f03d66f8fd645a19f8f5256467db4c1e2680a68a2f6388a,/media/cong/Data/GPAT_TransferBench_runtime/cache/geometry/pose_pitch_yaw_roll_rad
pose_pitch_yaw_roll_rad,geometry,pose_pitch_yaw_roll_rad-00016.bin,256,35840,4a832fb0653cf30955370be2935cc6e965992173ada1aac6d41a0d605c09f5b5,npy1,c7fbcd87beec723974f2a5f93b36c82858655e238a8ce6cbdfa7a0949a631639,/media/cong/Data/GPAT_TransferBench_runtime/cache/geometry/pose_pitch_yaw_roll_rad
pose_pitch_yaw_roll_rad,geometry,pose_pitch_yaw_roll_rad-00017.bin,256,35840,3324bdacb74f8be4e47e32412b80c3118542b35ee6598386d3f5d31c3035523c,npy1,85701d437d37d3a7f0292f60b6448fbe7c201f106a184214370960319331ef3b,/media/cong/Data/GPAT_TransferBench_runtime/cache/geometry/pose_pitch_yaw_roll_rad
pose_pitch_yaw_roll_rad,geometry,pose_pitch_yaw_roll_rad-00018.bin,256,35840,16038f72fe0978c5794474ebe0ff30a20927b98cc71028b8e83b1f3844a0ad91,npy1,88996ede11ff5e4912fc5a8ae891c976ad964bf3080e4eabde78fa6a23b6d029,/media/cong/Data/GPAT_TransferBench_runtime/cache/geometry/pose_pitch_yaw_roll_rad
pose_pitch_yaw_roll_rad,geometry,pose_pitch_yaw_roll_rad-00019.bin,256,35840,f0b69ca74f87434003c2c232bbc2af1f29523fe85ed7b423922bc8af0b21f91e,npy1,0c08b334894c665152d563e15e1073511a36c93998c77e790e668e8adde9b141,/media/cong/Data/GPAT_TransferBench_runtime/cache/geometry/pose_pitch_yaw_roll_rad
pose_pitch_yaw_roll_rad,geometry,pose_pitch_yaw_roll_rad-00020.bin,256,35840,930b5de11c159947153ab988baeea098d5e8266a5b4a7620ec234d1db286f28f,npy1,ab62f90a95793c6d9cb24ff2b8e773b3bb8958cedba7758843e3d3cde309699a,/media/cong/Data/GPAT_TransferBench_runtime/cache/geometry/pose_pitch_yaw_roll_rad
pose_pitch_yaw_roll_rad,geometry,pose_pitch_yaw_roll_rad-00021.bin,256,35840,75c7b4de9f1f6433a225cf7118c7072fc7a3330bc1eeec4cf5cd7d2d8295d549,npy1,93a0b96d7704e6c5afb841a8165b2d2a5fd52844f346fdc3c4e807e9916149e1,/media/cong/Data/GPAT_TransferBench_runtime/cache/geometry/pose_pitch_yaw_roll_rad
pose_pitch_yaw_roll_rad,geometry,pose_pitch_yaw_roll_rad-00022.bin,256,35840,815ce4ca65f7aff6e127e198301b9676ae69609fdd51a66cb37c519d485b963a,npy1,7594ff9421c9ae49934e83780269fbeb332f386d960e40682d9c49868f355473,/media/cong/Data/GPAT_TransferBench_runtime/cache/geometry/pose_pitch_yaw_roll_rad
pose_pitch_yaw_roll_rad,geometry,pose_pitch_yaw_roll_rad-00023.bin,256,35840,3e62706627dad758f3556a018fdd6e97618e412cfc5dfb470c1bc6e9da6d6449,npy1,8a98ff5ae9fdee1a1af89e09e5f0aac4cdd960b5b3307946458b2be9952808d0,/media/cong/Data/GPAT_TransferBench_runtime/cache/geometry/pose_pitch_yaw_roll_rad
pose_pitch_yaw_roll_rad,geometry,pose_pitch_yaw_roll_rad-00024.bin,256,35840,b345e48828470f36bb57325a827e559d6409fede0bf3e204611cfd9c68e4eabb,npy1,89073e8542b89648db3001e1c3a9457d0c19a55678fa580b71925006f27e2e36,/media/cong/Data/GPAT_TransferBench_runtime/cache/geometry/pose_pitch_yaw_roll_rad
pose_pitch_yaw_roll_rad,geometry,pose_pitch_yaw_roll_rad-00025.bin,256,35840,a4643cf2efdd6b98668978d9a96b5c0146f4752c2fa33701078080aba247ea28,npy1,7d94ca2002004be6e1d30de108674e3b79cc38024021ef1e4a695c29b8acd7e2,/media/cong/Data/GPAT_TransferBench_runtime/cache/geometry/pose_pitch_yaw_roll_rad
pose_pitch_yaw_roll_rad,geometry,pose_pitch_yaw_roll_rad-00026.bin,256,35840,ce7a546fb32957918bbe1feedea4d908a5b3518371e5a4b40e4cdda6ae32bb49,npy1,b82daae86ee561b9a2453474a6e2e395cec08d2cd7ddf4084c9ef3e1b89b2b4b,/media/cong/Data/GPAT_TransferBench_runtime/cache/geometry/pose_pitch_yaw_roll_rad
pose_pitch_yaw_roll_rad,geometry,pose_pitch_yaw_roll_rad-00027.bin,256,35840,bd82111c38753750d0b4b8e476d5a16f9556889f83dda1702ce9d2f029c42e9a,npy1,7b14442c83f0af1a51aacfc320ac05da5043e42761de353a4bd5ed3cd87efdd6,/media/cong/Data/GPAT_TransferBench_runtime/cache/geometry/pose_pitch_yaw_roll_rad
pose_pitch_yaw_roll_rad,geometry,pose_pitch_yaw_roll_rad-00028.bin,256,35840,8c82e03ae9cfe0688c1715e310afb4eb78c1401d3938514ad9d9e72eaeb9460b,npy1,94809958e5d7b8dab6b021973c6a5aaf71d0d39e0df1702a1edd9ef2f04e8d6e,/media/cong/Data/GPAT_TransferBench_runtime/cache/geometry/pose_pitch_yaw_roll_rad
pose_pitch_yaw_roll_rad,geometry,pose_pitch_yaw_roll_rad-00029.bin,256,35840,0832ea8942bc35bc8a03432098d1b46ca446d51e980c09ea963ecbd45837553b,npy1,f07619230b1537d9f87ac4902d21c87616326eb4edac0e91bc10a1a63ba607e5,/media/cong/Data/GPAT_TransferBench_runtime/cache/geometry/pose_pitch_yaw_roll_rad
pose_pitch_yaw_roll_rad,geometry,pose_pitch_yaw_roll_rad-00030.bin,256,35840,4b641857b4c8ce6410919483d21255e9a7e86c2e3d277a73e8c0fb5df1de02f5,npy1,497f90dbdbf0df3e21ce4631e4842a69fd324668fda40fb7c6849847a73f31d6,/media/cong/Data/GPAT_TransferBench_runtime/cache/geometry/pose_pitch_yaw_roll_rad
pose_pitch_yaw_roll_rad,geometry,pose_pitch_yaw_roll_rad-00031.bin,256,35840,428b2a735487376cb4784e3706c2ec8d173d017c2124fe6aecae881c95bbff80,npy1,7bd6ed1ba2afc98befd3283d0368f41f2de3b9d111ce0597728bea4a8d1877fa,/media/cong/Data/GPAT_TransferBench_runtime/cache/geometry/pose_pitch_yaw_roll_rad
pose_pitch_yaw_roll_rad,geometry,pose_pitch_yaw_roll_rad-00032.bin,256,35840,c81ec90afc6dcd671b726fae65ec5f3c6eb3892a49da4f384f2916deb7cc30b2,npy1,13cf68e7aa99c030bd3c000a6e9b70c127d51784cbd942db36a3f8c32c02fdbf,/media/cong/Data/GPAT_TransferBench_runtime/cache/geometry/pose_pitch_yaw_roll_rad
pose_pitch_yaw_roll_rad,geometry,pose_pitch_yaw_roll_rad-00033.bin,256,35840,d03ad316c885ba43e8d8498dc98059ea7560698e7cb5f199b943e9708fa87259,npy1,fb867f9b1fb4e6bea78754f17a7c8a2830b67862701cd40be914c75b37788ea1,/media/cong/Data/GPAT_TransferBench_runtime/cache/geometry/pose_pitch_yaw_roll_rad
pose_pitch_yaw_roll_rad,geometry,pose_pitch_yaw_roll_rad-00034.bin,256,35840,5a75d4a203aa6a1326a39fc04b2b7046b9ce1072bbf73aa9f27ec625bacbe0ae,npy1,53f7c7d104709b0dd51b331985faa58703d57dd54841d0b9412df0a0989232fa,/media/cong/Data/GPAT_TransferBench_runtime/cache/geometry/pose_pitch_yaw_roll_rad
pose_pitch_yaw_roll_rad,geometry,pose_pitch_yaw_roll_rad-00035.bin,256,35840,0adb68ad356e73e97167b14367d8bebf21673b41c11291f31b3e42f282f9532b,npy1,3d0c278f0ff07384fdf02aa972b530ca425f0806641f60b6f06a36aa46c68949,/media/cong/Data/GPAT_TransferBench_runtime/cache/geometry/pose_pitch_yaw_roll_rad
pose_pitch_yaw_roll_rad,geometry,pose_pitch_yaw_roll_rad-00036.bin,256,35840,cdbdf2c1e35f76b73a9ad4f6aa2dced3984d646f9fe054aeb834307c4b87592a,npy1,04b53f0d45750c3533a5d32fbef34ee4e4bf3ea83510b6a815d0a1b7c90c70db,/media/cong/Data/GPAT_TransferBench_runtime/cache/geometry/pose_pitch_yaw_roll_rad
pose_pitch_yaw_roll_rad,geometry,pose_pitch_yaw_roll_rad-00037.bin,256,35840,9dada088c6eb92c752a11d6707eff069b2e6fb18e80453acc31382fb9d6f60d0,npy1,fb3824b73d81ae522873136d5eb454f3a18794b5c07b150da0d5e009316b080d,/media/cong/Data/GPAT_TransferBench_runtime/cache/geometry/pose_pitch_yaw_roll_rad
pose_pitch_yaw_roll_rad,geometry,pose_pitch_yaw_roll_rad-00038.bin,256,35840,c4ee6d0c8e8d1e5a477c6eca58b8d78c867c0f877419d91ecba21c357939757e,npy1,6d845517ca9cf55ececa78a864cedae11fb4c6b86b21ccb126be924d633dde1f,/media/cong/Data/GPAT_TransferBench_runtime/cache/geometry/pose_pitch_yaw_roll_rad
pose_pitch_yaw_roll_rad,geometry,pose_pitch_yaw_roll_rad-00039.bin,256,35840,99d7b1da0291c80d8df74944a510f9c37845315c9dadc8afffaaf34a44b0f8ab,npy1,22e16418b1673b2b5c91494052e2ff446a4a86ba3ad3f6370f4dd5205bcd3561,/media/cong/Data/GPAT_TransferBench_runtime/cache/geometry/pose_pitch_yaw_roll_rad
pose_pitch_yaw_roll_rad,geometry,pose_pitch_yaw_roll_rad-00040.bin,255,35700,a42fbbf99dd7b4617e8d1f392c5c8acbcd81298fe8c61a2e01b91660eaa4dc2b,npy1,0e1d43c15e15f7a418c0bfd88fa62227234d3c08f326275fd88cdb5528b84bb6,/media/cong/Data/GPAT_TransferBench_runtime/cache/geometry/pose_pitch_yaw_roll_rad
pose_pitch_yaw_roll_rad,geometry,pose_pitch_yaw_roll_rad-00041.bin,256,35840,945f1cfb623055ce0fcb3bf6181dccbb5a6fe2df4f2d9297bac0757da6bc4765,npy1,781561f8f1efc6489d580b74cf31818afcc96250eceb436405af3e442bc2e77c,/media/cong/Data/GPAT_TransferBench_runtime/cache/geometry/pose_pitch_yaw_roll_rad
pose_pitch_yaw_roll_rad,geometry,pose_pitch_yaw_roll_rad-00042.bin,255,35700,2c04fe5c2df318903d0794244079172b637b3f92ee8806704bfa1890fe100d2d,npy1,0fd1569d72904e8352402c11c94e4f7f11bbeeab6f12997e54933369d890bb31,/media/cong/Data/GPAT_TransferBench_runtime/cache/geometry/pose_pitch_yaw_roll_rad
pose_pitch_yaw_roll_rad,geometry,pose_pitch_yaw_roll_rad-00043.bin,256,35840,fd42464c6dcd55f07c8a926db2e13819dfdd6998b5a1faf82714b858366c29a0,npy1,659bc448bb19df077eb5edc9c8291f7ae517502509207eee7dceb1211e486e03,/media/cong/Data/GPAT_TransferBench_runtime/cache/geometry/pose_pitch_yaw_roll_rad
pose_pitch_yaw_roll_rad,geometry,pose_pitch_yaw_roll_rad-00044.bin,256,35840,99e070c1d8ed0e309fb3242fd262204420d7dd99fbaf5badfb005f6e2e387c5a,npy1,c37f6ea11b4a80867b3c80701e8f99af63c6a12b7c62848b29e3085c8d237041,/media/cong/Data/GPAT_TransferBench_runtime/cache/geometry/pose_pitch_yaw_roll_rad
pose_pitch_yaw_roll_rad,geometry,pose_pitch_yaw_roll_rad-00045.bin,256,35840,b6196ae391203b84df1d954edb196031e56fb15e9d9899a5905d22462505822a,npy1,cb73685c2e048fc4e2fca624c707a716939948458aa950f3c8d37017b03539c9,/media/cong/Data/GPAT_TransferBench_runtime/cache/geometry/pose_pitch_yaw_roll_rad
pose_pitch_yaw_roll_rad,geometry,pose_pitch_yaw_roll_rad-00046.bin,256,35840,022d19e57e07ca5c356adf73e0a8f725bf6d3902d0a337a890bbf845007f4ae2,npy1,c3edf269028ef4d6ddc20e1cce74ddbd20ade1db621d45d1766f0e503cb40b3a,/media/cong/Data/GPAT_TransferBench_runtime/cache/geometry/pose_pitch_yaw_roll_rad
pose_pitch_yaw_roll_rad,geometry,pose_pitch_yaw_roll_rad-00047.bin,256,35840,9f979cf4268c0e1157b684b720203c28a5c3bdb1585028f9c66ae6e734df3958,npy1,0a9911cddfdde90ca8b9217dfc7bae7bf3083b5eb77a53d98619342f7c6d608f,/media/cong/Data/GPAT_TransferBench_runtime/cache/geometry/pose_pitch_yaw_roll_rad
pose_pitch_yaw_roll_rad,geometry,pose_pitch_yaw_roll_rad-00048.bin,256,35840,ffb4a92364b6caaa303d8aeb966e3e4990c06a42234946d0ce5218469b02ed44,npy1,a13651f5b8677b766e4e720cd190dafdd8134733d89b85d031bc6e6e8a01896c,/media/cong/Data/GPAT_TransferBench_runtime/cache/geometry/pose_pitch_yaw_roll_rad
pose_pitch_yaw_roll_rad,geometry,pose_pitch_yaw_roll_rad-00049.bin,256,35840,1414f5ab7756ee6d12c4a6bf0db35e3e5851cb4521f5819c280a6a5749b59994,npy1,f9e8d63fc278c8d236938a3735ae8d003b1e2dc2b04a50dcd18cbc7aa7297b1c,/media/cong/Data/GPAT_TransferBench_runtime/cache/geometry/pose_pitch_yaw_roll_rad
pose_pitch_yaw_roll_rad,geometry,pose_pitch_yaw_roll_rad-00050.bin,254,35560,91ab95d501f05ec56fe049eef525b9a16d05b202f7c4f0e482b14703afdb60de,npy1,f1d0be79ed154754ea7d19a20215896c44fd5216663544ef894fdf6d90e0237a,/media/cong/Data/GPAT_TransferBench_runtime/cache/geometry/pose_pitch_yaw_roll_rad
pose_pitch_yaw_roll_rad,geometry,pose_pitch_yaw_roll_rad-00051.bin,256,35840,894f4f2649013c48cc8f192c16e8eadf02e040ec707adea481b814c14bd7ede1,npy1,4ca00d57b19442ad5d59d4abcabb7d96404e86b62d5c75eb2489919786faa857,/media/cong/Data/GPAT_TransferBench_runtime/cache/geometry/pose_pitch_yaw_roll_rad
pose_pitch_yaw_roll_rad,geometry,pose_pitch_yaw_roll_rad-00052.bin,256,35840,10a17a75f20c75aca978cadb5653aaedf7fe35cf7a89b78c73d35f27ae4e9b17,npy1,741573c21704425986b727cdad421cd060a920e224d3685e665a1e47d8aca153,/media/cong/Data/GPAT_TransferBench_runtime/cache/geometry/pose_pitch_yaw_roll_rad
pose_pitch_yaw_roll_rad,geometry,pose_pitch_yaw_roll_rad-00053.bin,256,35840,7bcd1d986eea67891fefb751eb5887a1d76691787f509923bda1ae3700b4b896,npy1,eaaff4467d566ec06f542c30091c7519fd2c21c89b8df4d5dd99258e20394055,/media/cong/Data/GPAT_TransferBench_runtime/cache/geometry/pose_pitch_yaw_roll_rad
pose_pitch_yaw_roll_rad,geometry,pose_pitch_yaw_roll_rad-00054.bin,255,35700,b756b0b301a200534b7f435ba90f0f664a342ed4723cfc2bf8924ff8122b0cca,npy1,60bdb670b7b7c4d236d12b232724427cd840894dbf8684abc6d52cc99a6dc775,/media/cong/Data/GPAT_TransferBench_runtime/cache/geometry/pose_pitch_yaw_roll_rad
pose_pitch_yaw_roll_rad,geometry,pose_pitch_yaw_roll_rad-00055.bin,255,35700,6081054a3452490aa096cd4e4c93c8cd1846156fdec9b7855021060fffde7f6d,npy1,294cc7227c905af9340cd47f7741531328a4500d5edf32d1857f3b6c72a40b8d,/media/cong/Data/GPAT_TransferBench_runtime/cache/geometry/pose_pitch_yaw_roll_rad
pose_pitch_yaw_roll_rad,geometry,pose_pitch_yaw_roll_rad-00056.bin,256,35840,f5f5e6fe4abd4905a7af7d0aa7c32fb03e81b9302a8ea56f8ef31929c133ba64,npy1,50d84831155c13de76bf57e8c08df6caef58081b624e57aea2acbb71fc3791a9,/media/cong/Data/GPAT_TransferBench_runtime/cache/geometry/pose_pitch_yaw_roll_rad
pose_pitch_yaw_roll_rad,geometry,pose_pitch_yaw_roll_rad-00057.bin,256,35840,3c9c8a60719a0a89699f964730102c98fe9b7e46a6083b26e7c0a52b8f2bd1de,npy1,e6a369c63988e079f863ecead0081d7e68308abece89a07824e30503ae237850,/media/cong/Data/GPAT_TransferBench_runtime/cache/geometry/pose_pitch_yaw_roll_rad
pose_pitch_yaw_roll_rad,geometry,pose_pitch_yaw_roll_rad-00058.bin,256,35840,7f81dfca8a4f5efb5c78114e7944046aa29d93aba43f164f5d2b9b34e93c0d38,npy1,3b4206119aaa12dfc04ada687fb17131c3030a2c9a1e1369b719f72eaed12bbb,/media/cong/Data/GPAT_TransferBench_runtime/cache/geometry/pose_pitch_yaw_roll_rad
pose_pitch_yaw_roll_rad,geometry,pose_pitch_yaw_roll_rad-00059.bin,256,35840,44e8c36b8019ea6ef2045007d8562b0db08a1f12aa5acd4bef8ab53fde6ea5dd,npy1,13871b5de6c0f7a702c55c69b91c1c51790bbd971c2c1ece07d6b562f0466fdd,/media/cong/Data/GPAT_TransferBench_runtime/cache/geometry/pose_pitch_yaw_roll_rad
pose_pitch_yaw_roll_rad,geometry,pose_pitch_yaw_roll_rad-00060.bin,256,35840,1b7b042f990da1ddab0478cfced435ca581bc64fa553a5cab3b5cec1086de874,npy1,e1fdd01dcea9fbe969a7315e5c14d307cb5545bdd9570342bce87951e02c58b7,/media/cong/Data/GPAT_TransferBench_runtime/cache/geometry/pose_pitch_yaw_roll_rad
pose_pitch_yaw_roll_rad,geometry,pose_pitch_yaw_roll_rad-00061.bin,256,35840,5a9130a210ec417f1b63e9aeb0a20102a2a119159c86f08e089bbb3775c11ed0,npy1,f86803cd1e3acbafccb9653baa155cf27c31b84bf61f7ff69aced6e42897fde8,/media/cong/Data/GPAT_TransferBench_runtime/cache/geometry/pose_pitch_yaw_roll_rad
pose_pitch_yaw_roll_rad,geometry,pose_pitch_yaw_roll_rad-00062.bin,255,35700,4f90d4782f7792e25518c8dc1d3effa5aab01cb986e6d807d7cd8ceee59d9c0f,npy1,ccc1a0d4c07312f9411d1078e015be90ad81522be9895b936dbb596914be9f74,/media/cong/Data/GPAT_TransferBench_runtime/cache/geometry/pose_pitch_yaw_roll_rad
pose_pitch_yaw_roll_rad,geometry,pose_pitch_yaw_roll_rad-00063.bin,256,35840,347116809f15f032ff7080c71f80154b00223f43937f17da99b085679f3b0004,npy1,8d78b5c915981f71482d7c66313fe11acc3802f942e34b9a3c654ce640ca6d58,/media/cong/Data/GPAT_TransferBench_runtime/cache/geometry/pose_pitch_yaw_roll_rad
pose_pitch_yaw_roll_rad,geometry,pose_pitch_yaw_roll_rad-00064.bin,255,35700,a600925fcc1c66f99942fb5a4250489c7d35d7ad38be471d75d399e570f43a8c,npy1,aa320d0d41428eca0d14a776c3d3c7b979d6f4f96b42e15474591f575a1b047d,/media/cong/Data/GPAT_TransferBench_runtime/cache/geometry/pose_pitch_yaw_roll_rad
pose_pitch_yaw_roll_rad,geometry,pose_pitch_yaw_roll_rad-00065.bin,256,35840,800b5bab42cb967d0cb536b052485d442e47493d7b8b680dddb473a15f8b4b5b,npy1,5044f06c4242ba14fe4e78ba69232ab4d44a7862b3b49cd7b8553e7ad366cba2,/media/cong/Data/GPAT_TransferBench_runtime/cache/geometry/pose_pitch_yaw_roll_rad
pose_pitch_yaw_roll_rad,geometry,pose_pitch_yaw_roll_rad-00066.bin,253,35420,91e2a4245ab09333caf521d624f252c6a46e1482a63bd84e9449695cab94d84b,npy1,b15d086730dbf66e4e471faf8b775831ca3dd865d04e43d81384225a12f7bd3c,/media/cong/Data/GPAT_TransferBench_runtime/cache/geometry/pose_pitch_yaw_roll_rad
pose_pitch_yaw_roll_rad,geometry,pose_pitch_yaw_roll_rad-00067.bin,256,35840,291342e4363e41b65234be65bfb3d1f2f254490df4180e859269cfa938f86e0b,npy1,83ec428417b495adce6b3115babbb4578ea1f635fdbf0eaa8fab8321e171a091,/media/cong/Data/GPAT_TransferBench_runtime/cache/geometry/pose_pitch_yaw_roll_rad
pose_pitch_yaw_roll_rad,geometry,pose_pitch_yaw_roll_rad-00068.bin,256,35840,a41d7809ffdf9a4e7bf1fda130a6356f25bcfd72c0ea43d3593ebc599f997998,npy1,97d46c0534429d1145b6659a3ecc6d29011f566e23383a60152b3ef698115345,/media/cong/Data/GPAT_TransferBench_runtime/cache/geometry/pose_pitch_yaw_roll_rad
pose_pitch_yaw_roll_rad,geometry,pose_pitch_yaw_roll_rad-00069.bin,256,35840,8f24887c1f09933146091b80a12e6997df5d6fd208943cd404bb3ae419f5e766,npy1,50b9043ba2f5356006604af2a25d735a803284123b1a7a60df772691ebaec470,/media/cong/Data/GPAT_TransferBench_runtime/cache/geometry/pose_pitch_yaw_roll_rad
pose_pitch_yaw_roll_rad,geometry,pose_pitch_yaw_roll_rad-00070.bin,256,35840,cee79658b54dda44d782c3a5c9d79e03940c9c2cc46221593c604245497442b4,npy1,48fba668ed61e3d12e4301d8522959b8c998da66b0d70ad7f03b825131f9e1f3,/media/cong/Data/GPAT_TransferBench_runtime/cache/geometry/pose_pitch_yaw_roll_rad
pose_pitch_yaw_roll_rad,geometry,pose_pitch_yaw_roll_rad-00071.bin,255,35700,ce0e0e34c874b2e54c169ceb5583565c5986d8057267a220f39b778db7bc50be,npy1,2756db8fe25606b9d372e75d52185426dc75604ef6a0c6b6fbfc9c79ce6d6a47,/media/cong/Data/GPAT_TransferBench_runtime/cache/geometry/pose_pitch_yaw_roll_rad
pose_pitch_yaw_roll_rad,geometry,pose_pitch_yaw_roll_rad-00072.bin,254,35560,7918db2f2596b37813016942768a22326c52f32806bafdc27f34d0c84a396ad5,npy1,ae53bab0717ccccaa0b35694be3ed2f558afc05b8d2f2552a11ae8f7769f4c4b,/media/cong/Data/GPAT_TransferBench_runtime/cache/geometry/pose_pitch_yaw_roll_rad
pose_pitch_yaw_roll_rad,geometry,pose_pitch_yaw_roll_rad-00073.bin,256,35840,41282a2d51ea5ea09935274a7fffcccb587aae23f2f0db0f420f00e0d202be39,npy1,766f32d70d29f1c66196945e68c7cfa79946e855ef0fc26cdc0a7bb3a97e7edf,/media/cong/Data/GPAT_TransferBench_runtime/cache/geometry/pose_pitch_yaw_roll_rad
pose_pitch_yaw_roll_rad,geometry,pose_pitch_yaw_roll_rad-00074.bin,256,35840,14dca45544760462522b6746c84395f95c5f63371ce83ae473f30d51c24bb5b1,npy1,79712b58b5316f847d8325439d0cd23b20ef027b03443784d80ff82cff437256,/media/cong/Data/GPAT_TransferBench_runtime/cache/geometry/pose_pitch_yaw_roll_rad
pose_pitch_yaw_roll_rad,geometry,pose_pitch_yaw_roll_rad-00075.bin,256,35840,3492ad3e454561c9475507a9a982ce765998ce96166e51f6a3dc3b807478a3f7,npy1,8ca12f75900ae2c27153aa76004527cb908cc9325072318c7d36bf1b491d8205,/media/cong/Data/GPAT_TransferBench_runtime/cache/geometry/pose_pitch_yaw_roll_rad
pose_pitch_yaw_roll_rad,geometry,pose_pitch_yaw_roll_rad-00076.bin,256,35840,1e55d30def117f59c9b2eadba81ba9affca87e45cd37b39e0abf113d029af30b,npy1,5d9912c386f563e4dc85111a88e4ba85897d25b014b360c415c65b405cbc331b,/media/cong/Data/GPAT_TransferBench_runtime/cache/geometry/pose_pitch_yaw_roll_rad
pose_pitch_yaw_roll_rad,geometry,pose_pitch_yaw_roll_rad-00077.bin,256,35840,8942522f4e44ea0e2d6a20eec905185c3a3c3e0f298114b55b4627b3de9b46fd,npy1,53b6c32923ff92cab694a0a9eebe5a434845a7c03d93a8195fce4fddbb57d1a5,/media/cong/Data/GPAT_TransferBench_runtime/cache/geometry/pose_pitch_yaw_roll_rad
pose_pitch_yaw_roll_rad,geometry,pose_pitch_yaw_roll_rad-00078.bin,256,35840,9409cbbee3ddad8104186dfcf624e335f60bc8b469412a8ad84b09fed64a2cea,npy1,c0a0ee425db6e8253b749a098f3aec00713f7f4297d7fcdf466d80b750c432de,/media/cong/Data/GPAT_TransferBench_runtime/cache/geometry/pose_pitch_yaw_roll_rad
pose_pitch_yaw_roll_rad,geometry,pose_pitch_yaw_roll_rad-00079.bin,248,34720,cf38ab676106b379a29976c4f982325ad8e5ac271ef311d0771f69c72e555a42,npy1,0a6c90476bd298debecde82ed54564db9b938a27ff5d2df60e90c846d4ed38df,/media/cong/Data/GPAT_TransferBench_runtime/cache/geometry/pose_pitch_yaw_roll_rad
pose_pitch_yaw_roll_rad,geometry,pose_pitch_yaw_roll_rad-00080.bin,157,21980,7d0fd28c1adaa26215ebc1c1b0d0978d04f5fdd0960b3026e538e354bbb2084f,npy1,5d66c663001c0de708ee78b5864d7e7db1127c088b77d4a48e31cb0d5d266cff,/media/cong/Data/GPAT_TransferBench_runtime/cache/geometry/pose_pitch_yaw_roll_rad
