source,update,loss_term,loss_weight,loss_value,weighted_loss,gradient_norm_weighted,gradient_projection_share,gradient_cosine_with_total,direct_dL_dlogit_weighted_mean,direct_dL_dlogit_weighted_l2,direct_tendency,adam_part_lin_dlogit_mean,adam_part_lin_dlogit_sigweighted_mean,adam_part_lin_dM_mean,adam_part_lin_dres_mean,adam_part_full_dlogit_mean,adam_part_full_dM_mean,adam_part_full_dres_mean,mask_direction,adam_t,lr,clip_coefficient,G_grad_l2_preclip,adam_delta_l2_total,mask_logit_fp32_mean,M_fp32_mean
replay,5525,id,1.0,0.00037569801012674964,0.00037569801012674964,0.004028205294162035,0.003922218922525644,0.21684157848358154,3.83026943495679e-14,6.839593891250217e-10,MIXED_OR_NEGLIGIBLE,-0.004396199714392424,-0.013502349145710468,-1.7772739724364328e-08,-2.232193946838379e-05,-0.004372689872980118,-1.1938027455471456e-08,-2.2215459466679022e-05,CLOSE_MASK,5525.0,0.0002,1.0,0.2227010875940323,0.8589730858802795,13.819221496582031,0.9999569654464722
replay,5525,lm,1.0,0.0026769908145070076,0.0026769908145070076,0.03604770079255104,0.05506574735045433,0.3401937186717987,2.073859747125928e-12,1.26297663882724e-07,MIXED_OR_NEGLIGIBLE,0.06654482334852219,0.19529199600219727,-2.605374902486801e-07,4.5865774154663086e-05,0.06800295412540436,-2.4013269239731017e-07,6.453646346926689e-05,OPEN_MASK,5525.0,0.0002,1.0,0.2227010875940323,0.8589730858802795,13.819221496582031,0.9999569654464722
replay,5525,parse,0.5,0.22743359208106995,0.11371679604053497,0.015047800727188587,0.010456695221364498,0.1547546684741974,-7.500666754367558e-13,3.537563131317256e-08,MIXED_OR_NEGLIGIBLE,0.00689007667824626,0.043974585831165314,4.765267291872988e-08,7.0830187723913696e-06,0.007029486354440451,6.32832524161131e-08,7.908636689535342e-06,OPEN_MASK,5525.0,0.0002,1.0,0.2227010875940323,0.8589730858802795,13.819221496582031,0.9999569654464722
replay,5525,low,2.0,1.2346769532693239e-07,2.4693539065386477e-07,0.0,0.0,0.0,0.0,0.0,MIXED_OR_NEGLIGIBLE,0.0,0.0,0.0,0.0,0.0,0.0,0.0,OPEN_MASK,5525.0,0.0002,1.0,0.2227010875940323,0.8589730858802795,13.819221496582031,0.9999569654464722
replay,5525,artcon,0.5,0.4381346801916758,0.2190673400958379,0.20970791578292847,0.9205852150917053,0.9776232242584229,-1.5871470804285082e-12,1.803520746079812e-07,MIXED_OR_NEGLIGIBLE,0.20399466156959534,-0.27348393201828003,-1.207665445690509e-05,0.00025014084530994296,0.1938006579875946,-1.7224861949216574e-05,0.0004625762812793255,OPEN_MASK,5525.0,0.0002,1.0,0.2227010875940323,0.8589730858802795,13.819221496582031,0.9999569654464722
replay,5525,spec,0.25,0.03454665218790372,0.00863666304697593,0.0003948610392399132,0.0003957929729949683,0.22322669625282288,2.113124603140941e-14,1.9557308550410823e-10,MIXED_OR_NEGLIGIBLE,0.0003275449271313846,-0.0012109199305996299,-3.1975410763607215e-08,1.3113021850585938e-06,0.0002686097286641598,-3.4489858080632985e-08,1.2987293303012848e-06,OPEN_MASK,5525.0,0.0002,1.0,0.2227010875940323,0.8589730858802795,13.819221496582031,0.9999569654464722
replay,5525,budget,0.5,0.0,0.0,0.0,0.0,0.0,0.0,0.0,MIXED_OR_NEGLIGIBLE,0.0,0.0,0.0,0.0,0.0,0.0,0.0,OPEN_MASK,5525.0,0.0002,1.0,0.2227010875940323,0.8589730858802795,13.819221496582031,0.9999569654464722
replay,5525,tv,0.05,0.0211092010140419,0.0010554600507020951,0.0054465001448988914,0.004648701753467321,0.19008001685142517,-2.01254759385483e-11,6.610988378952243e-08,MIXED_OR_NEGLIGIBLE,0.00879988819360733,0.020012199878692627,1.1137066380229044e-08,-1.0967254638671875e-05,0.008739380165934563,6.1942655449342965e-09,-1.0839043170562945e-05,OPEN_MASK,5525.0,0.0002,1.0,0.2227010875940323,0.8589730858802795,13.819221496582031,0.9999569654464722
replay,5525,bg,1.0,0.0032653553256144123,0.0032653553256144123,0.024452416226267815,0.008479372598230839,0.07722613215446472,2.245546413745525e-12,4.471247816439927e-09,MIXED_OR_NEGLIGIBLE,-0.04013300687074661,-0.12263540923595428,-5.061738193035126e-07,-0.00017034015036188066,-0.03969360888004303,-3.858931449940428e-07,-0.00015139378956519067,CLOSE_MASK,5525.0,0.0002,1.0,0.2227010875940323,0.8589730858802795,13.819221496582031,0.9999569654464722
replay,5525,gadv,0.0,10.032359759012857,0.0,0.0,0.0,0.0,0.0,0.0,ZERO_WEIGHT,,,,,,,,ZERO_WEIGHT,5525.0,0.0002,1.0,0.2227010875940323,0.8589730858802795,13.819221496582031,0.9999569654464722
replay,5525,momentum,,,,,,,,,,-0.058475688099861145,0.11431814730167389,1.7116544768214226e-06,-0.000164439290529117,-0.05460512638092041,1.7449401639169082e-06,-0.00015318083751481026,CLOSE_MASK,5525.0,0.0002,1.0,0.2227010875940323,0.8589730858802795,13.819221496582031,0.9999569654464722
replay,5525,TOTAL,,,,,,,,,,0.1833948791027069,-0.030232122167944908,-1.0970436960633378e-05,-6.47107808617875e-05,0.17696253955364227,-1.4865816410747357e-05,0.0001751325762597844,OPEN_MASK,5525.0,0.0002,1.0,0.2227010875940323,0.8589730858802795,13.819221496582031,0.9999569654464722
replay,5525,TOTAL_mask_head_row_only,,,,,,,,,,0.0012426212197169662,0.0055103180930018425,3.329478204250336e-08,0.0,0.0012100203894078732,3.2816387829370797e-08,1.5522043372850902e-10,OPEN_MASK,5525.0,0.0002,1.0,0.2227010875940323,0.8589730858802795,13.819221496582031,0.9999569654464722
replay,5525,TOTAL_g_res_except_mask_row,,,,,,,,,,0.1514648199081421,0.04392759129405022,-6.273233793763211e-06,-0.00011672576511045918,0.1776239573955536,-9.132854756899178e-06,1.5455298125743866e-06,OPEN_MASK,5525.0,0.0002,1.0,0.2227010875940323,0.8589730858802795,13.819221496582031,0.9999569654464722
replay,5525,TOTAL_e_art_only,,,,,,,,,,0.030028443783521652,-0.0906933844089508,-4.848310254601529e-06,5.027651786804199e-05,-0.035208165645599365,-4.507083758653607e-06,0.0001326478086411953,OPEN_MASK,5525.0,0.0002,1.0,0.2227010875940323,0.8589730858802795,13.819221496582031,0.9999569654464722
replay,5526,id,1.0,0.003602229058742523,0.003602229058742523,0.04681139811873436,0.013752476312220097,0.2737778127193451,1.0491833096759606e-12,2.7692008686130976e-08,MIXED_OR_NEGLIGIBLE,0.04595416411757469,0.22677505016326904,6.688176654279232e-06,-0.0002935826778411865,0.044455304741859436,6.170612778078066e-06,-0.0002898240927606821,OPEN_MASK,5526.0,0.0002,1.0,0.9318992495536804,2.5087714195251465,13.93161678314209,0.9999252557754517
replay,5526,lm,1.0,0.00746400048956275,0.00746400048956275,0.060306400060653687,-0.011694562621414661,-0.18071305751800537,1.7969254556549075e-12,9.014810586904787e-08,MIXED_OR_NEGLIGIBLE,0.06378306448459625,0.16773320734500885,8.043251000344753e-06,-0.0004310309886932373,0.06302432715892792,6.709379704261664e-06,-0.0003920372109860182,OPEN_MASK,5526.0,0.0002,1.0,0.9318992495536804,2.5087714195251465,13.93161678314209,0.9999252557754517
replay,5526,parse,0.5,0.27184273302555084,0.13592136651277542,0.05302721634507179,-0.008689629845321178,-0.1527113914489746,2.148559108405834e-12,2.0707797432351072e-07,MIXED_OR_NEGLIGIBLE,0.11563636362552643,0.41954752802848816,6.384099833667278e-06,-0.0002877265214920044,0.11676259338855743,5.768120445281966e-06,-0.00027882284484803677,OPEN_MASK,5526.0,0.0002,1.0,0.9318992495536804,2.5087714195251465,13.93161678314209,0.9999252557754517
replay,5526,low,2.0,1.1065043281632825e-07,2.213008656326565e-07,0.0,0.0,0.0,0.0,0.0,MIXED_OR_NEGLIGIBLE,0.0,0.0,0.0,0.0,0.0,0.0,0.0,OPEN_MASK,5526.0,0.0002,1.0,0.9318992495536804,2.5087714195251465,13.93161678314209,0.9999252557754517
replay,5526,artcon,1.0,0.4039783179759979,0.4039783179759979,0.5297543406486511,0.33517542481422424,0.5896124243736267,2.742908331021532e-12,8.906818038667552e-07,MIXED_OR_NEGLIGIBLE,0.7206169366836548,6.747073650360107,7.674252265132964e-05,0.0022496432065963745,0.6982397437095642,2.851013050531037e-05,0.0026683227624744177,OPEN_MASK,5526.0,0.0002,1.0,0.9318992495536804,2.5087714195251465,13.93161678314209,0.9999252557754517
replay,5526,spec,0.5,0.03248624876141548,0.01624312438070774,0.0026387888938188553,-0.0009135421132668853,-0.3226211965084076,9.701441039400294e-14,3.796561287572331e-09,MIXED_OR_NEGLIGIBLE,0.007499423809349537,0.03287918493151665,3.018067218363285e-08,9.357929229736328e-06,0.007490428164601326,2.0806965039810166e-08,9.447801858186722e-06,OPEN_MASK,5526.0,0.0002,1.0,0.9318992495536804,2.5087714195251465,13.93161678314209,0.9999252557754517
replay,5526,budget,0.5,0.0,0.0,0.0,0.0,0.0,0.0,0.0,MIXED_OR_NEGLIGIBLE,0.0,0.0,0.0,0.0,0.0,0.0,0.0,OPEN_MASK,5526.0,0.0002,1.0,0.9318992495536804,2.5087714195251465,13.93161678314209,0.9999252557754517
replay,5526,tv,0.05,0.04255079850554466,0.002127539925277233,0.010591908358037472,-0.0034038249868899584,-0.29947593808174133,-2.25214517174388e-11,1.3634355866543046e-07,MIXED_OR_NEGLIGIBLE,0.023260483518242836,0.1014552116394043,8.33999365568161e-07,-3.115832805633545e-05,0.023365650326013565,8.283245733764488e-07,-3.023003228008747e-05,OPEN_MASK,5526.0,0.0002,1.0,0.9318992495536804,2.5087714195251465,13.93161678314209,0.9999252557754517
replay,5526,bg,1.0,0.007097284076735377,0.007097284076735377,0.028744198381900787,-0.0027607111260294914,-0.0895034447312355,2.9801890122360675e-12,1.1519307285823288e-08,MIXED_OR_NEGLIGIBLE,-0.06695083528757095,-0.3861221373081207,-2.8821814339607954e-06,-0.0005575269460678101,-0.0655205026268959,-2.810651494655758e-06,-0.0005115708336234093,CLOSE_MASK,5526.0,0.0002,1.0,0.9318992495536804,2.5087714195251465,13.93161678314209,0.9999252557754517
replay,5526,gadv,0.05,10.251204490661621,0.512560224533081,0.7642611861228943,0.680904746055603,0.8302589058876038,3.0781818066705213e-12,1.490855936481239e-07,MIXED_OR_NEGLIGIBLE,-3.4510416984558105,-10.174988746643066,-0.00010069180279970169,-0.012593865394592285,-0.5049896240234375,-0.00012110078387195244,-0.0031301872804760933,CLOSE_MASK,5526.0,0.0002,1.0,0.9318992495536804,2.5087714195251465,13.93161678314209,0.9999252557754517
replay,5526,momentum,,,,,,,,,,0.07168292254209518,0.09658210724592209,-4.5717169996351e-06,0.00010786950588226318,0.07694111764431,-5.110593519930262e-06,0.00013497332111001015,OPEN_MASK,5526.0,0.0002,1.0,0.9318992495536804,2.5087714195251465,13.93161678314209,0.9999252557754517
replay,5526,TOTAL,,,,,,,,,,-2.4949350357055664,-2.9264769554138184,-5.434587365016341e-06,-0.011879116296768188,-0.3499016761779785,-4.456975148059428e-05,-0.003933071158826351,CLOSE_MASK,5526.0,0.0002,1.0,0.9318992495536804,2.5087714195251465,13.93161678314209,0.9999252557754517
replay,5526,TOTAL_mask_head_row_only,,,,,,,,,,0.000726635567843914,0.005077643319964409,3.323657438158989e-08,0.0,0.0007676682434976101,3.2124717108672485e-08,4.656612873077393e-10,OPEN_MASK,5526.0,0.0002,1.0,0.9318992495536804,2.5087714195251465,13.93161678314209,0.9999252557754517
replay,5526,TOTAL_g_res_except_mask_row,,,,,,,,,,-2.8481240272521973,-7.336488246917725,-7.465708767995238e-05,-0.011055171489715576,-0.5442665815353394,-0.00021081528393551707,-0.0037230458110570908,CLOSE_MASK,5526.0,0.0002,1.0,0.9318992495536804,2.5087714195251465,13.93161678314209,0.9999252557754517
replay,5526,TOTAL_e_art_only,,,,,,,,,,0.348531037569046,4.368874549865723,6.619043415412307e-05,-0.0008693337440490723,0.08717279881238937,2.4828721507219598e-05,-0.0007243065629154444,OPEN_MASK,5526.0,0.0002,1.0,0.9318992495536804,2.5087714195251465,13.93161678314209,0.9999252557754517
replay,5700,id,1.0,0.00395878404378891,0.00395878404378891,0.03920118510723114,0.0022883012425154448,0.1028437465429306,1.6384810175296138e-12,2.5765727329485344e-08,MIXED_OR_NEGLIGIBLE,-0.0030162958428263664,-0.015857411548495293,1.9848812371492386e-08,-4.786252975463867e-05,-0.0029596772510558367,1.907255864352919e-08,-4.771305248141289e-05,CLOSE_MASK,5700.0,0.00019999599534719265,0.5675914538496882,1.7618296146392822,0.43780091404914856,12.34653377532959,0.9999451637268066
replay,5700,lm,1.0,0.007824456552043557,0.007824456552043557,0.07398790121078491,0.004564404021948576,0.10868941992521286,2.4435453660487383e-12,1.1602050875580971e-07,MIXED_OR_NEGLIGIBLE,-0.0013929361011832952,0.0018300132360309362,3.3032847568392754e-07,-5.4001808166503906e-05,-0.0011605247855186462,3.3494688977953047e-07,-5.34839928150177e-05,CLOSE_MASK,5700.0,0.00019999599534719265,0.5675914538496882,1.7618296146392822,0.43780091404914856,12.34653377532959,0.9999451637268066
replay,5700,parse,0.5,0.23146802932024002,0.11573401466012001,0.124700166285038,0.01587715372443199,0.22432079911231995,3.373044898946631e-12,9.712764637015425e-08,MIXED_OR_NEGLIGIBLE,-0.029618186876177788,-0.16379424929618835,-3.698514774441719e-07,-0.000118255615234375,-0.029092498123645782,-3.59665591531666e-07,-0.00011597620323300362,CLOSE_MASK,5700.0,0.00019999599534719265,0.5675914538496882,1.7618296146392822,0.43780091404914856,12.34653377532959,0.9999451637268066
replay,5700,low,2.0,1.3353448480302177e-07,2.6706896960604354e-07,0.0,0.0,0.0,0.0,0.0,MIXED_OR_NEGLIGIBLE,0.0,0.0,0.0,0.0,0.0,0.0,0.0,OPEN_MASK,5700.0,0.00019999599534719265,0.5675914538496882,1.7618296146392822,0.43780091404914856,12.34653377532959,0.9999451637268066
replay,5700,artcon,1.0,0.4303702712059021,0.4303702712059021,0.37768644094467163,0.03653091937303543,0.1704092174768448,1.46003070744527e-11,2.0868887986580376e-06,MIXED_OR_NEGLIGIBLE,-0.18987537920475006,-1.3589526414871216,-1.0831281542778015e-05,-0.0002593100070953369,-0.17026320099830627,-1.0832373845914844e-05,-0.0002363421954214573,CLOSE_MASK,5700.0,0.00019999599534719265,0.5675914538496882,1.7618296146392822,0.43780091404914856,12.34653377532959,0.9999451637268066
replay,5700,spec,0.5,0.0292676305398345,0.01463381526991725,0.002182859228923917,-4.5373995817499235e-05,-0.03662226349115372,2.320296732527538e-13,1.6171441075130133e-08,MIXED_OR_NEGLIGIBLE,0.0006899531581439078,0.004673941060900688,3.800960257649422e-08,2.682209014892578e-07,0.0007120730006136,4.117964635952376e-08,2.5657936930656433e-07,OPEN_MASK,5700.0,0.00019999599534719265,0.5675914538496882,1.7618296146392822,0.43780091404914856,12.34653377532959,0.9999451637268066
replay,5700,budget,0.5,0.0,0.0,0.0,0.0,0.0,0.0,0.0,MIXED_OR_NEGLIGIBLE,0.0,0.0,0.0,0.0,0.0,0.0,0.0,OPEN_MASK,5700.0,0.00019999599534719265,0.5675914538496882,1.7618296146392822,0.43780091404914856,12.34653377532959,0.9999451637268066
replay,5700,tv,0.05,0.016156327910721302,0.0008078163955360651,0.008746327832341194,-0.0011570712085813284,-0.23307634890079498,-1.5015322318845392e-11,1.5489324312056851e-07,MIXED_OR_NEGLIGIBLE,0.004585422575473785,0.030794456601142883,2.405722625553608e-07,1.2099742889404297e-05,0.004644726403057575,2.426322680548765e-07,1.2199394404888153e-05,OPEN_MASK,5700.0,0.00019999599534719265,0.5675914538496882,1.7618296146392822,0.43780091404914856,12.34653377532959,0.9999451637268066
replay,5700,bg,1.0,0.016425338108092546,0.016425338108092546,0.022485090419650078,0.005344797391444445,0.41879406571388245,1.1566296531650977e-11,8.001057949513779e-08,MIXED_OR_NEGLIGIBLE,-0.015646057203412056,-0.10288868844509125,-6.776535883545876e-07,-6.368756294250488e-05,-0.015663515776395798,-6.876298357383348e-07,-6.37369230389595e-05,CLOSE_MASK,5700.0,0.00019999599534719265,0.5675914538496882,1.7618296146392822,0.43780091404914856,12.34653377532959,0.9999451637268066
replay,5700,gadv,0.05,9.030683517456055,0.45153417587280276,1.6870028972625732,0.9368846416473389,0.97843998670578,-1.8682108637868566e-10,7.847490905987797e-07,MIXED_OR_NEGLIGIBLE,-0.5030633211135864,-3.002753496170044,-1.817246084101498e-05,-0.0009068846702575684,-0.47506576776504517,-2.204154952778481e-05,-0.0009561083279550076,CLOSE_MASK,5700.0,0.00019999599534719265,0.5675914538496882,1.7618296146392822,0.43780091404914856,12.34653377532959,0.9999451637268066
replay,5700,momentum,,,,,,,,,,0.1116027683019638,0.7229684591293335,5.046400474384427e-06,0.00032511353492736816,0.11617326736450195,4.966868345945841e-06,0.00033490732312202454,OPEN_MASK,5700.0,0.00019999599534719265,0.5675914538496882,1.7618296146392822,0.43780091404914856,12.34653377532959,0.9999451637268066
replay,5700,TOTAL,,,,,,,,,,-0.6260742545127869,-3.885653018951416,-2.442023833282292e-05,-0.0011118948459625244,-0.5890669822692871,-3.1094212317839265e-05,-0.001108123455196619,CLOSE_MASK,5700.0,0.00019999599534719265,0.5675914538496882,1.7618296146392822,0.43780091404914856,12.34653377532959,0.9999451637268066
replay,5700,TOTAL_mask_head_row_only,,,,,,,,,,0.0006997245363891125,0.0045782700181007385,2.6979250833392143e-08,0.0,0.0006912932149134576,2.7291207516100258e-08,9.313225746154785e-10,OPEN_MASK,5700.0,0.00019999599534719265,0.5675914538496882,1.7618296146392822,0.43780091404914856,12.34653377532959,0.9999451637268066
replay,5700,TOTAL_g_res_except_mask_row,,,,,,,,,,-0.6031420826911926,-3.802997589111328,-2.3350672563537955e-05,-0.0011057853698730469,-0.5663876533508301,-2.8712836865452118e-05,-0.0011042850092053413,CLOSE_MASK,5700.0,0.00019999599534719265,0.5675914538496882,1.7618296146392822,0.43780091404914856,12.34653377532959,0.9999451637268066
replay,5700,TOTAL_e_art_only,,,,,,,,,,-0.023653138428926468,-0.08730914443731308,-1.0915682651102543e-06,-6.109476089477539e-06,-0.024212954565882683,-1.2429318303475156e-06,-5.572568625211716e-06,CLOSE_MASK,5700.0,0.00019999599534719265,0.5675914538496882,1.7618296146392822,0.43780091404914856,12.34653377532959,0.9999451637268066
replay,5757,id,1.0,0.0038377270102500916,0.0038377270102500916,0.02982538752257824,0.0018244136590510607,0.30757707357406616,-3.885780586188048e-16,2.4097319625826508e-11,MIXED_OR_NEGLIGIBLE,-0.008339205756783485,-0.01912073977291584,-9.313225746154785e-10,-1.1086463928222656e-05,-0.00836169347167015,-1.0099938663188368e-09,-1.1398456990718842e-05,CLOSE_MASK,5757.0,0.00019999294189523218,0.1988763570576895,5.0282487869262695,0.6543199419975281,21.485074996948242,0.9999996423721313
replay,5757,lm,1.0,0.011696082539856434,0.011696082539856434,0.025596095249056816,0.001084265997633338,0.21299965679645538,-2.978936541886412e-13,2.818955557870595e-08,MIXED_OR_NEGLIGIBLE,-0.00022843782790005207,-0.00017710652900859714,0.0,-2.086162567138672e-06,-0.00020057070651091635,3.3651303965598345e-11,-2.2454187273979187e-06,CLOSE_MASK,5757.0,0.00019999294189523218,0.1988763570576895,5.0282487869262695,0.6543199419975281,21.485074996948242,0.9999996423721313
replay,5757,parse,0.5,0.25684283673763275,0.12842141836881638,0.054777372628450394,-0.0019634654745459557,-0.1802348643541336,5.802511249264342e-13,6.021730314387241e-08,MIXED_OR_NEGLIGIBLE,0.01556653156876564,0.05353274941444397,3.550667315721512e-09,-6.258487701416016e-06,0.015534461475908756,2.9681359592359513e-09,-6.357207894325256e-06,OPEN_MASK,5757.0,0.00019999294189523218,0.1988763570576895,5.0282487869262695,0.6543199419975281,21.485074996948242,0.9999996423721313
replay,5757,low,2.0,1.277014902711926e-07,2.554029805423852e-07,0.0,0.0,0.0,0.0,0.0,MIXED_OR_NEGLIGIBLE,0.0,0.0,0.0,0.0,0.0,0.0,0.0,OPEN_MASK,5757.0,0.00019999294189523218,0.1988763570576895,5.0282487869262695,0.6543199419975281,21.485074996948242,0.9999996423721313
replay,5757,artcon,1.0,0.4131377935409546,0.4131377935409546,0.5912376046180725,-0.0033470080234110355,-0.028465017676353455,2.066680160339729e-13,3.0092362379718907e-08,MIXED_OR_NEGLIGIBLE,-0.3687579035758972,-0.8489349484443665,-4.650792106986046e-08,-0.0002981424331665039,-0.3616584539413452,-4.7820321924518794e-08,-0.00030784495174884796,CLOSE_MASK,5757.0,0.00019999294189523218,0.1988763570576895,5.0282487869262695,0.6543199419975281,21.485074996948242,0.9999996423721313
replay,5757,spec,0.5,0.03014186955988407,0.015070934779942036,0.00394775765016675,0.00023716880241408944,0.30208128690719604,1.3357370765021415e-14,9.721179416999348e-10,MIXED_OR_NEGLIGIBLE,0.001683851471170783,0.004333832301199436,2.3283064365386963e-10,4.76837158203125e-06,0.0017747953534126282,2.1600499167107046e-10,4.745088517665863e-06,OPEN_MASK,5757.0,0.00019999294189523218,0.1988763570576895,5.0282487869262695,0.6543199419975281,21.485074996948242,0.9999996423721313
replay,5757,budget,0.5,0.0,0.0,0.0,0.0,0.0,0.0,0.0,MIXED_OR_NEGLIGIBLE,0.0,0.0,0.0,0.0,0.0,0.0,0.0,OPEN_MASK,5757.0,0.00019999294189523218,0.1988763570576895,5.0282487869262695,0.6543199419975281,21.485074996948242,0.9999996423721313
replay,5757,tv,0.05,0.00547857116907835,0.0002739285584539175,0.007109478581696749,0.00017176907567773014,0.12148536741733551,-2.4961976929915863e-13,5.79790304655603e-09,MIXED_OR_NEGLIGIBLE,0.005305868573486805,0.01319125946611166,8.149072527885437e-10,7.62939453125e-06,0.00541964266449213,7.044036465231329e-10,7.58003443479538e-06,OPEN_MASK,5757.0,0.00019999294189523218,0.1988763570576895,5.0282487869262695,0.6543199419975281,21.485074996948242,0.9999996423721313
replay,5757,bg,1.0,0.01700904732570052,0.01700904732570052,0.038190796971321106,-0.0006472626700997353,-0.08521942049264908,1.4244161405940758e-13,2.366618012672461e-09,MIXED_OR_NEGLIGIBLE,-0.02113759145140648,-0.054426275193691254,-2.9103830456733704e-09,-5.9723854064941406e-05,-0.02120937779545784,-3.04544300888665e-09,-6.0560181736946106e-05,CLOSE_MASK,5757.0,0.00019999294189523218,0.1988763570576895,5.0282487869262695,0.6543199419975281,21.485074996948242,0.9999996423721313
replay,5757,gadv,0.05,1.7942894101142883,0.08971447050571442,5.078464508056641,1.0030064582824707,0.9930886626243591,-4.282248167175595e-12,2.7049237516507674e-08,MIXED_OR_NEGLIGIBLE,-0.5174369812011719,-0.8104881048202515,-3.664172254502773e-08,0.0012922883033752441,-0.5228677988052368,-3.544209903338924e-08,0.00046829693019390106,CLOSE_MASK,5757.0,0.00019999294189523218,0.1988763570576895,5.0282487869262695,0.6543199419975281,21.485074996948242,0.9999996423721313
replay,5757,momentum,,,,,,,,,,0.5269206166267395,1.1534066200256348,5.209585651755333e-08,-0.0010172724723815918,0.5324115753173828,4.869571057497524e-08,-0.001879270188510418,OPEN_MASK,5757.0,0.00019999294189523218,0.1988763570576895,5.0282487869262695,0.6543199419975281,21.485074996948242,0.9999996423721313
replay,5757,TOTAL,,,,,,,,,,-0.3676091432571411,-0.5110694766044617,-2.8550857678055763e-08,-7.56382942199707e-05,-0.44891130924224854,-3.6849996831733733e-08,-0.00112906564027071,CLOSE_MASK,5757.0,0.00019999294189523218,0.1988763570576895,5.0282487869262695,0.6543199419975281,21.485074996948242,0.9999996423721313
replay,5757,TOTAL_mask_head_row_only,,,,,,,,,,3.3637043088674545e-06,-5.018643423682079e-05,0.0,0.0,4.50213992735371e-05,1.0913936421275139e-11,0.0,OPEN_MASK,5757.0,0.00019999294189523218,0.1988763570576895,5.0282487869262695,0.6543199419975281,21.485074996948242,0.9999996423721313
replay,5757,TOTAL_g_res_except_mask_row,,,,,,,,,,-0.37849223613739014,-0.5130072832107544,-2.7677742764353752e-08,-8.279085159301758e-05,-0.45849713683128357,-3.739660314749926e-08,-0.0011297231540083885,CLOSE_MASK,5757.0,0.00019999294189523218,0.1988763570576895,5.0282487869262695,0.6543199419975281,21.485074996948242,0.9999996423721313
replay,5757,TOTAL_e_art_only,,,,,,,,,,0.0109316511079669,0.0021569773089140654,1.4551915228366852e-10,7.3909759521484375e-06,0.010220415890216827,2.1327650756575167e-10,6.859190762042999e-06,OPEN_MASK,5757.0,0.00019999294189523218,0.1988763570576895,5.0282487869262695,0.6543199419975281,21.485074996948242,0.9999996423721313
replay,5758,id,1.0,0.0027114003896713257,0.0027114003896713257,0.03220595419406891,-0.0010586666176095605,-0.4733811616897583,4.163336342344337e-16,3.94347506038617e-11,MIXED_OR_NEGLIGIBLE,-0.000982938101515174,-0.003578509669750929,-2.3283064365386963e-10,-1.3947486877441406e-05,-0.0009400220587849617,-1.4006218407303095e-10,-1.4003366231918335e-05,CLOSE_MASK,5758.0,0.00019999288065456315,0.06944037147587442,14.400843620300293,0.4194027781486511,21.673542022705078,0.9999996423721313
replay,5758,lm,1.0,0.005120792426168919,0.005120792426168919,0.02833968959748745,-0.0008559622219763696,-0.4349581003189087,6.070283165016122e-13,8.98021710327157e-08,MIXED_OR_NEGLIGIBLE,0.0006807211320847273,0.0019914996810257435,5.820766091346741e-11,-1.1801719665527344e-05,0.000674758804962039,9.00399754755199e-11,-1.1944212019443512e-05,OPEN_MASK,5758.0,0.00019999288065456315,0.06944037147587442,14.400843620300293,0.4194027781486511,21.673542022705078,0.9999996423721313
replay,5758,parse,0.5,0.24791573733091354,0.12395786866545677,0.04649592563509941,-0.000886764726601541,-0.2746511399745941,1.0184353360642717e-12,1.4976539830513502e-07,MIXED_OR_NEGLIGIBLE,0.004744895733892918,0.011664176359772682,4.0745362639427185e-10,-1.1324882507324219e-05,0.004761936608701944,5.184119800105691e-10,-1.1395663022994995e-05,OPEN_MASK,5758.0,0.00019999288065456315,0.06944037147587442,14.400843620300293,0.4194027781486511,21.673542022705078,0.9999996423721313
replay,5758,low,2.0,1.1890361761857093e-07,2.3780723523714187e-07,0.0,0.0,0.0,0.0,0.0,MIXED_OR_NEGLIGIBLE,0.0,0.0,0.0,0.0,0.0,0.0,0.0,OPEN_MASK,5758.0,0.00019999288065456315,0.06944037147587442,14.400843620300293,0.4194027781486511,21.673542022705078,0.9999996423721313
replay,5758,artcon,1.0,0.48382382094860077,0.48382382094860077,0.27240076661109924,-0.0027488272171467543,-0.14532054960727692,-2.120525977034049e-13,3.1560578150902074e-08,MIXED_OR_NEGLIGIBLE,-0.08840221166610718,-0.19932511448860168,-7.916241884231567e-09,-4.547834396362305e-05,-0.08859345316886902,-8.414190233452246e-09,-4.54634428024292e-05,CLOSE_MASK,5758.0,0.00019999288065456315,0.06944037147587442,14.400843620300293,0.4194027781486511,21.673542022705078,0.9999996423721313
replay,5758,spec,0.5,0.03536843974143267,0.017684219870716333,0.0014831210719421506,-4.3646290578180924e-05,-0.42379775643348694,-3.70536934468646e-15,2.4417179389502053e-10,MIXED_OR_NEGLIGIBLE,-0.00017315568402409554,-0.00041110627353191376,0.0,-4.76837158203125e-07,-0.000273717480013147,-2.546585164964199e-11,-6.938353180885315e-07,CLOSE_MASK,5758.0,0.00019999288065456315,0.06944037147587442,14.400843620300293,0.4194027781486511,21.673542022705078,0.9999996423721313
replay,5758,budget,0.5,0.0,0.0,0.0,0.0,0.0,0.0,0.0,MIXED_OR_NEGLIGIBLE,0.0,0.0,0.0,0.0,0.0,0.0,0.0,OPEN_MASK,5758.0,0.00019999288065456315,0.06944037147587442,14.400843620300293,0.4194027781486511,21.673542022705078,0.9999996423721313
replay,5758,tv,0.05,0.0073692461010068655,0.0003684623050503433,0.008685203269124031,0.00020401409710757434,0.3382736146450043,-1.9816093210778263e-13,4.339982595524816e-09,MIXED_OR_NEGLIGIBLE,0.0020444600377231836,0.004752114415168762,1.7462298274040222e-10,3.874301910400391e-06,0.0021772540640085936,2.255546860396862e-10,3.861263394355774e-06,OPEN_MASK,5758.0,0.00019999288065456315,0.06944037147587442,14.400843620300293,0.4194027781486511,21.673542022705078,0.9999996423721313
replay,5758,bg,1.0,0.02141626551747322,0.02141626551747322,0.07052870839834213,-0.0027222437784075737,-0.555838942527771,1.2692624729027102e-13,1.926417025899241e-09,MIXED_OR_NEGLIGIBLE,-0.005831375252455473,-0.016724372282624245,-9.89530235528946e-10,-3.93986701965332e-05,-0.00584311131387949,-7.016751624178141e-10,-3.9565376937389374e-05,CLOSE_MASK,5758.0,0.00019999288065456315,0.06944037147587442,14.400843620300293,0.4194027781486511,21.673542022705078,0.9999996423721313
replay,5758,gadv,0.05,7.921857118606567,0.3960928559303284,14.52066421508789,1.008338212966919,1.0000176429748535,-1.0866862965031032e-12,1.5873741432415045e-08,MIXED_OR_NEGLIGIBLE,0.08179548382759094,-2.62170672416687,-1.048319973051548e-07,0.004139721393585205,0.07264982163906097,-1.3271392163005657e-07,0.0025701336562633514,OPEN_MASK,5758.0,0.00019999288065456315,0.06944037147587442,14.400843620300293,0.4194027781486511,21.673542022705078,0.9999996423721313
replay,5758,momentum,,,,,,,,,,-0.2776489853858948,-0.36992087960243225,-1.6443664208054543e-08,-0.0010843276977539062,-0.308758020401001,-1.966827767319046e-08,-0.0011068815365433693,CLOSE_MASK,5758.0,0.00019999288065456315,0.06944037147587442,14.400843620300293,0.4194027781486511,21.673542022705078,0.9999996423721313
replay,5758,TOTAL,,,,,,,,,,-0.28272920846939087,-3.1949572563171387,-1.2913369573652744e-07,0.002939760684967041,-0.2562980055809021,-1.8859464034903795e-07,0.002059660851955414,CLOSE_MASK,5758.0,0.00019999288065456315,0.06944037147587442,14.400843620300293,0.4194027781486511,21.673542022705078,0.9999996423721313
replay,5758,TOTAL_mask_head_row_only,,,,,,,,,,4.1478779166936874e-06,1.3297336408868432e-05,0.0,0.0,2.5729998014867306e-05,3.637978807091713e-12,0.0,OPEN_MASK,5758.0,0.00019999288065456315,0.06944037147587442,14.400843620300293,0.4194027781486511,21.673542022705078,0.9999996423721313
replay,5758,TOTAL_g_res_except_mask_row,,,,,,,,,,-0.31032419204711914,-3.2012856006622314,-1.3236422091722488e-07,0.0029233694076538086,-0.28104540705680847,-1.960338522621896e-07,0.0020498689264059067,CLOSE_MASK,5758.0,0.00019999288065456315,0.06944037147587442,14.400843620300293,0.4194027781486511,21.673542022705078,0.9999996423721313
replay,5758,TOTAL_e_art_only,,,,,,,,,,0.0275731198489666,0.006092842668294907,3.2014213502407074e-09,1.6510486602783203e-05,0.024451591074466705,2.4165274226106703e-09,1.4761462807655334e-05,OPEN_MASK,5758.0,0.00019999288065456315,0.06944037147587442,14.400843620300293,0.4194027781486511,21.673542022705078,0.9999996423721313
replay,5759,id,1.0,0.0048070549964904785,0.0048070549964904785,0.04434098303318024,0.0016125028487294912,0.8602481484413147,-2.7755575615628914e-17,7.96210528064556e-11,MIXED_OR_NEGLIGIBLE,-0.0019649146124720573,-0.005252782721072435,-4.656612873077393e-10,-7.331371307373047e-06,-0.0019496448803693056,-4.1018211049959064e-10,-7.223337888717651e-06,CLOSE_MASK,5759.0,0.00019999281914936834,0.042273815615525526,23.655303955078125,0.3367612063884735,20.73583984375,0.9999994039535522
replay,5759,lm,1.0,0.009356782771646976,0.009356782771646976,0.011540810577571392,8.545003947801888e-05,0.17514774203300476,1.0796918914479647e-14,5.835323779734836e-09,MIXED_OR_NEGLIGIBLE,0.0005802921950817108,0.0034469894599169493,1.7462298274040222e-10,-4.172325134277344e-07,0.0006057046120986342,2.9103830456733704e-10,-2.7008354663848877e-07,OPEN_MASK,5759.0,0.00019999281914936834,0.042273815615525526,23.655303955078125,0.3367612063884735,20.73583984375,0.9999994039535522
replay,5759,parse,0.5,0.27113019675016403,0.13556509837508202,0.10437727719545364,0.00358775001950562,0.8131015300750732,1.7025270082626776e-13,1.3564196876814094e-08,MIXED_OR_NEGLIGIBLE,-0.0019127523992210627,-0.00664092693477869,-6.402842700481415e-10,-1.4483928680419922e-05,-0.0018943571485579014,-5.138645065017045e-10,-1.4436431229114532e-05,CLOSE_MASK,5759.0,0.00019999281914936834,0.042273815615525526,23.655303955078125,0.3367612063884735,20.73583984375,0.9999994039535522
replay,5759,low,2.0,1.3583727564991932e-07,2.7167455129983864e-07,0.0,0.0,0.0,0.0,0.0,MIXED_OR_NEGLIGIBLE,0.0,0.0,0.0,0.0,0.0,0.0,0.0,OPEN_MASK,5759.0,0.00019999281914936834,0.042273815615525526,23.655303955078125,0.3367612063884735,20.73583984375,0.9999994039535522
replay,5759,artcon,1.0,0.4686851352453232,0.4686851352453232,1.372621774673462,0.005639123730361462,0.09718278050422668,-4.822253707459367e-13,2.737937343511021e-08,MIXED_OR_NEGLIGIBLE,-0.19936628639698029,-0.5280665755271912,-4.3422915041446686e-08,-0.00012987852096557617,-0.19855237007141113,-4.4910848373547196e-08,-0.00013236422091722488,CLOSE_MASK,5759.0,0.00019999281914936834,0.042273815615525526,23.655303955078125,0.3367612063884735,20.73583984375,0.9999994039535522
replay,5759,spec,0.5,0.029362333938479424,0.014681166969239712,0.002133903093636036,5.6603083066875115e-05,0.627471387386322,1.0075273948473296e-14,1.574690156047609e-09,MIXED_OR_NEGLIGIBLE,-4.5612920075654984e-05,2.8271075279917568e-05,-1.1641532182693481e-10,-2.384185791015625e-07,-0.0001399064203724265,-2.3646862246096134e-11,-3.213062882423401e-07,CLOSE_MASK,5759.0,0.00019999281914936834,0.042273815615525526,23.655303955078125,0.3367612063884735,20.73583984375,0.9999994039535522
replay,5759,budget,0.5,0.0,0.0,0.0,0.0,0.0,0.0,0.0,MIXED_OR_NEGLIGIBLE,0.0,0.0,0.0,0.0,0.0,0.0,0.0,OPEN_MASK,5759.0,0.00019999281914936834,0.042273815615525526,23.655303955078125,0.3367612063884735,20.73583984375,0.9999994039535522
replay,5759,tv,0.05,0.00542044872418046,0.000271022436209023,0.007482940796762705,-0.00014353777805808932,-0.45375609397888184,-3.388678226912134e-13,5.202789310487788e-09,MIXED_OR_NEGLIGIBLE,0.0010373664554208517,0.002702185185626149,2.3283064365386963e-10,9.5367431640625e-07,0.0012094347039237618,2.455635694786906e-10,1.2759119272232056e-06,OPEN_MASK,5759.0,0.00019999281914936834,0.042273815615525526,23.655303955078125,0.3367612063884735,20.73583984375,0.9999994039535522
replay,5759,bg,1.0,0.01953591825440526,0.01953591825440526,0.03964582458138466,0.0014495382783934474,0.8648898005485535,2.3975266216780255e-13,2.3694779471838956e-09,MIXED_OR_NEGLIGIBLE,-0.004775261972099543,-0.012399202212691307,-1.2223608791828156e-09,-8.285045623779297e-06,-0.004894367419183254,-1.0381882020737976e-09,-8.424744009971619e-06,CLOSE_MASK,5759.0,0.00019999281914936834,0.042273815615525526,23.655303955078125,0.3367612063884735,20.73583984375,0.9999994039535522
replay,5759,gadv,0.05,8.280746221542358,0.41403731107711794,23.402618408203125,0.9878181219100952,0.9984838962554932,-2.2459700765864454e-11,1.0496285085537238e-07,MIXED_OR_NEGLIGIBLE,-1.329092264175415,-3.836214780807495,-3.169989213347435e-07,-0.0038957595825195312,-1.3714227676391602,-4.4757052819477394e-07,-0.0042941030114889145,CLOSE_MASK,5759.0,0.00019999281914936834,0.042273815615525526,23.655303955078125,0.3367612063884735,20.73583984375,0.9999994039535522
replay,5759,momentum,,,,,,,,,,-0.11636845767498016,-2.2170560359954834,-1.8745777197182178e-07,0.0006261467933654785,-0.11205893754959106,-2.3457050701836124e-07,0.0005110818892717361,CLOSE_MASK,5759.0,0.00019999281914936834,0.042273815615525526,23.655303955078125,0.3367612063884735,20.73583984375,0.9999994039535522
replay,5759,TOTAL,,,,,,,,,,-1.6520299911499023,-6.599288463592529,-5.50935510545969e-07,-0.003412008285522461,-1.7039031982421875,-1.0057092367787845e-06,-0.0037704957649111748,CLOSE_MASK,5759.0,0.00019999281914936834,0.042273815615525526,23.655303955078125,0.3367612063884735,20.73583984375,0.9999994039535522
replay,5759,TOTAL_mask_head_row_only,,,,,,,,,,4.180357791483402e-05,0.0002842371177393943,0.0,0.0,5.2361367124831304e-05,1.7280399333685637e-11,0.0,OPEN_MASK,5759.0,0.00019999281914936834,0.042273815615525526,23.655303955078125,0.3367612063884735,20.73583984375,0.9999994039535522
replay,5759,TOTAL_g_res_except_mask_row,,,,,,,,,,-1.6129392385482788,-6.438442707061768,-5.343463271856308e-07,-0.0034021735191345215,-1.663069248199463,-9.504151421424467e-07,-0.003759002313017845,CLOSE_MASK,5759.0,0.00019999281914936834,0.042273815615525526,23.655303955078125,0.3367612063884735,20.73583984375,0.9999994039535522
replay,5759,TOTAL_e_art_only,,,,,,,,,,-0.03912867605686188,-0.1611153781414032,-1.594889909029007e-08,-9.953975677490234e-06,-0.040646299719810486,-1.8007540347753093e-08,-1.0635703802108765e-05,CLOSE_MASK,5759.0,0.00019999281914936834,0.042273815615525526,23.655303955078125,0.3367612063884735,20.73583984375,0.9999994039535522
replay,5777,id,1.0,0.0025006160140037537,0.0025006160140037537,0.054222673177719116,0.003642772324383259,0.5090281963348389,1.9840395992787307e-09,1.2002981748082675e-05,MIXED_OR_NEGLIGIBLE,-0.08245237171649933,-0.7312620878219604,-0.007401525974273682,-0.0005011856555938721,-0.08278948068618774,-0.007548845838755369,-0.0005114679224789143,CLOSE_MASK,5777.0,0.00019999166682213728,0.13198032076117408,7.576886177062988,0.5274036526679993,4.338584899902344,0.8668621778488159
replay,5777,lm,1.0,0.00826913258060813,0.00826913258060813,0.10511970520019531,0.007131044752895832,0.5139960050582886,3.913742219197047e-09,8.010175952222198e-05,MIXED_OR_NEGLIGIBLE,-0.11926189810037613,-1.070860505104065,-0.012270472012460232,-0.0008392930030822754,-0.11982710659503937,-0.012623664923012257,-0.0008640605956315994,CLOSE_MASK,5777.0,0.00019999166682213728,0.13198032076117408,7.576886177062988,0.5274036526679993,4.338584899902344,0.8668621778488159
replay,5777,parse,0.5,0.3180571347475052,0.1590285673737526,0.1273852288722992,0.0010233297944068909,0.060867756605148315,-2.609437999012698e-09,0.00015814522339496762,MIXED_OR_NEGLIGIBLE,0.024836525321006775,0.2676983177661896,0.005326359532773495,0.0004030168056488037,0.025231309235095978,0.005313395522534847,0.0004024878144264221,OPEN_MASK,5777.0,0.00019999166682213728,0.13198032076117408,7.576886177062988,0.5274036526679993,4.338584899902344,0.8668621778488159
replay,5777,low,2.0,1.1718200454424732e-07,2.3436400908849464e-07,0.0,0.0,0.0,0.0,0.0,MIXED_OR_NEGLIGIBLE,0.0,0.0,0.0,0.0,0.0,0.0,0.0,OPEN_MASK,5777.0,0.00019999166682213728,0.13198032076117408,7.576886177062988,0.5274036526679993,4.338584899902344,0.8668621778488159
replay,5777,artcon,1.0,0.48543132841587067,0.48543132841587067,0.5600928068161011,0.012604822404682636,0.17051692306995392,1.4008054716185825e-09,0.0009837885154411197,MIXED_OR_NEGLIGIBLE,-0.20518794655799866,-1.772832989692688,-0.015500972978770733,-0.0010461509227752686,-0.20432761311531067,-0.01602323353290558,-0.0010822899639606476,CLOSE_MASK,5777.0,0.00019999166682213728,0.13198032076117408,7.576886177062988,0.5274036526679993,4.338584899902344,0.8668621778488159
replay,5777,spec,0.5,0.03195231035351753,0.015976155176758766,0.0047463420778512955,-0.0001600865216460079,-0.25555622577667236,-1.6356282994678395e-10,1.3998212580190739e-06,MIXED_OR_NEGLIGIBLE,0.00461824145168066,0.0421459786593914,0.0005101511487737298,3.579258918762207e-05,0.004632500000298023,0.0005181112210266292,3.638584166765213e-05,OPEN_MASK,5777.0,0.00019999166682213728,0.13198032076117408,7.576886177062988,0.5274036526679993,4.338584899902344,0.8668621778488159
replay,5777,budget,0.5,0.0,0.0,0.0,0.0,0.0,0.0,0.0,MIXED_OR_NEGLIGIBLE,0.0,0.0,0.0,0.0,0.0,0.0,0.0,OPEN_MASK,5777.0,0.00019999166682213728,0.13198032076117408,7.576886177062988,0.5274036526679993,4.338584899902344,0.8668621778488159
replay,5777,tv,0.05,0.05852716788649559,0.00292635839432478,0.1644326150417328,-0.011000160127878189,-0.5068761110305786,-8.602126122525533e-09,3.0793831683695316e-05,MIXED_OR_NEGLIGIBLE,0.2928633391857147,2.6097888946533203,0.027508750557899475,0.0018735826015472412,0.29063528776168823,0.025700975209474564,0.0017475290223956108,OPEN_MASK,5777.0,0.00019999166682213728,0.13198032076117408,7.576886177062988,0.5274036526679993,4.338584899902344,0.8668621778488159
replay,5777,bg,1.0,0.01578489225357771,0.01578489225357771,0.1951039582490921,0.014103066176176071,0.5476943254470825,1.0525662119675872e-08,1.1729217476386111e-05,MIXED_OR_NEGLIGIBLE,-0.34658369421958923,-3.0851686000823975,-0.03260526433587074,-0.0022258460521698,-0.3496488630771637,-0.03503436967730522,-0.0023949858732521534,CLOSE_MASK,5777.0,0.00019999166682213728,0.13198032076117408,7.576886177062988,0.5274036526679993,4.338584899902344,0.8668621778488159
replay,5777,gadv,0.05,9.945695877075195,0.4972847938537598,7.404728889465332,0.9727689623832703,0.9953854084014893,1.3380315522226738e-07,0.0002585712936706841,MIXED_OR_NEGLIGIBLE,-6.061229228973389,-53.23167419433594,-0.5857262015342712,-0.04017391800880432,-6.821278095245361,-0.6359007358551025,-0.04297728091478348,CLOSE_MASK,5777.0,0.00019999166682213728,0.13198032076117408,7.576886177062988,0.5274036526679993,4.338584899902344,0.8668621778488159
replay,5777,momentum,,,,,,,,,,-1.1219515800476074,-9.34924030303955,-0.08639836311340332,-0.004938006401062012,-1.1042594909667969,-0.10150185227394104,-0.006231080275028944,CLOSE_MASK,5777.0,0.00019999166682213728,0.13198032076117408,7.576886177062988,0.5274036526679993,4.338584899902344,0.8668621778488159
replay,5777,TOTAL,,,,,,,,,,-7.619224548339844,-66.35902404785156,-0.7119766473770142,-0.047783613204956055,-8.38667106628418,-0.6970216035842896,-0.046746816486120224,CLOSE_MASK,5777.0,0.00019999166682213728,0.13198032076117408,7.576886177062988,0.5274036526679993,4.338584899902344,0.8668621778488159
replay,5777,TOTAL_mask_head_row_only,,,,,,,,,,-0.8184354305267334,-6.6527204513549805,-0.07281677424907684,-0.005043148994445801,-0.8184552192687988,-0.08290138840675354,-0.00573590025305748,CLOSE_MASK,5777.0,0.00019999166682213728,0.13198032076117408,7.576886177062988,0.5274036526679993,4.338584899902344,0.8668621778488159
replay,5777,TOTAL_g_res_except_mask_row,,,,,,,,,,-6.750227928161621,-59.280113220214844,-0.6304196715354919,-0.04212650656700134,-7.447675704956055,-0.6758790612220764,-0.045328289270401,CLOSE_MASK,5777.0,0.00019999166682213728,0.13198032076117408,7.576886177062988,0.5274036526679993,4.338584899902344,0.8668621778488159
replay,5777,TOTAL_e_art_only,,,,,,,,,,-0.0492795966565609,-0.4151223301887512,-0.005374817177653313,-0.0003788769245147705,-0.05081837624311447,-0.005674969870597124,-0.00040042633190751076,CLOSE_MASK,5777.0,0.00019999166682213728,0.13198032076117408,7.576886177062988,0.5274036526679993,4.338584899902344,0.8668621778488159
replay,5778,id,1.0,0.0001651868224143982,0.0001651868224143982,0.007019673008471727,8.050692122196779e-05,0.02718128263950348,2.4527357922465853e-10,2.2667245502816513e-06,MIXED_OR_NEGLIGIBLE,-0.042149946093559265,-0.34929800033569336,-0.0010257113026455045,-6.829947233200073e-05,-0.04228973761200905,-0.001020060502924025,-6.791215855628252e-05,CLOSE_MASK,5778.0,0.00019999160029098394,0.4219356346322508,2.3700287342071533,0.6424547433853149,-4.161676406860352,0.16504716873168945
replay,5778,lm,1.0,0.00369914632756263,0.00369914632756263,0.022862890735268593,-0.00020827000844292343,-0.02158983051776886,5.372664535485683e-10,4.506809273152612e-05,MIXED_OR_NEGLIGIBLE,-0.06136275827884674,-0.5316646695137024,-0.0015748424921184778,-0.00010433048009872437,-0.06140531972050667,-0.0015556614380329847,-0.00010303989984095097,CLOSE_MASK,5778.0,0.00019999160029098394,0.4219356346322508,2.3700287342071533,0.6424547433853149,-4.161676406860352,0.16504716873168945
replay,5778,parse,0.5,0.27971387654542923,0.13985693827271461,0.045282311737537384,0.0036976796109229326,0.19353267550468445,2.7479822861664616e-09,9.205483365803957e-05,MIXED_OR_NEGLIGIBLE,-0.20800116658210754,-1.8676398992538452,-0.005135286599397659,-0.00034212321043014526,-0.20783767104148865,-0.004964268766343594,-0.0003307068254798651,CLOSE_MASK,5778.0,0.00019999160029098394,0.4219356346322508,2.3700287342071533,0.6424547433853149,-4.161676406860352,0.16504716873168945
replay,5778,low,2.0,1.1544310751787634e-07,2.3088621503575268e-07,0.0,0.0,0.0,0.0,0.0,MIXED_OR_NEGLIGIBLE,0.0,0.0,0.0,0.0,0.0,0.0,0.0,OPEN_MASK,5778.0,0.00019999160029098394,0.4219356346322508,2.3700287342071533,0.6424547433853149,-4.161676406860352,0.16504716873168945
replay,5778,artcon,1.0,0.4774504452943802,0.4774504452943802,0.9694788455963135,0.007882455363869667,0.019269783049821854,-3.174576335140955e-08,0.0006507233483716846,MIXED_OR_NEGLIGIBLE,5.220211982727051,46.12824249267578,0.14029580354690552,0.009321354329586029,5.267740249633789,0.3230244219303131,0.021596357226371765,OPEN_MASK,5778.0,0.00019999160029098394,0.4219356346322508,2.3700287342071533,0.6424547433853149,-4.161676406860352,0.16504716873168945
replay,5778,spec,0.5,0.03717289678752422,0.01858644839376211,0.0016760011203587055,5.746327224187553e-05,0.08125866204500198,4.247407980884077e-11,1.3267093663671403e-06,MIXED_OR_NEGLIGIBLE,-0.005242405459284782,-0.041304390877485275,-0.00011241807078476995,-7.458031177520752e-06,-0.005705490708351135,-0.00012063026952091604,-7.984926924109459e-06,CLOSE_MASK,5778.0,0.00019999160029098394,0.4219356346322508,2.3700287342071533,0.6424547433853149,-4.161676406860352,0.16504716873168945
replay,5778,budget,0.5,0.0,0.0,0.0,0.0,0.0,0.0,0.0,MIXED_OR_NEGLIGIBLE,0.0,0.0,0.0,0.0,0.0,0.0,0.0,OPEN_MASK,5778.0,0.00019999160029098394,0.4219356346322508,2.3700287342071533,0.6424547433853149,-4.161676406860352,0.16504716873168945
replay,5778,tv,0.05,0.05874495580792427,0.002937247790396214,0.08618304878473282,0.003490527393296361,0.09598930180072784,3.166719331204604e-09,1.191584306070581e-05,MIXED_OR_NEGLIGIBLE,-0.5867996215820312,-4.766717910766602,-0.01409757137298584,-0.000938117504119873,-0.5870106220245361,-0.012444164603948593,-0.0008282138733193278,CLOSE_MASK,5778.0,0.00019999160029098394,0.4219356346322508,2.3700287342071533,0.6424547433853149,-4.161676406860352,0.16504716873168945
replay,5778,bg,1.0,0.006203527795150876,0.006203527795150876,0.05089060589671135,-0.0009896423434838653,-0.04608868062496185,2.742145621681402e-09,5.2508221415337175e-06,MIXED_OR_NEGLIGIBLE,-0.33774298429489136,-2.8096976280212402,-0.007753204554319382,-0.0005193501710891724,-0.3385620713233948,-0.007322532590478659,-0.0004904615925624967,CLOSE_MASK,5778.0,0.00019999160029098394,0.4219356346322508,2.3700287342071533,0.6424547433853149,-4.161676406860352,0.16504716873168945
replay,5778,gadv,0.05,0.3629162758588791,0.018145813792943954,2.471266031265259,0.9862169027328491,0.9458157420158386,3.770414735981831e-08,0.00018277305935043842,MIXED_OR_NEGLIGIBLE,-6.233702182769775,-53.409793853759766,-0.15466345846652985,-0.010001756250858307,-5.286838531494141,-0.07465973496437073,-0.0048573496751487255,CLOSE_MASK,5778.0,0.00019999160029098394,0.4219356346322508,2.3700287342071533,0.6424547433853149,-4.161676406860352,0.16504716873168945
replay,5778,momentum,,,,,,,,,,-4.2055182456970215,-33.54636764526367,-0.08794381469488144,-0.005765825510025024,-3.997370481491089,-0.04973909631371498,-0.003242621198296547,CLOSE_MASK,5778.0,0.00019999160029098394,0.4219356346322508,2.3700287342071533,0.6424547433853149,-4.161676406860352,0.16504716873168945
replay,5778,TOTAL,,,,,,,,,,-6.473868370056152,-51.21320724487305,-0.136135533452034,-0.008698031306266785,-6.052851676940918,-0.07270694524049759,-0.004710674751549959,CLOSE_MASK,5778.0,0.00019999160029098394,0.4219356346322508,2.3700287342071533,0.6424547433853149,-4.161676406860352,0.16504716873168945
replay,5778,TOTAL_mask_head_row_only,,,,,,,,,,-0.6104304790496826,-4.657331943511963,-0.011177241802215576,-0.0007536262273788452,-0.6104094386100769,-0.010343256406486034,-0.0006971856346353889,CLOSE_MASK,5778.0,0.00019999160029098394,0.4219356346322508,2.3700287342071533,0.6424547433853149,-4.161676406860352,0.16504716873168945
replay,5778,TOTAL_g_res_except_mask_row,,,,,,,,,,-5.827654838562012,-46.559234619140625,-0.12509262561798096,-0.00795435905456543,-5.404809951782227,-0.06763315200805664,-0.004357166588306427,CLOSE_MASK,5778.0,0.00019999160029098394,0.4219356346322508,2.3700287342071533,0.6424547433853149,-4.161676406860352,0.16504716873168945
replay,5778,TOTAL_e_art_only,,,,,,,,,,-0.03536594659090042,0.0057647861540317535,-0.0002153925015591085,-1.3165175914764404e-05,-0.03414738178253174,-6.440316792577505e-05,-3.0780211091041565e-06,CLOSE_MASK,5778.0,0.00019999160029098394,0.4219356346322508,2.3700287342071533,0.6424547433853149,-4.161676406860352,0.16504716873168945
replay,5779,id,1.0,8.754432201385498e-05,8.754432201385498e-05,0.003298969706520438,0.00047396705485880375,0.7716557383537292,1.5906415073985158e-10,1.2805418236894184e-06,MIXED_OR_NEGLIGIBLE,-0.007074473425745964,-0.09081246703863144,-0.00011847783025586978,-8.303672075271606e-06,-0.007357301190495491,-0.00012119518942199647,-8.496630471199751e-06,CLOSE_MASK,5779.0,0.00019999153349530824,0.1861856348360565,5.370982646942139,1.2694082260131836,-10.169069290161133,0.09112675487995148
replay,5779,lm,1.0,0.0021223543444648385,0.0021223543444648385,0.020400511100888252,0.0023777103051543236,0.6259960532188416,8.575697374446634e-10,3.0274106393335387e-05,MIXED_OR_NEGLIGIBLE,-0.03096354380249977,-0.3452635109424591,-0.0004625353030860424,-3.219395875930786e-05,-0.031092438846826553,-0.00046356889652088284,-3.2263342291116714e-05,CLOSE_MASK,5779.0,0.00019999153349530824,0.1861856348360565,5.370982646942139,1.2694082260131836,-10.169069290161133,0.09112675487995148
replay,5779,parse,0.5,0.2861810177564621,0.14309050887823105,0.027173742651939392,0.0016377362189814448,0.3237040936946869,6.95116519899841e-10,4.230930790072307e-05,MIXED_OR_NEGLIGIBLE,-0.011229206807911396,-0.16573023796081543,-0.00020799650519620627,-1.4856457710266113e-05,-0.011402897536754608,-0.00020877573115285486,-1.4912046026438475e-05,CLOSE_MASK,5779.0,0.00019999153349530824,0.1861856348360565,5.370982646942139,1.2694082260131836,-10.169069290161133,0.09112675487995148
replay,5779,low,2.0,1.2039836860822106e-07,2.407967372164421e-07,0.0,0.0,0.0,0.0,0.0,MIXED_OR_NEGLIGIBLE,0.0,0.0,0.0,0.0,0.0,0.0,0.0,OPEN_MASK,5779.0,0.00019999153349530824,0.1861856348360565,5.370982646942139,1.2694082260131836,-10.169069290161133,0.09112675487995148
replay,5779,artcon,1.0,0.4482916444540024,0.4482916444540024,0.21598094701766968,0.013042967766523361,0.32435062527656555,2.5076156706660413e-09,0.00026667662314139307,MIXED_OR_NEGLIGIBLE,-0.08399371802806854,-1.2809962034225464,-0.0020790109410881996,-0.00014698132872581482,-0.07997187972068787,-0.0020594189409166574,-0.0001457399339415133,CLOSE_MASK,5779.0,0.00019999153349530824,0.1861856348360565,5.370982646942139,1.2694082260131836,-10.169069290161133,0.09112675487995148
replay,5779,spec,0.5,0.03366149589419365,0.016830747947096825,0.002395848510786891,0.00017907821165863425,0.40145525336265564,5.0163484477394604e-11,1.091294393518183e-06,MIXED_OR_NEGLIGIBLE,-0.00219521252438426,-0.01936647668480873,-2.634831798786763e-05,-1.773238182067871e-06,-0.002566261449828744,-3.0209997930796817e-05,-2.0322040654718876e-06,CLOSE_MASK,5779.0,0.00019999153349530824,0.1861856348360565,5.370982646942139,1.2694082260131836,-10.169069290161133,0.09112675487995148
replay,5779,budget,0.5,0.0024154342245310545,0.0012077171122655272,0.06337600201368332,-0.009391644969582558,-0.7959221005439758,-3.369029943911528e-09,4.95579251946765e-06,MIXED_OR_NEGLIGIBLE,0.1644544005393982,1.6328730583190918,0.0021248995326459408,0.0001484416425228119,0.1641235053539276,0.0021204862277954817,0.00014812173321843147,OPEN_MASK,5779.0,0.00019999153349530824,0.1861856348360565,5.370982646942139,1.2694082260131836,-10.169069290161133,0.09112675487995148
replay,5779,tv,0.05,0.03462587110698223,0.0017312935553491116,0.017835944890975952,0.001731851720251143,0.5215168595314026,2.7170898864170567e-10,9.261146260541864e-06,MIXED_OR_NEGLIGIBLE,-0.016645481809973717,-0.13893845677375793,-0.00021033038501627743,-1.4405697584152222e-05,-0.016855500638484955,-0.00021161831682547927,-1.4500750694423914e-05,CLOSE_MASK,5779.0,0.00019999153349530824,0.1861856348360565,5.370982646942139,1.2694082260131836,-10.169069290161133,0.09112675487995148
replay,5779,bg,1.0,0.004675703821703792,0.004675703821703792,0.06553363054990768,0.009887507185339928,0.810356855392456,3.450640440050279e-09,6.298122116277227e-06,MIXED_OR_NEGLIGIBLE,-0.17742693424224854,-1.7819080352783203,-0.002334432676434517,-0.00016311556100845337,-0.17789115011692047,-0.0023401547223329544,-0.0001635349472053349,CLOSE_MASK,5779.0,0.00019999153349530824,0.1861856348360565,5.370982646942139,1.2694082260131836,-10.169069290161133,0.09112675487995148
replay,5779,gadv,0.05,3.3501675128936768,0.16750837564468385,5.268545150756836,0.9805012941360474,0.9995653629302979,2.1054562182598602e-07,0.0005919535760767758,MIXED_OR_NEGLIGIBLE,-10.703184127807617,-132.3478546142578,-0.1743289679288864,-0.012177173048257828,-9.38458251953125,-0.0571623370051384,-0.003922688774764538,CLOSE_MASK,5779.0,0.00019999153349530824,0.1861856348360565,5.370982646942139,1.2694082260131836,-10.169069290161133,0.09112675487995148
replay,5779,momentum,,,,,,,,,,-2.290928840637207,-21.20844078063965,-0.028235692530870438,-0.0019357092678546906,-2.0062644481658936,-0.02291555516421795,-0.001579339848831296,CLOSE_MASK,5779.0,0.00019999153349530824,0.1861856348360565,5.370982646942139,1.2694082260131836,-10.169069290161133,0.09112675487995148
replay,5779,TOTAL,,,,,,,,,,-13.150962829589844,-156.0072021484375,-0.2058255970478058,-0.014345217496156693,-9.53993034362793,-0.06077425554394722,-0.0041847145184874535,CLOSE_MASK,5779.0,0.00019999153349530824,0.1861856348360565,5.370982646942139,1.2694082260131836,-10.169069290161133,0.09112675487995148
replay,5779,TOTAL_mask_head_row_only,,,,,,,,,,-1.110517978668213,-9.500109672546387,-0.012030876241624355,-0.000837232917547226,-1.1105467081069946,-0.012002403847873211,-0.0008342303917743266,CLOSE_MASK,5779.0,0.00019999153349530824,0.1861856348360565,5.370982646942139,1.2694082260131836,-10.169069290161133,0.09112675487995148
replay,5779,TOTAL_g_res_except_mask_row,,,,,,,,,,-12.000741958618164,-145.06961059570312,-0.1920175999403,-0.013380762189626694,-8.370532989501953,-0.056582167744636536,-0.003890484105795622,CLOSE_MASK,5779.0,0.00019999153349530824,0.1861856348360565,5.370982646942139,1.2694082260131836,-10.169069290161133,0.09112675487995148
replay,5779,TOTAL_e_art_only,,,,,,,,,,-0.03679767996072769,-1.3903776407241821,-0.0018149656243622303,-0.00012966245412826538,-0.03773137927055359,-0.001888541504740715,-0.00013500434579327703,CLOSE_MASK,5779.0,0.00019999153349530824,0.1861856348360565,5.370982646942139,1.2694082260131836,-10.169069290161133,0.09112675487995148
replay,5780,id,1.0,2.709031105041504e-05,2.709031105041504e-05,0.0007607387960888445,9.971635154215619e-05,0.40471774339675903,1.2870676746601362e-11,3.565055237686465e-07,MIXED_OR_NEGLIGIBLE,-0.0033833510242402554,-0.02715286798775196,-1.2944130503456108e-05,-8.717179298400879e-07,-0.004031229764223099,-1.4877272406010889e-05,-1.004053046926856e-06,CLOSE_MASK,5780.0,0.0001999914664351103,0.32387574551617465,3.0876028537750244,1.7154842615127563,-19.97507095336914,0.029307764023542404
replay,5780,lm,1.0,0.002256396575830877,0.002256396575830877,0.020334143191576004,-0.0004388902452774346,-0.06664253771305084,-3.020668160047535e-10,2.2583404643228278e-05,MIXED_OR_NEGLIGIBLE,-0.046692050993442535,-0.34600088000297546,-0.0001910315768327564,-1.2225471436977386e-05,-0.04654962569475174,-0.00019123207312077284,-1.2289558071643114e-05,CLOSE_MASK,5780.0,0.0001999914664351103,0.32387574551617465,3.0876028537750244,1.7154842615127563,-19.97507095336914,0.029307764023542404
replay,5780,parse,0.5,0.27079442143440247,0.13539721071720123,0.030324401333928108,-0.003220942337065935,-0.32795342803001404,-8.403636120313251e-10,4.059742786921561e-05,MIXED_OR_NEGLIGIBLE,0.007855738513171673,0.3028508424758911,0.00012467644410207868,9.094364941120148e-06,0.00788753479719162,0.00012472069647628814,9.078707080334425e-06,OPEN_MASK,5780.0,0.0001999914664351103,0.32387574551617465,3.0876028537750244,1.7154842615127563,-19.97507095336914,0.029307764023542404
replay,5780,low,2.0,1.3247162655716238e-07,2.6494325311432476e-07,0.0,0.0,0.0,0.0,0.0,MIXED_OR_NEGLIGIBLE,0.0,0.0,0.0,0.0,0.0,0.0,0.0,OPEN_MASK,5780.0,0.0001999914664351103,0.32387574551617465,3.0876028537750244,1.7154842615127563,-19.97507095336914,0.029307764023542404
replay,5780,artcon,1.0,0.4258977174758911,0.4258977174758911,0.13986806571483612,0.00545467808842659,0.12041261792182922,-4.5883025157067436e-10,0.0001308600913034752,MIXED_OR_NEGLIGIBLE,-0.31596991419792175,-3.595116138458252,-0.0018957306165248156,-0.00012371782213449478,-0.30902838706970215,-0.0018773307092487812,-0.0001248337357537821,CLOSE_MASK,5780.0,0.0001999914664351103,0.32387574551617465,3.0876028537750244,1.7154842615127563,-19.97507095336914,0.029307764023542404
replay,5780,spec,0.5,0.028122042305767536,0.014061021152883768,0.002097036223858595,0.0002400601515546441,0.35345619916915894,2.3083007727464633e-11,1.0388852160758688e-06,MIXED_OR_NEGLIGIBLE,-0.007858909666538239,-0.07638749480247498,-3.6106161132920533e-05,-2.4316832423210144e-06,-0.008456427603960037,-3.744095010915771e-05,-2.5251356419175863e-06,CLOSE_MASK,5780.0,0.0001999914664351103,0.32387574551617465,3.0876028537750244,1.7154842615127563,-19.97507095336914,0.029307764023542404
replay,5780,budget,0.5,0.007592919748276472,0.003796459874138236,0.023967914283275604,-0.006223573349416256,-0.8017353415489197,-1.190143983365033e-09,2.92919412459014e-06,MIXED_OR_NEGLIGIBLE,0.25904613733291626,1.7475837469100952,0.0008635329431854188,5.7715922594070435e-05,0.26006031036376953,0.0008697737357579172,5.788017006125301e-05,OPEN_MASK,5780.0,0.0001999914664351103,0.32387574551617465,3.0876028537750244,1.7154842615127563,-19.97507095336914,0.029307764023542404
replay,5780,tv,0.05,0.018851643428206444,0.0009425821714103222,0.0068768407218158245,0.0003309581952635199,0.14859549701213837,-9.894740582438999e-11,4.968041594111128e-06,MIXED_OR_NEGLIGIBLE,-0.012914462015032768,-0.09552434831857681,-5.0990503950743005e-05,-3.259629011154175e-06,-0.012961461208760738,-5.119819979881868e-05,-3.2750976970419288e-06,CLOSE_MASK,5780.0,0.0001999914664351103,0.32387574551617465,3.0876028537750244,1.7154842615127563,-19.97507095336914,0.029307764023542404
replay,5780,bg,1.0,0.001185285858809948,0.001185285858809948,0.023271726444363594,0.006150858011096716,0.8160721659660339,1.1834169200142242e-09,3.7641977996827336e-06,MIXED_OR_NEGLIGIBLE,-0.2778465449810028,-1.749889612197876,-0.0008818067144602537,-5.853921175003052e-05,-0.27684706449508667,-0.0008724356302991509,-5.817576311528683e-05,CLOSE_MASK,5780.0,0.0001999914664351103,0.32387574551617465,3.0876028537750244,1.7154842615127563,-19.97507095336914,0.029307764023542404
replay,5780,gadv,0.05,2.578460991382599,0.12892304956912995,3.083247423171997,0.9985665678977966,0.9999772310256958,1.0561069530012901e-07,0.0004101066442672163,MIXED_OR_NEGLIGIBLE,-33.559024810791016,-193.20957946777344,-0.09555448591709137,-0.00633999053388834,-16.139394760131836,-0.02929680235683918,-0.0019928026013076305,CLOSE_MASK,5780.0,0.0001999914664351103,0.32387574551617465,3.0876028537750244,1.7154842615127563,-19.97507095336914,0.029307764023542404
replay,5780,momentum,,,,,,,,,,-2.913107395172119,-24.788257598876953,-0.01113138534128666,-0.0007728356868028641,-2.3203682899475098,-0.009708250872790813,-0.0006767633021809161,CLOSE_MASK,5780.0,0.0001999914664351103,0.32387574551617465,3.0876028537750244,1.7154842615127563,-19.97507095336914,0.029307764023542404
replay,5780,TOTAL,,,,,,,,,,-37.010562896728516,-222.79722595214844,-0.10861284285783768,-0.007246519438922405,-25.624446868896484,-0.029306795448064804,-0.001993444748222828,CLOSE_MASK,5780.0,0.0001999914664351103,0.32387574551617465,3.0876028537750244,1.7154842615127563,-19.97507095336914,0.029307764023542404
replay,5780,TOTAL_mask_head_row_only,,,,,,,,,,-1.1204090118408203,-8.954815864562988,-0.004098164848983288,-0.00028790440410375595,-1.1203691959381104,-0.0039868829771876335,-0.0002809213474392891,CLOSE_MASK,5780.0,0.0001999914664351103,0.32387574551617465,3.0876028537750244,1.7154842615127563,-19.97507095336914,0.029307764023542404
replay,5780,TOTAL_g_res_except_mask_row,,,,,,,,,,-34.896949768066406,-209.4424285888672,-0.10119861364364624,-0.006749553605914116,-23.36421775817871,-0.02930602803826332,-0.0019933960866183043,CLOSE_MASK,5780.0,0.0001999914664351103,0.32387574551617465,3.0876028537750244,1.7154842615127563,-19.97507095336914,0.029307764023542404
replay,5780,TOTAL_e_art_only,,,,,,,,,,-0.9856112599372864,-4.098136901855469,-0.0037769514601677656,-0.00023298431187868118,-0.7916895151138306,-0.0029618018306791782,-0.00017573029617778957,CLOSE_MASK,5780.0,0.0001999914664351103,0.32387574551617465,3.0876028537750244,1.7154842615127563,-19.97507095336914,0.029307764023542404
replay,5781,id,1.0,-2.2351741790771484e-08,-2.2351741790771484e-08,0.0,0.0,0.0,0.0,0.0,MIXED_OR_NEGLIGIBLE,0.0,0.0,0.0,0.0,0.0,0.0,0.0,OPEN_MASK,5781.0,0.00019999139911039028,1.0,0.009041407145559788,0.8579016923904419,-45.45802307128906,1.960030658665346e-06
replay,5781,lm,1.0,1.6210833564400673e-08,1.6210833564400673e-08,5.128330826664751e-07,-1.8705124603002332e-05,-0.32977718114852905,-4.593547764386585e-14,5.1116244570437175e-09,MIXED_OR_NEGLIGIBLE,1.1102762073278427e-05,0.00010488807311048731,5.992190771353378e-11,5.4569682106375694e-12,2.5533481675665826e-06,3.235360330339221e-12,2.5579538487363607e-13,OPEN_MASK,5781.0,0.00019999139911039028,1.0,0.009041407145559788,0.8579016923904419,-45.45802307128906,1.960030658665346e-06
replay,5781,parse,0.5,0.2136562168598175,0.10682810842990875,7.122038368834183e-06,-0.00013295338430907577,-0.16878393292427063,-5.885292253537955e-13,1.5063180569541146e-07,MIXED_OR_NEGLIGIBLE,-6.410572677850723e-05,-0.00026710997917689383,-2.7888724316027513e-11,6.707523425575346e-12,7.05433776602149e-05,2.7470761776449137e-11,2.113864638886298e-12,CLOSE_MASK,5781.0,0.00019999139911039028,1.0,0.009041407145559788,0.8579016923904419,-45.45802307128906,1.960030658665346e-06
replay,5781,low,2.0,1.3365714579549604e-07,2.6731429159099207e-07,0.0,0.0,0.0,0.0,0.0,MIXED_OR_NEGLIGIBLE,0.0,0.0,0.0,0.0,0.0,0.0,0.0,OPEN_MASK,5781.0,0.00019999139911039028,1.0,0.009041407145559788,0.8579016923904419,-45.45802307128906,1.960030658665346e-06
replay,5781,artcon,1.0,0.5343183279037476,0.5343183279037476,2.0927200239384547e-05,0.0009198017651215196,0.39739203453063965,1.8202384044485598e-12,1.2605761412487482e-07,MIXED_OR_NEGLIGIBLE,-8.631451055407524e-05,-6.498128641396761e-05,8.244119276135109e-11,-3.524291969370097e-12,-0.00027817406225949526,-1.3348437633009524e-10,-8.238743021138362e-12,CLOSE_MASK,5781.0,0.00019999139911039028,1.0,0.009041407145559788,0.8579016923904419,-45.45802307128906,1.960030658665346e-06
replay,5781,spec,0.5,0.03675108589231968,0.01837554294615984,6.178479452501051e-07,-1.7737524103722535e-05,-0.2595657408237457,-3.114175584073564e-14,1.1251170661807919e-08,MIXED_OR_NEGLIGIBLE,-1.980504021048546e-05,-0.00021474201639648527,1.2596065683545543e-11,1.0686562745831907e-11,2.1418891265057027e-06,1.5112105360495787e-12,2.6645352591003757e-14,CLOSE_MASK,5781.0,0.00019999139911039028,1.0,0.009041407145559788,0.8579016923904419,-45.45802307128906,1.960030658665346e-06
replay,5781,budget,0.5,0.009999873582273722,0.004999936791136861,5.007073923479766e-06,-0.00022143394744489342,-0.39984917640686035,-4.712619183777633e-13,1.8115963840159566e-08,MIXED_OR_NEGLIGIBLE,-3.215833567082882e-05,0.00011135281238239259,1.651043884942638e-11,7.503331289626658e-12,6.492757529485971e-05,3.2126593052517194e-11,2.462030579408747e-12,CLOSE_MASK,5781.0,0.00019999139911039028,1.0,0.009041407145559788,0.8579016923904419,-45.45802307128906,1.960030658665346e-06
replay,5781,tv,0.05,0.0029987061861902475,0.00014993530930951238,0.00894808117300272,0.9893829226493835,0.999701976776123,1.4421519534124627e-12,5.582731077424796e-08,MIXED_OR_NEGLIGIBLE,-0.06732811033725739,-0.1030832901597023,-2.3067357801664912e-08,-1.4326815289678052e-09,-0.06752417981624603,-2.3072328048101554e-08,-1.4239276424632408e-09,CLOSE_MASK,5781.0,0.00019999139911039028,1.0,0.009041407145559788,0.8579016923904419,-45.45802307128906,1.960030658665346e-06
replay,5781,bg,1.0,1.315682567337717e-07,1.315682567337717e-07,8.910018550523091e-06,0.0003960737958550453,0.4019143879413605,8.40105762733856e-13,3.418145055888999e-08,MIXED_OR_NEGLIGIBLE,-1.108972355723381e-05,0.0001303845492657274,6.492868742657976e-11,2.2737367544323206e-13,-0.00012039556168019772,-6.081338210783827e-11,-4.172662215751188e-12,CLOSE_MASK,5781.0,0.00019999139911039028,1.0,0.009041407145559788,0.8579016923904419,-45.45802307128906,1.960030658665346e-06
replay,5781,gadv,0.05,2.9395158290863037,0.1469757914543152,0.00023497475194744766,0.00973207876086235,0.3744729459285736,1.663352788838779e-11,1.0849576028704178e-06,MIXED_OR_NEGLIGIBLE,-0.002991744317114353,-0.005238964222371578,-1.2787626513244277e-09,-1.0379608283983544e-10,-0.004040384665131569,-1.7921912842666643e-09,-1.1290524071227992e-10,CLOSE_MASK,5781.0,0.00019999139911039028,1.0,0.009041407145559788,0.8579016923904419,-45.45802307128906,1.960030658665346e-06
replay,5781,momentum,,,,,,,,,,-9.12797737121582,-16.027761459350586,-3.6739115785167087e-06,-2.2894619178259745e-07,-8.322606086730957,-1.641575636313064e-06,-1.0300281161335079e-07,CLOSE_MASK,5781.0,0.00019999139911039028,1.0,0.009041407145559788,0.8579016923904419,-45.45802307128906,1.960030658665346e-06
replay,5781,TOTAL,,,,,,,,,,-9.20012092590332,-16.140419006347656,-3.698436330523691e-06,-2.3049130959407194e-07,-8.409852027893066,-1.6463584415760124e-06,-1.0330661126545237e-07,CLOSE_MASK,5781.0,0.00019999139911039028,1.0,0.009041407145559788,0.8579016923904419,-45.45802307128906,1.960030658665346e-06
replay,5781,TOTAL_mask_head_row_only,,,,,,,,,,-1.0129787921905518,-2.112828493118286,-4.912957365377224e-07,-3.122113412246108e-08,-1.0132092237472534,-4.343677062479401e-07,-2.7511427802551225e-08,CLOSE_MASK,5781.0,0.00019999139911039028,1.0,0.009041407145559788,0.8579016923904419,-45.45802307128906,1.960030658665346e-06
replay,5781,TOTAL_g_res_except_mask_row,,,,,,,,,,-8.107601165771484,-13.960925102233887,-3.210928980479366e-06,-1.996122591663152e-07,-7.203242301940918,-1.5473515304620378e-06,-9.68688027569442e-08,CLOSE_MASK,5781.0,0.00019999139911039028,1.0,0.009041407145559788,0.8579016923904419,-45.45802307128906,1.960030658665346e-06
replay,5781,TOTAL_e_art_only,,,,,,,,,,-0.07760811597108841,-0.06429554522037506,-8.88181883595962e-09,-6.172058419906534e-10,-0.0685194879770279,-5.115686985135426e-09,-3.1043967396726657e-10,CLOSE_MASK,5781.0,0.00019999139911039028,1.0,0.009041407145559788,0.8579016923904419,-45.45802307128906,1.960030658665346e-06
replay,5782,id,1.0,-4.470348358154297e-08,-4.470348358154297e-08,0.0,0.0,0.0,0.0,0.0,MIXED_OR_NEGLIGIBLE,0.0,0.0,0.0,0.0,0.0,0.0,0.0,OPEN_MASK,5782.0,0.00019999133152114845,1.0,0.00796328205615282,0.42904210090637207,-53.30499267578125,1.636432500617957e-07
replay,5782,lm,1.0,0.0,0.0,0.0,0.0,0.0,0.0,0.0,MIXED_OR_NEGLIGIBLE,0.0,0.0,0.0,0.0,0.0,0.0,0.0,OPEN_MASK,5782.0,0.00019999133152114845,1.0,0.00796328205615282,0.42904210090637207,-53.30499267578125,1.636432500617957e-07
replay,5782,parse,0.5,0.22156977653503418,0.11078488826751709,2.788884501114808e-07,1.0200021279160865e-05,0.29124778509140015,1.7957857423311907e-14,3.5632232719962076e-09,MIXED_OR_NEGLIGIBLE,-3.3531105145812035e-05,0.00010089397255796939,7.6306062163356e-13,4.831690603168681e-12,-8.394454198423773e-07,-8.244721908228642e-14,0.0,CLOSE_MASK,5782.0,0.00019999133152114845,1.0,0.00796328205615282,0.42904210090637207,-53.30499267578125,1.636432500617957e-07
replay,5782,low,2.0,1.278807886251343e-07,2.557615772502686e-07,0.0,0.0,0.0,0.0,0.0,MIXED_OR_NEGLIGIBLE,0.0,0.0,0.0,0.0,0.0,0.0,0.0,OPEN_MASK,5782.0,0.00019999133152114845,1.0,0.00796328205615282,0.42904210090637207,-53.30499267578125,1.636432500617957e-07
replay,5782,artcon,1.0,0.4495399743318558,0.4495399743318558,7.159661890909774e-06,-0.0002795928157866001,-0.3109751045703888,-5.015987625256457e-13,4.6169635226078753e-08,MIXED_OR_NEGLIGIBLE,2.539786510169506e-05,0.00030635696020908654,3.264338669164979e-12,0.0,0.00010706829198170453,4.402545168702421e-12,1.5942802633617248e-13,OPEN_MASK,5782.0,0.00019999133152114845,1.0,0.00796328205615282,0.42904210090637207,-53.30499267578125,1.636432500617957e-07
replay,5782,spec,0.5,0.024087276309728622,0.012043638154864311,5.4150021355781064e-08,-2.868302317438065e-06,-0.4218114912509918,-1.6930901125533637e-15,4.909384565543462e-10,MIXED_OR_NEGLIGIBLE,0.0,0.0,0.0,0.0,-6.281043170019984e-07,3.615486951708338e-14,0.0,OPEN_MASK,5782.0,0.00019999133152114845,1.0,0.00796328205615282,0.42904210090637207,-53.30499267578125,1.636432500617957e-07
replay,5782,budget,0.5,0.009999989066272974,0.004999994533136487,4.493213623391057e-07,-1.604847602720838e-05,-0.2844257056713104,-4.088396288182139e-14,1.344118705226549e-09,MIXED_OR_NEGLIGIBLE,-1.672632060945034e-05,-0.00034671800676733255,-1.0144630795128062e-11,0.0,2.476699592079967e-07,7.099894538389537e-14,7.549516567451064e-14,CLOSE_MASK,5782.0,0.00019999133152114845,1.0,0.00796328205615282,0.42904210090637207,-53.30499267578125,1.636432500617957e-07
replay,5782,tv,0.05,0.002630149945616722,0.0001315074972808361,0.007964965887367725,1.000239372253418,1.0000278949737549,1.2356782264077992e-13,4.054824032095894e-09,MIXED_OR_NEGLIGIBLE,-0.07443909347057343,-0.1087571531534195,-2.1700574670546757e-09,-1.708713170955889e-10,-0.07427451014518738,-2.158407230723469e-09,-1.3932766051993895e-10,CLOSE_MASK,5782.0,0.00019999133152114845,1.0,0.00796328205615282,0.42904210090637207,-53.30499267578125,1.636432500617957e-07
replay,5782,bg,1.0,3.278619153945783e-08,3.278619153945783e-08,1.0342756695536082e-06,4.749797153635882e-05,0.3657049834728241,8.099076964640517e-14,2.6553059750966668e-09,MIXED_OR_NEGLIGIBLE,-4.975590854883194e-06,-8.102515494101681e-07,-2.416803736304818e-12,0.0,-8.550036000087857e-06,-5.565332266213585e-13,-1.7763568394002505e-15,CLOSE_MASK,5782.0,0.00019999133152114845,1.0,0.00796328205615282,0.42904210090637207,-53.30499267578125,1.636432500617957e-07
replay,5782,gadv,0.05,4.655387759208679,0.23276938796043398,2.289657686560531e-06,2.9611546779051423e-05,0.10298706591129303,1.1607381722456012e-13,3.7633164140515873e-08,MIXED_OR_NEGLIGIBLE,-5.0814589485526085e-05,-1.390683974022977e-05,-8.718888783697254e-13,0.0,-2.0463026885408908e-05,-9.54216631925131e-13,0.0,CLOSE_MASK,5782.0,0.00019999133152114845,1.0,0.00796328205615282,0.42904210090637207,-53.30499267578125,1.636432500617957e-07
replay,5782,momentum,,,,,,,,,,-3.905647039413452,-7.385605812072754,-1.5005420550551207e-07,-9.793183153306018e-09,-3.86570405960083,-9.857209448682624e-08,-6.439339728103732e-09,CLOSE_MASK,5782.0,0.00019999133152114845,1.0,0.00796328205615282,0.42904210090637207,-53.30499267578125,1.636432500617957e-07
replay,5782,TOTAL,,,,,,,,,,-3.9801764488220215,-7.494882583618164,-1.5219916349451523e-07,-9.899963515636045e-09,-3.9452333450317383,-9.949400947562026e-08,-6.499355720279709e-09,CLOSE_MASK,5782.0,0.00019999133152114845,1.0,0.00796328205615282,0.42904210090637207,-53.30499267578125,1.636432500617957e-07
replay,5782,TOTAL_mask_head_row_only,,,,,,,,,,-0.5807249546051025,-1.150374174118042,-2.338777527199909e-08,-1.5713794709881768e-09,-0.5805090069770813,-2.1768043367842438e-08,-1.4276575477367714e-09,CLOSE_MASK,5782.0,0.00019999133152114845,1.0,0.00796328205615282,0.42904210090637207,-53.30499267578125,1.636432500617957e-07
replay,5782,TOTAL_g_res_except_mask_row,,,,,,,,,,-3.41719388961792,-6.380886077880859,-1.2973069374311308e-07,-8.398671980103245e-09,-3.3568336963653564,-8.952488883551268e-08,-5.839084327163846e-09,CLOSE_MASK,5782.0,0.00019999133152114845,1.0,0.00796328205615282,0.42904210090637207,-53.30499267578125,1.636432500617957e-07
replay,5782,TOTAL_e_art_only,,,,,,,,,,0.018299525603652,0.037138957530260086,6.432617771778837e-10,5.4853899200679734e-12,0.02153818868100643,7.596658857522698e-10,4.7770232214361386e-11,OPEN_MASK,5782.0,0.00019999133152114845,1.0,0.00796328205615282,0.42904210090637207,-53.30499267578125,1.636432500617957e-07
replay,5800,id,1.0,-7.450580596923828e-09,-7.450580596923828e-09,0.0,0.0,0.0,0.0,0.0,MIXED_OR_NEGLIGIBLE,0.0,0.0,0.0,0.0,0.0,0.0,0.0,OPEN_MASK,5800.0,0.00019999006968176694,1.0,0.004259789828211069,0.0014774714363738894,-64.48295593261719,1.9476015467034813e-08
replay,5800,lm,1.0,0.0,0.0,0.0,0.0,0.0,0.0,0.0,MIXED_OR_NEGLIGIBLE,0.0,0.0,0.0,0.0,0.0,0.0,0.0,OPEN_MASK,5800.0,0.00019999006968176694,1.0,0.004259789828211069,0.0014774714363738894,-64.48295593261719,1.9476015467034813e-08
replay,5800,parse,0.5,0.24206963181495667,0.12103481590747833,1.3909141216572607e-07,-8.941065061662812e-06,-0.27382752299308777,-1.1185496973098452e-14,7.840076365894788e-10,MIXED_OR_NEGLIGIBLE,9.313225746154785e-10,1.7993606604704837e-11,2.168404344971009e-19,0.0,4.2097963159903884e-07,1.3001488178166626e-14,0.0,OPEN_MASK,5800.0,0.00019999006968176694,1.0,0.004259789828211069,0.0014774714363738894,-64.48295593261719,1.9476015467034813e-08
replay,5800,low,2.0,1.3461610137710522e-07,2.6923220275421045e-07,0.0,0.0,0.0,0.0,0.0,MIXED_OR_NEGLIGIBLE,0.0,0.0,0.0,0.0,0.0,0.0,0.0,OPEN_MASK,5800.0,0.00019999006968176694,1.0,0.004259789828211069,0.0014774714363738894,-64.48295593261719,1.9476015467034813e-08
replay,5800,artcon,1.0,0.4790549725294113,0.4790549725294113,4.901812076241185e-07,2.6451270969118923e-05,0.22986777126789093,3.03368441478824e-14,3.17029980045902e-09,MIXED_OR_NEGLIGIBLE,2.9256101697683334e-05,-0.00016135377518367022,-6.365410585781883e-13,0.0,-5.3710537031292915e-06,-2.991209100615226e-14,0.0,OPEN_MASK,5800.0,0.00019999006968176694,1.0,0.004259789828211069,0.0014774714363738894,-64.48295593261719,1.9476015467034813e-08
replay,5800,spec,0.5,0.03130636736750603,0.015653183683753014,3.2767293323132662e-09,8.003834039982394e-08,0.10405085980892181,1.3877787807814457e-16,3.233506171151923e-11,MIXED_OR_NEGLIGIBLE,0.0,0.0,0.0,0.0,0.0,0.0,0.0,OPEN_MASK,5800.0,0.00019999006968176694,1.0,0.004259789828211069,0.0014774714363738894,-64.48295593261719,1.9476015467034813e-08
replay,5800,budget,0.5,0.00999999837949872,0.00499999918974936,5.849848250250034e-08,-2.803872803269769e-06,-0.20417466759681702,-5.079270337660091e-15,1.874530114465145e-10,MIXED_OR_NEGLIGIBLE,0.0,0.0,0.0,0.0,-6.644695531576872e-07,8.009314003307958e-15,0.0,OPEN_MASK,5800.0,0.00019999006968176694,1.0,0.004259789828211069,0.0014774714363738894,-64.48295593261719,1.9476015467034813e-08
replay,5800,tv,0.05,0.0008874000632204115,4.437000316102058e-05,0.004259985405951738,1.0000653266906738,1.0000194311141968,1.504352198367087e-14,5.616171971922768e-10,MIXED_OR_NEGLIGIBLE,-0.044976189732551575,-0.06782648712396622,-1.663784388039602e-10,-2.4726887204451486e-12,-0.04569163918495178,-1.657670112287235e-10,-1.0388134796812665e-11,CLOSE_MASK,5800.0,0.00019999006968176694,1.0,0.004259789828211069,0.0014774714363738894,-64.48295593261719,1.9476015467034813e-08
replay,5800,bg,1.0,1.9656592797900885e-08,1.9656592797900885e-08,1.1297747448679729e-07,5.104982392367674e-06,0.19248218834400177,9.43689570931383e-15,3.6350672472096335e-10,MIXED_OR_NEGLIGIBLE,-1.1962838470935822e-06,1.4333490980789065e-05,-1.5637732536828708e-14,0.0,1.5986006474122405e-07,2.869708661781996e-14,0.0,CLOSE_MASK,5800.0,0.00019999006968176694,1.0,0.004259789828211069,0.0014774714363738894,-64.48295593261719,1.9476015467034813e-08
replay,5800,gadv,0.05,3.262742757797241,0.16313713788986206,7.784446438563464e-07,-6.557921733474359e-05,-0.3588613271713257,-4.907185768843192e-14,2.600617943215866e-09,MIXED_OR_NEGLIGIBLE,8.94162803888321e-06,0.0005107318283990026,1.6352407709169237e-12,0.0,3.7157442420721054e-06,4.8649835380923726e-14,0.0,OPEN_MASK,5800.0,0.00019999006968176694,1.0,0.004259789828211069,0.0014774714363738894,-64.48295593261719,1.9476015467034813e-08
replay,5800,momentum,,,,,,,,,,-0.04850252717733383,-0.07365493476390839,-1.7999939039281543e-10,-2.5011104298755527e-12,-0.04914447292685509,-1.7755863446211606e-10,-1.142019812050421e-11,CLOSE_MASK,5800.0,0.00019999006968176694,1.0,0.004259789828211069,0.0014774714363738894,-64.48295593261719,1.9476015467034813e-08
replay,5800,TOTAL,,,,,,,,,,-0.09493070840835571,-0.14401113986968994,-3.465306930294787e-10,-1.901412360894028e-11,-0.09482638537883759,-3.417618410495038e-10,-2.2317259151805047e-11,CLOSE_MASK,5800.0,0.00019999006968176694,1.0,0.004259789828211069,0.0014774714363738894,-64.48295593261719,1.9476015467034813e-08
replay,5800,TOTAL_mask_head_row_only,,,,,,,,,,0.0,0.0,0.0,0.0,-3.673914761748165e-06,-3.522686022007157e-14,0.0,OPEN_MASK,5800.0,0.00019999006968176694,1.0,0.004259789828211069,0.0014774714363738894,-64.48295593261719,1.9476015467034813e-08
replay,5800,TOTAL_g_res_except_mask_row,,,,,,,,,,-0.09480080753564835,-0.1431565284729004,-3.456178676586319e-10,-1.901412360894028e-11,-0.0947156697511673,-3.4109315372177207e-10,-2.2285284728695842e-11,CLOSE_MASK,5800.0,0.00019999006968176694,1.0,0.004259789828211069,0.0014774714363738894,-64.48295593261719,1.9476015467034813e-08
replay,5800,TOTAL_e_art_only,,,,,,,,,,-2.878718078136444e-06,-6.799271068302915e-05,2.314693033599047e-13,0.0,-0.00010851400293176994,-6.119762357460756e-13,8.43769498715119e-15,CLOSE_MASK,5800.0,0.00019999006968176694,1.0,0.004259789828211069,0.0014774714363738894,-64.48295593261719,1.9476015467034813e-08
fork_A,5526,id,1.0,0.003602229058742523,0.003602229058742523,0.04681139811873436,0.013752476312220097,0.2737778127193451,1.0491833096759606e-12,2.7692008686130976e-08,MIXED_OR_NEGLIGIBLE,0.04595416411757469,0.22677505016326904,6.688176654279232e-06,-0.0002935826778411865,0.044455304741859436,6.170612778078066e-06,-0.0002898240927606821,OPEN_MASK,5526.0,0.0002,1.0,0.9318992495536804,2.5087714195251465,13.93161678314209,0.9999252557754517
fork_A,5526,lm,1.0,0.00746400048956275,0.00746400048956275,0.060306400060653687,-0.011694562621414661,-0.18071305751800537,1.7969254556549075e-12,9.014810586904787e-08,MIXED_OR_NEGLIGIBLE,0.06378306448459625,0.16773320734500885,8.043251000344753e-06,-0.0004310309886932373,0.06302432715892792,6.709379704261664e-06,-0.0003920372109860182,OPEN_MASK,5526.0,0.0002,1.0,0.9318992495536804,2.5087714195251465,13.93161678314209,0.9999252557754517
fork_A,5526,parse,0.5,0.27184273302555084,0.13592136651277542,0.05302721634507179,-0.008689629845321178,-0.1527113914489746,2.148559108405834e-12,2.0707797432351072e-07,MIXED_OR_NEGLIGIBLE,0.11563636362552643,0.41954752802848816,6.384099833667278e-06,-0.0002877265214920044,0.11676259338855743,5.768120445281966e-06,-0.00027882284484803677,OPEN_MASK,5526.0,0.0002,1.0,0.9318992495536804,2.5087714195251465,13.93161678314209,0.9999252557754517
fork_A,5526,low,2.0,1.1065043281632825e-07,2.213008656326565e-07,0.0,0.0,0.0,0.0,0.0,MIXED_OR_NEGLIGIBLE,0.0,0.0,0.0,0.0,0.0,0.0,0.0,OPEN_MASK,5526.0,0.0002,1.0,0.9318992495536804,2.5087714195251465,13.93161678314209,0.9999252557754517
fork_A,5526,artcon,1.0,0.4039783179759979,0.4039783179759979,0.5297543406486511,0.33517542481422424,0.5896124243736267,2.742908331021532e-12,8.906818038667552e-07,MIXED_OR_NEGLIGIBLE,0.7206169366836548,6.747073650360107,7.674252265132964e-05,0.0022496432065963745,0.6982397437095642,2.851013050531037e-05,0.0026683227624744177,OPEN_MASK,5526.0,0.0002,1.0,0.9318992495536804,2.5087714195251465,13.93161678314209,0.9999252557754517
fork_A,5526,spec,0.5,0.03248624876141548,0.01624312438070774,0.0026387888938188553,-0.0009135421132668853,-0.3226211965084076,9.701441039400294e-14,3.796561287572331e-09,MIXED_OR_NEGLIGIBLE,0.007499423809349537,0.03287918493151665,3.018067218363285e-08,9.357929229736328e-06,0.007490428164601326,2.0806965039810166e-08,9.447801858186722e-06,OPEN_MASK,5526.0,0.0002,1.0,0.9318992495536804,2.5087714195251465,13.93161678314209,0.9999252557754517
fork_A,5526,budget,0.5,0.0,0.0,0.0,0.0,0.0,0.0,0.0,MIXED_OR_NEGLIGIBLE,0.0,0.0,0.0,0.0,0.0,0.0,0.0,OPEN_MASK,5526.0,0.0002,1.0,0.9318992495536804,2.5087714195251465,13.93161678314209,0.9999252557754517
fork_A,5526,tv,0.05,0.04255079850554466,0.002127539925277233,0.010591908358037472,-0.0034038249868899584,-0.29947593808174133,-2.25214517174388e-11,1.3634355866543046e-07,MIXED_OR_NEGLIGIBLE,0.023260483518242836,0.1014552116394043,8.33999365568161e-07,-3.115832805633545e-05,0.023365650326013565,8.283245733764488e-07,-3.023003228008747e-05,OPEN_MASK,5526.0,0.0002,1.0,0.9318992495536804,2.5087714195251465,13.93161678314209,0.9999252557754517
fork_A,5526,bg,1.0,0.007097284076735377,0.007097284076735377,0.028744198381900787,-0.0027607111260294914,-0.0895034447312355,2.9801890122360675e-12,1.1519307285823288e-08,MIXED_OR_NEGLIGIBLE,-0.06695083528757095,-0.3861221373081207,-2.8821814339607954e-06,-0.0005575269460678101,-0.0655205026268959,-2.810651494655758e-06,-0.0005115708336234093,CLOSE_MASK,5526.0,0.0002,1.0,0.9318992495536804,2.5087714195251465,13.93161678314209,0.9999252557754517
fork_A,5526,gadv,0.05,10.251204490661621,0.512560224533081,0.7642611861228943,0.680904746055603,0.8302589058876038,3.0781818066705213e-12,1.490855936481239e-07,MIXED_OR_NEGLIGIBLE,-3.4510416984558105,-10.174988746643066,-0.00010069180279970169,-0.012593865394592285,-0.5049896240234375,-0.00012110078387195244,-0.0031301872804760933,CLOSE_MASK,5526.0,0.0002,1.0,0.9318992495536804,2.5087714195251465,13.93161678314209,0.9999252557754517
fork_A,5526,momentum,,,,,,,,,,0.07168292254209518,0.09658210724592209,-4.5717169996351e-06,0.00010786950588226318,0.07694111764431,-5.110593519930262e-06,0.00013497332111001015,OPEN_MASK,5526.0,0.0002,1.0,0.9318992495536804,2.5087714195251465,13.93161678314209,0.9999252557754517
fork_A,5526,TOTAL,,,,,,,,,,-2.4949350357055664,-2.9264769554138184,-5.434587365016341e-06,-0.011879116296768188,-0.3499016761779785,-4.456975148059428e-05,-0.003933071158826351,CLOSE_MASK,5526.0,0.0002,1.0,0.9318992495536804,2.5087714195251465,13.93161678314209,0.9999252557754517
fork_A,5526,TOTAL_mask_head_row_only,,,,,,,,,,0.000726635567843914,0.005077643319964409,3.323657438158989e-08,0.0,0.0007676682434976101,3.2124717108672485e-08,4.656612873077393e-10,OPEN_MASK,5526.0,0.0002,1.0,0.9318992495536804,2.5087714195251465,13.93161678314209,0.9999252557754517
fork_A,5526,TOTAL_g_res_except_mask_row,,,,,,,,,,-2.8481240272521973,-7.336488246917725,-7.465708767995238e-05,-0.011055171489715576,-0.5442665815353394,-0.00021081528393551707,-0.0037230458110570908,CLOSE_MASK,5526.0,0.0002,1.0,0.9318992495536804,2.5087714195251465,13.93161678314209,0.9999252557754517
fork_A,5526,TOTAL_e_art_only,,,,,,,,,,0.348531037569046,4.368874549865723,6.619043415412307e-05,-0.0008693337440490723,0.08717279881238937,2.4828721507219598e-05,-0.0007243065629154444,OPEN_MASK,5526.0,0.0002,1.0,0.9318992495536804,2.5087714195251465,13.93161678314209,0.9999252557754517
fork_A,5600,id,1.0,0.0031993016600608826,0.0031993016600608826,0.04530390352010727,-0.005657691042870283,-0.12602446973323822,1.757323453421833e-12,5.387001920098555e-07,MIXED_OR_NEGLIGIBLE,0.03391265124082565,-0.03312237560749054,-8.175429684342816e-06,-0.00011727213859558105,0.0342957004904747,-8.221128155128099e-06,-0.00011344254016876221,OPEN_MASK,5600.0,0.00019999927567710798,0.9909421377912212,1.0091396570205688,1.7936043739318848,24.348861694335938,0.9906343221664429
fork_A,5600,lm,1.0,0.010219543008133769,0.010219543008133769,0.1379123479127884,-0.0034737817477434874,-0.025418542325496674,-8.278548679907516e-11,4.108767461730167e-05,MIXED_OR_NEGLIGIBLE,0.3464295268058777,-0.4936160147190094,-7.633347559021786e-05,4.3958425521850586e-05,0.3579448461532593,-8.223013719543815e-05,0.00011243904009461403,OPEN_MASK,5600.0,0.00019999927567710798,0.9909421377912212,1.0091396570205688,1.7936043739318848,24.348861694335938,0.9906343221664429
fork_A,5600,parse,0.5,0.3234502226114273,0.16172511130571365,0.3227168023586273,-0.05085767060518265,-0.15903261303901672,-5.434473704379883e-11,2.8880214813398197e-05,MIXED_OR_NEGLIGIBLE,1.0846071243286133,-0.3569067418575287,-0.00022529417765326798,0.00016203522682189941,1.3019695281982422,-0.00029742770129814744,0.0005480269901454449,OPEN_MASK,5600.0,0.00019999927567710798,0.9909421377912212,1.0091396570205688,1.7936043739318848,24.348861694335938,0.9906343221664429
fork_A,5600,low,2.0,1.3287477429457795e-07,2.657495485891559e-07,0.0,0.0,0.0,0.0,0.0,MIXED_OR_NEGLIGIBLE,0.0,0.0,0.0,0.0,0.0,0.0,0.0,OPEN_MASK,5600.0,0.00019999927567710798,0.9909421377912212,1.0091396570205688,1.7936043739318848,24.348861694335938,0.9906343221664429
fork_A,5600,artcon,1.0,0.41765476763248444,0.41765476763248444,0.3094087243080139,0.02602514438331127,0.08488127589225769,5.144221854047615e-11,6.691234011668712e-05,MIXED_OR_NEGLIGIBLE,0.7860009670257568,-12.911863327026367,-0.001107038464397192,0.0007333755493164062,0.8418998718261719,-0.0013415573630481958,0.0009191534481942654,OPEN_MASK,5600.0,0.00019999927567710798,0.9909421377912212,1.0091396570205688,1.7936043739318848,24.348861694335938,0.9906343221664429
fork_A,5600,spec,0.5,0.03278745524585247,0.016393727622926235,0.004061449319124222,0.000721306016203016,0.17922137677669525,1.0536016503692736e-12,1.7890178583002125e-07,MIXED_OR_NEGLIGIBLE,0.02580997720360756,-0.0032805618830025196,-5.370848612074042e-06,-2.4437904357910156e-06,0.025902414694428444,-5.37281266588252e-06,-2.402346581220627e-06,OPEN_MASK,5600.0,0.00019999927567710798,0.9909421377912212,1.0091396570205688,1.7936043739318848,24.348861694335938,0.9906343221664429
fork_A,5600,budget,0.5,0.0,0.0,0.0,0.0,0.0,0.0,0.0,MIXED_OR_NEGLIGIBLE,0.0,0.0,0.0,0.0,0.0,0.0,0.0,OPEN_MASK,5600.0,0.00019999927567710798,0.9909421377912212,1.0091396570205688,1.7936043739318848,24.348861694335938,0.9906343221664429
fork_A,5600,tv,0.05,0.022326975129544735,0.0011163487564772368,0.008051860146224499,0.0015977266011759639,0.20024308562278748,-1.0328980726281856e-10,1.28360647977388e-06,MIXED_OR_NEGLIGIBLE,0.016906462609767914,1.143067717552185,0.00011881668615387753,1.1265277862548828e-05,0.01695159450173378,0.00011684320634230971,1.1358875781297684e-05,OPEN_MASK,5600.0,0.00019999927567710798,0.9909421377912212,1.0091396570205688,1.7936043739318848,24.348861694335938,0.9906343221664429
fork_A,5600,bg,1.0,0.01157863694243133,0.01157863694243133,0.02949158474802971,0.0037579049821943045,0.12858755886554718,2.57904725353697e-10,1.6724657143640798e-06,MIXED_OR_NEGLIGIBLE,-0.05689290538430214,-3.750971794128418,-0.00036312337033450603,-0.0002046525478363037,-0.05705561861395836,-0.0003737388178706169,-0.0001986231654882431,CLOSE_MASK,5600.0,0.00019999927567710798,0.9909421377912212,1.0091396570205688,1.7936043739318848,24.348861694335938,0.9906343221664429
fork_A,5600,gadv,0.05,8.415793895721436,0.4207896947860718,1.1715130805969238,1.029201865196228,0.8865529894828796,-9.011056345542556e-10,1.5067552340042312e-05,MIXED_OR_NEGLIGIBLE,-4.792351722717285,165.98329162597656,0.017426585778594017,-0.0007025301456451416,-2.8901901245117188,0.008023422211408615,0.00010621314868330956,CLOSE_MASK,5600.0,0.00019999927567710798,0.9909421377912212,1.0091396570205688,1.7936043739318848,24.348861694335938,0.9906343221664429
fork_A,5600,momentum,,,,,,,,,,1.7977888584136963,5.1076555252075195,0.0005500717670656741,0.0005934834480285645,1.5968143939971924,0.00037782249273732305,0.0007447707466781139,OPEN_MASK,5600.0,0.00019999927567710798,0.9909421377912212,1.0091396570205688,1.7936043739318848,24.348861694335938,0.9906343221664429
fork_A,5600,TOTAL,,,,,,,,,,-0.7942043542861938,155.19577026367188,0.01633526384830475,0.00046312808990478516,-0.7166013121604919,0.0075080981478095055,0.0004022270441055298,CLOSE_MASK,5600.0,0.00019999927567710798,0.9909421377912212,1.0091396570205688,1.7936043739318848,24.348861694335938,0.9906343221664429
fork_A,5600,TOTAL_mask_head_row_only,,,,,,,,,,-0.018618132919073105,0.38735565543174744,3.527913213474676e-05,2.3543834686279297e-06,-0.018599413335323334,3.5293611290398985e-05,2.369750291109085e-06,CLOSE_MASK,5600.0,0.00019999927567710798,0.9909421377912212,1.0091396570205688,1.7936043739318848,24.348861694335938,0.9906343221664429
fork_A,5600,TOTAL_g_res_except_mask_row,,,,,,,,,,0.6681677103042603,60.276519775390625,0.004832046572118998,0.00021389126777648926,0.24916335940361023,0.004105318337678909,0.0006767204031348228,OPEN_MASK,5600.0,0.00019999927567710798,0.9909421377912212,1.0091396570205688,1.7936043739318848,24.348861694335938,0.9906343221664429
fork_A,5600,TOTAL_e_art_only,,,,,,,,,,-1.4373786449432373,95.21057891845703,0.011704198084771633,0.0002605020999908447,-0.9268345832824707,0.00516236899420619,-0.00018170569092035294,CLOSE_MASK,5600.0,0.00019999927567710798,0.9909421377912212,1.0091396570205688,1.7936043739318848,24.348861694335938,0.9906343221664429
fork_A,5700,id,1.0,0.00395878404378891,0.00395878404378891,0.03920118510723114,0.0022883012425154448,0.1028437465429306,1.6384810175296138e-12,2.5765727329485344e-08,MIXED_OR_NEGLIGIBLE,-0.0030162958428263664,-0.015857411548495293,1.9848812371492386e-08,-4.786252975463867e-05,-0.0029596772510558367,1.907255864352919e-08,-4.771305248141289e-05,CLOSE_MASK,5700.0,0.00019999599534719265,0.5675914538496882,1.7618296146392822,0.43780091404914856,12.34653377532959,0.9999451637268066
fork_A,5700,lm,1.0,0.007824456552043557,0.007824456552043557,0.07398790121078491,0.004564404021948576,0.10868941992521286,2.4435453660487383e-12,1.1602050875580971e-07,MIXED_OR_NEGLIGIBLE,-0.0013929361011832952,0.0018300132360309362,3.3032847568392754e-07,-5.4001808166503906e-05,-0.0011605247855186462,3.3494688977953047e-07,-5.34839928150177e-05,CLOSE_MASK,5700.0,0.00019999599534719265,0.5675914538496882,1.7618296146392822,0.43780091404914856,12.34653377532959,0.9999451637268066
fork_A,5700,parse,0.5,0.23146802932024002,0.11573401466012001,0.124700166285038,0.01587715372443199,0.22432079911231995,3.373044898946631e-12,9.712764637015425e-08,MIXED_OR_NEGLIGIBLE,-0.029618186876177788,-0.16379424929618835,-3.698514774441719e-07,-0.000118255615234375,-0.029092498123645782,-3.59665591531666e-07,-0.00011597620323300362,CLOSE_MASK,5700.0,0.00019999599534719265,0.5675914538496882,1.7618296146392822,0.43780091404914856,12.34653377532959,0.9999451637268066
fork_A,5700,low,2.0,1.3353448480302177e-07,2.6706896960604354e-07,0.0,0.0,0.0,0.0,0.0,MIXED_OR_NEGLIGIBLE,0.0,0.0,0.0,0.0,0.0,0.0,0.0,OPEN_MASK,5700.0,0.00019999599534719265,0.5675914538496882,1.7618296146392822,0.43780091404914856,12.34653377532959,0.9999451637268066
fork_A,5700,artcon,1.0,0.4303702712059021,0.4303702712059021,0.37768644094467163,0.03653091937303543,0.1704092174768448,1.46003070744527e-11,2.0868887986580376e-06,MIXED_OR_NEGLIGIBLE,-0.18987537920475006,-1.3589526414871216,-1.0831281542778015e-05,-0.0002593100070953369,-0.17026320099830627,-1.0832373845914844e-05,-0.0002363421954214573,CLOSE_MASK,5700.0,0.00019999599534719265,0.5675914538496882,1.7618296146392822,0.43780091404914856,12.34653377532959,0.9999451637268066
fork_A,5700,spec,0.5,0.0292676305398345,0.01463381526991725,0.002182859228923917,-4.5373995817499235e-05,-0.03662226349115372,2.320296732527538e-13,1.6171441075130133e-08,MIXED_OR_NEGLIGIBLE,0.0006899531581439078,0.004673941060900688,3.800960257649422e-08,2.682209014892578e-07,0.0007120730006136,4.117964635952376e-08,2.5657936930656433e-07,OPEN_MASK,5700.0,0.00019999599534719265,0.5675914538496882,1.7618296146392822,0.43780091404914856,12.34653377532959,0.9999451637268066
fork_A,5700,budget,0.5,0.0,0.0,0.0,0.0,0.0,0.0,0.0,MIXED_OR_NEGLIGIBLE,0.0,0.0,0.0,0.0,0.0,0.0,0.0,OPEN_MASK,5700.0,0.00019999599534719265,0.5675914538496882,1.7618296146392822,0.43780091404914856,12.34653377532959,0.9999451637268066
fork_A,5700,tv,0.05,0.016156327910721302,0.0008078163955360651,0.008746327832341194,-0.0011570712085813284,-0.23307634890079498,-1.5015322318845392e-11,1.5489324312056851e-07,MIXED_OR_NEGLIGIBLE,0.004585422575473785,0.030794456601142883,2.405722625553608e-07,1.2099742889404297e-05,0.004644726403057575,2.426322680548765e-07,1.2199394404888153e-05,OPEN_MASK,5700.0,0.00019999599534719265,0.5675914538496882,1.7618296146392822,0.43780091404914856,12.34653377532959,0.9999451637268066
fork_A,5700,bg,1.0,0.016425338108092546,0.016425338108092546,0.022485090419650078,0.005344797391444445,0.41879406571388245,1.1566296531650977e-11,8.001057949513779e-08,MIXED_OR_NEGLIGIBLE,-0.015646057203412056,-0.10288868844509125,-6.776535883545876e-07,-6.368756294250488e-05,-0.015663515776395798,-6.876298357383348e-07,-6.37369230389595e-05,CLOSE_MASK,5700.0,0.00019999599534719265,0.5675914538496882,1.7618296146392822,0.43780091404914856,12.34653377532959,0.9999451637268066
fork_A,5700,gadv,0.05,9.030683517456055,0.45153417587280276,1.6870028972625732,0.9368846416473389,0.97843998670578,-1.8682108637868566e-10,7.847490905987797e-07,MIXED_OR_NEGLIGIBLE,-0.5030633211135864,-3.002753496170044,-1.817246084101498e-05,-0.0009068846702575684,-0.47506576776504517,-2.204154952778481e-05,-0.0009561083279550076,CLOSE_MASK,5700.0,0.00019999599534719265,0.5675914538496882,1.7618296146392822,0.43780091404914856,12.34653377532959,0.9999451637268066
fork_A,5700,momentum,,,,,,,,,,0.1116027683019638,0.7229684591293335,5.046400474384427e-06,0.00032511353492736816,0.11617326736450195,4.966868345945841e-06,0.00033490732312202454,OPEN_MASK,5700.0,0.00019999599534719265,0.5675914538496882,1.7618296146392822,0.43780091404914856,12.34653377532959,0.9999451637268066
fork_A,5700,TOTAL,,,,,,,,,,-0.6260742545127869,-3.885653018951416,-2.442023833282292e-05,-0.0011118948459625244,-0.5890669822692871,-3.1094212317839265e-05,-0.001108123455196619,CLOSE_MASK,5700.0,0.00019999599534719265,0.5675914538496882,1.7618296146392822,0.43780091404914856,12.34653377532959,0.9999451637268066
fork_A,5700,TOTAL_mask_head_row_only,,,,,,,,,,0.0006997245363891125,0.0045782700181007385,2.6979250833392143e-08,0.0,0.0006912932149134576,2.7291207516100258e-08,9.313225746154785e-10,OPEN_MASK,5700.0,0.00019999599534719265,0.5675914538496882,1.7618296146392822,0.43780091404914856,12.34653377532959,0.9999451637268066
fork_A,5700,TOTAL_g_res_except_mask_row,,,,,,,,,,-0.6031420826911926,-3.802997589111328,-2.3350672563537955e-05,-0.0011057853698730469,-0.5663876533508301,-2.8712836865452118e-05,-0.0011042850092053413,CLOSE_MASK,5700.0,0.00019999599534719265,0.5675914538496882,1.7618296146392822,0.43780091404914856,12.34653377532959,0.9999451637268066
fork_A,5700,TOTAL_e_art_only,,,,,,,,,,-0.023653138428926468,-0.08730914443731308,-1.0915682651102543e-06,-6.109476089477539e-06,-0.024212954565882683,-1.2429318303475156e-06,-5.572568625211716e-06,CLOSE_MASK,5700.0,0.00019999599534719265,0.5675914538496882,1.7618296146392822,0.43780091404914856,12.34653377532959,0.9999451637268066
fork_A,5757,id,1.0,0.0038377270102500916,0.0038377270102500916,0.02982538752257824,0.0018244136590510607,0.30757707357406616,-3.885780586188048e-16,2.4097319625826508e-11,MIXED_OR_NEGLIGIBLE,-0.008339205756783485,-0.01912073977291584,-9.313225746154785e-10,-1.1086463928222656e-05,-0.00836169347167015,-1.0099938663188368e-09,-1.1398456990718842e-05,CLOSE_MASK,5757.0,0.00019999294189523218,0.1988763570576895,5.0282487869262695,0.6543199419975281,21.485074996948242,0.9999996423721313
fork_A,5757,lm,1.0,0.011696082539856434,0.011696082539856434,0.025596095249056816,0.001084265997633338,0.21299965679645538,-2.978936541886412e-13,2.818955557870595e-08,MIXED_OR_NEGLIGIBLE,-0.00022843782790005207,-0.00017710652900859714,0.0,-2.086162567138672e-06,-0.00020057070651091635,3.3651303965598345e-11,-2.2454187273979187e-06,CLOSE_MASK,5757.0,0.00019999294189523218,0.1988763570576895,5.0282487869262695,0.6543199419975281,21.485074996948242,0.9999996423721313
fork_A,5757,parse,0.5,0.25684283673763275,0.12842141836881638,0.054777372628450394,-0.0019634654745459557,-0.1802348643541336,5.802511249264342e-13,6.021730314387241e-08,MIXED_OR_NEGLIGIBLE,0.01556653156876564,0.05353274941444397,3.550667315721512e-09,-6.258487701416016e-06,0.015534461475908756,2.9681359592359513e-09,-6.357207894325256e-06,OPEN_MASK,5757.0,0.00019999294189523218,0.1988763570576895,5.0282487869262695,0.6543199419975281,21.485074996948242,0.9999996423721313
fork_A,5757,low,2.0,1.277014902711926e-07,2.554029805423852e-07,0.0,0.0,0.0,0.0,0.0,MIXED_OR_NEGLIGIBLE,0.0,0.0,0.0,0.0,0.0,0.0,0.0,OPEN_MASK,5757.0,0.00019999294189523218,0.1988763570576895,5.0282487869262695,0.6543199419975281,21.485074996948242,0.9999996423721313
fork_A,5757,artcon,1.0,0.4131377935409546,0.4131377935409546,0.5912376046180725,-0.0033470080234110355,-0.028465017676353455,2.066680160339729e-13,3.0092362379718907e-08,MIXED_OR_NEGLIGIBLE,-0.3687579035758972,-0.8489349484443665,-4.650792106986046e-08,-0.0002981424331665039,-0.3616584539413452,-4.7820321924518794e-08,-0.00030784495174884796,CLOSE_MASK,5757.0,0.00019999294189523218,0.1988763570576895,5.0282487869262695,0.6543199419975281,21.485074996948242,0.9999996423721313
fork_A,5757,spec,0.5,0.03014186955988407,0.015070934779942036,0.00394775765016675,0.00023716880241408944,0.30208128690719604,1.3357370765021415e-14,9.721179416999348e-10,MIXED_OR_NEGLIGIBLE,0.001683851471170783,0.004333832301199436,2.3283064365386963e-10,4.76837158203125e-06,0.0017747953534126282,2.1600499167107046e-10,4.745088517665863e-06,OPEN_MASK,5757.0,0.00019999294189523218,0.1988763570576895,5.0282487869262695,0.6543199419975281,21.485074996948242,0.9999996423721313
fork_A,5757,budget,0.5,0.0,0.0,0.0,0.0,0.0,0.0,0.0,MIXED_OR_NEGLIGIBLE,0.0,0.0,0.0,0.0,0.0,0.0,0.0,OPEN_MASK,5757.0,0.00019999294189523218,0.1988763570576895,5.0282487869262695,0.6543199419975281,21.485074996948242,0.9999996423721313
fork_A,5757,tv,0.05,0.00547857116907835,0.0002739285584539175,0.007109478581696749,0.00017176907567773014,0.12148536741733551,-2.4961976929915863e-13,5.79790304655603e-09,MIXED_OR_NEGLIGIBLE,0.005305868573486805,0.01319125946611166,8.149072527885437e-10,7.62939453125e-06,0.00541964266449213,7.044036465231329e-10,7.58003443479538e-06,OPEN_MASK,5757.0,0.00019999294189523218,0.1988763570576895,5.0282487869262695,0.6543199419975281,21.485074996948242,0.9999996423721313
fork_A,5757,bg,1.0,0.01700904732570052,0.01700904732570052,0.038190796971321106,-0.0006472626700997353,-0.08521942049264908,1.4244161405940758e-13,2.366618012672461e-09,MIXED_OR_NEGLIGIBLE,-0.02113759145140648,-0.054426275193691254,-2.9103830456733704e-09,-5.9723854064941406e-05,-0.02120937779545784,-3.04544300888665e-09,-6.0560181736946106e-05,CLOSE_MASK,5757.0,0.00019999294189523218,0.1988763570576895,5.0282487869262695,0.6543199419975281,21.485074996948242,0.9999996423721313
fork_A,5757,gadv,0.05,1.7942894101142883,0.08971447050571442,5.078464508056641,1.0030064582824707,0.9930886626243591,-4.282248167175595e-12,2.7049237516507674e-08,MIXED_OR_NEGLIGIBLE,-0.5174369812011719,-0.8104881048202515,-3.664172254502773e-08,0.0012922883033752441,-0.5228677988052368,-3.544209903338924e-08,0.00046829693019390106,CLOSE_MASK,5757.0,0.00019999294189523218,0.1988763570576895,5.0282487869262695,0.6543199419975281,21.485074996948242,0.9999996423721313
fork_A,5757,momentum,,,,,,,,,,0.5269206166267395,1.1534066200256348,5.209585651755333e-08,-0.0010172724723815918,0.5324115753173828,4.869571057497524e-08,-0.001879270188510418,OPEN_MASK,5757.0,0.00019999294189523218,0.1988763570576895,5.0282487869262695,0.6543199419975281,21.485074996948242,0.9999996423721313
fork_A,5757,TOTAL,,,,,,,,,,-0.3676091432571411,-0.5110694766044617,-2.8550857678055763e-08,-7.56382942199707e-05,-0.44891130924224854,-3.6849996831733733e-08,-0.00112906564027071,CLOSE_MASK,5757.0,0.00019999294189523218,0.1988763570576895,5.0282487869262695,0.6543199419975281,21.485074996948242,0.9999996423721313
fork_A,5757,TOTAL_mask_head_row_only,,,,,,,,,,3.3637043088674545e-06,-5.018643423682079e-05,0.0,0.0,4.50213992735371e-05,1.0913936421275139e-11,0.0,OPEN_MASK,5757.0,0.00019999294189523218,0.1988763570576895,5.0282487869262695,0.6543199419975281,21.485074996948242,0.9999996423721313
fork_A,5757,TOTAL_g_res_except_mask_row,,,,,,,,,,-0.37849223613739014,-0.5130072832107544,-2.7677742764353752e-08,-8.279085159301758e-05,-0.45849713683128357,-3.739660314749926e-08,-0.0011297231540083885,CLOSE_MASK,5757.0,0.00019999294189523218,0.1988763570576895,5.0282487869262695,0.6543199419975281,21.485074996948242,0.9999996423721313
fork_A,5757,TOTAL_e_art_only,,,,,,,,,,0.0109316511079669,0.0021569773089140654,1.4551915228366852e-10,7.3909759521484375e-06,0.010220415890216827,2.1327650756575167e-10,6.859190762042999e-06,OPEN_MASK,5757.0,0.00019999294189523218,0.1988763570576895,5.0282487869262695,0.6543199419975281,21.485074996948242,0.9999996423721313
fork_A,5758,id,1.0,0.0027114003896713257,0.0027114003896713257,0.03220595419406891,-0.0010586666176095605,-0.4733811616897583,4.163336342344337e-16,3.94347506038617e-11,MIXED_OR_NEGLIGIBLE,-0.000982938101515174,-0.003578509669750929,-2.3283064365386963e-10,-1.3947486877441406e-05,-0.0009400220587849617,-1.4006218407303095e-10,-1.4003366231918335e-05,CLOSE_MASK,5758.0,0.00019999288065456315,0.06944037147587442,14.400843620300293,0.4194027781486511,21.673542022705078,0.9999996423721313
fork_A,5758,lm,1.0,0.005120792426168919,0.005120792426168919,0.02833968959748745,-0.0008559622219763696,-0.4349581003189087,6.070283165016122e-13,8.98021710327157e-08,MIXED_OR_NEGLIGIBLE,0.0006807211320847273,0.0019914996810257435,5.820766091346741e-11,-1.1801719665527344e-05,0.000674758804962039,9.00399754755199e-11,-1.1944212019443512e-05,OPEN_MASK,5758.0,0.00019999288065456315,0.06944037147587442,14.400843620300293,0.4194027781486511,21.673542022705078,0.9999996423721313
fork_A,5758,parse,0.5,0.24791573733091354,0.12395786866545677,0.04649592563509941,-0.000886764726601541,-0.2746511399745941,1.0184353360642717e-12,1.4976539830513502e-07,MIXED_OR_NEGLIGIBLE,0.004744895733892918,0.011664176359772682,4.0745362639427185e-10,-1.1324882507324219e-05,0.004761936608701944,5.184119800105691e-10,-1.1395663022994995e-05,OPEN_MASK,5758.0,0.00019999288065456315,0.06944037147587442,14.400843620300293,0.4194027781486511,21.673542022705078,0.9999996423721313
fork_A,5758,low,2.0,1.1890361761857093e-07,2.3780723523714187e-07,0.0,0.0,0.0,0.0,0.0,MIXED_OR_NEGLIGIBLE,0.0,0.0,0.0,0.0,0.0,0.0,0.0,OPEN_MASK,5758.0,0.00019999288065456315,0.06944037147587442,14.400843620300293,0.4194027781486511,21.673542022705078,0.9999996423721313
fork_A,5758,artcon,1.0,0.48382382094860077,0.48382382094860077,0.27240076661109924,-0.0027488272171467543,-0.14532054960727692,-2.120525977034049e-13,3.1560578150902074e-08,MIXED_OR_NEGLIGIBLE,-0.08840221166610718,-0.19932511448860168,-7.916241884231567e-09,-4.547834396362305e-05,-0.08859345316886902,-8.414190233452246e-09,-4.54634428024292e-05,CLOSE_MASK,5758.0,0.00019999288065456315,0.06944037147587442,14.400843620300293,0.4194027781486511,21.673542022705078,0.9999996423721313
fork_A,5758,spec,0.5,0.03536843974143267,0.017684219870716333,0.0014831210719421506,-4.3646290578180924e-05,-0.42379775643348694,-3.70536934468646e-15,2.4417179389502053e-10,MIXED_OR_NEGLIGIBLE,-0.00017315568402409554,-0.00041110627353191376,0.0,-4.76837158203125e-07,-0.000273717480013147,-2.546585164964199e-11,-6.938353180885315e-07,CLOSE_MASK,5758.0,0.00019999288065456315,0.06944037147587442,14.400843620300293,0.4194027781486511,21.673542022705078,0.9999996423721313
fork_A,5758,budget,0.5,0.0,0.0,0.0,0.0,0.0,0.0,0.0,MIXED_OR_NEGLIGIBLE,0.0,0.0,0.0,0.0,0.0,0.0,0.0,OPEN_MASK,5758.0,0.00019999288065456315,0.06944037147587442,14.400843620300293,0.4194027781486511,21.673542022705078,0.9999996423721313
fork_A,5758,tv,0.05,0.0073692461010068655,0.0003684623050503433,0.008685203269124031,0.00020401409710757434,0.3382736146450043,-1.9816093210778263e-13,4.339982595524816e-09,MIXED_OR_NEGLIGIBLE,0.0020444600377231836,0.004752114415168762,1.7462298274040222e-10,3.874301910400391e-06,0.0021772540640085936,2.255546860396862e-10,3.861263394355774e-06,OPEN_MASK,5758.0,0.00019999288065456315,0.06944037147587442,14.400843620300293,0.4194027781486511,21.673542022705078,0.9999996423721313
fork_A,5758,bg,1.0,0.02141626551747322,0.02141626551747322,0.07052870839834213,-0.0027222437784075737,-0.555838942527771,1.2692624729027102e-13,1.926417025899241e-09,MIXED_OR_NEGLIGIBLE,-0.005831375252455473,-0.016724372282624245,-9.89530235528946e-10,-3.93986701965332e-05,-0.00584311131387949,-7.016751624178141e-10,-3.9565376937389374e-05,CLOSE_MASK,5758.0,0.00019999288065456315,0.06944037147587442,14.400843620300293,0.4194027781486511,21.673542022705078,0.9999996423721313
fork_A,5758,gadv,0.05,7.921857118606567,0.3960928559303284,14.52066421508789,1.008338212966919,1.0000176429748535,-1.0866862965031032e-12,1.5873741432415045e-08,MIXED_OR_NEGLIGIBLE,0.08179548382759094,-2.62170672416687,-1.048319973051548e-07,0.004139721393585205,0.07264982163906097,-1.3271392163005657e-07,0.0025701336562633514,OPEN_MASK,5758.0,0.00019999288065456315,0.06944037147587442,14.400843620300293,0.4194027781486511,21.673542022705078,0.9999996423721313
fork_A,5758,momentum,,,,,,,,,,-0.2776489853858948,-0.36992087960243225,-1.6443664208054543e-08,-0.0010843276977539062,-0.308758020401001,-1.966827767319046e-08,-0.0011068815365433693,CLOSE_MASK,5758.0,0.00019999288065456315,0.06944037147587442,14.400843620300293,0.4194027781486511,21.673542022705078,0.9999996423721313
fork_A,5758,TOTAL,,,,,,,,,,-0.28272920846939087,-3.1949572563171387,-1.2913369573652744e-07,0.002939760684967041,-0.2562980055809021,-1.8859464034903795e-07,0.002059660851955414,CLOSE_MASK,5758.0,0.00019999288065456315,0.06944037147587442,14.400843620300293,0.4194027781486511,21.673542022705078,0.9999996423721313
fork_A,5758,TOTAL_mask_head_row_only,,,,,,,,,,4.1478779166936874e-06,1.3297336408868432e-05,0.0,0.0,2.5729998014867306e-05,3.637978807091713e-12,0.0,OPEN_MASK,5758.0,0.00019999288065456315,0.06944037147587442,14.400843620300293,0.4194027781486511,21.673542022705078,0.9999996423721313
fork_A,5758,TOTAL_g_res_except_mask_row,,,,,,,,,,-0.31032419204711914,-3.2012856006622314,-1.3236422091722488e-07,0.0029233694076538086,-0.28104540705680847,-1.960338522621896e-07,0.0020498689264059067,CLOSE_MASK,5758.0,0.00019999288065456315,0.06944037147587442,14.400843620300293,0.4194027781486511,21.673542022705078,0.9999996423721313
fork_A,5758,TOTAL_e_art_only,,,,,,,,,,0.0275731198489666,0.006092842668294907,3.2014213502407074e-09,1.6510486602783203e-05,0.024451591074466705,2.4165274226106703e-09,1.4761462807655334e-05,OPEN_MASK,5758.0,0.00019999288065456315,0.06944037147587442,14.400843620300293,0.4194027781486511,21.673542022705078,0.9999996423721313
fork_A,5759,id,1.0,0.0048070549964904785,0.0048070549964904785,0.04434098303318024,0.0016125028487294912,0.8602481484413147,-2.7755575615628914e-17,7.96210528064556e-11,MIXED_OR_NEGLIGIBLE,-0.0019649146124720573,-0.005252782721072435,-4.656612873077393e-10,-7.331371307373047e-06,-0.0019496448803693056,-4.1018211049959064e-10,-7.223337888717651e-06,CLOSE_MASK,5759.0,0.00019999281914936834,0.042273815615525526,23.655303955078125,0.3367612063884735,20.73583984375,0.9999994039535522
fork_A,5759,lm,1.0,0.009356782771646976,0.009356782771646976,0.011540810577571392,8.545003947801888e-05,0.17514774203300476,1.0796918914479647e-14,5.835323779734836e-09,MIXED_OR_NEGLIGIBLE,0.0005802921950817108,0.0034469894599169493,1.7462298274040222e-10,-4.172325134277344e-07,0.0006057046120986342,2.9103830456733704e-10,-2.7008354663848877e-07,OPEN_MASK,5759.0,0.00019999281914936834,0.042273815615525526,23.655303955078125,0.3367612063884735,20.73583984375,0.9999994039535522
fork_A,5759,parse,0.5,0.27113019675016403,0.13556509837508202,0.10437727719545364,0.00358775001950562,0.8131015300750732,1.7025270082626776e-13,1.3564196876814094e-08,MIXED_OR_NEGLIGIBLE,-0.0019127523992210627,-0.00664092693477869,-6.402842700481415e-10,-1.4483928680419922e-05,-0.0018943571485579014,-5.138645065017045e-10,-1.4436431229114532e-05,CLOSE_MASK,5759.0,0.00019999281914936834,0.042273815615525526,23.655303955078125,0.3367612063884735,20.73583984375,0.9999994039535522
fork_A,5759,low,2.0,1.3583727564991932e-07,2.7167455129983864e-07,0.0,0.0,0.0,0.0,0.0,MIXED_OR_NEGLIGIBLE,0.0,0.0,0.0,0.0,0.0,0.0,0.0,OPEN_MASK,5759.0,0.00019999281914936834,0.042273815615525526,23.655303955078125,0.3367612063884735,20.73583984375,0.9999994039535522
fork_A,5759,artcon,1.0,0.4686851352453232,0.4686851352453232,1.372621774673462,0.005639123730361462,0.09718278050422668,-4.822253707459367e-13,2.737937343511021e-08,MIXED_OR_NEGLIGIBLE,-0.19936628639698029,-0.5280665755271912,-4.3422915041446686e-08,-0.00012987852096557617,-0.19855237007141113,-4.4910848373547196e-08,-0.00013236422091722488,CLOSE_MASK,5759.0,0.00019999281914936834,0.042273815615525526,23.655303955078125,0.3367612063884735,20.73583984375,0.9999994039535522
fork_A,5759,spec,0.5,0.029362333938479424,0.014681166969239712,0.002133903093636036,5.6603083066875115e-05,0.627471387386322,1.0075273948473296e-14,1.574690156047609e-09,MIXED_OR_NEGLIGIBLE,-4.5612920075654984e-05,2.8271075279917568e-05,-1.1641532182693481e-10,-2.384185791015625e-07,-0.0001399064203724265,-2.3646862246096134e-11,-3.213062882423401e-07,CLOSE_MASK,5759.0,0.00019999281914936834,0.042273815615525526,23.655303955078125,0.3367612063884735,20.73583984375,0.9999994039535522
fork_A,5759,budget,0.5,0.0,0.0,0.0,0.0,0.0,0.0,0.0,MIXED_OR_NEGLIGIBLE,0.0,0.0,0.0,0.0,0.0,0.0,0.0,OPEN_MASK,5759.0,0.00019999281914936834,0.042273815615525526,23.655303955078125,0.3367612063884735,20.73583984375,0.9999994039535522
fork_A,5759,tv,0.05,0.00542044872418046,0.000271022436209023,0.007482940796762705,-0.00014353777805808932,-0.45375609397888184,-3.388678226912134e-13,5.202789310487788e-09,MIXED_OR_NEGLIGIBLE,0.0010373664554208517,0.002702185185626149,2.3283064365386963e-10,9.5367431640625e-07,0.0012094347039237618,2.455635694786906e-10,1.2759119272232056e-06,OPEN_MASK,5759.0,0.00019999281914936834,0.042273815615525526,23.655303955078125,0.3367612063884735,20.73583984375,0.9999994039535522
fork_A,5759,bg,1.0,0.01953591825440526,0.01953591825440526,0.03964582458138466,0.0014495382783934474,0.8648898005485535,2.3975266216780255e-13,2.3694779471838956e-09,MIXED_OR_NEGLIGIBLE,-0.004775261972099543,-0.012399202212691307,-1.2223608791828156e-09,-8.285045623779297e-06,-0.004894367419183254,-1.0381882020737976e-09,-8.424744009971619e-06,CLOSE_MASK,5759.0,0.00019999281914936834,0.042273815615525526,23.655303955078125,0.3367612063884735,20.73583984375,0.9999994039535522
fork_A,5759,gadv,0.05,8.280746221542358,0.41403731107711794,23.402618408203125,0.9878181219100952,0.9984838962554932,-2.2459700765864454e-11,1.0496285085537238e-07,MIXED_OR_NEGLIGIBLE,-1.329092264175415,-3.836214780807495,-3.169989213347435e-07,-0.0038957595825195312,-1.3714227676391602,-4.4757052819477394e-07,-0.0042941030114889145,CLOSE_MASK,5759.0,0.00019999281914936834,0.042273815615525526,23.655303955078125,0.3367612063884735,20.73583984375,0.9999994039535522
fork_A,5759,momentum,,,,,,,,,,-0.11636845767498016,-2.2170560359954834,-1.8745777197182178e-07,0.0006261467933654785,-0.11205893754959106,-2.3457050701836124e-07,0.0005110818892717361,CLOSE_MASK,5759.0,0.00019999281914936834,0.042273815615525526,23.655303955078125,0.3367612063884735,20.73583984375,0.9999994039535522
fork_A,5759,TOTAL,,,,,,,,,,-1.6520299911499023,-6.599288463592529,-5.50935510545969e-07,-0.003412008285522461,-1.7039031982421875,-1.0057092367787845e-06,-0.0037704957649111748,CLOSE_MASK,5759.0,0.00019999281914936834,0.042273815615525526,23.655303955078125,0.3367612063884735,20.73583984375,0.9999994039535522
fork_A,5759,TOTAL_mask_head_row_only,,,,,,,,,,4.180357791483402e-05,0.0002842371177393943,0.0,0.0,5.2361367124831304e-05,1.7280399333685637e-11,0.0,OPEN_MASK,5759.0,0.00019999281914936834,0.042273815615525526,23.655303955078125,0.3367612063884735,20.73583984375,0.9999994039535522
fork_A,5759,TOTAL_g_res_except_mask_row,,,,,,,,,,-1.6129392385482788,-6.438442707061768,-5.343463271856308e-07,-0.0034021735191345215,-1.663069248199463,-9.504151421424467e-07,-0.003759002313017845,CLOSE_MASK,5759.0,0.00019999281914936834,0.042273815615525526,23.655303955078125,0.3367612063884735,20.73583984375,0.9999994039535522
fork_A,5759,TOTAL_e_art_only,,,,,,,,,,-0.03912867605686188,-0.1611153781414032,-1.594889909029007e-08,-9.953975677490234e-06,-0.040646299719810486,-1.8007540347753093e-08,-1.0635703802108765e-05,CLOSE_MASK,5759.0,0.00019999281914936834,0.042273815615525526,23.655303955078125,0.3367612063884735,20.73583984375,0.9999994039535522
fork_A,5760,id,1.0,0.002544581890106201,0.002544581890106201,0.04247212037444115,-0.0016486444510519505,-0.5903480648994446,8.881784197001252e-16,1.9812794460616345e-10,MIXED_OR_NEGLIGIBLE,0.0008571427315473557,-0.0007086550467647612,-2.3283064365386963e-10,-5.841255187988281e-06,0.0008672722615301609,-1.1095835361629725e-10,-5.999580025672913e-06,OPEN_MASK,5760.0,0.00019999275737964784,0.06575289806330441,15.208454132080078,0.3927799165248871,19.368181228637695,0.9999985694885254
fork_A,5760,lm,1.0,0.007603231118991971,0.007603231118991971,0.1874140352010727,-0.007866566069424152,-0.6383637189865112,5.045408535409024e-13,3.123993508324929e-08,MIXED_OR_NEGLIGIBLE,0.0033567645587027073,0.005140974652022123,6.984919309616089e-10,-2.8073787689208984e-05,0.00335703045129776,1.0818439477588981e-09,-2.7793459594249725e-05,OPEN_MASK,5760.0,0.00019999275737964784,0.06575289806330441,15.208454132080078,0.3927799165248871,19.368181228637695,0.9999985694885254
fork_A,5760,parse,0.5,0.24093060940504074,0.12046530470252037,0.2178305685520172,-0.008471691980957985,-0.5914750099182129,1.2510548152988576e-12,7.521831690837644e-08,MIXED_OR_NEGLIGIBLE,0.0006451893132179976,-0.006556322332471609,-1.6298145055770874e-09,-2.968311309814453e-05,0.0005766799440607429,-1.311036612605676e-09,-2.9235146939754486e-05,OPEN_MASK,5760.0,0.00019999275737964784,0.06575289806330441,15.208454132080078,0.3927799165248871,19.368181228637695,0.9999985694885254
fork_A,5760,low,2.0,1.3630870654424143e-07,2.7261741308848286e-07,0.0,0.0,0.0,0.0,0.0,MIXED_OR_NEGLIGIBLE,0.0,0.0,0.0,0.0,0.0,0.0,0.0,OPEN_MASK,5760.0,0.00019999275737964784,0.06575289806330441,15.208454132080078,0.3927799165248871,19.368181228637695,0.9999985694885254
fork_A,5760,artcon,1.0,0.4559343010187149,0.4559343010187149,0.75469970703125,0.003416618565097451,0.0688505470752716,6.096789739729047e-13,6.102782634798132e-08,MIXED_OR_NEGLIGIBLE,-0.16807857155799866,-0.31782111525535583,-6.219488568603992e-08,-7.545948028564453e-05,-0.16763117909431458,-6.555455911438912e-08,-7.677637040615082e-05,CLOSE_MASK,5760.0,0.00019999275737964784,0.06575289806330441,15.208454132080078,0.3927799165248871,19.368181228637695,0.9999985694885254
fork_A,5760,spec,0.5,0.028701696544885635,0.014350848272442818,0.003735380945727229,0.00012298711226321757,0.5007370710372925,1.942890293094024e-15,1.942558114365056e-09,MIXED_OR_NEGLIGIBLE,0.00028527178801596165,0.0010300843277946115,1.7462298274040222e-10,8.940696716308594e-07,0.00037568877451121807,2.2646418074145913e-10,8.279457688331604e-07,OPEN_MASK,5760.0,0.00019999275737964784,0.06575289806330441,15.208454132080078,0.3927799165248871,19.368181228637695,0.9999985694885254
fork_A,5760,budget,0.5,0.0,0.0,0.0,0.0,0.0,0.0,0.0,MIXED_OR_NEGLIGIBLE,0.0,0.0,0.0,0.0,0.0,0.0,0.0,OPEN_MASK,5760.0,0.00019999275737964784,0.06575289806330441,15.208454132080078,0.3927799165248871,19.368181228637695,0.9999985694885254
fork_A,5760,tv,0.05,0.007501862943172455,0.00037509314715862275,0.008198314346373081,4.14326750615146e-05,0.07686054706573486,-6.939449015419541e-13,8.742103041470273e-09,MIXED_OR_NEGLIGIBLE,0.0018346351571381092,0.004533002618700266,4.656612873077393e-10,1.430511474609375e-06,0.001931942766532302,8.476490620523691e-10,1.4081597328186035e-06,OPEN_MASK,5760.0,0.00019999275737964784,0.06575289806330441,15.208454132080078,0.3927799165248871,19.368181228637695,0.9999985694885254
fork_A,5760,bg,1.0,0.018500742968171835,0.018500742968171835,0.02570336125791073,-0.0007189493044279516,-0.42539599537849426,4.642952688982405e-13,3.863862119146688e-09,MIXED_OR_NEGLIGIBLE,-0.005357878282666206,-0.013605079613626003,-2.3865140974521637e-09,-7.033348083496094e-06,-0.0054337140172719955,-2.388787834206596e-09,-7.177703082561493e-06,CLOSE_MASK,5760.0,0.00019999275737964784,0.06575289806330441,15.208454132080078,0.3927799165248871,19.368181228637695,0.9999985694885254
fork_A,5760,gadv,0.05,11.8576979637146,0.59288489818573,15.45954418182373,1.0152435302734375,0.9987541437149048,-6.17832729421508e-11,3.372917660726671e-07,MIXED_OR_NEGLIGIBLE,0.20041050016880035,4.023730754852295,7.150811143219471e-07,0.0017507076263427734,0.11394961178302765,4.913417797069997e-07,0.0030506057664752007,OPEN_MASK,5760.0,0.00019999275737964784,0.06575289806330441,15.208454132080078,0.3927799165248871,19.368181228637695,0.9999985694885254
fork_A,5760,momentum,,,,,,,,,,-0.8481974005699158,-3.619736909866333,-6.371410563588142e-07,-0.0008685588836669922,-0.8701766729354858,-8.406900633417536e-07,-0.00025987252593040466,CLOSE_MASK,5760.0,0.00019999275737964784,0.06575289806330441,15.208454132080078,0.3927799165248871,19.368181228637695,0.9999985694885254
fork_A,5760,TOTAL,,,,,,,,,,-0.8127067685127258,0.07840307056903839,2.0256265997886658e-08,0.0006985068321228027,-0.8353639841079712,-2.442811819491908e-08,0.0011822786182165146,CLOSE_MASK,5760.0,0.00019999275737964784,0.06575289806330441,15.208454132080078,0.3927799165248871,19.368181228637695,0.9999985694885254
fork_A,5760,TOTAL_mask_head_row_only,,,,,,,,,,0.0001916580367833376,0.0012363027781248093,2.3283064365386963e-10,0.0,0.0001784712658263743,1.864464138634503e-10,0.0,OPEN_MASK,5760.0,0.00019999275737964784,0.06575289806330441,15.208454132080078,0.3927799165248871,19.368181228637695,0.9999985694885254
fork_A,5760,TOTAL_g_res_except_mask_row,,,,,,,,,,-0.8193590044975281,0.04538087174296379,2.066371962428093e-09,0.0006933212280273438,-0.8389906883239746,-3.709055818035267e-08,0.0011732978746294975,CLOSE_MASK,5760.0,0.00019999275737964784,0.06575289806330441,15.208454132080078,0.3927799165248871,19.368181228637695,0.9999985694885254
fork_A,5760,TOTAL_e_art_only,,,,,,,,,,0.006512165069580078,0.03216039389371872,1.8131686374545097e-08,5.304813385009766e-06,0.005511189810931683,1.6098965716082603e-08,4.699453711509705e-06,OPEN_MASK,5760.0,0.00019999275737964784,0.06575289806330441,15.208454132080078,0.3927799165248871,19.368181228637695,0.9999985694885254
fork_A,5761,id,1.0,0.002900823950767517,0.002900823950767517,0.04312879219651222,-0.0016081285430118442,-0.6091336011886597,-1.0824674490095276e-15,1.725261322693683e-10,MIXED_OR_NEGLIGIBLE,0.0025001352187246084,0.0029536753427237272,2.066371962428093e-09,-1.1742115020751953e-05,0.0025332015939056873,1.539319782750681e-09,-1.1792406439781189e-05,OPEN_MASK,5761.0,0.00019999269534540186,0.06121260337315298,16.336503982543945,0.5013741254806519,18.539857864379883,0.9999977350234985
fork_A,5761,lm,1.0,0.008800749434158206,0.008800749434158206,0.06353868544101715,-0.002460385439917445,-0.632592499256134,4.534705944081452e-13,2.089029749186011e-08,MIXED_OR_NEGLIGIBLE,0.006311892531812191,0.01113266684114933,4.685716703534126e-09,-1.633167266845703e-05,0.006281629670411348,3.9344740798696876e-09,-1.642853021621704e-05,OPEN_MASK,5761.0,0.00019999269534540186,0.06121260337315298,16.336503982543945,0.5013741254806519,18.539857864379883,0.9999977350234985
fork_A,5761,parse,0.5,0.23782013356685638,0.11891006678342819,0.12845773994922638,-0.004914022982120514,-0.6249366998672485,1.8068879725774423e-14,4.043672063858139e-08,MIXED_OR_NEGLIGIBLE,0.011066541075706482,0.020136719569563866,7.945345714688301e-09,-3.325939178466797e-05,0.0110540222376585,7.771632226649672e-09,-3.333762288093567e-05,OPEN_MASK,5761.0,0.00019999269534540186,0.06121260337315298,16.336503982543945,0.5013741254806519,18.539857864379883,0.9999977350234985
fork_A,5761,low,2.0,9.892441354963921e-08,1.9784882709927842e-07,0.0,0.0,0.0,0.0,0.0,MIXED_OR_NEGLIGIBLE,0.0,0.0,0.0,0.0,0.0,0.0,0.0,OPEN_MASK,5761.0,0.00019999269534540186,0.06121260337315298,16.336503982543945,0.5013741254806519,18.539857864379883,0.9999977350234985
fork_A,5761,artcon,1.0,0.47967714071273804,0.47967714071273804,0.4016929864883423,-1.2052545571350493e-05,-0.0004901664797216654,-2.2002955013533665e-12,6.707232103053684e-08,MIXED_OR_NEGLIGIBLE,-0.038901880383491516,-0.13000982999801636,-2.9831426218152046e-08,-2.9087066650390625e-05,-0.038877103477716446,-2.985143510159105e-08,-2.9100105166435242e-05,CLOSE_MASK,5761.0,0.00019999269534540186,0.06121260337315298,16.336503982543945,0.5013741254806519,18.539857864379883,0.9999977350234985
fork_A,5761,spec,0.5,0.028155134990811348,0.014077567495405674,0.0030097318813204765,5.312095890985802e-05,0.2883348762989044,4.246603069191224e-15,1.8947026170224035e-09,MIXED_OR_NEGLIGIBLE,0.0005288994871079922,0.0017085092840716243,5.820766091346741e-10,4.172325134277344e-07,0.000662275473587215,5.907168088015169e-10,6.109476089477539e-07,OPEN_MASK,5761.0,0.00019999269534540186,0.06121260337315298,16.336503982543945,0.5013741254806519,18.539857864379883,0.9999977350234985
fork_A,5761,budget,0.5,0.0,0.0,0.0,0.0,0.0,0.0,0.0,MIXED_OR_NEGLIGIBLE,0.0,0.0,0.0,0.0,0.0,0.0,0.0,OPEN_MASK,5761.0,0.00019999269534540186,0.06121260337315298,16.336503982543945,0.5013741254806519,18.539857864379883,0.9999977350234985
fork_A,5761,tv,0.05,0.007014687173068523,0.0003507343586534262,0.007308727130293846,0.0001357657165499404,0.30346420407295227,-9.970080316890062e-13,1.0876354927802367e-08,MIXED_OR_NEGLIGIBLE,0.001777314580976963,0.004760798532515764,2.066371962428093e-09,1.8477439880371094e-06,0.001865340513177216,1.5879777492955327e-09,1.926906406879425e-06,OPEN_MASK,5761.0,0.00019999269534540186,0.06121260337315298,16.336503982543945,0.5013741254806519,18.539857864379883,0.9999977350234985
fork_A,5761,bg,1.0,0.016713186632841825,0.016713186632841825,0.04301552101969719,-0.0016898218309506774,-0.6417632102966309,9.064693440308247e-13,6.852777012511524e-09,MIXED_OR_NEGLIGIBLE,-0.0027841301634907722,-0.01139348465949297,-3.3760443329811096e-09,-1.4185905456542969e-05,-0.0027864950243383646,-3.4033291740342975e-09,-1.4346092939376831e-05,CLOSE_MASK,5761.0,0.00019999269534540186,0.06121260337315298,16.336503982543945,0.5013741254806519,18.539857864379883,0.9999977350234985
fork_A,5761,gadv,0.05,5.758599758148193,0.2879299879074097,16.51375389099121,1.0106098651885986,0.9997624158859253,-4.805683628816837e-12,8.149633146103952e-08,MIXED_OR_NEGLIGIBLE,0.4123716354370117,-1.290304183959961,-1.146690919995308e-08,0.003029167652130127,0.386953741312027,1.327261998085305e-07,0.0022313036024570465,OPEN_MASK,5761.0,0.00019999269534540186,0.06121260337315298,16.336503982543945,0.5013741254806519,18.539857864379883,0.9999977350234985
fork_A,5761,momentum,,,,,,,,,,-0.42153000831604004,-0.05587603896856308,3.664172254502773e-08,0.0006791949272155762,-0.4241183400154114,1.4584657037630677e-08,0.000559784471988678,CLOSE_MASK,5761.0,0.00019999269534540186,0.06121260337315298,16.336503982543945,0.5013741254806519,18.539857864379883,0.9999977350234985
fork_A,5761,TOTAL,,,,,,,,,,-0.027901889756321907,-1.4463807344436646,6.373738870024681e-09,0.0035943984985351562,-0.02362227439880371,1.1616884876275435e-07,0.0021401764824986458,CLOSE_MASK,5761.0,0.00019999269534540186,0.06121260337315298,16.336503982543945,0.5013741254806519,18.539857864379883,0.9999977350234985
fork_A,5761,TOTAL_mask_head_row_only,,,,,,,,,,8.450844325125217e-05,0.000550859491340816,5.820766091346741e-11,0.0,9.858754492597654e-05,1.964508555829525e-10,0.0,OPEN_MASK,5761.0,0.00019999269534540186,0.06121260337315298,16.336503982543945,0.5013741254806519,18.539857864379883,0.9999977350234985
fork_A,5761,TOTAL_g_res_except_mask_row,,,,,,,,,,-0.06556641310453415,-1.6146656274795532,-2.689193934202194e-07,0.0035695433616638184,-0.05983864516019821,-1.1750489647965878e-07,0.002114187926054001,CLOSE_MASK,5761.0,0.00019999269534540186,0.06121260337315298,16.336503982543945,0.5013741254806519,18.539857864379883,0.9999977350234985
fork_A,5761,TOTAL_e_art_only,,,,,,,,,,0.037574972957372665,0.1668282002210617,2.764281816780567e-07,2.473592758178711e-05,0.03598673641681671,2.4005021259654313e-07,2.324674278497696e-05,OPEN_MASK,5761.0,0.00019999269534540186,0.06121260337315298,16.336503982543945,0.5013741254806519,18.539857864379883,0.9999977350234985
fork_A,5762,id,1.0,0.0038030073046684265,0.0038030073046684265,0.018157944083213806,-0.0014817961491644382,-0.667415201663971,1.9984014443252818e-15,2.062448406503492e-10,MIXED_OR_NEGLIGIBLE,-0.004239428788423538,-0.010624127462506294,-1.979060471057892e-09,-6.377696990966797e-06,-0.004305576905608177,-2.0313564164098352e-09,-6.527639925479889e-06,CLOSE_MASK,5762.0,0.00019999263304663057,0.12227162156690995,8.178511619567871,0.4887206554412842,18.91727066040039,0.9999984502792358
fork_A,5762,lm,1.0,0.007233069743961096,0.007233069743961096,0.016010425984859467,-0.001424912246875465,-0.7278795838356018,1.3594680936535042e-13,2.525417031051802e-08,MIXED_OR_NEGLIGIBLE,-0.0015561110340058804,-0.0053252228535711765,-9.89530235528946e-10,-4.291534423828125e-06,-0.0015685169491916895,-1.0290932550560683e-09,-4.406087100505829e-06,CLOSE_MASK,5762.0,0.00019999263304663057,0.12227162156690995,8.178511619567871,0.4887206554412842,18.91727066040039,0.9999984502792358
fork_A,5762,parse,0.5,0.23214147984981537,0.11607073992490768,0.020907416939735413,-0.0008577784174121916,-0.3355436325073242,8.876233081878127e-13,6.057744883491978e-08,MIXED_OR_NEGLIGIBLE,-0.0063391877338290215,-0.021432656794786453,-4.249159246683121e-09,-7.867813110351562e-06,-0.006381870247423649,-4.288722266210243e-09,-7.849186658859253e-06,CLOSE_MASK,5762.0,0.00019999263304663057,0.12227162156690995,8.178511619567871,0.4887206554412842,18.91727066040039,0.9999984502792358
fork_A,5762,low,2.0,1.3103598917041381e-07,2.6207197834082763e-07,0.0,0.0,0.0,0.0,0.0,MIXED_OR_NEGLIGIBLE,0.0,0.0,0.0,0.0,0.0,0.0,0.0,OPEN_MASK,5762.0,0.00019999263304663057,0.12227162156690995,8.178511619567871,0.4887206554412842,18.91727066040039,0.9999984502792358
fork_A,5762,artcon,1.0,0.5493955910205841,0.5493955910205841,0.6246260404586792,-0.002886954229325056,-0.037800200283527374,-8.989198274633736e-13,5.873970820857721e-08,MIXED_OR_NEGLIGIBLE,-0.3710669279098511,-0.8794699907302856,-1.7302227206528187e-07,-0.0002599954605102539,-0.3773684501647949,-1.8597302187117748e-07,-0.0002719508484005928,CLOSE_MASK,5762.0,0.00019999263304663057,0.12227162156690995,8.178511619567871,0.4887206554412842,18.91727066040039,0.9999984502792358
fork_A,5762,spec,0.5,0.039035288617014885,0.019517644308507442,0.001544626196846366,7.719185668975115e-05,0.40871670842170715,-3.913536161803677e-15,3.274787108153987e-10,MIXED_OR_NEGLIGIBLE,0.0006312527693808079,0.001581805874593556,3.4924596548080444e-10,7.748603820800781e-07,0.0008108981419354677,4.24279278377071e-10,8.428469300270081e-07,OPEN_MASK,5762.0,0.00019999263304663057,0.12227162156690995,8.178511619567871,0.4887206554412842,18.91727066040039,0.9999984502792358
fork_A,5762,budget,0.5,0.0,0.0,0.0,0.0,0.0,0.0,0.0,MIXED_OR_NEGLIGIBLE,0.0,0.0,0.0,0.0,0.0,0.0,0.0,OPEN_MASK,5762.0,0.00019999263304663057,0.12227162156690995,8.178511619567871,0.4887206554412842,18.91727066040039,0.9999984502792358
fork_A,5762,tv,0.05,0.00622114515863359,0.0003110572579316795,0.007939312607049942,0.00024076190311461687,0.24801568686962128,-7.427392034742297e-13,8.21457746269516e-09,MIXED_OR_NEGLIGIBLE,0.004232142120599747,0.010901087895035744,2.735760062932968e-09,4.5299530029296875e-06,0.004283250775188208,2.1263986127451062e-09,4.5979395508766174e-06,OPEN_MASK,5762.0,0.00019999263304663057,0.12227162156690995,8.178511619567871,0.4887206554412842,18.91727066040039,0.9999984502792358
fork_A,5762,bg,1.0,0.019291523844003677,0.019291523844003677,0.028193792328238487,-0.0019228598102927208,-0.5577870011329651,5.814237979961945e-13,3.929114811285217e-09,MIXED_OR_NEGLIGIBLE,-0.014823575504124165,-0.040890030562877655,-8.32369551062584e-09,-1.800060272216797e-05,-0.014837951399385929,-7.953076419653371e-09,-1.8048100173473358e-05,CLOSE_MASK,5762.0,0.00019999263304663057,0.12227162156690995,8.178511619567871,0.4887206554412842,18.91727066040039,0.9999984502792358
fork_A,5762,gadv,0.05,1.1651881337165833,0.058259406685829164,8.270541191101074,1.008307933807373,0.9970881342887878,1.4156870120629605e-11,8.311469912314351e-08,MIXED_OR_NEGLIGIBLE,0.7769277691841125,3.5611331462860107,7.180788088589907e-07,0.0013096928596496582,0.7898788452148438,5.630599844153039e-07,0.0007256912067532539,OPEN_MASK,5762.0,0.00019999263304663057,0.12227162156690995,8.178511619567871,0.4887206554412842,18.91727066040039,0.9999984502792358
fork_A,5762,momentum,,,,,,,,,,-0.02636757493019104,-0.1648959219455719,-2.2031599655747414e-08,0.0003458261489868164,-0.023941634222865105,-2.31239027925767e-09,0.00015389453619718552,CLOSE_MASK,5762.0,0.00019999263304663057,0.12227162156690995,8.178511619567871,0.4887206554412842,18.91727066040039,0.9999984502792358
fork_A,5762,TOTAL,,,,,,,,,,0.357771098613739,2.455385446548462,5.128385964781046e-07,0.0013506412506103516,0.3804161548614502,4.445055310497992e-07,0.00016003940254449844,OPEN_MASK,5762.0,0.00019999263304663057,0.12227162156690995,8.178511619567871,0.4887206554412842,18.91727066040039,0.9999984502792358
fork_A,5762,TOTAL_mask_head_row_only,,,,,,,,,,8.614733815193176e-09,-5.837493517901748e-06,0.0,0.0,-1.2861364666605368e-05,-5.4569682106375694e-12,0.0,OPEN_MASK,5762.0,0.00019999263304663057,0.12227162156690995,8.178511619567871,0.4887206554412842,18.91727066040039,0.9999984502792358
fork_A,5762,TOTAL_g_res_except_mask_row,,,,,,,,,,0.34814727306365967,2.3770012855529785,4.925823304802179e-07,0.0013428926467895508,0.369892954826355,4.2997999116778374e-07,0.00015221908688545227,OPEN_MASK,5762.0,0.00019999263304663057,0.12227162156690995,8.178511619567871,0.4887206554412842,18.91727066040039,0.9999984502792358
fork_A,5762,TOTAL_e_art_only,,,,,,,,,,0.009603340178728104,0.07748140394687653,2.4010660126805305e-08,7.748603820800781e-06,0.009402554482221603,2.1902906155446544e-08,7.646158337593079e-06,OPEN_MASK,5762.0,0.00019999263304663057,0.12227162156690995,8.178511619567871,0.4887206554412842,18.91727066040039,0.9999984502792358
fork_A,5763,id,1.0,0.003750041127204895,0.003750041127204895,0.016087574884295464,0.0017252718098461628,0.16467708349227905,1.4988010832439613e-15,7.751541769573933e-11,MIXED_OR_NEGLIGIBLE,-0.024953866377472878,-0.06415165960788727,-8.614733815193176e-09,-3.3736228942871094e-05,-0.024942858144640923,-9.224095265381038e-09,-3.407895565032959e-05,CLOSE_MASK,5763.0,0.0001999925704833341,0.6512286467464247,1.5355579853057861,0.6755066514015198,18.97376251220703,0.9999988675117493
fork_A,5763,lm,1.0,0.013544186018407345,0.013544186018407345,0.010544194839894772,0.0008141499129123986,0.11856519430875778,-2.927658115936538e-13,3.9253610140121964e-08,MIXED_OR_NEGLIGIBLE,0.003772254101932049,0.01299996767193079,1.7171259969472885e-09,-6.139278411865234e-06,0.0037661062087863684,2.2550921130459756e-09,-6.273388862609863e-06,OPEN_MASK,5763.0,0.0001999925704833341,0.6512286467464247,1.5355579853057861,0.6755066514015198,18.97376251220703,0.9999988675117493
fork_A,5763,parse,0.5,0.2773447781801224,0.1386723890900612,0.07672931998968124,0.014299005270004272,0.2861611545085907,1.7159051957094107e-12,9.871512673953475e-08,MIXED_OR_NEGLIGIBLE,-0.04453860968351364,-0.2118617743253708,-2.6891939342021942e-08,-0.00015604496002197266,-0.04424244165420532,-2.8248450689716265e-08,-0.00016172882169485092,CLOSE_MASK,5763.0,0.0001999925704833341,0.6512286467464247,1.5355579853057861,0.6755066514015198,18.97376251220703,0.9999988675117493
fork_A,5763,low,2.0,1.1444311809327701e-07,2.2888623618655402e-07,0.0,0.0,0.0,0.0,0.0,MIXED_OR_NEGLIGIBLE,0.0,0.0,0.0,0.0,0.0,0.0,0.0,OPEN_MASK,5763.0,0.0001999925704833341,0.6512286467464247,1.5355579853057861,0.6755066514015198,18.97376251220703,0.9999988675117493
fork_A,5763,artcon,1.0,0.4447435289621353,0.4447435289621353,0.8172395825386047,0.18326543271541595,0.34434783458709717,2.552680289369391e-13,5.316392659437952e-08,MIXED_OR_NEGLIGIBLE,-2.59785795211792,-6.50901985168457,-9.512586984783411e-07,-0.0025139451026916504,-2.7138733863830566,-1.5986688595148735e-06,-0.003287811763584614,CLOSE_MASK,5763.0,0.0001999925704833341,0.6512286467464247,1.5355579853057861,0.6755066514015198,18.97376251220703,0.9999988675117493
fork_A,5763,spec,0.5,0.03328445926308632,0.01664222963154316,0.004087282344698906,-0.0011241866741329432,-0.4223475456237793,-1.1018963519404679e-14,9.810880996496962e-10,MIXED_OR_NEGLIGIBLE,0.012714646756649017,0.034293778240680695,3.754394128918648e-09,1.6927719116210938e-05,0.012829897925257683,4.81259121443145e-09,1.687370240688324e-05,OPEN_MASK,5763.0,0.0001999925704833341,0.6512286467464247,1.5355579853057861,0.6755066514015198,18.97376251220703,0.9999988675117493
fork_A,5763,budget,0.5,0.0,0.0,0.0,0.0,0.0,0.0,0.0,MIXED_OR_NEGLIGIBLE,0.0,0.0,0.0,0.0,0.0,0.0,0.0,OPEN_MASK,5763.0,0.0001999925704833341,0.6512286467464247,1.5355579853057861,0.6755066514015198,18.97376251220703,0.9999988675117493
fork_A,5763,tv,0.05,0.0044850988779217005,0.00022425494389608503,0.006129604298621416,-0.0015644390368834138,-0.3919154703617096,-5.634381849972669e-13,7.299415738515336e-09,MIXED_OR_NEGLIGIBLE,0.018940400332212448,0.050376471132040024,6.199115887284279e-09,2.5331974029541016e-05,0.019047949463129044,7.3832779889926314e-09,2.5199726223945618e-05,OPEN_MASK,5763.0,0.0001999925704833341,0.6512286467464247,1.5355579853057861,0.6755066514015198,18.97376251220703,0.9999988675117493
fork_A,5763,bg,1.0,0.017087004147469997,0.017087004147469997,0.02675802633166313,0.006765563506633043,0.3882541358470917,3.98209243357428e-13,3.2699642993350153e-09,MIXED_OR_NEGLIGIBLE,-0.09363619983196259,-0.2654540538787842,-3.7747668102383614e-08,-0.00013816356658935547,-0.09358575195074081,-3.933246262022294e-08,-0.0001417277380824089,CLOSE_MASK,5763.0,0.0001999925704833341,0.6512286467464247,1.5355579853057861,0.6755066514015198,18.97376251220703,0.9999988675117493
fork_A,5763,gadv,0.05,9.39683198928833,0.4698415994644165,1.457822322845459,0.7959696054458618,0.8384132385253906,-1.10982056877873e-11,1.1236704722250579e-07,MIXED_OR_NEGLIGIBLE,0.11038369685411453,1.3670108318328857,2.2290623746812344e-07,-0.0015873312950134277,0.1376211941242218,2.2312633518595248e-07,-0.0036291275173425674,OPEN_MASK,5763.0,0.0001999925704833341,0.6512286467464247,1.5355579853057861,0.6755066514015198,18.97376251220703,0.9999988675117493
fork_A,5763,momentum,,,,,,,,,,0.23013347387313843,1.2144666910171509,1.8053106032311916e-07,-0.00026226043701171875,0.24034233391284943,1.6734065866330639e-07,-0.00035298895090818405,OPEN_MASK,5763.0,0.0001999925704833341,0.6512286467464247,1.5355579853057861,0.6755066514015198,18.97376251220703,0.9999988675117493
fork_A,5763,TOTAL,,,,,,,,,,-2.383971929550171,-4.380892276763916,-6.069312803447247e-07,-0.004701495170593262,-2.361726760864258,-8.567999429942574e-07,-0.006281469017267227,CLOSE_MASK,5763.0,0.0001999925704833341,0.6512286467464247,1.5355579853057861,0.6755066514015198,18.97376251220703,0.9999988675117493
fork_A,5763,TOTAL_mask_head_row_only,,,,,,,,,,0.0002763580996543169,0.0010951909935101867,0.0,0.0,0.00020758046593982726,1.3596945791505277e-10,0.0,OPEN_MASK,5763.0,0.0001999925704833341,0.6512286467464247,1.5355579853057861,0.6755066514015198,18.97376251220703,0.9999988675117493
fork_A,5763,TOTAL_g_res_except_mask_row,,,,,,,,,,-2.3882932662963867,-4.450738906860352,-6.180489435791969e-07,-0.0047029852867126465,-2.366504192352295,-8.73491899255896e-07,-0.006282063201069832,CLOSE_MASK,5763.0,0.0001999925704833341,0.6512286467464247,1.5355579853057861,0.6755066514015198,18.97376251220703,0.9999988675117493
fork_A,5763,TOTAL_e_art_only,,,,,,,,,,0.00402812147513032,0.06837309151887894,1.155422069132328e-08,1.7881393432617188e-06,0.0032692484091967344,1.0556959750829265e-08,1.1390075087547302e-06,OPEN_MASK,5763.0,0.0001999925704833341,0.6512286467464247,1.5355579853057861,0.6755066514015198,18.97376251220703,0.9999988675117493
fork_A,5764,id,1.0,0.003125511109828949,0.003125511109828949,0.018533848226070404,9.136288281297311e-05,0.01349581964313984,1.4432899320127035e-15,2.2858552550797384e-10,MIXED_OR_NEGLIGIBLE,-0.006327158771455288,-0.016348889097571373,-3.841705620288849e-09,-2.3663043975830078e-05,-0.006328540854156017,-4.15411705034785e-09,-2.3507513105869293e-05,CLOSE_MASK,5764.0,0.00019999250765551264,0.36526225601879947,2.737757921218872,0.6510546803474426,16.72140884399414,0.9999979734420776
fork_A,5764,lm,1.0,0.008911044336855412,0.008911044336855412,0.023573830723762512,-0.0027439515106379986,-0.3186700940132141,-2.5626722965910176e-13,2.7743352504217e-08,MIXED_OR_NEGLIGIBLE,0.03512297943234444,0.0922136977314949,2.302112989127636e-08,1.5676021575927734e-05,0.03508405387401581,2.404976839898154e-08,1.5751458704471588e-05,OPEN_MASK,5764.0,0.00019999250765551264,0.36526225601879947,2.737757921218872,0.6510546803474426,16.72140884399414,0.9999979734420776
fork_A,5764,parse,0.5,0.24027075618505478,0.12013537809252739,0.026476209983229637,-0.002853852231055498,-0.29510101675987244,8.180123245438153e-13,8.018685804245251e-08,MIXED_OR_NEGLIGIBLE,0.017958739772439003,0.029858669266104698,7.275957614183426e-09,-2.2232532501220703e-05,0.017986737191677094,7.992639439180493e-09,-2.199038863182068e-05,OPEN_MASK,5764.0,0.00019999250765551264,0.36526225601879947,2.737757921218872,0.6510546803474426,16.72140884399414,0.9999979734420776
fork_A,5764,low,2.0,1.3007712595936027e-07,2.6015425191872055e-07,0.0,0.0,0.0,0.0,0.0,MIXED_OR_NEGLIGIBLE,0.0,0.0,0.0,0.0,0.0,0.0,0.0,OPEN_MASK,5764.0,0.00019999250765551264,0.36526225601879947,2.737757921218872,0.6510546803474426,16.72140884399414,0.9999979734420776
fork_A,5764,artcon,1.0,0.40843722224235535,0.40843722224235535,0.7897976040840149,0.04689579829573631,0.16255980730056763,-8.376632720796806e-13,1.0917380421915368e-07,MIXED_OR_NEGLIGIBLE,-0.7847577333450317,-1.8469305038452148,-4.922039806842804e-07,-8.07642936706543e-05,-0.7874504923820496,-6.040718290023506e-07,-8.440390229225159e-05,CLOSE_MASK,5764.0,0.00019999250765551264,0.36526225601879947,2.737757921218872,0.6510546803474426,16.72140884399414,0.9999979734420776
fork_A,5764,spec,0.5,0.02940027415752411,0.014700137078762054,0.0020291281398385763,0.00020855532784480602,0.2813888192176819,-7.466249840604178e-15,1.163863228015316e-09,MIXED_OR_NEGLIGIBLE,-9.021768346428871e-05,-0.0005385411204770207,0.0,2.4437904357910156e-06,-0.00010029319673776627,-1.291482476517558e-10,2.4959444999694824e-06,CLOSE_MASK,5764.0,0.00019999250765551264,0.36526225601879947,2.737757921218872,0.6510546803474426,16.72140884399414,0.9999979734420776
fork_A,5764,budget,0.5,0.0,0.0,0.0,0.0,0.0,0.0,0.0,MIXED_OR_NEGLIGIBLE,0.0,0.0,0.0,0.0,0.0,0.0,0.0,OPEN_MASK,5764.0,0.00019999250765551264,0.36526225601879947,2.737757921218872,0.6510546803474426,16.72140884399414,0.9999979734420776
fork_A,5764,tv,0.05,0.010922404937446117,0.0005461202468723059,0.010510733351111412,-0.00032659454154781997,-0.08506893366575241,-9.637013409502515e-13,9.92790916143349e-09,MIXED_OR_NEGLIGIBLE,0.009133103303611279,0.023317452520132065,6.577465683221817e-09,9.715557098388672e-06,0.009179141372442245,6.348273018375039e-09,9.891577064990997e-06,OPEN_MASK,5764.0,0.00019999250765551264,0.36526225601879947,2.737757921218872,0.6510546803474426,16.72140884399414,0.9999979734420776
fork_A,5764,bg,1.0,0.018314635381102562,0.018314635381102562,0.04868888482451439,-0.005720014683902264,-0.32163429260253906,6.07264238894345e-13,3.934832015772827e-09,MIXED_OR_NEGLIGIBLE,-0.01905956119298935,-0.04305405914783478,-1.0360963642597198e-08,-0.00012475252151489258,-0.01909114047884941,-1.188345777336508e-08,-0.00012319069355726242,CLOSE_MASK,5764.0,0.00019999250765551264,0.36526225601879947,2.737757921218872,0.6510546803474426,16.72140884399414,0.9999979734420776
fork_A,5764,gadv,0.05,7.248853921890259,0.36244269609451296,2.742072582244873,0.9646002650260925,0.9630824327468872,-2.74113787224195e-11,1.6889775622530578e-07,MIXED_OR_NEGLIGIBLE,-2.989062547683716,-8.056526184082031,-2.162414602935314e-06,0.005865991115570068,-3.2165143489837646,-7.684500815230422e-06,0.002321225591003895,CLOSE_MASK,5764.0,0.00019999250765551264,0.36526225601879947,2.737757921218872,0.6510546803474426,16.72140884399414,0.9999979734420776
fork_A,5764,momentum,,,,,,,,,,-0.9662443995475769,-1.99529230594635,-5.257315933704376e-07,0.0015229582786560059,-0.9110970497131348,-6.415284588001668e-07,0.0013663042336702347,CLOSE_MASK,5764.0,0.00019999250765551264,0.36526225601879947,2.737757921218872,0.6510546803474426,16.72140884399414,0.9999979734420776
fork_A,5764,TOTAL,,,,,,,,,,-4.706279277801514,-11.815247535705566,-3.1822710298001766e-06,0.00724261999130249,-4.670474052429199,-2.6673795218812302e-05,0.002216620370745659,CLOSE_MASK,5764.0,0.00019999250765551264,0.36526225601879947,2.737757921218872,0.6510546803474426,16.72140884399414,0.9999979734420776
fork_A,5764,TOTAL_mask_head_row_only,,,,,,,,,,0.00034359004348516464,0.001702288631349802,6.984919309616089e-10,0.0,0.0003633647575043142,4.561115929391235e-10,0.0,OPEN_MASK,5764.0,0.00019999250765551264,0.36526225601879947,2.737757921218872,0.6510546803474426,16.72140884399414,0.9999979734420776
fork_A,5764,TOTAL_g_res_except_mask_row,,,,,,,,,,-4.679656982421875,-11.76781177520752,-3.1625095289200544e-06,0.007247567176818848,-4.647409915924072,-2.5719076802488416e-05,0.002228975296020508,CLOSE_MASK,5764.0,0.00019999250765551264,0.36526225601879947,2.737757921218872,0.6510546803474426,16.72140884399414,0.9999979734420776
fork_A,5764,TOTAL_e_art_only,,,,,,,,,,-0.026979811489582062,-0.04913231357932091,-1.955777406692505e-08,-4.827976226806641e-06,-0.027214281260967255,-2.1046616893727332e-08,-4.881061613559723e-06,CLOSE_MASK,5764.0,0.00019999250765551264,0.36526225601879947,2.737757921218872,0.6510546803474426,16.72140884399414,0.9999979734420776
fork_A,5765,id,1.0,0.005150794982910156,0.005150794982910156,0.03986106812953949,0.004878675099462271,0.49527671933174133,1.9048373989249967e-12,1.231620530006694e-07,MIXED_OR_NEGLIGIBLE,-0.0056334128603339195,-0.04325133189558983,-2.3309257812798023e-07,-1.043081283569336e-05,-0.005525435321033001,-2.3078609956428409e-07,-1.0392628610134125e-05,CLOSE_MASK,5765.0,0.00019999244456316638,0.24711833718402598,4.046643257141113,0.9628151059150696,11.356300354003906,0.9999525547027588
fork_A,5765,lm,1.0,0.017899757251143456,0.017899757251143456,0.108029805123806,0.0169800017029047,0.636046826839447,3.2623070911341756e-12,2.561762357800035e-07,MIXED_OR_NEGLIGIBLE,-0.010489759035408497,-0.04746270179748535,-1.0395888239145279e-07,-3.123283386230469e-05,-0.009981761686503887,-7.84730218583718e-08,-3.0363909900188446e-05,CLOSE_MASK,5765.0,0.00019999244456316638,0.24711833718402598,4.046643257141113,0.9628151059150696,11.356300354003906,0.9999525547027588
fork_A,5765,parse,0.5,0.343059703707695,0.1715298518538475,0.33790865540504456,0.05972427874803543,0.7152313590049744,9.058587213672809e-12,4.909985023004992e-07,MIXED_OR_NEGLIGIBLE,0.00866334605962038,0.10385140031576157,9.15635609999299e-07,-0.00014704465866088867,0.011635301634669304,1.0746366569946986e-06,-0.00012127310037612915,OPEN_MASK,5765.0,0.00019999244456316638,0.24711833718402598,4.046643257141113,0.9628151059150696,11.356300354003906,0.9999525547027588
fork_A,5765,low,2.0,1.3180773095200493e-07,2.6361546190400986e-07,0.0,0.0,0.0,0.0,0.0,MIXED_OR_NEGLIGIBLE,0.0,0.0,0.0,0.0,0.0,0.0,0.0,OPEN_MASK,5765.0,0.00019999244456316638,0.24711833718402598,4.046643257141113,0.9628151059150696,11.356300354003906,0.9999525547027588
fork_A,5765,artcon,1.0,0.4596463739871979,0.4596463739871979,0.9409700036048889,-0.054893672466278076,-0.23607034981250763,2.1260770921571748e-12,9.489168064646947e-07,MIXED_OR_NEGLIGIBLE,-0.6710816025733948,-5.310179233551025,-3.5528180887922645e-05,-0.0003567934036254883,-0.6156307458877563,-5.103200601297431e-05,-0.0004037916660308838,CLOSE_MASK,5765.0,0.00019999244456316638,0.24711833718402598,4.046643257141113,0.9628151059150696,11.356300354003906,0.9999525547027588
fork_A,5765,spec,0.5,0.034489378333091736,0.017244689166545868,0.0032469253055751324,0.00020439545914996415,0.25473809242248535,7.652212197228891e-14,5.444447559455057e-09,MIXED_OR_NEGLIGIBLE,0.001083945157006383,0.008448597975075245,5.3085386753082275e-08,5.364418029785156e-07,0.001096597989089787,5.307038009050302e-08,5.709007382392883e-07,OPEN_MASK,5765.0,0.00019999244456316638,0.24711833718402598,4.046643257141113,0.9628151059150696,11.356300354003906,0.9999525547027588
fork_A,5765,budget,0.5,0.0,0.0,0.0,0.0,0.0,0.0,0.0,MIXED_OR_NEGLIGIBLE,0.0,0.0,0.0,0.0,0.0,0.0,0.0,OPEN_MASK,5765.0,0.00019999244456316638,0.24711833718402598,4.046643257141113,0.9628151059150696,11.356300354003906,0.9999525547027588
fork_A,5765,tv,0.05,0.011133527848869562,0.0005566763924434781,0.011177143082022667,0.0011180955916643143,0.4048023819923401,-1.0249412429885751e-11,3.604765552722711e-08,MIXED_OR_NEGLIGIBLE,0.005494250915944576,0.03964240476489067,2.673477865755558e-07,3.3974647521972656e-06,0.005580470431596041,2.6967381927534007e-07,3.4496188163757324e-06,OPEN_MASK,5765.0,0.00019999244456316638,0.24711833718402598,4.046643257141113,0.9628151059150696,11.356300354003906,0.9999525547027588
fork_A,5765,bg,1.0,0.012566845398396254,0.012566845398396254,0.013887478038668633,0.0002511427737772465,0.07317997515201569,7.972150717350246e-12,1.8235926546594783e-08,MIXED_OR_NEGLIGIBLE,-0.02261953055858612,-0.1552240401506424,-9.77073796093464e-07,-1.7642974853515625e-05,-0.022509578615427017,-9.885743565973826e-07,-1.7632730305194855e-05,CLOSE_MASK,5765.0,0.00019999244456316638,0.24711833718402598,4.046643257141113,0.9628151059150696,11.356300354003906,0.9999525547027588
fork_A,5765,gadv,0.05,1.1408166587352753,0.05704083293676376,4.020063400268555,0.9720635414123535,0.9784906506538391,3.5827174560409958e-12,6.592833869945025e-07,MIXED_OR_NEGLIGIBLE,6.679826736450195,46.722625732421875,0.00027829193277284503,0.0016692876815795898,5.261871337890625,4.536093911156058e-05,0.0027472274377942085,OPEN_MASK,5765.0,0.00019999244456316638,0.24711833718402598,4.046643257141113,0.9628151059150696,11.356300354003906,0.9999525547027588
fork_A,5765,momentum,,,,,,,,,,-1.5017527341842651,-9.273524284362793,-5.415041232481599e-05,0.000653684139251709,-1.0822572708129883,-5.334523302735761e-05,0.0004189359024167061,CLOSE_MASK,5765.0,0.00019999244456316638,0.24711833718402598,4.046643257141113,0.9628151059150696,11.356300354003906,0.9999525547027588
fork_A,5765,TOTAL,,,,,,,,,,4.460939407348633,31.75983428955078,0.00019537282059900463,0.0017800331115722656,3.538029193878174,4.3479067244334146e-05,0.0015925588086247444,OPEN_MASK,5765.0,0.00019999244456316638,0.24711833718402598,4.046643257141113,0.9628151059150696,11.356300354003906,0.9999525547027588
fork_A,5765,TOTAL_mask_head_row_only,,,,,,,,,,-0.00024506240151822567,-0.0017325322842225432,-1.04482751339674e-08,0.0,-0.00022706696472596377,-8.667484507896006e-09,0.0,CLOSE_MASK,5765.0,0.00019999244456316638,0.24711833718402598,4.046643257141113,0.9628151059150696,11.356300354003906,0.9999525547027588
fork_A,5765,TOTAL_g_res_except_mask_row,,,,,,,,,,4.366999626159668,30.864429473876953,0.00018634318257682025,0.0017006993293762207,3.457526206970215,4.324821202317253e-05,0.0015588132664561272,OPEN_MASK,5765.0,0.00019999244456316638,0.24711833718402598,4.046643257141113,0.9628151059150696,11.356300354003906,0.9999525547027588
fork_A,5765,TOTAL_e_art_only,,,,,,,,,,0.09241980314254761,0.8750896453857422,9.447569027543068e-06,8.118152618408203e-05,0.07849957048892975,7.1960052991926204e-06,6.558839231729507e-05,OPEN_MASK,5765.0,0.00019999244456316638,0.24711833718402598,4.046643257141113,0.9628151059150696,11.356300354003906,0.9999525547027588
fork_A,5766,id,1.0,0.003973387181758881,0.003973387181758881,0.01828256994485855,-0.0013074649032205343,-0.3877677619457245,1.1823875212257917e-14,3.743407805956167e-10,MIXED_OR_NEGLIGIBLE,-0.004773240070790052,-0.016567233949899673,-7.566995918750763e-09,-6.318092346191406e-06,-0.004785306751728058,-7.876678864704445e-09,-6.449408829212189e-06,CLOSE_MASK,5766.0,0.00019999238120629544,0.18442551719673586,5.422242164611816,0.574677050113678,15.057401657104492,0.9999961853027344
fork_A,5766,lm,1.0,0.011115450179204345,0.011115450179204345,0.052319496870040894,0.008440335281193256,0.8747320175170898,-9.263978473228462e-13,8.647738525269233e-08,MIXED_OR_NEGLIGIBLE,0.012441592290997505,0.04330548644065857,2.1187588572502136e-08,3.0219554901123047e-05,0.012501812539994717,2.1213509171502665e-08,3.0455179512500763e-05,OPEN_MASK,5766.0,0.00019999238120629544,0.18442551719673586,5.422242164611816,0.574677050113678,15.057401657104492,0.9999961853027344
fork_A,5766,parse,0.5,0.29831139743328094,0.14915569871664047,0.13294817507266998,0.01840461604297161,0.7506254315376282,-5.374589662210383e-13,1.2688083472767175e-07,MIXED_OR_NEGLIGIBLE,0.020155318081378937,0.08184966444969177,4.109460860490799e-08,6.765127182006836e-05,0.02028370276093483,4.034245648654178e-08,6.865523755550385e-05,OPEN_MASK,5766.0,0.00019999238120629544,0.18442551719673586,5.422242164611816,0.574677050113678,15.057401657104492,0.9999961853027344
fork_A,5766,low,2.0,1.2463070220292138e-07,2.4926140440584277e-07,0.0,0.0,0.0,0.0,0.0,MIXED_OR_NEGLIGIBLE,0.0,0.0,0.0,0.0,0.0,0.0,0.0,OPEN_MASK,5766.0,0.00019999238120629544,0.18442551719673586,5.422242164611816,0.574677050113678,15.057401657104492,0.9999961853027344
fork_A,5766,artcon,1.0,0.4590311348438263,0.4590311348438263,0.45236945152282715,0.027587564662098885,0.3306731879711151,-4.987399382372359e-13,1.114229064569372e-07,MIXED_OR_NEGLIGIBLE,0.027796823531389236,0.0967937558889389,5.343463271856308e-08,8.636713027954102e-05,0.02833062782883644,5.535594027605839e-08,9.026844054460526e-05,OPEN_MASK,5766.0,0.00019999238120629544,0.18442551719673586,5.422242164611816,0.574677050113678,15.057401657104492,0.9999961853027344
fork_A,5766,spec,0.5,0.034392183646559715,0.017196091823279858,0.0015538460575044155,0.00018343192641623318,0.6400970220565796,-8.268385975895853e-14,6.304111455079919e-09,MIXED_OR_NEGLIGIBLE,0.0003860213328152895,0.001314292079769075,8.149072527885437e-10,6.556510925292969e-07,0.0005150167853571475,8.48558556754142e-10,6.444752216339111e-07,OPEN_MASK,5766.0,0.00019999238120629544,0.18442551719673586,5.422242164611816,0.574677050113678,15.057401657104492,0.9999961853027344
fork_A,5766,budget,0.5,0.0,0.0,0.0,0.0,0.0,0.0,0.0,MIXED_OR_NEGLIGIBLE,0.0,0.0,0.0,0.0,0.0,0.0,0.0,OPEN_MASK,5766.0,0.00019999238120629544,0.18442551719673586,5.422242164611816,0.574677050113678,15.057401657104492,0.9999961853027344
fork_A,5766,tv,0.05,0.007299616700038314,0.0003649808350019157,0.006456200499087572,0.0005127497133798897,0.430633008480072,-1.661504267502778e-12,1.503905266986294e-08,MIXED_OR_NEGLIGIBLE,0.0011526511516422033,0.0038410883862525225,2.3865140974521637e-09,1.7285346984863281e-06,0.0011786535615101457,1.985881681321189e-09,1.716427505016327e-06,OPEN_MASK,5766.0,0.00019999238120629544,0.18442551719673586,5.422242164611816,0.574677050113678,15.057401657104492,0.9999961853027344
fork_A,5766,bg,1.0,0.022023284807801247,0.022023284807801247,0.04019446298480034,-0.0067539699375629425,-0.9111120104789734,1.0468292899190601e-12,6.530989526964959e-09,MIXED_OR_NEGLIGIBLE,-0.014696336351335049,-0.051361050456762314,-2.435990609228611e-08,-2.6464462280273438e-05,-0.01469457522034645,-2.5013832782860845e-08,-2.640020102262497e-05,CLOSE_MASK,5766.0,0.00019999238120629544,0.18442551719673586,5.422242164611816,0.574677050113678,15.057401657104492,0.9999961853027344
fork_A,5766,gadv,0.05,6.679652214050293,0.33398261070251467,5.192090034484863,0.9530006051063538,0.9952446818351746,-3.889971678106008e-11,4.0518551713830675e-07,MIXED_OR_NEGLIGIBLE,1.4633872509002686,4.665482997894287,2.247019438073039e-06,0.00306546688079834,1.493780493736267,1.6326698641933035e-06,0.003133920021355152,OPEN_MASK,5766.0,0.00019999238120629544,0.18442551719673586,5.422242164611816,0.574677050113678,15.057401657104492,0.9999961853027344
fork_A,5766,momentum,,,,,,,,,,1.0924798250198364,2.878934621810913,1.4626712072640657e-06,0.0008391141891479492,0.8871290683746338,9.342379598820116e-07,0.0008530383929610252,OPEN_MASK,5766.0,0.00019999238120629544,0.18442551719673586,5.422242164611816,0.574677050113678,15.057401657104492,0.9999961853027344
fork_A,5766,TOTAL,,,,,,,,,,2.5955305099487305,7.698687553405762,3.76542448066175e-06,0.004076182842254639,2.2990880012512207,2.086619133478962e-06,0.003912380896508694,OPEN_MASK,5766.0,0.00019999238120629544,0.18442551719673586,5.422242164611816,0.574677050113678,15.057401657104492,0.9999961853027344
fork_A,5766,TOTAL_mask_head_row_only,,,,,,,,,,9.821797721087933e-05,0.00043297017691656947,1.7462298274040222e-10,0.0,7.233645010273904e-05,1.5143086784519255e-10,0.0,OPEN_MASK,5766.0,0.00019999238120629544,0.18442551719673586,5.422242164611816,0.574677050113678,15.057401657104492,0.9999961853027344
fork_A,5766,TOTAL_g_res_except_mask_row,,,,,,,,,,2.5427472591400146,7.490046501159668,3.611872671172023e-06,0.004056572914123535,2.2487220764160156,2.0359980226203334e-06,0.00389693770557642,OPEN_MASK,5766.0,0.00019999238120629544,0.18442551719673586,5.422242164611816,0.574677050113678,15.057401657104492,0.9999961853027344
fork_A,5766,TOTAL_e_art_only,,,,,,,,,,0.05266718193888664,0.2082599252462387,1.5989644452929497e-07,1.9431114196777344e-05,0.047991763800382614,1.350144884781912e-07,1.744646579027176e-05,OPEN_MASK,5766.0,0.00019999238120629544,0.18442551719673586,5.422242164611816,0.574677050113678,15.057401657104492,0.9999961853027344
fork_A,5767,id,1.0,0.004469141364097595,0.004469141364097595,0.013670534826815128,-0.0023427456617355347,-0.08739840239286423,8.18789480661053e-15,2.67953881305516e-10,MIXED_OR_NEGLIGIBLE,-0.022618576884269714,-0.07267691940069199,-1.4435499906539917e-08,-2.4497509002685547e-05,-0.02262219600379467,-1.558100848342292e-08,-2.481229603290558e-05,CLOSE_MASK,5767.0,0.00019999231758490007,1.0,0.5099925994873047,0.47156137228012085,17.401451110839844,0.9999983310699463
fork_A,5767,lm,1.0,0.013475691433995962,0.013475691433995962,0.016931578516960144,0.0034516367595642805,0.10396603494882584,-4.547751064620797e-13,3.629841671681788e-08,MIXED_OR_NEGLIGIBLE,0.0025820108130574226,0.06084753945469856,1.1583324521780014e-08,-2.980232238769531e-07,0.0026366794481873512,1.2346390576567501e-08,-4.246830940246582e-07,OPEN_MASK,5767.0,0.00019999231758490007,1.0,0.5099925994873047,0.47156137228012085,17.401451110839844,0.9999983310699463
fork_A,5767,parse,0.5,0.3585295230150223,0.17926476150751114,0.06782622635364532,-0.03564387187361717,-0.26801005005836487,2.9953539648630567e-12,3.8950321368247387e-07,MIXED_OR_NEGLIGIBLE,0.04331645369529724,0.05735500901937485,1.4901161193847656e-08,1.6391277313232422e-05,0.04341346025466919,1.428088580723852e-08,1.6567297279834747e-05,OPEN_MASK,5767.0,0.00019999231758490007,1.0,0.5099925994873047,0.47156137228012085,17.401451110839844,0.9999983310699463
fork_A,5767,low,2.0,1.1510959296856527e-07,2.3021918593713053e-07,0.0,0.0,0.0,0.0,0.0,MIXED_OR_NEGLIGIBLE,0.0,0.0,0.0,0.0,0.0,0.0,0.0,OPEN_MASK,5767.0,0.00019999231758490007,1.0,0.5099925994873047,0.47156137228012085,17.401451110839844,0.9999983310699463
fork_A,5767,artcon,1.0,0.40870246291160583,0.40870246291160583,0.3462541699409485,0.48122766613960266,0.7087929844856262,-1.549316230864406e-13,3.968113304608778e-08,MIXED_OR_NEGLIGIBLE,-0.5660139322280884,-1.4581502676010132,-3.2171374186873436e-07,-0.00047194957733154297,-0.5391145944595337,-3.558384378266055e-07,-0.000503934919834137,CLOSE_MASK,5767.0,0.00019999231758490007,1.0,0.5099925994873047,0.47156137228012085,17.401451110839844,0.9999983310699463
fork_A,5767,spec,0.5,0.03379742056131363,0.016898710280656815,0.0012966543436050415,-0.0008123349980451167,-0.31950289011001587,-3.194666753358888e-14,1.9820507457524172e-09,MIXED_OR_NEGLIGIBLE,0.0023523280397057533,0.006425714585930109,1.4551915228366852e-09,2.086162567138672e-06,0.0024074753746390343,1.4597389963455498e-09,2.1690502762794495e-06,OPEN_MASK,5767.0,0.00019999231758490007,1.0,0.5099925994873047,0.47156137228012085,17.401451110839844,0.9999983310699463
fork_A,5767,budget,0.5,0.0,0.0,0.0,0.0,0.0,0.0,0.0,MIXED_OR_NEGLIGIBLE,0.0,0.0,0.0,0.0,0.0,0.0,0.0,OPEN_MASK,5767.0,0.00019999231758490007,1.0,0.5099925994873047,0.47156137228012085,17.401451110839844,0.9999983310699463
fork_A,5767,tv,0.05,0.00351678638253361,0.0001758393191266805,0.006052828393876553,-0.005391444079577923,-0.45426636934280396,-8.187062139342061e-13,9.767263442483909e-09,MIXED_OR_NEGLIGIBLE,0.01092197373509407,0.029024792835116386,5.762558430433273e-09,1.2636184692382812e-05,0.010982470586895943,6.411482900148258e-09,1.2550503015518188e-05,OPEN_MASK,5767.0,0.00019999231758490007,1.0,0.5099925994873047,0.47156137228012085,17.401451110839844,0.9999983310699463
fork_A,5767,bg,1.0,0.021370762027800083,0.021370762027800083,0.027835819870233536,0.008499371819198132,0.1557208150625229,4.788114349452144e-13,3.849633056773882e-09,MIXED_OR_NEGLIGIBLE,-0.0571405366063118,-0.17223544418811798,-3.5710399970412254e-08,-6.467103958129883e-05,-0.05694056302309036,-3.757850208785385e-08,-6.5644271671772e-05,CLOSE_MASK,5767.0,0.00019999231758490007,1.0,0.5099925994873047,0.47156137228012085,17.401451110839844,0.9999983310699463
fork_A,5767,gadv,0.05,15.823819160461426,0.7911909580230714,0.3933669626712799,0.5516561269760132,0.7152113318443298,-6.3222760360304164e-12,6.299912058693735e-08,MIXED_OR_NEGLIGIBLE,0.4679720401763916,1.3068132400512695,2.758752088993788e-07,0.00032395124435424805,0.478421688079834,2.5024246497196145e-07,0.0002946816384792328,OPEN_MASK,5767.0,0.00019999231758490007,1.0,0.5099925994873047,0.47156137228012085,17.401451110839844,0.9999983310699463
fork_A,5767,momentum,,,,,,,,,,1.0377373695373535,2.6674180030822754,5.797191988676786e-07,0.001276552677154541,1.0324642658233643,4.678977347793989e-07,0.0009315172210335732,OPEN_MASK,5767.0,0.00019999231758490007,1.0,0.5099925994873047,0.47156137228012085,17.401451110839844,0.9999983310699463
fork_A,5767,TOTAL,,,,,,,,,,0.918607234954834,2.423905372619629,5.1662209443748e-07,0.0010724663734436035,0.8951660394668579,4.232520041114185e-07,0.0007836474105715752,OPEN_MASK,5767.0,0.00019999231758490007,1.0,0.5099925994873047,0.47156137228012085,17.401451110839844,0.9999983310699463
fork_A,5767,TOTAL_mask_head_row_only,,,,,,,,,,0.00028443988412618637,0.0009312154725193977,1.7462298274040222e-10,0.0,0.00026681824238039553,1.7007550923153758e-10,0.0,OPEN_MASK,5767.0,0.00019999231758490007,1.0,0.5099925994873047,0.47156137228012085,17.401451110839844,0.9999983310699463
fork_A,5767,TOTAL_g_res_except_mask_row,,,,,,,,,,0.8885164260864258,2.3111977577209473,4.894391167908907e-07,0.0010671615600585938,0.8662219047546387,4.061039362568408e-07,0.0007811281830072403,OPEN_MASK,5767.0,0.00019999231758490007,1.0,0.5099925994873047,0.47156137228012085,17.401451110839844,0.9999983310699463
fork_A,5767,TOTAL_e_art_only,,,,,,,,,,0.029777677729725838,0.111761175096035,2.6833731681108475e-08,5.245208740234375e-06,0.027784615755081177,2.381193553446792e-08,4.651956260204315e-06,OPEN_MASK,5767.0,0.00019999231758490007,1.0,0.5099925994873047,0.47156137228012085,17.401451110839844,0.9999983310699463
fork_A,5768,id,1.0,0.004285864531993866,0.004285864531993866,0.00920092687010765,-0.0026054501067847013,-0.2139480710029602,1.1102230246251565e-15,2.704856338908712e-10,MIXED_OR_NEGLIGIBLE,-0.005453819874674082,-0.02684418298304081,-4.540197551250458e-09,-7.748603820800781e-07,-0.005441196728497744,-4.768935468746349e-09,-7.282942533493042e-07,CLOSE_MASK,5768.0,0.00019999225369898035,1.0,0.75553959608078,0.8058654069900513,18.07195472717285,0.9999985694885254
fork_A,5768,lm,1.0,0.017486318480223417,0.017486318480223417,0.027603721246123314,0.023133650422096252,0.6331896185874939,-1.9095836023552692e-13,2.2734740312557733e-08,MIXED_OR_NEGLIGIBLE,-0.05289363116025925,-0.11487529426813126,-2.2031599655747414e-08,-3.49879264831543e-05,-0.052460722625255585,-2.227898221462965e-08,-3.5198405385017395e-05,CLOSE_MASK,5768.0,0.00019999225369898035,1.0,0.75553959608078,0.8058654069900513,18.07195472717285,0.9999985694885254
fork_A,5768,parse,0.5,0.29653850942850113,0.14826925471425056,0.027414705604314804,-0.006759581156075001,-0.1862916648387909,-5.780376177710878e-13,9.828632840935825e-08,MIXED_OR_NEGLIGIBLE,0.06016091629862785,0.18195879459381104,3.457535058259964e-08,2.2590160369873047e-05,0.0603330172598362,3.3485321182524785e-08,2.2456981241703033e-05,OPEN_MASK,5768.0,0.00019999225369898035,1.0,0.75553959608078,0.8058654069900513,18.07195472717285,0.9999985694885254
fork_A,5768,low,2.0,1.0165960873109725e-07,2.033192174621945e-07,0.0,0.0,0.0,0.0,0.0,MIXED_OR_NEGLIGIBLE,0.0,0.0,0.0,0.0,0.0,0.0,0.0,OPEN_MASK,5768.0,0.00019999225369898035,1.0,0.75553959608078,0.8058654069900513,18.07195472717285,0.9999985694885254
fork_A,5768,artcon,1.0,0.4478371888399124,0.4478371888399124,0.5594128370285034,0.6432889103889465,0.8688220977783203,2.9704017023846063e-13,4.9318053640945436e-08,MIXED_OR_NEGLIGIBLE,-1.6167104244232178,-3.4425768852233887,-6.608606781810522e-07,-0.0005837678909301758,-1.386655330657959,-8.235201676143333e-07,-0.0006085038185119629,CLOSE_MASK,5768.0,0.00019999225369898035,1.0,0.75553959608078,0.8058654069900513,18.07195472717285,0.9999985694885254
fork_A,5768,spec,0.5,0.02657797560095787,0.013288987800478935,0.003149535274133086,-0.0028580508660525084,-0.685615599155426,1.1463052729254741e-14,1.936584004269548e-09,MIXED_OR_NEGLIGIBLE,0.0093741025775671,0.019956279546022415,3.14321368932724e-09,4.112720489501953e-06,0.009374817833304405,3.809873305726796e-09,4.145316779613495e-06,OPEN_MASK,5768.0,0.00019999225369898035,1.0,0.75553959608078,0.8058654069900513,18.07195472717285,0.9999985694885254
fork_A,5768,budget,0.5,0.0,0.0,0.0,0.0,0.0,0.0,0.0,MIXED_OR_NEGLIGIBLE,0.0,0.0,0.0,0.0,0.0,0.0,0.0,OPEN_MASK,5768.0,0.00019999225369898035,1.0,0.75553959608078,0.8058654069900513,18.07195472717285,0.9999985694885254
fork_A,5768,tv,0.05,0.002740281051956117,0.00013701405259780586,0.005570781882852316,-0.005549093242734671,-0.7525981068611145,-7.489842079877462e-13,1.0274431083701074e-08,MIXED_OR_NEGLIGIBLE,0.011741040274500847,0.028286388143897057,4.889443516731262e-09,7.450580596923828e-06,0.01179308071732521,5.408764991443604e-09,7.363036274909973e-06,OPEN_MASK,5768.0,0.00019999225369898035,1.0,0.75553959608078,0.8058654069900513,18.07195472717285,0.9999985694885254
fork_A,5768,bg,1.0,0.017057815100997686,0.017057815100997686,0.012936964631080627,0.010438264347612858,0.609611451625824,4.437838985182907e-13,4.9655026757022824e-09,MIXED_OR_NEGLIGIBLE,-0.03277039900422096,-0.09003706276416779,-1.6763806343078613e-08,-1.8477439880371094e-05,-0.03273359686136246,-1.7052570910891518e-08,-1.864321529865265e-05,CLOSE_MASK,5768.0,0.00019999225369898035,1.0,0.75553959608078,0.8058654069900513,18.07195472717285,0.9999985694885254
fork_A,5768,gadv,0.05,15.971214771270752,0.7985607385635376,0.3717094659805298,0.3416261672973633,0.6943919658660889,-7.081391029117867e-12,7.17350729928512e-08,MIXED_OR_NEGLIGIBLE,-0.22864830493927002,-0.38754552602767944,-7.84930307418108e-08,-0.00022143125534057617,-0.21133719384670258,-8.514462024322711e-08,-0.00024099275469779968,CLOSE_MASK,5768.0,0.00019999225369898035,1.0,0.75553959608078,0.8058654069900513,18.07195472717285,0.9999985694885254
fork_A,5768,momentum,,,,,,,,,,0.4314257502555847,1.1140540838241577,2.0116567611694336e-07,0.0002650022506713867,0.427388072013855,1.8478067431715317e-07,0.00022592395544052124,OPEN_MASK,5768.0,0.00019999225369898035,1.0,0.75553959608078,0.8058654069900513,18.07195472717285,0.9999985694885254
fork_A,5768,TOTAL,,,,,,,,,,-1.422379493713379,-2.717104911804199,-5.372567102313042e-07,-0.0005583763122558594,-1.1155877113342285,-6.415843927243259e-07,-0.0005241027101874352,CLOSE_MASK,5768.0,0.00019999225369898035,1.0,0.75553959608078,0.8058654069900513,18.07195472717285,0.9999985694885254
fork_A,5768,TOTAL_mask_head_row_only,,,,,,,,,,0.0004903401713818312,0.0018083436880260706,3.4924596548080444e-10,0.0,0.00048506323946639895,3.2878233469091356e-10,0.0,OPEN_MASK,5768.0,0.00019999225369898035,1.0,0.75553959608078,0.8058654069900513,18.07195472717285,0.9999985694885254
fork_A,5768,TOTAL_g_res_except_mask_row,,,,,,,,,,-1.4250564575195312,-2.8080503940582275,-5.543406587094069e-07,-0.0005549788475036621,-1.1246051788330078,-6.57412783766631e-07,-0.000523146241903305,CLOSE_MASK,5768.0,0.00019999225369898035,1.0,0.75553959608078,0.8058654069900513,18.07195472717285,0.9999985694885254
fork_A,5768,TOTAL_e_art_only,,,,,,,,,,0.002045872388407588,0.08920960873365402,1.641456037759781e-08,-3.635883331298828e-06,-0.00019924103980883956,1.4047600416233763e-08,-3.797002136707306e-06,OPEN_MASK,5768.0,0.00019999225369898035,1.0,0.75553959608078,0.8058654069900513,18.07195472717285,0.9999985694885254
fork_A,5769,id,1.0,0.0054738521575927734,0.0054738521575927734,0.02103947289288044,0.0053010424599051476,0.26941636204719543,-4.3021142204224816e-15,6.800490726099895e-10,MIXED_OR_NEGLIGIBLE,-0.0203375443816185,-0.07239852100610733,-1.5366822481155396e-08,-1.9669532775878906e-05,-0.02035530097782612,-1.618809619685635e-08,-1.9696541130542755e-05,CLOSE_MASK,5769.0,0.0001999921895485365,0.9351947023492286,1.069295048713684,0.9979612827301025,17.122211456298828,0.9999982118606567
fork_A,5769,lm,1.0,0.00912531279027462,0.00912531279027462,0.016843222081661224,0.0018492193194106221,0.11739802360534668,-6.208922265216188e-14,5.889749843390746e-08,MIXED_OR_NEGLIGIBLE,0.007982516661286354,0.023977385833859444,5.529727786779404e-09,7.152557373046875e-07,0.00793108157813549,5.765286914538592e-09,8.586794137954712e-07,OPEN_MASK,5769.0,0.0001999921895485365,0.9351947023492286,1.069295048713684,0.9979612827301025,17.122211456298828,0.9999982118606567
fork_A,5769,parse,0.5,0.28479211032390594,0.14239605516195297,0.09221720695495605,-0.0399438701570034,-0.4631649851799011,-2.5905944056603403e-12,4.703351237367315e-07,MIXED_OR_NEGLIGIBLE,-0.04065568000078201,-0.1697320193052292,-3.969762474298477e-08,2.580881118774414e-05,-0.04004407301545143,-4.0129179978976026e-08,2.5571323931217194e-05,CLOSE_MASK,5769.0,0.0001999921895485365,0.9351947023492286,1.069295048713684,0.9979612827301025,17.122211456298828,0.9999982118606567
fork_A,5769,low,2.0,1.3220085293141892e-07,2.6440170586283784e-07,0.0,0.0,0.0,0.0,0.0,MIXED_OR_NEGLIGIBLE,0.0,0.0,0.0,0.0,0.0,0.0,0.0,OPEN_MASK,5769.0,0.0001999921895485365,0.9351947023492286,1.069295048713684,0.9979612827301025,17.122211456298828,0.9999982118606567
fork_A,5769,artcon,1.0,0.44774229824543,0.44774229824543,0.4141406714916229,0.24763423204421997,0.6393818855285645,-4.745370763004075e-13,4.850241452913906e-08,MIXED_OR_NEGLIGIBLE,-0.6977774500846863,-1.5326550006866455,-3.8265716284513474e-07,-0.00041997432708740234,-0.6545430421829224,-4.1972270992118865e-07,-0.00042597856372594833,CLOSE_MASK,5769.0,0.0001999921895485365,0.9351947023492286,1.069295048713684,0.9979612827301025,17.122211456298828,0.9999982118606567
fork_A,5769,spec,0.5,0.03864605911076069,0.019323029555380344,0.0017076689982786775,-0.0010953962337225676,-0.6859067678451538,-3.858025010572419e-15,4.115420781936052e-10,MIXED_OR_NEGLIGIBLE,0.0033796378411352634,0.009519966319203377,1.979060471057892e-09,2.6226043701171875e-06,0.0033825126010924578,2.3323991626966745e-09,2.6617199182510376e-06,OPEN_MASK,5769.0,0.0001999921895485365,0.9351947023492286,1.069295048713684,0.9979612827301025,17.122211456298828,0.9999982118606567
fork_A,5769,budget,0.5,0.0,0.0,0.0,0.0,0.0,0.0,0.0,MIXED_OR_NEGLIGIBLE,0.0,0.0,0.0,0.0,0.0,0.0,0.0,OPEN_MASK,5769.0,0.0001999921895485365,0.9351947023492286,1.069295048713684,0.9979612827301025,17.122211456298828,0.9999982118606567
fork_A,5769,tv,0.05,0.0055656819604337215,0.0002782840980216861,0.007615739945322275,-0.00557567598298192,-0.7828578948974609,-8.79518680108049e-13,1.0750932588621254e-08,MIXED_OR_NEGLIGIBLE,0.00982961431145668,0.026093479245901108,5.820766091346741e-09,1.1205673217773438e-05,0.009882697835564613,6.522441253764555e-09,1.1241063475608826e-05,OPEN_MASK,5769.0,0.0001999921895485365,0.9351947023492286,1.069295048713684,0.9979612827301025,17.122211456298828,0.9999982118606567
fork_A,5769,bg,1.0,0.025986909866333008,0.025986909866333008,0.024612953886389732,0.014484350569546223,0.6292639374732971,6.837863608666339e-13,5.234334743420277e-09,MIXED_OR_NEGLIGIBLE,-0.04096462205052376,-0.1304837316274643,-3.064633347094059e-08,-4.00543212890625e-05,-0.04094696789979935,-3.0775481718592346e-08,-4.054233431816101e-05,CLOSE_MASK,5769.0,0.0001999921895485365,0.9351947023492286,1.069295048713684,0.9979612827301025,17.122211456298828,0.9999982118606567
fork_A,5769,gadv,0.05,11.178006649017334,0.5589003324508667,0.8927786350250244,0.7778785228729248,0.9316773414611816,-2.3263585502419915e-11,1.5314819279410585e-07,MIXED_OR_NEGLIGIBLE,-0.8059448003768921,-2.5336081981658936,-6.101618055254221e-07,-0.0007369518280029297,-0.7471665143966675,-7.291191650438122e-07,-0.0008195098489522934,CLOSE_MASK,5769.0,0.0001999921895485365,0.9351947023492286,1.069295048713684,0.9979612827301025,17.122211456298828,0.9999982118606567
fork_A,5769,momentum,,,,,,,,,,-0.42025452852249146,-0.982014536857605,-2.654560375958681e-07,-0.0002887845039367676,-0.38202667236328125,-2.752331056399271e-07,-0.00027842167764902115,CLOSE_MASK,5769.0,0.0001999921895485365,0.9351947023492286,1.069295048713684,0.9979612827301025,17.122211456298828,0.9999982118606567
fork_A,5769,TOTAL,,,,,,,,,,-2.0007710456848145,-5.34924840927124,-1.3375247363001108e-06,-0.0014687180519104004,-1.6226909160614014,-1.929658083099639e-06,-0.0015572970733046532,CLOSE_MASK,5769.0,0.0001999921895485365,0.9351947023492286,1.069295048713684,0.9979612827301025,17.122211456298828,0.9999982118606567
fork_A,5769,TOTAL_mask_head_row_only,,,,,,,,,,0.0011682230979204178,0.00476549519225955,1.1641532182693481e-09,0.0,0.0011598600540310144,1.0868461686186492e-09,0.0,OPEN_MASK,5769.0,0.0001999921895485365,0.9351947023492286,1.069295048713684,0.9979612827301025,17.122211456298828,0.9999982118606567
fork_A,5769,TOTAL_g_res_except_mask_row,,,,,,,,,,-2.0005149841308594,-5.4085564613342285,-1.3467215467244387e-06,-0.0014623403549194336,-1.6278069019317627,-1.9057320059800986e-06,-0.0015542805194854736,CLOSE_MASK,5769.0,0.0001999921895485365,0.9351947023492286,1.069295048713684,0.9979612827301025,17.122211456298828,0.9999982118606567
fork_A,5769,TOTAL_e_art_only,,,,,,,,,,-0.0015976335853338242,0.0545603409409523,9.42964106798172e-09,-6.139278411865234e-06,-0.0022906481754034758,6.95899871061556e-09,-6.660819053649902e-06,CLOSE_MASK,5769.0,0.0001999921895485365,0.9351947023492286,1.069295048713684,0.9979612827301025,17.122211456298828,0.9999982118606567
fork_A,5770,id,1.0,0.003722555935382843,0.003722555935382843,0.016984237357974052,-0.0025463770143687725,-0.23178412020206451,8.326672684688674e-16,1.6277668102304688e-10,MIXED_OR_NEGLIGIBLE,-0.009824903681874275,-0.031588636338710785,-1.525040715932846e-08,-8.404254913330078e-06,-0.009849674068391323,-1.3408225640887395e-08,-8.323229849338531e-06,CLOSE_MASK,5770.0,0.00019999212513356867,0.6468338012515967,1.5459911823272705,0.6892708539962769,15.761739730834961,0.9999963045120239
fork_A,5770,lm,1.0,0.007077798945829272,0.007077798945829272,0.025390319526195526,0.004050895571708679,0.24665498733520508,3.872457909892546e-13,2.9745129026537143e-08,MIXED_OR_NEGLIGIBLE,0.004448411054909229,0.027044272050261497,1.3009412214159966e-08,1.2814998626708984e-05,0.004443724639713764,1.3498265616362914e-08,1.296214759349823e-05,OPEN_MASK,5770.0,0.00019999212513356867,0.6468338012515967,1.5459911823272705,0.6892708539962769,15.761739730834961,0.9999963045120239
fork_A,5770,parse,0.5,0.2408772110939026,0.1204386055469513,0.03332456573843956,0.008473868481814861,0.393119215965271,5.409006575973763e-13,5.133559000114474e-08,MIXED_OR_NEGLIGIBLE,-0.008835303597152233,-0.027519837021827698,-1.1757947504520416e-08,1.2278556823730469e-05,-0.00881335698068142,-9.75887815002352e-09,1.2381933629512787e-05,CLOSE_MASK,5770.0,0.00019999212513356867,0.6468338012515967,1.5459911823272705,0.6892708539962769,15.761739730834961,0.9999963045120239
fork_A,5770,low,2.0,1.2337318366917316e-07,2.467463673383463e-07,0.0,0.0,0.0,0.0,0.0,MIXED_OR_NEGLIGIBLE,0.0,0.0,0.0,0.0,0.0,0.0,0.0,OPEN_MASK,5770.0,0.00019999212513356867,0.6468338012515967,1.5459911823272705,0.6892708539962769,15.761739730834961,0.9999963045120239
fork_A,5770,artcon,1.0,0.44116565585136414,0.44116565585136414,0.3657633662223816,-0.011341460049152374,-0.0479375459253788,8.848477506262498e-14,7.220537412422345e-08,MIXED_OR_NEGLIGIBLE,0.06762617826461792,0.10877503454685211,3.213062882423401e-08,-3.93986701965332e-05,0.07259984314441681,4.129606168135069e-08,-4.276260733604431e-05,OPEN_MASK,5770.0,0.00019999212513356867,0.6468338012515967,1.5459911823272705,0.6892708539962769,15.761739730834961,0.9999963045120239
fork_A,5770,spec,0.5,0.030735901556909084,0.015367950778454542,0.001265259343199432,-0.00030486579635180533,-0.3725084662437439,3.747002708109903e-15,1.4065246745076365e-09,MIXED_OR_NEGLIGIBLE,-0.0012776805087924004,-0.0033741279039531946,-2.2118911147117615e-09,-5.960464477539062e-07,-0.0013143479591235518,-2.0454535842873156e-09,-5.42961061000824e-07,CLOSE_MASK,5770.0,0.00019999212513356867,0.6468338012515967,1.5459911823272705,0.6892708539962769,15.761739730834961,0.9999963045120239
fork_A,5770,budget,0.5,0.0,0.0,0.0,0.0,0.0,0.0,0.0,MIXED_OR_NEGLIGIBLE,0.0,0.0,0.0,0.0,0.0,0.0,0.0,OPEN_MASK,5770.0,0.00019999212513356867,0.6468338012515967,1.5459911823272705,0.6892708539962769,15.761739730834961,0.9999963045120239
fork_A,5770,tv,0.05,0.013508016243577003,0.0006754008121788503,0.008374958299100399,0.0032830548007041216,0.606041669845581,-1.6791845691699336e-12,1.458396958753383e-08,MIXED_OR_NEGLIGIBLE,0.0031774011440575123,0.009054908528923988,5.50062395632267e-09,8.165836334228516e-06,0.003152841702103615,6.009031494613737e-09,8.217990398406982e-06,OPEN_MASK,5770.0,0.00019999212513356867,0.6468338012515967,1.5459911823272705,0.6892708539962769,15.761739730834961,0.9999963045120239
fork_A,5770,bg,1.0,0.022969902493059635,0.022969902493059635,0.022693712264299393,-0.008732685819268227,-0.5949073433876038,1.4278855875460295e-12,7.492532816399944e-09,MIXED_OR_NEGLIGIBLE,-0.01520780473947525,-0.06345310062170029,-3.262539394199848e-08,-3.0338764190673828e-05,-0.015202446840703487,-3.049626684514806e-08,-3.0321069061756134e-05,CLOSE_MASK,5770.0,0.00019999212513356867,0.6468338012515967,1.5459911823272705,0.6892708539962769,15.761739730834961,0.9999963045120239
fork_A,5770,gadv,0.05,2.604834020137787,0.13024170100688934,1.5904669761657715,1.0073662996292114,0.979196310043335,-8.790004835113052e-11,4.092395897714596e-07,MIXED_OR_NEGLIGIBLE,0.5723574757575989,1.2775092124938965,7.359194569289684e-07,0.0013462305068969727,0.6476613283157349,7.012649803073145e-07,0.0011664433404803276,OPEN_MASK,5770.0,0.00019999212513356867,0.6468338012515967,1.5459911823272705,0.6892708539962769,15.761739730834961,0.9999963045120239
fork_A,5770,momentum,,,,,,,,,,-0.6092687845230103,-2.503917932510376,-1.4106044545769691e-06,-0.000620424747467041,-0.5332175493240356,-1.7357979231746867e-06,-0.0005921069532632828,CLOSE_MASK,5770.0,0.00019999212513356867,0.6468338012515967,1.5459911823272705,0.6892708539962769,15.761739730834961,0.9999963045120239
fork_A,5770,TOTAL,,,,,,,,,,0.0006194263696670532,-1.2167084217071533,-6.699410732835531e-07,0.0006821751594543457,0.0033053159713745117,-8.418742254434619e-07,0.0005860980600118637,OPEN_MASK,5770.0,0.00019999212513356867,0.6468338012515967,1.5459911823272705,0.6892708539962769,15.761739730834961,0.9999963045120239
fork_A,5770,TOTAL_mask_head_row_only,,,,,,,,,,0.002345900284126401,0.011230222880840302,4.8603396862745285e-09,0.0,0.0023774364963173866,5.359652277547866e-09,0.0,OPEN_MASK,5770.0,0.00019999212513356867,0.6468338012515967,1.5459911823272705,0.6892708539962769,15.761739730834961,0.9999963045120239
fork_A,5770,TOTAL_g_res_except_mask_row,,,,,,,,,,-0.026643991470336914,-1.2705904245376587,-6.84813130646944e-07,0.0006806254386901855,-0.017732374370098114,-8.280985639430583e-07,0.0005863513797521591,CLOSE_MASK,5770.0,0.00019999212513356867,0.6468338012515967,1.5459911823272705,0.6892708539962769,15.761739730834961,0.9999963045120239
fork_A,5770,TOTAL_e_art_only,,,,,,,,,,0.02496849000453949,0.04277022182941437,1.1175870895385742e-08,1.3709068298339844e-06,0.023929346352815628,6.448772182920948e-09,1.1743977665901184e-06,OPEN_MASK,5770.0,0.00019999212513356867,0.6468338012515967,1.5459911823272705,0.6892708539962769,15.761739730834961,0.9999963045120239
fork_A,5771,id,1.0,0.005843989551067352,0.005843989551067352,0.030175672844052315,-0.009232545271515846,-0.36903464794158936,-5.10702591327572e-15,1.471273436415288e-09,MIXED_OR_NEGLIGIBLE,-0.00852951593697071,-0.0491279698908329,-1.6705598682165146e-08,-6.794929504394531e-06,-0.008467316627502441,-1.5809291653567925e-08,-6.754882633686066e-06,CLOSE_MASK,5771.0,0.00019999206045407707,0.8290810930241512,1.2061536312103271,0.5382587909698486,15.573911666870117,0.9999948740005493
fork_A,5771,lm,1.0,0.008548077661544085,0.008548077661544085,0.02617155760526657,-0.0017948701279237866,-0.08271916210651398,5.034306305162772e-13,5.0626802305941965e-08,MIXED_OR_NEGLIGIBLE,-0.00803682953119278,-0.026396434754133224,-2.153683453798294e-09,1.3947486877441406e-05,-0.007926368154585361,-1.7716956790536642e-09,1.41216441988945e-05,CLOSE_MASK,5771.0,0.00019999206045407707,0.8290810930241512,1.2061536312103271,0.5382587909698486,15.573911666870117,0.9999948740005493
fork_A,5771,parse,0.5,0.24339456111192703,0.12169728055596352,0.09786739945411682,0.0390968918800354,0.48184439539909363,-4.167222122930525e-13,8.453957178744531e-08,MIXED_OR_NEGLIGIBLE,0.023691482841968536,0.062464237213134766,6.964546628296375e-08,4.398822784423828e-05,0.024259226396679878,7.093240128597245e-08,4.392862319946289e-05,OPEN_MASK,5771.0,0.00019999206045407707,0.8290810930241512,1.2061536312103271,0.5382587909698486,15.573911666870117,0.9999948740005493
fork_A,5771,low,2.0,1.1893451556943546e-07,2.3786903113887092e-07,0.0,0.0,0.0,0.0,0.0,MIXED_OR_NEGLIGIBLE,0.0,0.0,0.0,0.0,0.0,0.0,0.0,OPEN_MASK,5771.0,0.00019999206045407707,0.8290810930241512,1.2061536312103271,0.5382587909698486,15.573911666870117,0.9999948740005493
fork_A,5771,artcon,1.0,0.511304184794426,0.511304184794426,0.364000529050827,0.039799850434064865,0.13188093900680542,-1.3641587859325455e-12,1.1347692918661778e-07,MIXED_OR_NEGLIGIBLE,-0.3673301935195923,-1.6022155284881592,-1.0125513654202223e-06,2.562999725341797e-05,-0.36256200075149536,-1.1463107512099668e-06,2.2297725081443787e-05,CLOSE_MASK,5771.0,0.00019999206045407707,0.8290810930241512,1.2061536312103271,0.5382587909698486,15.573911666870117,0.9999948740005493
fork_A,5771,spec,0.5,0.03699393384158611,0.018496966920793056,0.0014707965310662985,0.0004640021361410618,0.380513459444046,-2.3869795029440866e-15,3.7053846102530485e-10,MIXED_OR_NEGLIGIBLE,0.0005167413037270308,0.0016459230100736022,2.0372681319713593e-09,1.5497207641601562e-06,0.00046586518874391913,2.1127561922185123e-09,1.6363337635993958e-06,OPEN_MASK,5771.0,0.00019999206045407707,0.8290810930241512,1.2061536312103271,0.5382587909698486,15.573911666870117,0.9999948740005493
fork_A,5771,budget,0.5,0.0,0.0,0.0,0.0,0.0,0.0,0.0,MIXED_OR_NEGLIGIBLE,0.0,0.0,0.0,0.0,0.0,0.0,0.0,OPEN_MASK,5771.0,0.00019999206045407707,0.8290810930241512,1.2061536312103271,0.5382587909698486,15.573911666870117,0.9999948740005493
fork_A,5771,tv,0.05,0.012948135379701853,0.0006474067689850927,0.00885910727083683,0.0025457357987761497,0.34659793972969055,-2.144673327819646e-12,1.8823302028181388e-08,MIXED_OR_NEGLIGIBLE,0.0034224737901240587,0.010535022243857384,1.3853423297405243e-08,1.049041748046875e-05,0.0034886603243649006,1.424086804036051e-08,1.0591000318527222e-05,OPEN_MASK,5771.0,0.00019999206045407707,0.8290810930241512,1.2061536312103271,0.5382587909698486,15.573911666870117,0.9999948740005493
fork_A,5771,bg,1.0,0.019849440082907677,0.019849440082907677,0.018947705626487732,-0.006599606480449438,-0.4201109707355499,1.9969303988176534e-12,9.737269657250636e-09,MIXED_OR_NEGLIGIBLE,-0.01450310368090868,-0.06995932757854462,-5.046604201197624e-08,-2.855062484741211e-05,-0.014553781598806381,-4.9460140871815383e-08,-2.8609298169612885e-05,CLOSE_MASK,5771.0,0.00019999206045407707,0.8290810930241512,1.2061536312103271,0.5382587909698486,15.573911666870117,0.9999948740005493
fork_A,5771,gadv,0.05,9.818825721740723,0.49094128608703613,1.1738367080688477,0.936089277267456,0.9618607759475708,-9.234840669947175e-11,4.1734540445759194e-07,MIXED_OR_NEGLIGIBLE,-0.27380475401878357,-0.8183955550193787,-5.399051588028669e-07,0.0007097125053405762,-0.2968156039714813,-7.505323083023541e-07,0.0005893809720873833,CLOSE_MASK,5771.0,0.00019999206045407707,0.8290810930241512,1.2061536312103271,0.5382587909698486,15.573911666870117,0.9999948740005493
fork_A,5771,momentum,,,,,,,,,,-0.011087248101830482,-0.5251830220222473,-5.100446287542582e-07,0.00024640560150146484,-0.008479703217744827,-5.313395377015695e-07,0.00022328365594148636,CLOSE_MASK,5771.0,0.00019999206045407707,0.8290810930241512,1.2061536312103271,0.5382587909698486,15.573911666870117,0.9999948740005493
fork_A,5771,TOTAL,,,,,,,,,,-0.6561859250068665,-3.018033266067505,-2.0465522538870573e-06,0.0010153651237487793,-0.6816569566726685,-2.9487891879398376e-06,0.0007716258987784386,CLOSE_MASK,5771.0,0.00019999206045407707,0.8290810930241512,1.2061536312103271,0.5382587909698486,15.573911666870117,0.9999948740005493
fork_A,5771,TOTAL_mask_head_row_only,,,,,,,,,,0.0039046439342200756,0.021401597186923027,1.3154931366443634e-08,0.0,0.003972869832068682,1.3494627637555823e-08,9.313225746154785e-10,OPEN_MASK,5771.0,0.00019999206045407707,0.8290810930241512,1.2061536312103271,0.5382587909698486,15.573911666870117,0.9999948740005493
fork_A,5771,TOTAL_g_res_except_mask_row,,,,,,,,,,-0.6592339873313904,-3.0405750274658203,-2.060143742710352e-06,0.0010187625885009766,-0.6788519620895386,-2.9027437449258287e-06,0.0007748166099190712,CLOSE_MASK,5771.0,0.00019999206045407707,0.8290810930241512,1.2061536312103271,0.5382587909698486,15.573911666870117,0.9999948740005493
fork_A,5771,TOTAL_e_art_only,,,,,,,,,,-0.0007064230740070343,0.0011722553754225373,2.6193447411060333e-10,-3.5762786865234375e-06,-0.0021778461523354053,-6.041773303877562e-09,-3.8137659430503845e-06,CLOSE_MASK,5771.0,0.00019999206045407707,0.8290810930241512,1.2061536312103271,0.5382587909698486,15.573911666870117,0.9999948740005493
fork_A,5772,id,1.0,0.005297623574733734,0.005297623574733734,0.04666958004236221,-0.001220831647515297,-0.0600811131298542,1.044442310416116e-13,1.010723171823713e-09,MIXED_OR_NEGLIGIBLE,-0.00479366909712553,-0.02176700532436371,-1.076841726899147e-09,1.329183578491211e-05,-0.004673784598708153,-3.688910510390997e-09,1.3218261301517487e-05,CLOSE_MASK,5772.0,0.00019999199551006179,0.4353952919470946,2.296762466430664,0.45826882123947144,14.633094787597656,0.9999921321868896
fork_A,5772,lm,1.0,0.014314590021967888,0.014314590021967888,0.04477624595165253,-0.0020560973789542913,-0.10546591132879257,-1.0307865672132266e-12,6.21303186676414e-08,MIXED_OR_NEGLIGIBLE,0.006265060510486364,0.0020699582528322935,-3.6961864680051804e-09,5.424022674560547e-06,0.00624442333355546,-5.287347448756918e-09,5.352310836315155e-06,OPEN_MASK,5772.0,0.00019999199551006179,0.4353952919470946,2.296762466430664,0.45826882123947144,14.633094787597656,0.9999921321868896
fork_A,5772,parse,0.5,0.37134359776973724,0.18567179888486862,0.2637792229652405,-0.035046353936195374,-0.305153489112854,1.5302203948408533e-12,5.272099770081695e-07,MIXED_OR_NEGLIGIBLE,0.031433578580617905,-0.05776159092783928,-5.264882929623127e-08,5.882978439331055e-05,0.03226715698838234,-5.705123840016313e-08,5.998741835355759e-05,OPEN_MASK,5772.0,0.00019999199551006179,0.4353952919470946,2.296762466430664,0.45826882123947144,14.633094787597656,0.9999921321868896
fork_A,5772,low,2.0,1.2910517099840035e-07,2.582103419968007e-07,0.0,0.0,0.0,0.0,0.0,MIXED_OR_NEGLIGIBLE,0.0,0.0,0.0,0.0,0.0,0.0,0.0,OPEN_MASK,5772.0,0.00019999199551006179,0.4353952919470946,2.296762466430664,0.45826882123947144,14.633094787597656,0.9999921321868896
fork_A,5772,artcon,1.0,0.38924440741539,0.38924440741539,0.3200993835926056,-0.006563268136233091,-0.047092463821172714,-1.381478265116698e-12,1.4033928152912267e-07,MIXED_OR_NEGLIGIBLE,-0.0815204381942749,-0.012157469056546688,3.7136487662792206e-08,5.048513412475586e-05,-0.0778595432639122,4.2908595787594095e-08,5.229096859693527e-05,CLOSE_MASK,5772.0,0.00019999199551006179,0.4353952919470946,2.296762466430664,0.45826882123947144,14.633094787597656,0.9999921321868896
fork_A,5772,spec,0.5,0.030294927768409252,0.015147463884204626,0.0036981424782425165,-0.0001623385469429195,-0.10082171857357025,-1.5265566588595902e-15,4.459522529032256e-09,MIXED_OR_NEGLIGIBLE,0.0007757013663649559,0.0017185929464176297,3.259629011154175e-09,1.1920928955078125e-06,0.0007684287265874445,2.5997906050179154e-09,1.2116506695747375e-06,OPEN_MASK,5772.0,0.00019999199551006179,0.4353952919470946,2.296762466430664,0.45826882123947144,14.633094787597656,0.9999921321868896
fork_A,5772,budget,0.5,0.0,0.0,0.0,0.0,0.0,0.0,0.0,MIXED_OR_NEGLIGIBLE,0.0,0.0,0.0,0.0,0.0,0.0,0.0,OPEN_MASK,5772.0,0.00019999199551006179,0.4353952919470946,2.296762466430664,0.45826882123947144,14.633094787597656,0.9999921321868896
fork_A,5772,tv,0.05,0.009068490006029606,0.0004534245003014803,0.00848863460123539,-0.0010223505087196827,-0.27661648392677307,-3.104017043398244e-12,2.2485876272071437e-08,MIXED_OR_NEGLIGIBLE,0.0016681726556271315,0.004730883054435253,1.0128132998943329e-08,3.874301910400391e-06,0.0016739730490371585,9.75887815002352e-09,3.7904828786849976e-06,OPEN_MASK,5772.0,0.00019999199551006179,0.4353952919470946,2.296762466430664,0.45826882123947144,14.633094787597656,0.9999921321868896
fork_A,5772,bg,1.0,0.016658073291182518,0.016658073291182518,0.010497357696294785,0.0032590972259640694,0.7130720019340515,2.7190194540338553e-12,1.3042189550560579e-08,MIXED_OR_NEGLIGIBLE,-0.005494694225490093,-0.024584520608186722,-2.8259819373488426e-08,-6.318092346191406e-06,-0.005489539820700884,-2.9339389584492892e-08,-6.406567990779877e-06,CLOSE_MASK,5772.0,0.00019999199551006179,0.4353952919470946,2.296762466430664,0.45826882123947144,14.633094787597656,0.9999921321868896
fork_A,5772,gadv,0.05,6.608230352401733,0.3304115176200867,2.454181671142578,1.0429222583770752,0.9760258197784424,-2.4551941035788616e-10,1.2415895298545365e-06,MIXED_OR_NEGLIGIBLE,-1.128540277481079,-4.01214075088501,-4.0322483982890844e-06,-0.000854790210723877,-0.9805518984794617,-6.118541932664812e-06,-0.0010921964421868324,CLOSE_MASK,5772.0,0.00019999199551006179,0.4353952919470946,2.296762466430664,0.45826882123947144,14.633094787597656,0.9999921321868896
fork_A,5772,momentum,,,,,,,,,,-0.36160361766815186,-1.4063092470169067,-1.2459349818527699e-06,0.000263214111328125,-0.3519029915332794,-1.3955473150417674e-06,0.00022919382899999619,CLOSE_MASK,5772.0,0.00019999199551006179,0.4353952919470946,2.296762466430664,0.45826882123947144,14.633094787597656,0.9999921321868896
fork_A,5772,TOTAL,,,,,,,,,,-1.5440337657928467,-5.533315181732178,-5.36179868504405e-06,-0.0004640817642211914,-1.5018635988235474,-1.1258553058723919e-05,-0.0006237896159291267,CLOSE_MASK,5772.0,0.00019999199551006179,0.4353952919470946,2.296762466430664,0.45826882123947144,14.633094787597656,0.9999921321868896
fork_A,5772,TOTAL_mask_head_row_only,,,,,,,,,,0.006174235139042139,0.03616932034492493,3.64379957318306e-08,0.0,0.006177747622132301,3.5176526580471545e-08,2.7939677238464355e-09,OPEN_MASK,5772.0,0.00019999199551006179,0.4353952919470946,2.296762466430664,0.45826882123947144,14.633094787597656,0.9999921321868896
fork_A,5772,TOTAL_g_res_except_mask_row,,,,,,,,,,-1.5517350435256958,-5.5849199295043945,-5.477777449414134e-06,-0.0004622936248779297,-1.5048632621765137,-1.1380728210497182e-05,-0.0006226757541298866,CLOSE_MASK,5772.0,0.00019999199551006179,0.4353952919470946,2.296762466430664,0.45826882123947144,14.633094787597656,0.9999921321868896
fork_A,5772,TOTAL_e_art_only,,,,,,,,,,0.001624950673431158,0.015778088942170143,8.253846317529678e-08,-1.8477439880371094e-06,0.0001296447589993477,7.234712029458024e-08,-1.9222497940063477e-06,OPEN_MASK,5772.0,0.00019999199551006179,0.4353952919470946,2.296762466430664,0.45826882123947144,14.633094787597656,0.9999921321868896
fork_A,5773,id,1.0,0.0050911083817481995,0.0050911083817481995,0.02565220557153225,0.002808170160278678,0.16580431163311005,6.55281384709383e-13,3.891139410683309e-09,MIXED_OR_NEGLIGIBLE,-0.022724604234099388,-0.12642326951026917,-2.458400558680296e-07,2.4437904357910156e-06,-0.022762471809983253,-2.506108103261795e-07,2.6766210794448853e-06,CLOSE_MASK,5773.0,0.0001999919303015231,0.6602412258680723,1.514596939086914,0.49464184045791626,13.092226028442383,0.9999798536300659
fork_A,5773,lm,1.0,0.012444442603737116,0.012444442603737116,0.06509287655353546,0.012917665764689445,0.30057141184806824,-2.6922908347160046e-15,1.9922261174087907e-07,MIXED_OR_NEGLIGIBLE,-0.04467282444238663,-0.2664530277252197,-6.600457709282637e-07,-9.417533874511719e-06,-0.044746264815330505,-6.804302756791003e-07,-9.204261004924774e-06,CLOSE_MASK,5773.0,0.0001999919303015231,0.6602412258680723,1.514596939086914,0.49464184045791626,13.092226028442383,0.9999798536300659
fork_A,5773,parse,0.5,0.3616143614053726,0.1808071807026863,0.05337391048669815,-0.0007802608888596296,-0.02214154414832592,-1.3999912340523224e-13,6.947493034203944e-07,MIXED_OR_NEGLIGIBLE,0.021251346915960312,0.1626983880996704,5.541660357266665e-07,9.834766387939453e-06,0.021255899220705032,5.412916834757198e-07,9.96328890323639e-06,OPEN_MASK,5773.0,0.0001999919303015231,0.6602412258680723,1.514596939086914,0.49464184045791626,13.092226028442383,0.9999798536300659
fork_A,5773,low,2.0,1.2074131205963567e-07,2.4148262411927135e-07,0.0,0.0,0.0,0.0,0.0,MIXED_OR_NEGLIGIBLE,0.0,0.0,0.0,0.0,0.0,0.0,0.0,OPEN_MASK,5773.0,0.0001999919303015231,0.6602412258680723,1.514596939086914,0.49464184045791626,13.092226028442383,0.9999798536300659
fork_A,5773,artcon,1.0,0.4240618050098419,0.4240618050098419,0.7733303904533386,0.22526730597019196,0.4411945939064026,-1.976308006135241e-12,2.820245583734504e-07,MIXED_OR_NEGLIGIBLE,-0.5550625324249268,-2.7293896675109863,-7.702561561018229e-06,-5.525350570678711e-05,-0.5163721442222595,-9.641134965931997e-06,-5.715247243642807e-05,CLOSE_MASK,5773.0,0.0001999919303015231,0.6602412258680723,1.514596939086914,0.49464184045791626,13.092226028442383,0.9999798536300659
fork_A,5773,spec,0.5,0.02975104283541441,0.014875521417707205,0.0029561270494014025,-0.0008741828496567905,-0.4478950500488281,-5.875855357828641e-14,7.606150376204823e-09,MIXED_OR_NEGLIGIBLE,0.002451107604429126,0.01393534243106842,4.968023858964443e-08,1.9073486328125e-06,0.0024387389421463013,4.802132025361061e-08,1.938082277774811e-06,OPEN_MASK,5773.0,0.0001999919303015231,0.6602412258680723,1.514596939086914,0.49464184045791626,13.092226028442383,0.9999798536300659
fork_A,5773,budget,0.5,0.0,0.0,0.0,0.0,0.0,0.0,0.0,MIXED_OR_NEGLIGIBLE,0.0,0.0,0.0,0.0,0.0,0.0,0.0,OPEN_MASK,5773.0,0.0001999919303015231,0.6602412258680723,1.514596939086914,0.49464184045791626,13.092226028442383,0.9999798536300659
fork_A,5773,tv,0.05,0.009304091334342957,0.00046520456671714786,0.00899509247392416,-0.0037976596504449844,-0.6394513249397278,-6.335182378691684e-12,3.240765167333848e-08,MIXED_OR_NEGLIGIBLE,0.0018009133636951447,0.007413047831505537,5.459878593683243e-08,7.331371307373047e-06,0.0017615145770832896,5.1808456191793084e-08,7.50366598367691e-06,OPEN_MASK,5773.0,0.0001999919303015231,0.6602412258680723,1.514596939086914,0.49464184045791626,13.092226028442383,0.9999798536300659
fork_A,5773,bg,1.0,0.02287631668150425,0.02287631668150425,0.020294301211833954,0.009713205508887768,0.7249124646186829,5.971195760068326e-12,1.7199639046339144e-08,MIXED_OR_NEGLIGIBLE,-0.018294526264071465,-0.099790059030056,-2.890010364353657e-07,-2.372264862060547e-05,-0.018249087035655975,-2.9558032110799104e-07,-2.38148495554924e-05,CLOSE_MASK,5773.0,0.0001999919303015231,0.6602412258680723,1.514596939086914,0.49464184045791626,13.092226028442383,0.9999798536300659
fork_A,5773,gadv,0.05,14.29901933670044,0.714950966835022,1.3309036493301392,0.7549720406532288,0.8591744303703308,-1.504286140097122e-10,7.990651624822931e-07,MIXED_OR_NEGLIGIBLE,-1.365876317024231,-7.824965000152588,-2.2912106942385435e-05,-0.0011737346649169922,-1.228914737701416,-4.8297089961124584e-05,-0.0014488650485873222,CLOSE_MASK,5773.0,0.0001999919303015231,0.6602412258680723,1.514596939086914,0.49464184045791626,13.092226028442383,0.9999798536300659
fork_A,5773,momentum,,,,,,,,,,-0.7219293117523193,-4.33412504196167,-1.1784955859184265e-05,-0.00039452314376831055,-0.7070084810256958,-1.7231581296073273e-05,-0.00046064890921115875,CLOSE_MASK,5773.0,0.0001999919303015231,0.6602412258680723,1.514596939086914,0.49464184045791626,13.092226028442383,0.9999798536300659
fork_A,5773,TOTAL,,,,,,,,,,-2.7018609046936035,-15.1890287399292,-4.354069824330509e-05,-0.0016380548477172852,-2.425123929977417,-0.0002295965823577717,-0.0023820223286747932,CLOSE_MASK,5773.0,0.0001999919303015231,0.6602412258680723,1.514596939086914,0.49464184045791626,13.092226028442383,0.9999798536300659
fork_A,5773,TOTAL_mask_head_row_only,,,,,,,,,,0.005695070140063763,0.03537650778889656,8.969800546765327e-08,0.0,0.005654472857713699,8.730739864404313e-08,3.725290298461914e-09,OPEN_MASK,5773.0,0.0001999919303015231,0.6602412258680723,1.514596939086914,0.49464184045791626,13.092226028442383,0.9999798536300659
fork_A,5773,TOTAL_g_res_except_mask_row,,,,,,,,,,-2.6910040378570557,-15.09963607788086,-4.329084185883403e-05,-0.0016326308250427246,-2.4114084243774414,-0.00022358281421475112,-0.002370184287428856,CLOSE_MASK,5773.0,0.0001999919303015231,0.6602412258680723,1.514596939086914,0.49464184045791626,13.092226028442383,0.9999798536300659
fork_A,5773,TOTAL_e_art_only,,,,,,,,,,-0.01655052788555622,-0.12502223253250122,-3.2238312996923923e-07,-5.364418029785156e-06,-0.01770833507180214,-3.5164521250408143e-07,-5.5711716413497925e-06,CLOSE_MASK,5773.0,0.0001999919303015231,0.6602412258680723,1.514596939086914,0.49464184045791626,13.092226028442383,0.9999798536300659
fork_A,5774,id,1.0,0.004321426153182983,0.004321426153182983,0.04303187504410744,0.0029290507081896067,0.49964988231658936,1.7923579287426605e-11,1.0416689377734656e-07,MIXED_OR_NEGLIGIBLE,-0.011297909542918205,-0.08719055354595184,-2.4558103177696466e-06,-5.304813385009766e-06,-0.011240554973483086,-2.451038199069444e-06,-5.148351192474365e-06,CLOSE_MASK,5774.0,0.00019999186482846113,0.1362293706883342,7.340559959411621,0.418585866689682,10.535623550415039,0.9997010827064514
fork_A,5774,lm,1.0,0.009299750439822674,0.009299750439822674,0.04350043833255768,0.00322898686863482,0.5448812246322632,-6.9211580910888415e-12,5.845988653163658e-07,MIXED_OR_NEGLIGIBLE,-0.004200226627290249,-0.03653924539685249,-1.5302794054150581e-06,-2.9206275939941406e-06,-0.004104618914425373,-1.5043433450045995e-06,-2.948567271232605e-06,CLOSE_MASK,5774.0,0.00019999186482846113,0.1362293706883342,7.340559959411621,0.418585866689682,10.535623550415039,0.9997010827064514
fork_A,5774,parse,0.5,0.2683793157339096,0.1341896578669548,0.09238171577453613,0.0005765920504927635,0.04581543430685997,-4.629444050330278e-11,1.2288772950341809e-06,MIXED_OR_NEGLIGIBLE,-0.016031786799430847,-0.1261710524559021,-3.3154792618006468e-06,1.3709068298339844e-05,-0.015876129269599915,-3.2763714443717618e-06,1.3869255781173706e-05,CLOSE_MASK,5774.0,0.00019999186482846113,0.1362293706883342,7.340559959411621,0.418585866689682,10.535623550415039,0.9997010827064514
fork_A,5774,low,2.0,1.1655548348699085e-07,2.331109669739817e-07,0.0,0.0,0.0,0.0,0.0,MIXED_OR_NEGLIGIBLE,0.0,0.0,0.0,0.0,0.0,0.0,0.0,OPEN_MASK,5774.0,0.00019999186482846113,0.1362293706883342,7.340559959411621,0.418585866689682,10.535623550415039,0.9997010827064514
fork_A,5774,artcon,1.0,0.4927910268306732,0.4927910268306732,0.5623998045921326,-0.005549519322812557,-0.0724334865808487,-1.2951251182613532e-11,3.961911716032773e-06,MIXED_OR_NEGLIGIBLE,0.1765592396259308,1.4467718601226807,4.919286584481597e-05,3.236532211303711e-05,0.17675429582595825,4.5616645365953445e-05,3.090500831604004e-05,OPEN_MASK,5774.0,0.00019999186482846113,0.1362293706883342,7.340559959411621,0.418585866689682,10.535623550415039,0.9997010827064514
fork_A,5774,spec,0.5,0.03041264694184065,0.015206323470920324,0.0038562563713639975,3.393059523659758e-05,0.06458843499422073,1.6945334024853764e-12,1.0528909299978295e-08,MIXED_OR_NEGLIGIBLE,0.0001506697153672576,0.0016208728775382042,1.4808028936386108e-07,2.384185791015625e-07,0.00010353969992138445,1.3979342838865705e-07,3.864988684654236e-07,OPEN_MASK,5774.0,0.00019999186482846113,0.1362293706883342,7.340559959411621,0.418585866689682,10.535623550415039,0.9997010827064514
fork_A,5774,budget,0.5,0.0,0.0,0.0,0.0,0.0,0.0,0.0,MIXED_OR_NEGLIGIBLE,0.0,0.0,0.0,0.0,0.0,0.0,0.0,OPEN_MASK,5774.0,0.00019999186482846113,0.1362293706883342,7.340559959411621,0.418585866689682,10.535623550415039,0.9997010827064514
fork_A,5774,tv,0.05,0.013646041974425316,0.0006823020987212658,0.009338047355413437,-0.00022927028476260602,-0.18022742867469788,-5.7423843458082047e-11,1.9052602340252633e-07,MIXED_OR_NEGLIGIBLE,0.00270166527479887,0.02309444732964039,1.158274244517088e-06,3.3974647521972656e-06,0.0028168694116175175,1.199548933072947e-06,3.625638782978058e-06,OPEN_MASK,5774.0,0.00019999186482846113,0.1362293706883342,7.340559959411621,0.418585866689682,10.535623550415039,0.9997010827064514
fork_A,5774,bg,1.0,0.02015993930399418,0.02015993930399418,0.03252088278532028,0.002808996010571718,0.634041965007782,5.806280456432944e-11,1.0309872777725104e-07,MIXED_OR_NEGLIGIBLE,-0.014333546161651611,-0.11924069374799728,-4.896282916888595e-06,-1.8835067749023438e-05,-0.014358027838170528,-4.95107815368101e-06,-1.8862076103687286e-05,CLOSE_MASK,5774.0,0.00019999186482846113,0.1362293706883342,7.340559959411621,0.418585866689682,10.535623550415039,0.9997010827064514
fork_A,5774,gadv,0.05,10.91645097732544,0.545822548866272,7.332024574279785,0.9962425827980042,0.9974022507667542,2.2034918334412623e-09,6.971283255552407e-06,MIXED_OR_NEGLIGIBLE,-1.462518334388733,-11.987321853637695,-0.0004559289664030075,-0.0015395879745483398,-1.4786713123321533,-0.001065515447407961,-0.002441086806356907,CLOSE_MASK,5774.0,0.00019999186482846113,0.1362293706883342,7.340559959411621,0.418585866689682,10.535623550415039,0.9997010827064514
fork_A,5774,momentum,,,,,,,,,,-1.0921447277069092,-8.973817825317383,-0.0004087689449079335,-0.001749575138092041,-1.0264880657196045,-0.000839682761579752,-0.0020493241026997566,CLOSE_MASK,5774.0,0.00019999186482846113,0.1362293706883342,7.340559959411621,0.418585866689682,10.535623550415039,0.9997010827064514
fork_A,5774,TOTAL,,,,,,,,,,-2.420870304107666,-19.857929229736328,-0.0008347310358658433,-0.003276228904724121,-2.3855626583099365,-0.004458983428776264,-0.0043469564989209175,CLOSE_MASK,5774.0,0.00019999186482846113,0.1362293706883342,7.340559959411621,0.418585866689682,10.535623550415039,0.9997010827064514
fork_A,5774,TOTAL_mask_head_row_only,,,,,,,,,,-0.020404405891895294,-0.15711025893688202,-6.102491170167923e-06,-4.76837158203125e-07,-0.020424379035830498,-6.169729658722645e-06,-4.246830940246582e-07,CLOSE_MASK,5774.0,0.00019999186482846113,0.1362293706883342,7.340559959411621,0.418585866689682,10.535623550415039,0.9997010827064514
fork_A,5774,TOTAL_g_res_except_mask_row,,,,,,,,,,-2.37351655960083,-19.44188117980957,-0.0008164831670001149,-0.0032599568367004395,-2.338413715362549,-0.004178030416369438,-0.004319372586905956,CLOSE_MASK,5774.0,0.00019999186482846113,0.1362293706883342,7.340559959411621,0.418585866689682,10.535623550415039,0.9997010827064514
fork_A,5774,TOTAL_e_art_only,,,,,,,,,,-0.026968400925397873,-0.2591818571090698,-1.1350144632160664e-05,-1.5616416931152344e-05,-0.027387382462620735,-1.178134698420763e-05,-1.604948192834854e-05,CLOSE_MASK,5774.0,0.00019999186482846113,0.1362293706883342,7.340559959411621,0.418585866689682,10.535623550415039,0.9997010827064514
fork_A,5775,id,1.0,0.0047087594866752625,0.0047087594866752625,0.06588458269834518,0.0013079714262858033,0.08349604904651642,7.118472478140347e-11,6.06227104071877e-07,MIXED_OR_NEGLIGIBLE,-0.041488200426101685,-0.3493112027645111,-8.033154881559312e-05,-3.510713577270508e-05,-0.04138469696044922,-8.14492887002416e-05,-3.478769212961197e-05,CLOSE_MASK,5775.0,0.00019999179909087602,0.23776527011336265,4.205827713012695,0.3937700092792511,8.96916675567627,0.9976904392242432
fork_A,5775,lm,1.0,0.007408104836940765,0.007408104836940765,0.0569542795419693,0.0023639078717678785,0.17456437647342682,-8.101566639773239e-11,2.3587365376442904e-06,MIXED_OR_NEGLIGIBLE,-0.014658022671937943,-0.13534675538539886,-3.974614082835615e-05,-2.1576881408691406e-05,-0.014688601717352867,-4.015290323877707e-05,-2.1328218281269073e-05,CLOSE_MASK,5775.0,0.00019999179909087602,0.23776527011336265,4.205827713012695,0.3937700092792511,8.96916675567627,0.9976904392242432
fork_A,5775,parse,0.5,0.24106355756521225,0.12053177878260612,0.11220631748437881,0.0038465324323624372,0.14417950809001923,-1.9010434892940964e-10,5.762960427091457e-06,MIXED_OR_NEGLIGIBLE,-0.06361391395330429,-0.561591625213623,-0.00011718925088644028,-4.291534423828125e-05,-0.06351271271705627,-0.00011962086864514276,-4.186015576124191e-05,CLOSE_MASK,5775.0,0.00019999179909087602,0.23776527011336265,4.205827713012695,0.3937700092792511,8.96916675567627,0.9976904392242432
fork_A,5775,low,2.0,1.332674841592052e-07,2.665349683184104e-07,0.0,0.0,0.0,0.0,0.0,MIXED_OR_NEGLIGIBLE,0.0,0.0,0.0,0.0,0.0,0.0,0.0,OPEN_MASK,5775.0,0.00019999179909087602,0.23776527011336265,4.205827713012695,0.3937700092792511,8.96916675567627,0.9976904392242432
fork_A,5775,artcon,1.0,0.4552251994609833,0.4552251994609833,0.8219480514526367,0.042345110327005386,0.2166757732629776,-1.4353032651293063e-10,3.3198441087733954e-05,MIXED_OR_NEGLIGIBLE,-0.3978934586048126,-3.543135404586792,-0.0008641501772217453,-0.0002046823501586914,-0.3965950310230255,-0.0010306627955287695,-0.0001997724175453186,CLOSE_MASK,5775.0,0.00019999179909087602,0.23776527011336265,4.205827713012695,0.3937700092792511,8.96916675567627,0.9976904392242432
fork_A,5775,spec,0.5,0.027119819074869156,0.013559909537434578,0.005571087822318077,-0.00031071758712641895,-0.2345726042985916,-6.794814710886499e-12,7.301711235641051e-08,MIXED_OR_NEGLIGIBLE,0.0052706897258758545,0.04754297435283661,1.4760356862097979e-05,6.198883056640625e-06,0.005445694550871849,1.515305666544009e-05,6.388872861862183e-06,OPEN_MASK,5775.0,0.00019999179909087602,0.23776527011336265,4.205827713012695,0.3937700092792511,8.96916675567627,0.9976904392242432
fork_A,5775,budget,0.5,0.0,0.0,0.0,0.0,0.0,0.0,0.0,MIXED_OR_NEGLIGIBLE,0.0,0.0,0.0,0.0,0.0,0.0,0.0,OPEN_MASK,5775.0,0.00019999179909087602,0.23776527011336265,4.205827713012695,0.3937700092792511,8.96916675567627,0.9976904392242432
fork_A,5775,tv,0.05,0.017677372321486473,0.0008838686160743237,0.014080592431128025,-0.0003786222077906132,-0.11309323459863663,-4.3444819963767145e-10,2.077192448268761e-06,MIXED_OR_NEGLIGIBLE,0.028331562876701355,0.25345027446746826,7.849669782444835e-05,1.6450881958007812e-05,0.02847154811024666,7.771745003992692e-05,1.6566365957260132e-05,OPEN_MASK,5775.0,0.00019999179909087602,0.23776527011336265,4.205827713012695,0.3937700092792511,8.96916675567627,0.9976904392242432
fork_A,5775,bg,1.0,0.023937800899147987,0.023937800899147987,0.04363745450973511,0.003393281251192093,0.32704830169677734,5.799553060015228e-10,1.3492108337231912e-06,MIXED_OR_NEGLIGIBLE,-0.06384510546922684,-0.5650729537010193,-0.00016316556138917804,-6.031990051269531e-05,-0.0639406144618988,-0.0001689703785814345,-6.0502439737319946e-05,CLOSE_MASK,5775.0,0.00019999179909087602,0.23776527011336265,4.205827713012695,0.3937700092792511,8.96916675567627,0.9976904392242432
fork_A,5775,gadv,0.05,10.434004306793213,0.5217002153396607,4.073200702667236,0.9475773572921753,0.9784312844276428,-4.102413520001846e-09,3.590414780774154e-05,MIXED_OR_NEGLIGIBLE,-0.16365428268909454,-1.397330641746521,-0.0005688589299097657,-0.0013086199760437012,-0.0946626365184784,-0.0003434720856603235,-0.0016884338110685349,CLOSE_MASK,5775.0,0.00019999179909087602,0.23776527011336265,4.205827713012695,0.3937700092792511,8.96916675567627,0.9976904392242432
fork_A,5775,momentum,,,,,,,,,,-1.1277189254760742,-9.442126274108887,-0.0028961137868463993,-0.0015691518783569336,-1.1169795989990234,-0.005392931867390871,-0.0006663314998149872,CLOSE_MASK,5775.0,0.00019999179909087602,0.23776527011336265,4.205827713012695,0.3937700092792511,8.96916675567627,0.9976904392242432
fork_A,5775,TOTAL,,,,,,,,,,-1.8391815423965454,-15.693626403808594,-0.004675239324569702,-0.003226339817047119,-1.7716479301452637,-0.01179491076618433,-0.003323629964143038,CLOSE_MASK,5775.0,0.00019999179909087602,0.23776527011336265,4.205827713012695,0.3937700092792511,8.96916675567627,0.9976904392242432
fork_A,5775,TOTAL_mask_head_row_only,,,,,,,,,,0.034169454127550125,0.2894826829433441,8.950167102739215e-05,5.543231964111328e-06,0.034196384251117706,8.79401050042361e-05,5.559064447879791e-06,OPEN_MASK,5775.0,0.00019999179909087602,0.23776527011336265,4.205827713012695,0.3937700092792511,8.96916675567627,0.9976904392242432
fork_A,5775,TOTAL_g_res_except_mask_row,,,,,,,,,,-1.8616403341293335,-15.87118911743164,-0.004756840877234936,-0.0032224655151367188,-1.7967523336410522,-0.01219961978495121,-0.003341971430927515,CLOSE_MASK,5775.0,0.00019999179909087602,0.23776527011336265,4.205827713012695,0.3937700092792511,8.96916675567627,0.9976904392242432
fork_A,5775,TOTAL_e_art_only,,,,,,,,,,-0.011779122054576874,-0.11247581988573074,-1.0375952115282416e-05,-9.775161743164062e-06,-0.012124869972467422,-1.3288399713928811e-05,-1.0340474545955658e-05,CLOSE_MASK,5775.0,0.00019999179909087602,0.23776527011336265,4.205827713012695,0.3937700092792511,8.96916675567627,0.9976904392242432
fork_A,5776,id,1.0,0.002293989062309265,0.002293989062309265,0.029680002480745316,0.00048627424985170364,0.20531247556209564,4.099645345423397e-10,2.6265072392561706e-06,MIXED_OR_NEGLIGIBLE,-0.011954335495829582,-0.10273642092943192,-0.0002057092497125268,-1.683831214904785e-05,-0.012025201693177223,-0.00020817517361138016,-1.6919337213039398e-05,CLOSE_MASK,5776.0,0.00019999173308876805,0.07979983042137524,12.531353950500488,0.3698771297931671,6.607451438903809,0.9813069105148315
fork_A,5776,lm,1.0,0.009261751780286431,0.009261751780286431,0.13424627482891083,0.005882030352950096,0.549064040184021,4.768347938721718e-10,3.261780148022808e-05,MIXED_OR_NEGLIGIBLE,-0.007077572867274284,-0.06054731458425522,-0.00012517283903434873,2.154707908630371e-05,-0.006943574640899897,-0.00012276877532713115,2.198386937379837e-05,CLOSE_MASK,5776.0,0.00019999173308876805,0.07979983042137524,12.531353950500488,0.3698771297931671,6.607451438903809,0.9813069105148315
fork_A,5776,parse,0.5,0.2975853532552719,0.14879267662763596,0.562950849533081,0.02592729777097702,0.5771448016166687,-2.4915003393743973e-09,9.211146971210837e-05,MIXED_OR_NEGLIGIBLE,0.06335633993148804,0.5692889094352722,0.0012499142903834581,0.0002601146697998047,0.0635213553905487,0.0012168309185653925,0.00025749998167157173,OPEN_MASK,5776.0,0.00019999173308876805,0.07979983042137524,12.531353950500488,0.3698771297931671,6.607451438903809,0.9813069105148315
fork_A,5776,low,2.0,1.1375639275001959e-07,2.2751278550003917e-07,0.0,0.0,0.0,0.0,0.0,MIXED_OR_NEGLIGIBLE,0.0,0.0,0.0,0.0,0.0,0.0,0.0,OPEN_MASK,5776.0,0.00019999173308876805,0.07979983042137524,12.531353950500488,0.3698771297931671,6.607451438903809,0.9813069105148315
fork_A,5776,artcon,1.0,0.48894549906253815,0.48894549906253815,0.3260146379470825,0.007619728799909353,0.29288721084594727,5.74875147485443e-10,0.0001799421152099967,MIXED_OR_NEGLIGIBLE,0.005037234164774418,0.067768394947052,0.00037802645238116384,7.554888725280762e-05,0.005389238707721233,0.0003799092664849013,7.583340629935265e-05,OPEN_MASK,5776.0,0.00019999173308876805,0.07979983042137524,12.531353950500488,0.3698771297931671,6.607451438903809,0.9813069105148315
fork_A,5776,spec,0.5,0.03032968658953905,0.015164843294769526,0.005970352329313755,0.0002447435981594026,0.5136997699737549,-4.872471870420725e-11,2.4418699240413844e-07,MIXED_OR_NEGLIGIBLE,0.0015863173175603151,0.015137004666030407,3.776758967433125e-05,4.26173210144043e-06,0.0017758257454261184,4.24641439167317e-05,4.715286195278168e-06,OPEN_MASK,5776.0,0.00019999173308876805,0.07979983042137524,12.531353950500488,0.3698771297931671,6.607451438903809,0.9813069105148315
fork_A,5776,budget,0.5,0.0,0.0,0.0,0.0,0.0,0.0,0.0,MIXED_OR_NEGLIGIBLE,0.0,0.0,0.0,0.0,0.0,0.0,0.0,OPEN_MASK,5776.0,0.00019999173308876805,0.07979983042137524,12.531353950500488,0.3698771297931671,6.607451438903809,0.9813069105148315
fork_A,5776,tv,0.05,0.02427023369818926,0.001213511684909463,0.05178646743297577,0.0004975764895789325,0.1204041838645935,-2.6142730202849407e-09,8.811535735731013e-06,MIXED_OR_NEGLIGIBLE,0.05589895695447922,0.5063319802284241,0.0011325208470225334,9.062886238098145e-05,0.05582951754331589,0.0011013192124664783,8.86283814907074e-05,OPEN_MASK,5776.0,0.00019999173308876805,0.07979983042137524,12.531353950500488,0.3698771297931671,6.607451438903809,0.9813069105148315
fork_A,5776,bg,1.0,0.016028526704758406,0.016028526704758406,0.06313854455947876,-0.0023317004088312387,-0.46278172731399536,2.373274021749694e-09,3.9191259020299185e-06,MIXED_OR_NEGLIGIBLE,-0.058458782732486725,-0.5243492722511292,-0.0011608380591496825,-0.00010818243026733398,-0.05849209055304527,-0.0011927519226446748,-0.00011008372530341148,CLOSE_MASK,5776.0,0.00019999173308876805,0.07979983042137524,12.531353950500488,0.3698771297931671,6.607451438903809,0.9813069105148315
fork_A,5776,gadv,0.05,11.372428894042969,0.5686214447021485,12.066131591796875,0.9617220759391785,0.9988022446632385,2.8726827849823167e-07,0.0003988277749158442,MIXED_OR_NEGLIGIBLE,-1.6718194484710693,-13.808432579040527,-0.027736397460103035,0.0037698447704315186,-1.607435941696167,-0.04828178882598877,-2.639787271618843e-05,CLOSE_MASK,5776.0,0.00019999173308876805,0.07979983042137524,12.531353950500488,0.3698771297931671,6.607451438903809,0.9813069105148315
fork_A,5776,momentum,,,,,,,,,,-0.8623995184898376,-7.401383399963379,-0.01583482325077057,-0.0021834075450897217,-0.8397310972213745,-0.02201133593916893,-0.0023942901752889156,CLOSE_MASK,5776.0,0.00019999173308876805,0.07979983042137524,12.531353950500488,0.3698771297931671,6.607451438903809,0.9813069105148315
fork_A,5776,TOTAL,,,,,,,,,,-2.485769748687744,-20.738101959228516,-0.04255279153585434,0.001910775899887085,-2.4149932861328125,-0.10409677028656006,-0.0036824499256908894,CLOSE_MASK,5776.0,0.00019999173308876805,0.07979983042137524,12.531353950500488,0.3698771297931671,6.607451438903809,0.9813069105148315
fork_A,5776,TOTAL_mask_head_row_only,,,,,,,,,,-0.7548992037773132,-6.144045829772949,-0.01328350231051445,-0.0008397996425628662,-0.7549009323120117,-0.018484486266970634,-0.0011711716651916504,CLOSE_MASK,5776.0,0.00019999173308876805,0.07979983042137524,12.531353950500488,0.3698771297931671,6.607451438903809,0.9813069105148315
fork_A,5776,TOTAL_g_res_except_mask_row,,,,,,,,,,-1.7183218002319336,-14.486174583435059,-0.02865494042634964,0.0027952492237091064,-1.6631677150726318,-0.05132564529776573,-4.829373210668564e-06,CLOSE_MASK,5776.0,0.00019999173308876805,0.07979983042137524,12.531353950500488,0.3698771297931671,6.607451438903809,0.9813069105148315
fork_A,5776,TOTAL_e_art_only,,,,,,,,,,-0.012729957699775696,-0.10970291495323181,-0.0003168572438880801,-2.4378299713134766e-05,-0.012805150821805,-0.0003271022578701377,-2.5107059627771378e-05,CLOSE_MASK,5776.0,0.00019999173308876805,0.07979983042137524,12.531353950500488,0.3698771297931671,6.607451438903809,0.9813069105148315
fork_A,5777,id,1.0,0.0025006160140037537,0.0025006160140037537,0.054222673177719116,0.003642772324383259,0.5090281963348389,1.9840395992787307e-09,1.2002981748082675e-05,MIXED_OR_NEGLIGIBLE,-0.08245237171649933,-0.7312620878219604,-0.007401525974273682,-0.0005011856555938721,-0.08278948068618774,-0.007548845838755369,-0.0005114679224789143,CLOSE_MASK,5777.0,0.00019999166682213728,0.13198032076117408,7.576886177062988,0.5274036526679993,4.338584899902344,0.8668621778488159
fork_A,5777,lm,1.0,0.00826913258060813,0.00826913258060813,0.10511970520019531,0.007131044752895832,0.5139960050582886,3.913742219197047e-09,8.010175952222198e-05,MIXED_OR_NEGLIGIBLE,-0.11926189810037613,-1.070860505104065,-0.012270472012460232,-0.0008392930030822754,-0.11982710659503937,-0.012623664923012257,-0.0008640605956315994,CLOSE_MASK,5777.0,0.00019999166682213728,0.13198032076117408,7.576886177062988,0.5274036526679993,4.338584899902344,0.8668621778488159
fork_A,5777,parse,0.5,0.3180571347475052,0.1590285673737526,0.1273852288722992,0.0010233297944068909,0.060867756605148315,-2.609437999012698e-09,0.00015814522339496762,MIXED_OR_NEGLIGIBLE,0.024836525321006775,0.2676983177661896,0.005326359532773495,0.0004030168056488037,0.025231309235095978,0.005313395522534847,0.0004024878144264221,OPEN_MASK,5777.0,0.00019999166682213728,0.13198032076117408,7.576886177062988,0.5274036526679993,4.338584899902344,0.8668621778488159
fork_A,5777,low,2.0,1.1718200454424732e-07,2.3436400908849464e-07,0.0,0.0,0.0,0.0,0.0,MIXED_OR_NEGLIGIBLE,0.0,0.0,0.0,0.0,0.0,0.0,0.0,OPEN_MASK,5777.0,0.00019999166682213728,0.13198032076117408,7.576886177062988,0.5274036526679993,4.338584899902344,0.8668621778488159
fork_A,5777,artcon,1.0,0.48543132841587067,0.48543132841587067,0.5600928068161011,0.012604822404682636,0.17051692306995392,1.4008054716185825e-09,0.0009837885154411197,MIXED_OR_NEGLIGIBLE,-0.20518794655799866,-1.772832989692688,-0.015500972978770733,-0.0010461509227752686,-0.20432761311531067,-0.01602323353290558,-0.0010822899639606476,CLOSE_MASK,5777.0,0.00019999166682213728,0.13198032076117408,7.576886177062988,0.5274036526679993,4.338584899902344,0.8668621778488159
fork_A,5777,spec,0.5,0.03195231035351753,0.015976155176758766,0.0047463420778512955,-0.0001600865216460079,-0.25555622577667236,-1.6356282994678395e-10,1.3998212580190739e-06,MIXED_OR_NEGLIGIBLE,0.00461824145168066,0.0421459786593914,0.0005101511487737298,3.579258918762207e-05,0.004632500000298023,0.0005181112210266292,3.638584166765213e-05,OPEN_MASK,5777.0,0.00019999166682213728,0.13198032076117408,7.576886177062988,0.5274036526679993,4.338584899902344,0.8668621778488159
fork_A,5777,budget,0.5,0.0,0.0,0.0,0.0,0.0,0.0,0.0,MIXED_OR_NEGLIGIBLE,0.0,0.0,0.0,0.0,0.0,0.0,0.0,OPEN_MASK,5777.0,0.00019999166682213728,0.13198032076117408,7.576886177062988,0.5274036526679993,4.338584899902344,0.8668621778488159
fork_A,5777,tv,0.05,0.05852716788649559,0.00292635839432478,0.1644326150417328,-0.011000160127878189,-0.5068761110305786,-8.602126122525533e-09,3.0793831683695316e-05,MIXED_OR_NEGLIGIBLE,0.2928633391857147,2.6097888946533203,0.027508750557899475,0.0018735826015472412,0.29063528776168823,0.025700975209474564,0.0017475290223956108,OPEN_MASK,5777.0,0.00019999166682213728,0.13198032076117408,7.576886177062988,0.5274036526679993,4.338584899902344,0.8668621778488159
fork_A,5777,bg,1.0,0.01578489225357771,0.01578489225357771,0.1951039582490921,0.014103066176176071,0.5476943254470825,1.0525662119675872e-08,1.1729217476386111e-05,MIXED_OR_NEGLIGIBLE,-0.34658369421958923,-3.0851686000823975,-0.03260526433587074,-0.0022258460521698,-0.3496488630771637,-0.03503436967730522,-0.0023949858732521534,CLOSE_MASK,5777.0,0.00019999166682213728,0.13198032076117408,7.576886177062988,0.5274036526679993,4.338584899902344,0.8668621778488159
fork_A,5777,gadv,0.05,9.945695877075195,0.4972847938537598,7.404728889465332,0.9727689623832703,0.9953854084014893,1.3380315522226738e-07,0.0002585712936706841,MIXED_OR_NEGLIGIBLE,-6.061229228973389,-53.23167419433594,-0.5857262015342712,-0.04017391800880432,-6.821278095245361,-0.6359007358551025,-0.04297728091478348,CLOSE_MASK,5777.0,0.00019999166682213728,0.13198032076117408,7.576886177062988,0.5274036526679993,4.338584899902344,0.8668621778488159
fork_A,5777,momentum,,,,,,,,,,-1.1219515800476074,-9.34924030303955,-0.08639836311340332,-0.004938006401062012,-1.1042594909667969,-0.10150185227394104,-0.006231080275028944,CLOSE_MASK,5777.0,0.00019999166682213728,0.13198032076117408,7.576886177062988,0.5274036526679993,4.338584899902344,0.8668621778488159
fork_A,5777,TOTAL,,,,,,,,,,-7.619224548339844,-66.35902404785156,-0.7119766473770142,-0.047783613204956055,-8.38667106628418,-0.6970216035842896,-0.046746816486120224,CLOSE_MASK,5777.0,0.00019999166682213728,0.13198032076117408,7.576886177062988,0.5274036526679993,4.338584899902344,0.8668621778488159
fork_A,5777,TOTAL_mask_head_row_only,,,,,,,,,,-0.8184354305267334,-6.6527204513549805,-0.07281677424907684,-0.005043148994445801,-0.8184552192687988,-0.08290138840675354,-0.00573590025305748,CLOSE_MASK,5777.0,0.00019999166682213728,0.13198032076117408,7.576886177062988,0.5274036526679993,4.338584899902344,0.8668621778488159
fork_A,5777,TOTAL_g_res_except_mask_row,,,,,,,,,,-6.750227928161621,-59.280113220214844,-0.6304196715354919,-0.04212650656700134,-7.447675704956055,-0.6758790612220764,-0.045328289270401,CLOSE_MASK,5777.0,0.00019999166682213728,0.13198032076117408,7.576886177062988,0.5274036526679993,4.338584899902344,0.8668621778488159
fork_A,5777,TOTAL_e_art_only,,,,,,,,,,-0.0492795966565609,-0.4151223301887512,-0.005374817177653313,-0.0003788769245147705,-0.05081837624311447,-0.005674969870597124,-0.00040042633190751076,CLOSE_MASK,5777.0,0.00019999166682213728,0.13198032076117408,7.576886177062988,0.5274036526679993,4.338584899902344,0.8668621778488159
fork_A,5778,id,1.0,0.0001651868224143982,0.0001651868224143982,0.007019673008471727,8.050692122196779e-05,0.02718128263950348,2.4527357922465853e-10,2.2667245502816513e-06,MIXED_OR_NEGLIGIBLE,-0.042149946093559265,-0.34929800033569336,-0.0010257113026455045,-6.829947233200073e-05,-0.04228973761200905,-0.001020060502924025,-6.791215855628252e-05,CLOSE_MASK,5778.0,0.00019999160029098394,0.4219356346322508,2.3700287342071533,0.6424547433853149,-4.161676406860352,0.16504716873168945
fork_A,5778,lm,1.0,0.00369914632756263,0.00369914632756263,0.022862890735268593,-0.00020827000844292343,-0.02158983051776886,5.372664535485683e-10,4.506809273152612e-05,MIXED_OR_NEGLIGIBLE,-0.06136275827884674,-0.5316646695137024,-0.0015748424921184778,-0.00010433048009872437,-0.06140531972050667,-0.0015556614380329847,-0.00010303989984095097,CLOSE_MASK,5778.0,0.00019999160029098394,0.4219356346322508,2.3700287342071533,0.6424547433853149,-4.161676406860352,0.16504716873168945
fork_A,5778,parse,0.5,0.27971387654542923,0.13985693827271461,0.045282311737537384,0.0036976796109229326,0.19353267550468445,2.7479822861664616e-09,9.205483365803957e-05,MIXED_OR_NEGLIGIBLE,-0.20800116658210754,-1.8676398992538452,-0.005135286599397659,-0.00034212321043014526,-0.20783767104148865,-0.004964268766343594,-0.0003307068254798651,CLOSE_MASK,5778.0,0.00019999160029098394,0.4219356346322508,2.3700287342071533,0.6424547433853149,-4.161676406860352,0.16504716873168945
fork_A,5778,low,2.0,1.1544310751787634e-07,2.3088621503575268e-07,0.0,0.0,0.0,0.0,0.0,MIXED_OR_NEGLIGIBLE,0.0,0.0,0.0,0.0,0.0,0.0,0.0,OPEN_MASK,5778.0,0.00019999160029098394,0.4219356346322508,2.3700287342071533,0.6424547433853149,-4.161676406860352,0.16504716873168945
fork_A,5778,artcon,1.0,0.4774504452943802,0.4774504452943802,0.9694788455963135,0.007882455363869667,0.019269783049821854,-3.174576335140955e-08,0.0006507233483716846,MIXED_OR_NEGLIGIBLE,5.220211982727051,46.12824249267578,0.14029580354690552,0.009321354329586029,5.267740249633789,0.3230244219303131,0.021596357226371765,OPEN_MASK,5778.0,0.00019999160029098394,0.4219356346322508,2.3700287342071533,0.6424547433853149,-4.161676406860352,0.16504716873168945
fork_A,5778,spec,0.5,0.03717289678752422,0.01858644839376211,0.0016760011203587055,5.746327224187553e-05,0.08125866204500198,4.247407980884077e-11,1.3267093663671403e-06,MIXED_OR_NEGLIGIBLE,-0.005242405459284782,-0.041304390877485275,-0.00011241807078476995,-7.458031177520752e-06,-0.005705490708351135,-0.00012063026952091604,-7.984926924109459e-06,CLOSE_MASK,5778.0,0.00019999160029098394,0.4219356346322508,2.3700287342071533,0.6424547433853149,-4.161676406860352,0.16504716873168945
fork_A,5778,budget,0.5,0.0,0.0,0.0,0.0,0.0,0.0,0.0,MIXED_OR_NEGLIGIBLE,0.0,0.0,0.0,0.0,0.0,0.0,0.0,OPEN_MASK,5778.0,0.00019999160029098394,0.4219356346322508,2.3700287342071533,0.6424547433853149,-4.161676406860352,0.16504716873168945
fork_A,5778,tv,0.05,0.05874495580792427,0.002937247790396214,0.08618304878473282,0.003490527393296361,0.09598930180072784,3.166719331204604e-09,1.191584306070581e-05,MIXED_OR_NEGLIGIBLE,-0.5867996215820312,-4.766717910766602,-0.01409757137298584,-0.000938117504119873,-0.5870106220245361,-0.012444164603948593,-0.0008282138733193278,CLOSE_MASK,5778.0,0.00019999160029098394,0.4219356346322508,2.3700287342071533,0.6424547433853149,-4.161676406860352,0.16504716873168945
fork_A,5778,bg,1.0,0.006203527795150876,0.006203527795150876,0.05089060589671135,-0.0009896423434838653,-0.04608868062496185,2.742145621681402e-09,5.2508221415337175e-06,MIXED_OR_NEGLIGIBLE,-0.33774298429489136,-2.8096976280212402,-0.007753204554319382,-0.0005193501710891724,-0.3385620713233948,-0.007322532590478659,-0.0004904615925624967,CLOSE_MASK,5778.0,0.00019999160029098394,0.4219356346322508,2.3700287342071533,0.6424547433853149,-4.161676406860352,0.16504716873168945
fork_A,5778,gadv,0.05,0.3629162758588791,0.018145813792943954,2.471266031265259,0.9862169027328491,0.9458157420158386,3.770414735981831e-08,0.00018277305935043842,MIXED_OR_NEGLIGIBLE,-6.233702182769775,-53.409793853759766,-0.15466345846652985,-0.010001756250858307,-5.286838531494141,-0.07465973496437073,-0.0048573496751487255,CLOSE_MASK,5778.0,0.00019999160029098394,0.4219356346322508,2.3700287342071533,0.6424547433853149,-4.161676406860352,0.16504716873168945
fork_A,5778,momentum,,,,,,,,,,-4.2055182456970215,-33.54636764526367,-0.08794381469488144,-0.005765825510025024,-3.997370481491089,-0.04973909631371498,-0.003242621198296547,CLOSE_MASK,5778.0,0.00019999160029098394,0.4219356346322508,2.3700287342071533,0.6424547433853149,-4.161676406860352,0.16504716873168945
fork_A,5778,TOTAL,,,,,,,,,,-6.473868370056152,-51.21320724487305,-0.136135533452034,-0.008698031306266785,-6.052851676940918,-0.07270694524049759,-0.004710674751549959,CLOSE_MASK,5778.0,0.00019999160029098394,0.4219356346322508,2.3700287342071533,0.6424547433853149,-4.161676406860352,0.16504716873168945
fork_A,5778,TOTAL_mask_head_row_only,,,,,,,,,,-0.6104304790496826,-4.657331943511963,-0.011177241802215576,-0.0007536262273788452,-0.6104094386100769,-0.010343256406486034,-0.0006971856346353889,CLOSE_MASK,5778.0,0.00019999160029098394,0.4219356346322508,2.3700287342071533,0.6424547433853149,-4.161676406860352,0.16504716873168945
fork_A,5778,TOTAL_g_res_except_mask_row,,,,,,,,,,-5.827654838562012,-46.559234619140625,-0.12509262561798096,-0.00795435905456543,-5.404809951782227,-0.06763315200805664,-0.004357166588306427,CLOSE_MASK,5778.0,0.00019999160029098394,0.4219356346322508,2.3700287342071533,0.6424547433853149,-4.161676406860352,0.16504716873168945
fork_A,5778,TOTAL_e_art_only,,,,,,,,,,-0.03536594659090042,0.0057647861540317535,-0.0002153925015591085,-1.3165175914764404e-05,-0.03414738178253174,-6.440316792577505e-05,-3.0780211091041565e-06,CLOSE_MASK,5778.0,0.00019999160029098394,0.4219356346322508,2.3700287342071533,0.6424547433853149,-4.161676406860352,0.16504716873168945
fork_A,5779,id,1.0,8.754432201385498e-05,8.754432201385498e-05,0.003298969706520438,0.00047396705485880375,0.7716557383537292,1.5906415073985158e-10,1.2805418236894184e-06,MIXED_OR_NEGLIGIBLE,-0.007074473425745964,-0.09081246703863144,-0.00011847783025586978,-8.303672075271606e-06,-0.007357301190495491,-0.00012119518942199647,-8.496630471199751e-06,CLOSE_MASK,5779.0,0.00019999153349530824,0.1861856348360565,5.370982646942139,1.2694082260131836,-10.169069290161133,0.09112675487995148
fork_A,5779,lm,1.0,0.0021223543444648385,0.0021223543444648385,0.020400511100888252,0.0023777103051543236,0.6259960532188416,8.575697374446634e-10,3.0274106393335387e-05,MIXED_OR_NEGLIGIBLE,-0.03096354380249977,-0.3452635109424591,-0.0004625353030860424,-3.219395875930786e-05,-0.031092438846826553,-0.00046356889652088284,-3.2263342291116714e-05,CLOSE_MASK,5779.0,0.00019999153349530824,0.1861856348360565,5.370982646942139,1.2694082260131836,-10.169069290161133,0.09112675487995148
fork_A,5779,parse,0.5,0.2861810177564621,0.14309050887823105,0.027173742651939392,0.0016377362189814448,0.3237040936946869,6.95116519899841e-10,4.230930790072307e-05,MIXED_OR_NEGLIGIBLE,-0.011229206807911396,-0.16573023796081543,-0.00020799650519620627,-1.4856457710266113e-05,-0.011402897536754608,-0.00020877573115285486,-1.4912046026438475e-05,CLOSE_MASK,5779.0,0.00019999153349530824,0.1861856348360565,5.370982646942139,1.2694082260131836,-10.169069290161133,0.09112675487995148
fork_A,5779,low,2.0,1.2039836860822106e-07,2.407967372164421e-07,0.0,0.0,0.0,0.0,0.0,MIXED_OR_NEGLIGIBLE,0.0,0.0,0.0,0.0,0.0,0.0,0.0,OPEN_MASK,5779.0,0.00019999153349530824,0.1861856348360565,5.370982646942139,1.2694082260131836,-10.169069290161133,0.09112675487995148
fork_A,5779,artcon,1.0,0.4482916444540024,0.4482916444540024,0.21598094701766968,0.013042967766523361,0.32435062527656555,2.5076156706660413e-09,0.00026667662314139307,MIXED_OR_NEGLIGIBLE,-0.08399371802806854,-1.2809962034225464,-0.0020790109410881996,-0.00014698132872581482,-0.07997187972068787,-0.0020594189409166574,-0.0001457399339415133,CLOSE_MASK,5779.0,0.00019999153349530824,0.1861856348360565,5.370982646942139,1.2694082260131836,-10.169069290161133,0.09112675487995148
fork_A,5779,spec,0.5,0.03366149589419365,0.016830747947096825,0.002395848510786891,0.00017907821165863425,0.40145525336265564,5.0163484477394604e-11,1.091294393518183e-06,MIXED_OR_NEGLIGIBLE,-0.00219521252438426,-0.01936647668480873,-2.634831798786763e-05,-1.773238182067871e-06,-0.002566261449828744,-3.0209997930796817e-05,-2.0322040654718876e-06,CLOSE_MASK,5779.0,0.00019999153349530824,0.1861856348360565,5.370982646942139,1.2694082260131836,-10.169069290161133,0.09112675487995148
fork_A,5779,budget,0.5,0.0024154342245310545,0.0012077171122655272,0.06337600201368332,-0.009391644969582558,-0.7959221005439758,-3.369029943911528e-09,4.95579251946765e-06,MIXED_OR_NEGLIGIBLE,0.1644544005393982,1.6328730583190918,0.0021248995326459408,0.0001484416425228119,0.1641235053539276,0.0021204862277954817,0.00014812173321843147,OPEN_MASK,5779.0,0.00019999153349530824,0.1861856348360565,5.370982646942139,1.2694082260131836,-10.169069290161133,0.09112675487995148
fork_A,5779,tv,0.05,0.03462587110698223,0.0017312935553491116,0.017835944890975952,0.001731851720251143,0.5215168595314026,2.7170898864170567e-10,9.261146260541864e-06,MIXED_OR_NEGLIGIBLE,-0.016645481809973717,-0.13893845677375793,-0.00021033038501627743,-1.4405697584152222e-05,-0.016855500638484955,-0.00021161831682547927,-1.4500750694423914e-05,CLOSE_MASK,5779.0,0.00019999153349530824,0.1861856348360565,5.370982646942139,1.2694082260131836,-10.169069290161133,0.09112675487995148
fork_A,5779,bg,1.0,0.004675703821703792,0.004675703821703792,0.06553363054990768,0.009887507185339928,0.810356855392456,3.450640440050279e-09,6.298122116277227e-06,MIXED_OR_NEGLIGIBLE,-0.17742693424224854,-1.7819080352783203,-0.002334432676434517,-0.00016311556100845337,-0.17789115011692047,-0.0023401547223329544,-0.0001635349472053349,CLOSE_MASK,5779.0,0.00019999153349530824,0.1861856348360565,5.370982646942139,1.2694082260131836,-10.169069290161133,0.09112675487995148
fork_A,5779,gadv,0.05,3.3501675128936768,0.16750837564468385,5.268545150756836,0.9805012941360474,0.9995653629302979,2.1054562182598602e-07,0.0005919535760767758,MIXED_OR_NEGLIGIBLE,-10.703184127807617,-132.3478546142578,-0.1743289679288864,-0.012177173048257828,-9.38458251953125,-0.0571623370051384,-0.003922688774764538,CLOSE_MASK,5779.0,0.00019999153349530824,0.1861856348360565,5.370982646942139,1.2694082260131836,-10.169069290161133,0.09112675487995148
fork_A,5779,momentum,,,,,,,,,,-2.290928840637207,-21.20844078063965,-0.028235692530870438,-0.0019357092678546906,-2.0062644481658936,-0.02291555516421795,-0.001579339848831296,CLOSE_MASK,5779.0,0.00019999153349530824,0.1861856348360565,5.370982646942139,1.2694082260131836,-10.169069290161133,0.09112675487995148
fork_A,5779,TOTAL,,,,,,,,,,-13.150962829589844,-156.0072021484375,-0.2058255970478058,-0.014345217496156693,-9.53993034362793,-0.06077425554394722,-0.0041847145184874535,CLOSE_MASK,5779.0,0.00019999153349530824,0.1861856348360565,5.370982646942139,1.2694082260131836,-10.169069290161133,0.09112675487995148
fork_A,5779,TOTAL_mask_head_row_only,,,,,,,,,,-1.110517978668213,-9.500109672546387,-0.012030876241624355,-0.000837232917547226,-1.1105467081069946,-0.012002403847873211,-0.0008342303917743266,CLOSE_MASK,5779.0,0.00019999153349530824,0.1861856348360565,5.370982646942139,1.2694082260131836,-10.169069290161133,0.09112675487995148
fork_A,5779,TOTAL_g_res_except_mask_row,,,,,,,,,,-12.000741958618164,-145.06961059570312,-0.1920175999403,-0.013380762189626694,-8.370532989501953,-0.056582167744636536,-0.003890484105795622,CLOSE_MASK,5779.0,0.00019999153349530824,0.1861856348360565,5.370982646942139,1.2694082260131836,-10.169069290161133,0.09112675487995148
fork_A,5779,TOTAL_e_art_only,,,,,,,,,,-0.03679767996072769,-1.3903776407241821,-0.0018149656243622303,-0.00012966245412826538,-0.03773137927055359,-0.001888541504740715,-0.00013500434579327703,CLOSE_MASK,5779.0,0.00019999153349530824,0.1861856348360565,5.370982646942139,1.2694082260131836,-10.169069290161133,0.09112675487995148
fork_A,5780,id,1.0,2.709031105041504e-05,2.709031105041504e-05,0.0007607387960888445,9.971635154215619e-05,0.40471774339675903,1.2870676746601362e-11,3.565055237686465e-07,MIXED_OR_NEGLIGIBLE,-0.0033833510242402554,-0.02715286798775196,-1.2944130503456108e-05,-8.717179298400879e-07,-0.004031229764223099,-1.4877272406010889e-05,-1.004053046926856e-06,CLOSE_MASK,5780.0,0.0001999914664351103,0.32387574551617465,3.0876028537750244,1.7154842615127563,-19.97507095336914,0.029307764023542404
fork_A,5780,lm,1.0,0.002256396575830877,0.002256396575830877,0.020334143191576004,-0.0004388902452774346,-0.06664253771305084,-3.020668160047535e-10,2.2583404643228278e-05,MIXED_OR_NEGLIGIBLE,-0.046692050993442535,-0.34600088000297546,-0.0001910315768327564,-1.2225471436977386e-05,-0.04654962569475174,-0.00019123207312077284,-1.2289558071643114e-05,CLOSE_MASK,5780.0,0.0001999914664351103,0.32387574551617465,3.0876028537750244,1.7154842615127563,-19.97507095336914,0.029307764023542404
fork_A,5780,parse,0.5,0.27079442143440247,0.13539721071720123,0.030324401333928108,-0.003220942337065935,-0.32795342803001404,-8.403636120313251e-10,4.059742786921561e-05,MIXED_OR_NEGLIGIBLE,0.007855738513171673,0.3028508424758911,0.00012467644410207868,9.094364941120148e-06,0.00788753479719162,0.00012472069647628814,9.078707080334425e-06,OPEN_MASK,5780.0,0.0001999914664351103,0.32387574551617465,3.0876028537750244,1.7154842615127563,-19.97507095336914,0.029307764023542404
fork_A,5780,low,2.0,1.3247162655716238e-07,2.6494325311432476e-07,0.0,0.0,0.0,0.0,0.0,MIXED_OR_NEGLIGIBLE,0.0,0.0,0.0,0.0,0.0,0.0,0.0,OPEN_MASK,5780.0,0.0001999914664351103,0.32387574551617465,3.0876028537750244,1.7154842615127563,-19.97507095336914,0.029307764023542404
fork_A,5780,artcon,1.0,0.4258977174758911,0.4258977174758911,0.13986806571483612,0.00545467808842659,0.12041261792182922,-4.5883025157067436e-10,0.0001308600913034752,MIXED_OR_NEGLIGIBLE,-0.31596991419792175,-3.595116138458252,-0.0018957306165248156,-0.00012371782213449478,-0.30902838706970215,-0.0018773307092487812,-0.0001248337357537821,CLOSE_MASK,5780.0,0.0001999914664351103,0.32387574551617465,3.0876028537750244,1.7154842615127563,-19.97507095336914,0.029307764023542404
fork_A,5780,spec,0.5,0.028122042305767536,0.014061021152883768,0.002097036223858595,0.0002400601515546441,0.35345619916915894,2.3083007727464633e-11,1.0388852160758688e-06,MIXED_OR_NEGLIGIBLE,-0.007858909666538239,-0.07638749480247498,-3.6106161132920533e-05,-2.4316832423210144e-06,-0.008456427603960037,-3.744095010915771e-05,-2.5251356419175863e-06,CLOSE_MASK,5780.0,0.0001999914664351103,0.32387574551617465,3.0876028537750244,1.7154842615127563,-19.97507095336914,0.029307764023542404
fork_A,5780,budget,0.5,0.007592919748276472,0.003796459874138236,0.023967914283275604,-0.006223573349416256,-0.8017353415489197,-1.190143983365033e-09,2.92919412459014e-06,MIXED_OR_NEGLIGIBLE,0.25904613733291626,1.7475837469100952,0.0008635329431854188,5.7715922594070435e-05,0.26006031036376953,0.0008697737357579172,5.788017006125301e-05,OPEN_MASK,5780.0,0.0001999914664351103,0.32387574551617465,3.0876028537750244,1.7154842615127563,-19.97507095336914,0.029307764023542404
fork_A,5780,tv,0.05,0.018851643428206444,0.0009425821714103222,0.0068768407218158245,0.0003309581952635199,0.14859549701213837,-9.894740582438999e-11,4.968041594111128e-06,MIXED_OR_NEGLIGIBLE,-0.012914462015032768,-0.09552434831857681,-5.0990503950743005e-05,-3.259629011154175e-06,-0.012961461208760738,-5.119819979881868e-05,-3.2750976970419288e-06,CLOSE_MASK,5780.0,0.0001999914664351103,0.32387574551617465,3.0876028537750244,1.7154842615127563,-19.97507095336914,0.029307764023542404
fork_A,5780,bg,1.0,0.001185285858809948,0.001185285858809948,0.023271726444363594,0.006150858011096716,0.8160721659660339,1.1834169200142242e-09,3.7641977996827336e-06,MIXED_OR_NEGLIGIBLE,-0.2778465449810028,-1.749889612197876,-0.0008818067144602537,-5.853921175003052e-05,-0.27684706449508667,-0.0008724356302991509,-5.817576311528683e-05,CLOSE_MASK,5780.0,0.0001999914664351103,0.32387574551617465,3.0876028537750244,1.7154842615127563,-19.97507095336914,0.029307764023542404
fork_A,5780,gadv,0.05,2.578460991382599,0.12892304956912995,3.083247423171997,0.9985665678977966,0.9999772310256958,1.0561069530012901e-07,0.0004101066442672163,MIXED_OR_NEGLIGIBLE,-33.559024810791016,-193.20957946777344,-0.09555448591709137,-0.00633999053388834,-16.139394760131836,-0.02929680235683918,-0.0019928026013076305,CLOSE_MASK,5780.0,0.0001999914664351103,0.32387574551617465,3.0876028537750244,1.7154842615127563,-19.97507095336914,0.029307764023542404
fork_A,5780,momentum,,,,,,,,,,-2.913107395172119,-24.788257598876953,-0.01113138534128666,-0.0007728356868028641,-2.3203682899475098,-0.009708250872790813,-0.0006767633021809161,CLOSE_MASK,5780.0,0.0001999914664351103,0.32387574551617465,3.0876028537750244,1.7154842615127563,-19.97507095336914,0.029307764023542404
fork_A,5780,TOTAL,,,,,,,,,,-37.010562896728516,-222.79722595214844,-0.10861284285783768,-0.007246519438922405,-25.624446868896484,-0.029306795448064804,-0.001993444748222828,CLOSE_MASK,5780.0,0.0001999914664351103,0.32387574551617465,3.0876028537750244,1.7154842615127563,-19.97507095336914,0.029307764023542404
fork_A,5780,TOTAL_mask_head_row_only,,,,,,,,,,-1.1204090118408203,-8.954815864562988,-0.004098164848983288,-0.00028790440410375595,-1.1203691959381104,-0.0039868829771876335,-0.0002809213474392891,CLOSE_MASK,5780.0,0.0001999914664351103,0.32387574551617465,3.0876028537750244,1.7154842615127563,-19.97507095336914,0.029307764023542404
fork_A,5780,TOTAL_g_res_except_mask_row,,,,,,,,,,-34.896949768066406,-209.4424285888672,-0.10119861364364624,-0.006749553605914116,-23.36421775817871,-0.02930602803826332,-0.0019933960866183043,CLOSE_MASK,5780.0,0.0001999914664351103,0.32387574551617465,3.0876028537750244,1.7154842615127563,-19.97507095336914,0.029307764023542404
fork_A,5780,TOTAL_e_art_only,,,,,,,,,,-0.9856112599372864,-4.098136901855469,-0.0037769514601677656,-0.00023298431187868118,-0.7916895151138306,-0.0029618018306791782,-0.00017573029617778957,CLOSE_MASK,5780.0,0.0001999914664351103,0.32387574551617465,3.0876028537750244,1.7154842615127563,-19.97507095336914,0.029307764023542404
fork_A,5781,id,1.0,-2.2351741790771484e-08,-2.2351741790771484e-08,0.0,0.0,0.0,0.0,0.0,MIXED_OR_NEGLIGIBLE,0.0,0.0,0.0,0.0,0.0,0.0,0.0,OPEN_MASK,5781.0,0.00019999139911039028,1.0,0.009041407145559788,0.8579016923904419,-45.45802307128906,1.960030658665346e-06
fork_A,5781,lm,1.0,1.6210833564400673e-08,1.6210833564400673e-08,5.128330826664751e-07,-1.8705124603002332e-05,-0.32977718114852905,-4.593547764386585e-14,5.1116244570437175e-09,MIXED_OR_NEGLIGIBLE,1.1102762073278427e-05,0.00010488807311048731,5.992190771353378e-11,5.4569682106375694e-12,2.5533481675665826e-06,3.235360330339221e-12,2.5579538487363607e-13,OPEN_MASK,5781.0,0.00019999139911039028,1.0,0.009041407145559788,0.8579016923904419,-45.45802307128906,1.960030658665346e-06
fork_A,5781,parse,0.5,0.2136562168598175,0.10682810842990875,7.122038368834183e-06,-0.00013295338430907577,-0.16878393292427063,-5.885292253537955e-13,1.5063180569541146e-07,MIXED_OR_NEGLIGIBLE,-6.410572677850723e-05,-0.00026710997917689383,-2.7888724316027513e-11,6.707523425575346e-12,7.05433776602149e-05,2.7470761776449137e-11,2.113864638886298e-12,CLOSE_MASK,5781.0,0.00019999139911039028,1.0,0.009041407145559788,0.8579016923904419,-45.45802307128906,1.960030658665346e-06
fork_A,5781,low,2.0,1.3365714579549604e-07,2.6731429159099207e-07,0.0,0.0,0.0,0.0,0.0,MIXED_OR_NEGLIGIBLE,0.0,0.0,0.0,0.0,0.0,0.0,0.0,OPEN_MASK,5781.0,0.00019999139911039028,1.0,0.009041407145559788,0.8579016923904419,-45.45802307128906,1.960030658665346e-06
fork_A,5781,artcon,1.0,0.5343183279037476,0.5343183279037476,2.0927200239384547e-05,0.0009198017651215196,0.39739203453063965,1.8202384044485598e-12,1.2605761412487482e-07,MIXED_OR_NEGLIGIBLE,-8.631451055407524e-05,-6.498128641396761e-05,8.244119276135109e-11,-3.524291969370097e-12,-0.00027817406225949526,-1.3348437633009524e-10,-8.238743021138362e-12,CLOSE_MASK,5781.0,0.00019999139911039028,1.0,0.009041407145559788,0.8579016923904419,-45.45802307128906,1.960030658665346e-06
fork_A,5781,spec,0.5,0.03675108589231968,0.01837554294615984,6.178479452501051e-07,-1.7737524103722535e-05,-0.2595657408237457,-3.114175584073564e-14,1.1251170661807919e-08,MIXED_OR_NEGLIGIBLE,-1.980504021048546e-05,-0.00021474201639648527,1.2596065683545543e-11,1.0686562745831907e-11,2.1418891265057027e-06,1.5112105360495787e-12,2.6645352591003757e-14,CLOSE_MASK,5781.0,0.00019999139911039028,1.0,0.009041407145559788,0.8579016923904419,-45.45802307128906,1.960030658665346e-06
fork_A,5781,budget,0.5,0.009999873582273722,0.004999936791136861,5.007073923479766e-06,-0.00022143394744489342,-0.39984917640686035,-4.712619183777633e-13,1.8115963840159566e-08,MIXED_OR_NEGLIGIBLE,-3.215833567082882e-05,0.00011135281238239259,1.651043884942638e-11,7.503331289626658e-12,6.492757529485971e-05,3.2126593052517194e-11,2.462030579408747e-12,CLOSE_MASK,5781.0,0.00019999139911039028,1.0,0.009041407145559788,0.8579016923904419,-45.45802307128906,1.960030658665346e-06
fork_A,5781,tv,0.05,0.0029987061861902475,0.00014993530930951238,0.00894808117300272,0.9893829226493835,0.999701976776123,1.4421519534124627e-12,5.582731077424796e-08,MIXED_OR_NEGLIGIBLE,-0.06732811033725739,-0.1030832901597023,-2.3067357801664912e-08,-1.4326815289678052e-09,-0.06752417981624603,-2.3072328048101554e-08,-1.4239276424632408e-09,CLOSE_MASK,5781.0,0.00019999139911039028,1.0,0.009041407145559788,0.8579016923904419,-45.45802307128906,1.960030658665346e-06
fork_A,5781,bg,1.0,1.315682567337717e-07,1.315682567337717e-07,8.910018550523091e-06,0.0003960737958550453,0.4019143879413605,8.40105762733856e-13,3.418145055888999e-08,MIXED_OR_NEGLIGIBLE,-1.108972355723381e-05,0.0001303845492657274,6.492868742657976e-11,2.2737367544323206e-13,-0.00012039556168019772,-6.081338210783827e-11,-4.172662215751188e-12,CLOSE_MASK,5781.0,0.00019999139911039028,1.0,0.009041407145559788,0.8579016923904419,-45.45802307128906,1.960030658665346e-06
fork_A,5781,gadv,0.05,2.9395158290863037,0.1469757914543152,0.00023497475194744766,0.00973207876086235,0.3744729459285736,1.663352788838779e-11,1.0849576028704178e-06,MIXED_OR_NEGLIGIBLE,-0.002991744317114353,-0.005238964222371578,-1.2787626513244277e-09,-1.0379608283983544e-10,-0.004040384665131569,-1.7921912842666643e-09,-1.1290524071227992e-10,CLOSE_MASK,5781.0,0.00019999139911039028,1.0,0.009041407145559788,0.8579016923904419,-45.45802307128906,1.960030658665346e-06
fork_A,5781,momentum,,,,,,,,,,-9.12797737121582,-16.027761459350586,-3.6739115785167087e-06,-2.2894619178259745e-07,-8.322606086730957,-1.641575636313064e-06,-1.0300281161335079e-07,CLOSE_MASK,5781.0,0.00019999139911039028,1.0,0.009041407145559788,0.8579016923904419,-45.45802307128906,1.960030658665346e-06
fork_A,5781,TOTAL,,,,,,,,,,-9.20012092590332,-16.140419006347656,-3.698436330523691e-06,-2.3049130959407194e-07,-8.409852027893066,-1.6463584415760124e-06,-1.0330661126545237e-07,CLOSE_MASK,5781.0,0.00019999139911039028,1.0,0.009041407145559788,0.8579016923904419,-45.45802307128906,1.960030658665346e-06
fork_A,5781,TOTAL_mask_head_row_only,,,,,,,,,,-1.0129787921905518,-2.112828493118286,-4.912957365377224e-07,-3.122113412246108e-08,-1.0132092237472534,-4.343677062479401e-07,-2.7511427802551225e-08,CLOSE_MASK,5781.0,0.00019999139911039028,1.0,0.009041407145559788,0.8579016923904419,-45.45802307128906,1.960030658665346e-06
fork_A,5781,TOTAL_g_res_except_mask_row,,,,,,,,,,-8.107601165771484,-13.960925102233887,-3.210928980479366e-06,-1.996122591663152e-07,-7.203242301940918,-1.5473515304620378e-06,-9.68688027569442e-08,CLOSE_MASK,5781.0,0.00019999139911039028,1.0,0.009041407145559788,0.8579016923904419,-45.45802307128906,1.960030658665346e-06
fork_A,5781,TOTAL_e_art_only,,,,,,,,,,-0.07760811597108841,-0.06429554522037506,-8.88181883595962e-09,-6.172058419906534e-10,-0.0685194879770279,-5.115686985135426e-09,-3.1043967396726657e-10,CLOSE_MASK,5781.0,0.00019999139911039028,1.0,0.009041407145559788,0.8579016923904419,-45.45802307128906,1.960030658665346e-06
fork_A,5782,id,1.0,-4.470348358154297e-08,-4.470348358154297e-08,0.0,0.0,0.0,0.0,0.0,MIXED_OR_NEGLIGIBLE,0.0,0.0,0.0,0.0,0.0,0.0,0.0,OPEN_MASK,5782.0,0.00019999133152114845,1.0,0.00796328205615282,0.42904210090637207,-53.30499267578125,1.636432500617957e-07
fork_A,5782,lm,1.0,0.0,0.0,0.0,0.0,0.0,0.0,0.0,MIXED_OR_NEGLIGIBLE,0.0,0.0,0.0,0.0,0.0,0.0,0.0,OPEN_MASK,5782.0,0.00019999133152114845,1.0,0.00796328205615282,0.42904210090637207,-53.30499267578125,1.636432500617957e-07
fork_A,5782,parse,0.5,0.22156977653503418,0.11078488826751709,2.788884501114808e-07,1.0200021279160865e-05,0.29124778509140015,1.7957857423311907e-14,3.5632232719962076e-09,MIXED_OR_NEGLIGIBLE,-3.3531105145812035e-05,0.00010089397255796939,7.6306062163356e-13,4.831690603168681e-12,-8.394454198423773e-07,-8.244721908228642e-14,0.0,CLOSE_MASK,5782.0,0.00019999133152114845,1.0,0.00796328205615282,0.42904210090637207,-53.30499267578125,1.636432500617957e-07
fork_A,5782,low,2.0,1.278807886251343e-07,2.557615772502686e-07,0.0,0.0,0.0,0.0,0.0,MIXED_OR_NEGLIGIBLE,0.0,0.0,0.0,0.0,0.0,0.0,0.0,OPEN_MASK,5782.0,0.00019999133152114845,1.0,0.00796328205615282,0.42904210090637207,-53.30499267578125,1.636432500617957e-07
fork_A,5782,artcon,1.0,0.4495399743318558,0.4495399743318558,7.159661890909774e-06,-0.0002795928157866001,-0.3109751045703888,-5.015987625256457e-13,4.6169635226078753e-08,MIXED_OR_NEGLIGIBLE,2.539786510169506e-05,0.00030635696020908654,3.264338669164979e-12,0.0,0.00010706829198170453,4.402545168702421e-12,1.5942802633617248e-13,OPEN_MASK,5782.0,0.00019999133152114845,1.0,0.00796328205615282,0.42904210090637207,-53.30499267578125,1.636432500617957e-07
fork_A,5782,spec,0.5,0.024087276309728622,0.012043638154864311,5.4150021355781064e-08,-2.868302317438065e-06,-0.4218114912509918,-1.6930901125533637e-15,4.909384565543462e-10,MIXED_OR_NEGLIGIBLE,0.0,0.0,0.0,0.0,-6.281043170019984e-07,3.615486951708338e-14,0.0,OPEN_MASK,5782.0,0.00019999133152114845,1.0,0.00796328205615282,0.42904210090637207,-53.30499267578125,1.636432500617957e-07
fork_A,5782,budget,0.5,0.009999989066272974,0.004999994533136487,4.493213623391057e-07,-1.604847602720838e-05,-0.2844257056713104,-4.088396288182139e-14,1.344118705226549e-09,MIXED_OR_NEGLIGIBLE,-1.672632060945034e-05,-0.00034671800676733255,-1.0144630795128062e-11,0.0,2.476699592079967e-07,7.099894538389537e-14,7.549516567451064e-14,CLOSE_MASK,5782.0,0.00019999133152114845,1.0,0.00796328205615282,0.42904210090637207,-53.30499267578125,1.636432500617957e-07
fork_A,5782,tv,0.05,0.002630149945616722,0.0001315074972808361,0.007964965887367725,1.000239372253418,1.0000278949737549,1.2356782264077992e-13,4.054824032095894e-09,MIXED_OR_NEGLIGIBLE,-0.07443909347057343,-0.1087571531534195,-2.1700574670546757e-09,-1.708713170955889e-10,-0.07427451014518738,-2.158407230723469e-09,-1.3932766051993895e-10,CLOSE_MASK,5782.0,0.00019999133152114845,1.0,0.00796328205615282,0.42904210090637207,-53.30499267578125,1.636432500617957e-07
fork_A,5782,bg,1.0,3.278619153945783e-08,3.278619153945783e-08,1.0342756695536082e-06,4.749797153635882e-05,0.3657049834728241,8.099076964640517e-14,2.6553059750966668e-09,MIXED_OR_NEGLIGIBLE,-4.975590854883194e-06,-8.102515494101681e-07,-2.416803736304818e-12,0.0,-8.550036000087857e-06,-5.565332266213585e-13,-1.7763568394002505e-15,CLOSE_MASK,5782.0,0.00019999133152114845,1.0,0.00796328205615282,0.42904210090637207,-53.30499267578125,1.636432500617957e-07
fork_A,5782,gadv,0.05,4.655387759208679,0.23276938796043398,2.289657686560531e-06,2.9611546779051423e-05,0.10298706591129303,1.1607381722456012e-13,3.7633164140515873e-08,MIXED_OR_NEGLIGIBLE,-5.0814589485526085e-05,-1.390683974022977e-05,-8.718888783697254e-13,0.0,-2.0463026885408908e-05,-9.54216631925131e-13,0.0,CLOSE_MASK,5782.0,0.00019999133152114845,1.0,0.00796328205615282,0.42904210090637207,-53.30499267578125,1.636432500617957e-07
fork_A,5782,momentum,,,,,,,,,,-3.905647039413452,-7.385605812072754,-1.5005420550551207e-07,-9.793183153306018e-09,-3.86570405960083,-9.857209448682624e-08,-6.439339728103732e-09,CLOSE_MASK,5782.0,0.00019999133152114845,1.0,0.00796328205615282,0.42904210090637207,-53.30499267578125,1.636432500617957e-07
fork_A,5782,TOTAL,,,,,,,,,,-3.9801764488220215,-7.494882583618164,-1.5219916349451523e-07,-9.899963515636045e-09,-3.9452333450317383,-9.949400947562026e-08,-6.499355720279709e-09,CLOSE_MASK,5782.0,0.00019999133152114845,1.0,0.00796328205615282,0.42904210090637207,-53.30499267578125,1.636432500617957e-07
fork_A,5782,TOTAL_mask_head_row_only,,,,,,,,,,-0.5807249546051025,-1.150374174118042,-2.338777527199909e-08,-1.5713794709881768e-09,-0.5805090069770813,-2.1768043367842438e-08,-1.4276575477367714e-09,CLOSE_MASK,5782.0,0.00019999133152114845,1.0,0.00796328205615282,0.42904210090637207,-53.30499267578125,1.636432500617957e-07
fork_A,5782,TOTAL_g_res_except_mask_row,,,,,,,,,,-3.41719388961792,-6.380886077880859,-1.2973069374311308e-07,-8.398671980103245e-09,-3.3568336963653564,-8.952488883551268e-08,-5.839084327163846e-09,CLOSE_MASK,5782.0,0.00019999133152114845,1.0,0.00796328205615282,0.42904210090637207,-53.30499267578125,1.636432500617957e-07
fork_A,5782,TOTAL_e_art_only,,,,,,,,,,0.018299525603652,0.037138957530260086,6.432617771778837e-10,5.4853899200679734e-12,0.02153818868100643,7.596658857522698e-10,4.7770232214361386e-11,OPEN_MASK,5782.0,0.00019999133152114845,1.0,0.00796328205615282,0.42904210090637207,-53.30499267578125,1.636432500617957e-07
fork_A,5800,id,1.0,-7.450580596923828e-09,-7.450580596923828e-09,0.0,0.0,0.0,0.0,0.0,MIXED_OR_NEGLIGIBLE,0.0,0.0,0.0,0.0,0.0,0.0,0.0,OPEN_MASK,5800.0,0.00019999006968176694,1.0,0.004259789828211069,0.0014774714363738894,-64.48295593261719,1.9476015467034813e-08
fork_A,5800,lm,1.0,0.0,0.0,0.0,0.0,0.0,0.0,0.0,MIXED_OR_NEGLIGIBLE,0.0,0.0,0.0,0.0,0.0,0.0,0.0,OPEN_MASK,5800.0,0.00019999006968176694,1.0,0.004259789828211069,0.0014774714363738894,-64.48295593261719,1.9476015467034813e-08
fork_A,5800,parse,0.5,0.24206963181495667,0.12103481590747833,1.3909141216572607e-07,-8.941065061662812e-06,-0.27382752299308777,-1.1185496973098452e-14,7.840076365894788e-10,MIXED_OR_NEGLIGIBLE,9.313225746154785e-10,1.7993606604704837e-11,2.168404344971009e-19,0.0,4.2097963159903884e-07,1.3001488178166626e-14,0.0,OPEN_MASK,5800.0,0.00019999006968176694,1.0,0.004259789828211069,0.0014774714363738894,-64.48295593261719,1.9476015467034813e-08
fork_A,5800,low,2.0,1.3461610137710522e-07,2.6923220275421045e-07,0.0,0.0,0.0,0.0,0.0,MIXED_OR_NEGLIGIBLE,0.0,0.0,0.0,0.0,0.0,0.0,0.0,OPEN_MASK,5800.0,0.00019999006968176694,1.0,0.004259789828211069,0.0014774714363738894,-64.48295593261719,1.9476015467034813e-08
fork_A,5800,artcon,1.0,0.4790549725294113,0.4790549725294113,4.901812076241185e-07,2.6451270969118923e-05,0.22986777126789093,3.03368441478824e-14,3.17029980045902e-09,MIXED_OR_NEGLIGIBLE,2.9256101697683334e-05,-0.00016135377518367022,-6.365410585781883e-13,0.0,-5.3710537031292915e-06,-2.991209100615226e-14,0.0,OPEN_MASK,5800.0,0.00019999006968176694,1.0,0.004259789828211069,0.0014774714363738894,-64.48295593261719,1.9476015467034813e-08
fork_A,5800,spec,0.5,0.03130636736750603,0.015653183683753014,3.2767293323132662e-09,8.003834039982394e-08,0.10405085980892181,1.3877787807814457e-16,3.233506171151923e-11,MIXED_OR_NEGLIGIBLE,0.0,0.0,0.0,0.0,0.0,0.0,0.0,OPEN_MASK,5800.0,0.00019999006968176694,1.0,0.004259789828211069,0.0014774714363738894,-64.48295593261719,1.9476015467034813e-08
fork_A,5800,budget,0.5,0.00999999837949872,0.00499999918974936,5.849848250250034e-08,-2.803872803269769e-06,-0.20417466759681702,-5.079270337660091e-15,1.874530114465145e-10,MIXED_OR_NEGLIGIBLE,0.0,0.0,0.0,0.0,-6.644695531576872e-07,8.009314003307958e-15,0.0,OPEN_MASK,5800.0,0.00019999006968176694,1.0,0.004259789828211069,0.0014774714363738894,-64.48295593261719,1.9476015467034813e-08
fork_A,5800,tv,0.05,0.0008874000632204115,4.437000316102058e-05,0.004259985405951738,1.0000653266906738,1.0000194311141968,1.504352198367087e-14,5.616171971922768e-10,MIXED_OR_NEGLIGIBLE,-0.044976189732551575,-0.06782648712396622,-1.663784388039602e-10,-2.4726887204451486e-12,-0.04569163918495178,-1.657670112287235e-10,-1.0388134796812665e-11,CLOSE_MASK,5800.0,0.00019999006968176694,1.0,0.004259789828211069,0.0014774714363738894,-64.48295593261719,1.9476015467034813e-08
fork_A,5800,bg,1.0,1.9656592797900885e-08,1.9656592797900885e-08,1.1297747448679729e-07,5.104982392367674e-06,0.19248218834400177,9.43689570931383e-15,3.6350672472096335e-10,MIXED_OR_NEGLIGIBLE,-1.1962838470935822e-06,1.4333490980789065e-05,-1.5637732536828708e-14,0.0,1.5986006474122405e-07,2.869708661781996e-14,0.0,CLOSE_MASK,5800.0,0.00019999006968176694,1.0,0.004259789828211069,0.0014774714363738894,-64.48295593261719,1.9476015467034813e-08
fork_A,5800,gadv,0.05,3.262742757797241,0.16313713788986206,7.784446438563464e-07,-6.557921733474359e-05,-0.3588613271713257,-4.907185768843192e-14,2.600617943215866e-09,MIXED_OR_NEGLIGIBLE,8.94162803888321e-06,0.0005107318283990026,1.6352407709169237e-12,0.0,3.7157442420721054e-06,4.8649835380923726e-14,0.0,OPEN_MASK,5800.0,0.00019999006968176694,1.0,0.004259789828211069,0.0014774714363738894,-64.48295593261719,1.9476015467034813e-08
fork_A,5800,momentum,,,,,,,,,,-0.04850252717733383,-0.07365493476390839,-1.7999939039281543e-10,-2.5011104298755527e-12,-0.04914447292685509,-1.7755863446211606e-10,-1.142019812050421e-11,CLOSE_MASK,5800.0,0.00019999006968176694,1.0,0.004259789828211069,0.0014774714363738894,-64.48295593261719,1.9476015467034813e-08
fork_A,5800,TOTAL,,,,,,,,,,-0.09493070840835571,-0.14401113986968994,-3.465306930294787e-10,-1.901412360894028e-11,-0.09482638537883759,-3.417618410495038e-10,-2.2317259151805047e-11,CLOSE_MASK,5800.0,0.00019999006968176694,1.0,0.004259789828211069,0.0014774714363738894,-64.48295593261719,1.9476015467034813e-08
fork_A,5800,TOTAL_mask_head_row_only,,,,,,,,,,0.0,0.0,0.0,0.0,-3.673914761748165e-06,-3.522686022007157e-14,0.0,OPEN_MASK,5800.0,0.00019999006968176694,1.0,0.004259789828211069,0.0014774714363738894,-64.48295593261719,1.9476015467034813e-08
fork_A,5800,TOTAL_g_res_except_mask_row,,,,,,,,,,-0.09480080753564835,-0.1431565284729004,-3.456178676586319e-10,-1.901412360894028e-11,-0.0947156697511673,-3.4109315372177207e-10,-2.2285284728695842e-11,CLOSE_MASK,5800.0,0.00019999006968176694,1.0,0.004259789828211069,0.0014774714363738894,-64.48295593261719,1.9476015467034813e-08
fork_A,5800,TOTAL_e_art_only,,,,,,,,,,-2.878718078136444e-06,-6.799271068302915e-05,2.314693033599047e-13,0.0,-0.00010851400293176994,-6.119762357460756e-13,8.43769498715119e-15,CLOSE_MASK,5800.0,0.00019999006968176694,1.0,0.004259789828211069,0.0014774714363738894,-64.48295593261719,1.9476015467034813e-08
fork_A,5850,id,1.0,-4.470348358154297e-08,-4.470348358154297e-08,0.0,0.0,0.0,0.0,0.0,MIXED_OR_NEGLIGIBLE,0.0,0.0,0.0,0.0,0.0,0.0,0.0,OPEN_MASK,5850.0,0.00019998611489495887,1.0,0.0010562820825725794,0.0004611730109900236,-66.71084594726562,9.975618553426102e-09
fork_A,5850,lm,1.0,0.0,0.0,0.0,0.0,0.0,0.0,0.0,MIXED_OR_NEGLIGIBLE,0.0,0.0,0.0,0.0,0.0,0.0,0.0,OPEN_MASK,5850.0,0.00019998611489495887,1.0,0.0010562820825725794,0.0004611730109900236,-66.71084594726562,9.975618553426102e-09
fork_A,5850,parse,0.5,0.2557656168937683,0.12788280844688416,6.557201004397939e-08,-1.6133835742948577e-05,-0.2598956823348999,-4.912736883966318e-15,4.4637571416927813e-10,MIXED_OR_NEGLIGIBLE,1.4901161193847656e-08,1.683844011033129e-29,2.967434469605091e-39,0.0,-1.951026206370443e-06,5.24899668204854e-15,0.0,OPEN_MASK,5850.0,0.00019998611489495887,1.0,0.0010562820825725794,0.0004611730109900236,-66.71084594726562,9.975618553426102e-09
fork_A,5850,low,2.0,1.1493113305505176e-07,2.2986226611010352e-07,0.0,0.0,0.0,0.0,0.0,MIXED_OR_NEGLIGIBLE,0.0,0.0,0.0,0.0,0.0,0.0,0.0,OPEN_MASK,5850.0,0.00019998611489495887,1.0,0.0010562820825725794,0.0004611730109900236,-66.71084594726562,9.975618553426102e-09
fork_A,5850,artcon,1.0,0.49558454751968384,0.49558454751968384,1.0580354370404166e-07,-9.851700269791763e-06,-0.09835374355316162,-1.7486012637846216e-15,1.0992176058266523e-09,MIXED_OR_NEGLIGIBLE,1.4901161193847656e-08,1.683844011033129e-29,2.967434469605091e-39,0.0,-4.919274942949414e-07,-7.354350012008307e-15,0.0,OPEN_MASK,5850.0,0.00019998611489495887,1.0,0.0010562820825725794,0.0004611730109900236,-66.71084594726562,9.975618553426102e-09
fork_A,5850,spec,0.5,0.03714560344815254,0.01857280172407627,7.587741990278118e-09,1.86803049473383e-06,0.26004666090011597,5.551115123125783e-16,4.743343912094744e-11,MIXED_OR_NEGLIGIBLE,0.0,0.0,0.0,0.0,-1.2514647096395493e-09,-9.621764885216818e-21,0.0,OPEN_MASK,5850.0,0.00019998611489495887,1.0,0.0010562820825725794,0.0004611730109900236,-66.71084594726562,9.975618553426102e-09
fork_A,5850,budget,0.5,0.009999999310821295,0.004999999655410647,2.3321883091398377e-08,-4.018528215965489e-06,-0.18200498819351196,-2.6367796834847468e-15,9.916412135879682e-11,MIXED_OR_NEGLIGIBLE,0.0,0.0,0.0,0.0,2.2118911147117615e-09,-5.945360652724886e-25,0.0,OPEN_MASK,5850.0,0.00019998611489495887,1.0,0.0010562820825725794,0.0004611730109900236,-66.71084594726562,9.975618553426102e-09
fork_A,5850,tv,0.05,0.0005795846809633076,2.897923404816538e-05,0.0010562763782218099,1.0000226497650146,1.0000280141830444,7.688294445529209e-15,2.863392023488842e-10,MIXED_OR_NEGLIGIBLE,-0.007067115977406502,-0.010519742034375668,-1.3479711270802941e-11,0.0,-0.00800447165966034,-1.595738818860326e-11,-1.3344880755994382e-12,CLOSE_MASK,5850.0,0.00019998611489495887,1.0,0.0010562820825725794,0.0004611730109900236,-66.71084594726562,9.975618553426102e-09
fork_A,5850,bg,1.0,1.2732678023041899e-08,1.2732678023041899e-08,3.798237102614621e-08,7.4024028435815126e-06,0.20585933327674866,3.247402347028583e-15,1.5048221002622597e-10,MIXED_OR_NEGLIGIBLE,0.0,0.0,0.0,0.0,-2.1204323275014758e-07,-1.6342685448059993e-15,0.0,OPEN_MASK,5850.0,0.00019998611489495887,1.0,0.0010562820825725794,0.0004611730109900236,-66.71084594726562,9.975618553426102e-09
fork_A,5850,gadv,0.05,1.0717151165008545,0.05358575582504273,9.2604977908195e-08,2.612372009025421e-05,0.2979755401611328,5.800915303666443e-15,4.0095413100793564e-10,MIXED_OR_NEGLIGIBLE,0.0,0.0,0.0,0.0,-5.153851816430688e-07,-7.837674635008136e-15,0.0,OPEN_MASK,5850.0,0.00019998611489495887,1.0,0.0010562820825725794,0.0004611730109900236,-66.71084594726562,9.975618553426102e-09
fork_A,5850,momentum,,,,,,,,,,-0.008847566321492195,-0.01378873735666275,-1.7495409634915582e-11,0.0,-0.009680435061454773,-1.9258317163206584e-11,-1.6249224188413791e-12,CLOSE_MASK,5850.0,0.00019998611489495887,1.0,0.0010562820825725794,0.0004611730109900236,-66.71084594726562,9.975618553426102e-09
fork_A,5850,TOTAL,,,,,,,,,,-0.017221806570887566,-0.027578065171837807,-3.5041063800589356e-11,0.0,-0.017664648592472076,-3.511613569373573e-11,-2.5583979379462107e-12,CLOSE_MASK,5850.0,0.00019998611489495887,1.0,0.0010562820825725794,0.0004611730109900236,-66.71084594726562,9.975618553426102e-09
fork_A,5850,TOTAL_mask_head_row_only,,,,,,,,,,0.0,0.0,0.0,0.0,1.44427758641541e-08,6.470680560444653e-17,0.0,OPEN_MASK,5850.0,0.00019998611489495887,1.0,0.0010562820825725794,0.0004611730109900236,-66.71084594726562,9.975618553426102e-09
fork_A,5850,TOTAL_g_res_except_mask_row,,,,,,,,,,-0.016944369301199913,-0.027142798528075218,-3.42947302500729e-11,0.0,-0.017461828887462616,-3.456873676199734e-11,-2.5561774918969604e-12,CLOSE_MASK,5850.0,0.00019998611489495887,1.0,0.0010562820825725794,0.0004611730109900236,-66.71084594726562,9.975618553426102e-09
fork_A,5850,TOTAL_e_art_only,,,,,,,,,,-0.0002666614018380642,-5.436877108877525e-05,-1.2704828779731142e-13,0.0,-0.00020053531625308096,-5.984031629588382e-13,-1.7763568394002505e-15,CLOSE_MASK,5850.0,0.00019998611489495887,1.0,0.0010562820825725794,0.0004611730109900236,-66.71084594726562,9.975618553426102e-09
