video_id,raw_sha256,content_group_id,group_size,attack_raw
Live/Live_1.mov,b2d75a3bd8612cd13958957dfa5506fa9d641348f6c67f28a6d489d8d7d70368,siwmv2::sha256:b2d75a3bd8612cd13958957dfa5506fa9d641348f6c67f28a6d489d8d7d70368,1,
Live/Live_10.mov,35b11613a3ed5b9fa6eae8dc06bd361671be9c23ace695b4ada44a69916b0244,siwmv2::sha256:35b11613a3ed5b9fa6eae8dc06bd361671be9c23ace695b4ada44a69916b0244,1,
Live/Live_100.mov,ef7c5cccf6d5f1116675b5e21232481404627cec679dc54891fdc9eb0df0ae33,siwmv2::sha256:ef7c5cccf6d5f1116675b5e21232481404627cec679dc54891fdc9eb0df0ae33,1,
Live/Live_101.mov,4f016d063cc7587d4c170cd8aef02a07a6d6c8ded92d6cd4da83dedcdbf95208,siwmv2::sha256:4f016d063cc7587d4c170cd8aef02a07a6d6c8ded92d6cd4da83dedcdbf95208,1,
Live/Live_102.mov,33720512cf078c19f2ff88b4db411a083d3cb8eb424df9c80e8fde0da4f11932,siwmv2::sha256:33720512cf078c19f2ff88b4db411a083d3cb8eb424df9c80e8fde0da4f11932,1,
Live/Live_103.mov,b68e7b4ec11ecb9eab6c44fb42158960cd08601976ba7a949cec20a4f0ccb237,siwmv2::sha256:b68e7b4ec11ecb9eab6c44fb42158960cd08601976ba7a949cec20a4f0ccb237,1,
Live/Live_105.avi,62dad0a396594deee0d97fc7ee8049e07881ca818f592e042c0bb45dcc00a3bd,siwmv2::sha256:62dad0a396594deee0d97fc7ee8049e07881ca818f592e042c0bb45dcc00a3bd,1,
Live/Live_106.avi,2dd6e1501b4667c922bf93f7b334a4502aa6a5a5f27bbbc28c8e724ad7f4bb2c,siwmv2::sha256:2dd6e1501b4667c922bf93f7b334a4502aa6a5a5f27bbbc28c8e724ad7f4bb2c,1,
Live/Live_107.avi,da0f8cd1ad25c785a9544f274a0e77189583e8cf2660d0922af0221b1aaa5c9c,siwmv2::sha256:da0f8cd1ad25c785a9544f274a0e77189583e8cf2660d0922af0221b1aaa5c9c,1,
Live/Live_108.avi,4493ca9bfb61aebfbf22957e84c736d0e163b8cb6c190ba9d7f07f39b15f8cdc,siwmv2::sha256:4493ca9bfb61aebfbf22957e84c736d0e163b8cb6c190ba9d7f07f39b15f8cdc,1,
Live/Live_109.avi,6417ed6c27d3c0226ea6dfffc1d0e6dfa19901054c4dfa4fb2926d0ce492b3a5,siwmv2::sha256:6417ed6c27d3c0226ea6dfffc1d0e6dfa19901054c4dfa4fb2926d0ce492b3a5,1,
Live/Live_11.mov,d2fc1ead5ecc5817591475814575f47ed3879defff004b5944b031d30b33dbce,siwmv2::sha256:d2fc1ead5ecc5817591475814575f47ed3879defff004b5944b031d30b33dbce,1,
Live/Live_110.avi,cb391a006e7e0188e9af98aa985b5df3bea50e7e4abe1348de81a0afb62eb226,siwmv2::sha256:cb391a006e7e0188e9af98aa985b5df3bea50e7e4abe1348de81a0afb62eb226,1,
Live/Live_111.avi,3bdab1d09806bcf985d9cc3a8fc734a5ca04dc0852cab95183b0d84898b5fc90,siwmv2::sha256:3bdab1d09806bcf985d9cc3a8fc734a5ca04dc0852cab95183b0d84898b5fc90,1,
Live/Live_112.avi,03452af87e05879086294d4b290a76275c7d1d367a477b45701151d993481f05,siwmv2::sha256:03452af87e05879086294d4b290a76275c7d1d367a477b45701151d993481f05,1,
Live/Live_113.avi,95c471603b2ae0bf0b1a14f013bf3f6f039e2854f43945d90cae0a1bae904355,siwmv2::sha256:95c471603b2ae0bf0b1a14f013bf3f6f039e2854f43945d90cae0a1bae904355,1,
Live/Live_114.avi,d4b6d141e131b29823eb224e254e727e2d0ea5ad514681229446d78a261630cf,siwmv2::sha256:d4b6d141e131b29823eb224e254e727e2d0ea5ad514681229446d78a261630cf,1,
Live/Live_115.avi,319eb7a9453375445476bbcb1feb9e0118fc60ebcd7542caeb9a1dca75f4dbd0,siwmv2::sha256:319eb7a9453375445476bbcb1feb9e0118fc60ebcd7542caeb9a1dca75f4dbd0,1,
Live/Live_116.avi,96b9c86ba5e1a1acf0e689608ff4ee43913810e04bd7d0add66ad47a4ecd43d4,siwmv2::sha256:96b9c86ba5e1a1acf0e689608ff4ee43913810e04bd7d0add66ad47a4ecd43d4,1,
Live/Live_117.avi,cfd66b701bbd1fe9d2814970f1848c61e1fa7240491adae3bb60aadce4a35a99,siwmv2::sha256:cfd66b701bbd1fe9d2814970f1848c61e1fa7240491adae3bb60aadce4a35a99,1,
Live/Live_118.avi,0b1ae3f82d02a85f7b875cd2407638abc1a185550c6472661506ecf1857d2284,siwmv2::sha256:0b1ae3f82d02a85f7b875cd2407638abc1a185550c6472661506ecf1857d2284,1,
Live/Live_119.avi,d94e0be628cc0a1f47decbc107d00c822ecec7f3fca8a66088d206a569c374d3,siwmv2::sha256:d94e0be628cc0a1f47decbc107d00c822ecec7f3fca8a66088d206a569c374d3,1,
Live/Live_12.mov,b39fe9c5e3a46c9659e970da5f980cfa8a166c5f39f37cee09c31a8d0412a41f,siwmv2::sha256:b39fe9c5e3a46c9659e970da5f980cfa8a166c5f39f37cee09c31a8d0412a41f,1,
Live/Live_120.avi,56e64d02e9788596f6ea3fe7905f5444152496c3ebcb91d50a66cf3cc5db2dd8,siwmv2::sha256:56e64d02e9788596f6ea3fe7905f5444152496c3ebcb91d50a66cf3cc5db2dd8,1,
Live/Live_121.avi,8f7bd85a984e6755b35378478bc9dfc876396f335d280a8fc0991b3035eaa701,siwmv2::sha256:8f7bd85a984e6755b35378478bc9dfc876396f335d280a8fc0991b3035eaa701,1,
Live/Live_122.avi,c218b32ca6b2c07858b51a68056b5701c08d95296d2d2bfa9a27beeb2ecb3688,siwmv2::sha256:c218b32ca6b2c07858b51a68056b5701c08d95296d2d2bfa9a27beeb2ecb3688,1,
Live/Live_123.avi,fb9b5f14c8e32eabd85b84f300a869d2be39b7a47a8439e387dccc02bfbaddef,siwmv2::sha256:fb9b5f14c8e32eabd85b84f300a869d2be39b7a47a8439e387dccc02bfbaddef,1,
Live/Live_124.avi,cefc654fd2446bcb65d92460640fbfd3e5c7905ebcc9eed91effa35c144f498f,siwmv2::sha256:cefc654fd2446bcb65d92460640fbfd3e5c7905ebcc9eed91effa35c144f498f,1,
Live/Live_125.avi,cffbcc83414ac16a0b5339312b5ba7b03371400fb368bcf30ae3f8f23fa24f43,siwmv2::sha256:cffbcc83414ac16a0b5339312b5ba7b03371400fb368bcf30ae3f8f23fa24f43,1,
Live/Live_126.avi,36a40bf9b55b5e6c7cdc48973ce869c0f3a7aa1a17bc2e0d19b42f035abdd35a,siwmv2::sha256:36a40bf9b55b5e6c7cdc48973ce869c0f3a7aa1a17bc2e0d19b42f035abdd35a,1,
Live/Live_127.avi,b70ab9bd6626c3504eb58bc5877ea2b802e780a5d020606076b9c51fff9af350,siwmv2::sha256:b70ab9bd6626c3504eb58bc5877ea2b802e780a5d020606076b9c51fff9af350,1,
Live/Live_128.avi,d127de32af3172ab69e4197268b65a83f9c4b28b9f7e67f9917e8c278f5f5b29,siwmv2::sha256:d127de32af3172ab69e4197268b65a83f9c4b28b9f7e67f9917e8c278f5f5b29,1,
Live/Live_129.avi,cf4dbb188d063496911bfa53a13db991c2a6184fa5e7770742e427c93fcd468d,siwmv2::sha256:cf4dbb188d063496911bfa53a13db991c2a6184fa5e7770742e427c93fcd468d,1,
Live/Live_13.mov,5d8592d1996d56b44a58f8f5921b18ab19d90bf7a08455d1aafa94b4ed42d065,siwmv2::sha256:5d8592d1996d56b44a58f8f5921b18ab19d90bf7a08455d1aafa94b4ed42d065,1,
Live/Live_130.avi,49fa0312979b32669b3ffc4bb527f9396819e8042d558c4ccc534ca4b5628ea3,siwmv2::sha256:49fa0312979b32669b3ffc4bb527f9396819e8042d558c4ccc534ca4b5628ea3,1,
Live/Live_131.avi,b6846eadf613d83e986b02c5b8105718eb3feef94dd97c7425324e3e699c363f,siwmv2::sha256:b6846eadf613d83e986b02c5b8105718eb3feef94dd97c7425324e3e699c363f,1,
Live/Live_132.avi,a0ac9ec05ff4b76595e54e7f51c12614f56e123aaa34a4b849f84929ef5e80a0,siwmv2::sha256:a0ac9ec05ff4b76595e54e7f51c12614f56e123aaa34a4b849f84929ef5e80a0,1,
Live/Live_133.avi,f77727a9c1c0766d56990ddd59a76313c2b3a014fe6dbf123dea7863533ef151,siwmv2::sha256:f77727a9c1c0766d56990ddd59a76313c2b3a014fe6dbf123dea7863533ef151,1,
Live/Live_134.avi,a0cb6d34f09782313b990794acbcc23d76debff1026f04674acf929d52209606,siwmv2::sha256:a0cb6d34f09782313b990794acbcc23d76debff1026f04674acf929d52209606,1,
Live/Live_135.avi,70dd0c4218cedbd669b58a55c1b157d9184829f67d48d20c6e75dbd06c075dea,siwmv2::sha256:70dd0c4218cedbd669b58a55c1b157d9184829f67d48d20c6e75dbd06c075dea,1,
Live/Live_136.avi,c9f4c240d6113f0343d6a5c711189a9b40744c0c592d3483e53f24bcfbc30044,siwmv2::sha256:c9f4c240d6113f0343d6a5c711189a9b40744c0c592d3483e53f24bcfbc30044,1,
Live/Live_137.avi,b3e5bab83a554aeda8989c644bc3908d7788bd348961c66a180d329c584af63d,siwmv2::sha256:b3e5bab83a554aeda8989c644bc3908d7788bd348961c66a180d329c584af63d,1,
Live/Live_138.avi,f1d5c01899ded947834f1321e8bb5b665959fc50699b45daa970caf34bf3253f,siwmv2::sha256:f1d5c01899ded947834f1321e8bb5b665959fc50699b45daa970caf34bf3253f,1,
Live/Live_139.avi,55fc4e94ec1c556ea2a231606ef36fbb42969c46a5404a2164853ef7d6721c52,siwmv2::sha256:55fc4e94ec1c556ea2a231606ef36fbb42969c46a5404a2164853ef7d6721c52,1,
Live/Live_14.mov,37baeba0a6c2f2e2297eb6cd73232ffcfad7e05a6637e04fe65cbd3d08dc472d,siwmv2::sha256:37baeba0a6c2f2e2297eb6cd73232ffcfad7e05a6637e04fe65cbd3d08dc472d,1,
Live/Live_140.avi,f2b50fac013769fbdeaa1b88c163e74aad8017248f8c793a56f3586e8576bc64,siwmv2::sha256:f2b50fac013769fbdeaa1b88c163e74aad8017248f8c793a56f3586e8576bc64,1,
Live/Live_141.avi,7f1c1bec7f8208ce38c41ec6393dcf57445345f2c8b05b3d23132b7a1e8397a1,siwmv2::sha256:7f1c1bec7f8208ce38c41ec6393dcf57445345f2c8b05b3d23132b7a1e8397a1,1,
Live/Live_142.avi,48f5c1b636c59ec48b4c2dbb46fd96a06ae14728a323d499bcebb1798e14756b,siwmv2::sha256:48f5c1b636c59ec48b4c2dbb46fd96a06ae14728a323d499bcebb1798e14756b,1,
Live/Live_143.avi,2b93241166173c5f5f50c3e3a959a62034313f2e1c79303992c726eb22f3b96f,siwmv2::sha256:2b93241166173c5f5f50c3e3a959a62034313f2e1c79303992c726eb22f3b96f,1,
Live/Live_144.avi,2a4443a8ad2b80e6899ff821ea4296dd5b1f2f62879b49082a8c11e5d71a0773,siwmv2::sha256:2a4443a8ad2b80e6899ff821ea4296dd5b1f2f62879b49082a8c11e5d71a0773,1,
Live/Live_145.avi,3b4ae2c94dc20fc1da50a9bc39f068c76050bb7942d3eb6e74d7a5c4a73b6ce8,siwmv2::sha256:3b4ae2c94dc20fc1da50a9bc39f068c76050bb7942d3eb6e74d7a5c4a73b6ce8,1,
Live/Live_146.avi,f669bc831faeb1174d494b3a48523e75d456406b929fee95e67a96fe3c7aa19d,siwmv2::sha256:f669bc831faeb1174d494b3a48523e75d456406b929fee95e67a96fe3c7aa19d,1,
Live/Live_147.avi,3e8eea55abe336d4fe9c853d5a3bfb114167152ba6084de2bf227189561680e7,siwmv2::sha256:3e8eea55abe336d4fe9c853d5a3bfb114167152ba6084de2bf227189561680e7,1,
Live/Live_148.avi,63e33e4f24a92702d155805cf690f0e30af36ee54c9d1532fc092634b5c9b294,siwmv2::sha256:63e33e4f24a92702d155805cf690f0e30af36ee54c9d1532fc092634b5c9b294,1,
Live/Live_149.avi,202e67dfc82b2636a26492159d575eb8f9e71c171af5d482f0d11322896b879a,siwmv2::sha256:202e67dfc82b2636a26492159d575eb8f9e71c171af5d482f0d11322896b879a,1,
Live/Live_15.mov,6018e6f901576592a345439049075e03f61f437d9e5d2b7ae11868bd9175f5a4,siwmv2::sha256:6018e6f901576592a345439049075e03f61f437d9e5d2b7ae11868bd9175f5a4,1,
Live/Live_150.avi,cfaeff7dbe3d5f50fc1a25115d7f88cdf9fe31cecca76993a09f5a3ac744fdee,siwmv2::sha256:cfaeff7dbe3d5f50fc1a25115d7f88cdf9fe31cecca76993a09f5a3ac744fdee,1,
Live/Live_151.avi,0be3d0b5a41e9568c012093ef38464f7786400edfe03765b0d2a943fd064a0ef,siwmv2::sha256:0be3d0b5a41e9568c012093ef38464f7786400edfe03765b0d2a943fd064a0ef,1,
Live/Live_152.avi,be1038f339389663ecec8243d78f71de3bc45bf2fb4be4565edc4c11fa8c91f5,siwmv2::sha256:be1038f339389663ecec8243d78f71de3bc45bf2fb4be4565edc4c11fa8c91f5,1,
Live/Live_153.avi,cb93dfbcd9b9ff8761981b4ca58918199778ada4666f22ca5619274d59104ce4,siwmv2::sha256:cb93dfbcd9b9ff8761981b4ca58918199778ada4666f22ca5619274d59104ce4,1,
Live/Live_154.avi,c27689907ffb4fc6bee95c23b07aa2df2765be9a228fb9593136839057815d2b,siwmv2::sha256:c27689907ffb4fc6bee95c23b07aa2df2765be9a228fb9593136839057815d2b,1,
Live/Live_155.avi,a7745364a929e887200db17eb1bf7aaeaeaeadb843fa3c60ea4bfbd4e7708d12,siwmv2::sha256:a7745364a929e887200db17eb1bf7aaeaeaeadb843fa3c60ea4bfbd4e7708d12,1,
Live/Live_156.avi,5e2a98cd71c1a7c7a6ebc64addb5b4c14e0dea2fe9d4a3e453b08781419d3a75,siwmv2::sha256:5e2a98cd71c1a7c7a6ebc64addb5b4c14e0dea2fe9d4a3e453b08781419d3a75,1,
Live/Live_157.avi,f3a849065d6e4b6786f29629ed4b3b50e4743bc590602931461ace008af3bb04,siwmv2::sha256:f3a849065d6e4b6786f29629ed4b3b50e4743bc590602931461ace008af3bb04,1,
Live/Live_158.avi,3e43ab1ebbdd64d8104cea1738ce76b9e2b46dee2f0d6b4ca9978d8f7b1f030b,siwmv2::sha256:3e43ab1ebbdd64d8104cea1738ce76b9e2b46dee2f0d6b4ca9978d8f7b1f030b,1,
Live/Live_159.avi,51eb974acbfaf7e87dcaa6e4cc06581572a0689bec82c2a59642ae0095b85032,siwmv2::sha256:51eb974acbfaf7e87dcaa6e4cc06581572a0689bec82c2a59642ae0095b85032,1,
Live/Live_16.mov,7d658b18e34730ca6ea331b0768b4df061cf492557ae823014919e5c28a578f6,siwmv2::sha256:7d658b18e34730ca6ea331b0768b4df061cf492557ae823014919e5c28a578f6,1,
Live/Live_160.avi,9dd4f8f7098316688c241a86e47c96d2f28fe2ff541dff30daddb282f7b145ae,siwmv2::sha256:9dd4f8f7098316688c241a86e47c96d2f28fe2ff541dff30daddb282f7b145ae,1,
Live/Live_161.avi,3e8b7fc0ee6d59061940e8e62f82be3be685690bc1d7e73e3498b971b80ae5ab,siwmv2::sha256:3e8b7fc0ee6d59061940e8e62f82be3be685690bc1d7e73e3498b971b80ae5ab,1,
Live/Live_162.avi,61d80b2563672feaace3954b504aa634adb8cb9d7056950cce132c8704981308,siwmv2::sha256:61d80b2563672feaace3954b504aa634adb8cb9d7056950cce132c8704981308,1,
Live/Live_163.avi,cc17787976243e5dfa541f141c29d5be18364c5216a32b43ad918e23b1790020,siwmv2::sha256:cc17787976243e5dfa541f141c29d5be18364c5216a32b43ad918e23b1790020,1,
Live/Live_164.avi,7c44096b8d4d81bbba6862533de7b150b134c425a78aed4e8375176a4fa53659,siwmv2::sha256:7c44096b8d4d81bbba6862533de7b150b134c425a78aed4e8375176a4fa53659,1,
Live/Live_165.avi,55161be2c0e3333e50514667dc74d78ba6df4696169097e642ab7278c02ef148,siwmv2::sha256:55161be2c0e3333e50514667dc74d78ba6df4696169097e642ab7278c02ef148,1,
Live/Live_166.avi,f2f5f7ae5f53768228281d6a7175392af516f446592bcd4d894224b455bbeb21,siwmv2::sha256:f2f5f7ae5f53768228281d6a7175392af516f446592bcd4d894224b455bbeb21,1,
Live/Live_167.avi,d5c27eaf1546bd40052e83b9e9eed6e9c06369b77f966c47022e375a7b012e57,siwmv2::sha256:d5c27eaf1546bd40052e83b9e9eed6e9c06369b77f966c47022e375a7b012e57,1,
Live/Live_168.avi,af8d529995af617c884504a0ea4ba8a72a140ddd44b75321ef9f6af52c16b53c,siwmv2::sha256:af8d529995af617c884504a0ea4ba8a72a140ddd44b75321ef9f6af52c16b53c,1,
Live/Live_169.avi,076d45496016251697308fc7a6e94e8bcb8981cdc4bc987e3d4e201cdf008352,siwmv2::sha256:076d45496016251697308fc7a6e94e8bcb8981cdc4bc987e3d4e201cdf008352,1,
Live/Live_17.mov,1e53d4acc86a06012525f68808a9f2697207839c7a9978427bff7071383b5dd7,siwmv2::sha256:1e53d4acc86a06012525f68808a9f2697207839c7a9978427bff7071383b5dd7,1,
Live/Live_170.avi,2d4e14b5c5ee0d25cca23c84e7d0c77cc4ce79f3343829932036a7000fe8adc8,siwmv2::sha256:2d4e14b5c5ee0d25cca23c84e7d0c77cc4ce79f3343829932036a7000fe8adc8,1,
Live/Live_171.avi,4dbdf97a4beb6a03d2fc06e4f368c345dd1598326f9cf90a685860518391f053,siwmv2::sha256:4dbdf97a4beb6a03d2fc06e4f368c345dd1598326f9cf90a685860518391f053,1,
Live/Live_172.avi,8bc4beb2e9606780c21a6823953cdd8b04e88765d9733a03a991943a2fc5ed74,siwmv2::sha256:8bc4beb2e9606780c21a6823953cdd8b04e88765d9733a03a991943a2fc5ed74,1,
Live/Live_173.avi,e28e6639ad21b8feac78bd4cb50607456d77d51fa90c7b16b6d59b4dc5206405,siwmv2::sha256:e28e6639ad21b8feac78bd4cb50607456d77d51fa90c7b16b6d59b4dc5206405,1,
Live/Live_174.avi,c31b51217dc42e9ce2a3daad6dd76c133b8ce4777da1c6abc119767f20c51d54,siwmv2::sha256:c31b51217dc42e9ce2a3daad6dd76c133b8ce4777da1c6abc119767f20c51d54,1,
Live/Live_175.avi,30c4a70b10e17db4ff2bb4fd38f7def40ee876849ed7a594cd89599e9e059426,siwmv2::sha256:30c4a70b10e17db4ff2bb4fd38f7def40ee876849ed7a594cd89599e9e059426,1,
Live/Live_176.avi,980bf9418a0228591748be92a61bcadca918650b6d418c6b5100f6e6f08b2e78,siwmv2::sha256:980bf9418a0228591748be92a61bcadca918650b6d418c6b5100f6e6f08b2e78,1,
Live/Live_177.avi,909f50540c824bfa8572c5173d8f227bd37f655179157759e2fa73dcae84f089,siwmv2::sha256:909f50540c824bfa8572c5173d8f227bd37f655179157759e2fa73dcae84f089,1,
Live/Live_178.avi,b85ab205cfe972f9cdafcc449b7c23c2faad0becda4e70d786def25e21f719bd,siwmv2::sha256:b85ab205cfe972f9cdafcc449b7c23c2faad0becda4e70d786def25e21f719bd,1,
Live/Live_179.avi,e25a92a8c286515a7526c3ab75206f66db15474d5ee02808edb4c97811668d24,siwmv2::sha256:e25a92a8c286515a7526c3ab75206f66db15474d5ee02808edb4c97811668d24,1,
Live/Live_18.mov,b45e269e0999ffedbd5e5b1cb512b349c2d3659ebb26af8daddb51a097ec2d8a,siwmv2::sha256:b45e269e0999ffedbd5e5b1cb512b349c2d3659ebb26af8daddb51a097ec2d8a,1,
Live/Live_180.avi,082873b80288cee15729abc7dbfb876f01da975cc34076b3ddb3215bd3c6e5ea,siwmv2::sha256:082873b80288cee15729abc7dbfb876f01da975cc34076b3ddb3215bd3c6e5ea,1,
Live/Live_181.avi,cf224a4a88f9198db655a712cb90c6d7490d6846db5c6c8244391a0f71bdb5ca,siwmv2::sha256:cf224a4a88f9198db655a712cb90c6d7490d6846db5c6c8244391a0f71bdb5ca,1,
Live/Live_182.avi,eb479e0c202e979860521731cd652912665302d548d2009f9b72cdb2e841d8dd,siwmv2::sha256:eb479e0c202e979860521731cd652912665302d548d2009f9b72cdb2e841d8dd,1,
Live/Live_183.avi,51d567fa1a627aafd47eb57fd56b3ece74fe6bbb9098a54036321809a802454c,siwmv2::sha256:51d567fa1a627aafd47eb57fd56b3ece74fe6bbb9098a54036321809a802454c,1,
Live/Live_184.avi,7d5959647e42089eb5d2be0d529e373fab8a2939e0aaab48b1324ad0bb0a500f,siwmv2::sha256:7d5959647e42089eb5d2be0d529e373fab8a2939e0aaab48b1324ad0bb0a500f,1,
Live/Live_185.avi,bc5ba18b0ad24f6d6d4ca1d67144c864b7da285cc49148c643a94e6e858cb62c,siwmv2::sha256:bc5ba18b0ad24f6d6d4ca1d67144c864b7da285cc49148c643a94e6e858cb62c,1,
Live/Live_186.avi,1db9139b81165fec8d5f653cb496f2e05de37b85cabde670f115a9eb8f8ab368,siwmv2::sha256:1db9139b81165fec8d5f653cb496f2e05de37b85cabde670f115a9eb8f8ab368,1,
Live/Live_187.avi,11c0979a2fe712d83c0607dc61a732ecdc0a0d70938619bb9e4a5bae831a99db,siwmv2::sha256:11c0979a2fe712d83c0607dc61a732ecdc0a0d70938619bb9e4a5bae831a99db,1,
Live/Live_188.avi,7cf560ab83acd8ecb00c82951efc2ea6fd97792473c8073a5b14b030fd649ec0,siwmv2::sha256:7cf560ab83acd8ecb00c82951efc2ea6fd97792473c8073a5b14b030fd649ec0,1,
Live/Live_189.avi,94919a385924bcbed8299a716b44389afc6496f7492aee3cc851c005e7420139,siwmv2::sha256:94919a385924bcbed8299a716b44389afc6496f7492aee3cc851c005e7420139,1,
Live/Live_19.mov,87878e79bf6fe35c162ebef3b55b5a628fb2cb075b0d8960be357c85d9f7abe4,siwmv2::sha256:87878e79bf6fe35c162ebef3b55b5a628fb2cb075b0d8960be357c85d9f7abe4,1,
Live/Live_190.avi,ae36869769958ccaa1c367ce339491a916022db3b61d4d4ff085a21f7e859617,siwmv2::sha256:ae36869769958ccaa1c367ce339491a916022db3b61d4d4ff085a21f7e859617,1,
Live/Live_191.avi,372b582a358a8b984b3424d21ebba2f1460243fb0900eeacc2a46c1cf21d899e,siwmv2::sha256:372b582a358a8b984b3424d21ebba2f1460243fb0900eeacc2a46c1cf21d899e,1,
Live/Live_192.avi,970d99da5ee6ec09c835e2c46ddd0a032b83dfc97d63c5603f327e2dd22306f8,siwmv2::sha256:970d99da5ee6ec09c835e2c46ddd0a032b83dfc97d63c5603f327e2dd22306f8,1,
Live/Live_193.avi,f76fd32cf8e00e00a378ed2c39264fab3a680a3094717b0d69f8a980affb5102,siwmv2::sha256:f76fd32cf8e00e00a378ed2c39264fab3a680a3094717b0d69f8a980affb5102,1,
Live/Live_194.avi,b1250e8c7d57497fd42b33b5cb013df3f50815a1a42639bd9b0ba6ee6d0a5ede,siwmv2::sha256:b1250e8c7d57497fd42b33b5cb013df3f50815a1a42639bd9b0ba6ee6d0a5ede,1,
Live/Live_195.avi,6086e9ef2a94057382db898ba80018da24b8a43e88f12a007f4d5c3dc62b75e1,siwmv2::sha256:6086e9ef2a94057382db898ba80018da24b8a43e88f12a007f4d5c3dc62b75e1,1,
Live/Live_196.avi,0d0f29ffbb071d4189abc44fcc048f091e429dadf3af11c4332d95c48e5781db,siwmv2::sha256:0d0f29ffbb071d4189abc44fcc048f091e429dadf3af11c4332d95c48e5781db,1,
Live/Live_197.avi,bfd93d9e4060dd2198db80d24ae8f4a35cd81bd35c3f5d75ce8420159b0f2aa0,siwmv2::sha256:bfd93d9e4060dd2198db80d24ae8f4a35cd81bd35c3f5d75ce8420159b0f2aa0,1,
Live/Live_198.avi,a2cc52c6f40348197f3c880d3b9185eb1332401240a60f1324e0815254472a28,siwmv2::sha256:a2cc52c6f40348197f3c880d3b9185eb1332401240a60f1324e0815254472a28,1,
Live/Live_199.avi,cdd91753b7e408dee8fb537a5251e680b2713e51dba2d4b9b231e0c4a0722dac,siwmv2::sha256:cdd91753b7e408dee8fb537a5251e680b2713e51dba2d4b9b231e0c4a0722dac,1,
Live/Live_2.mov,64b13fb663fb70ba65e13f1048fb88323a52fd52f1efcb777ae1d3a07638b09b,siwmv2::sha256:64b13fb663fb70ba65e13f1048fb88323a52fd52f1efcb777ae1d3a07638b09b,1,
Live/Live_20.mov,d14886c9fae3e7707c00501107eac02751105b0727fb002a2df505ab8f73c488,siwmv2::sha256:d14886c9fae3e7707c00501107eac02751105b0727fb002a2df505ab8f73c488,1,
Live/Live_200.avi,be588c630bb242e8da35928bcc4cbc4574170760a7e4d979faa019d59a9b1be2,siwmv2::sha256:be588c630bb242e8da35928bcc4cbc4574170760a7e4d979faa019d59a9b1be2,1,
Live/Live_201.avi,b466448a79c880ef299ef645eeb37bbbe25f847c9c2380edc8daf91b0032f48d,siwmv2::sha256:b466448a79c880ef299ef645eeb37bbbe25f847c9c2380edc8daf91b0032f48d,1,
Live/Live_202.avi,7e013586e0503e33004c6259e52c0481c9a55f7af55d1aa047d8c11e6ef1cfea,siwmv2::sha256:7e013586e0503e33004c6259e52c0481c9a55f7af55d1aa047d8c11e6ef1cfea,1,
Live/Live_203.avi,b1acd28ba963e6654531c2018008e927a6994dcc4ade92599d188f1efb43c816,siwmv2::sha256:b1acd28ba963e6654531c2018008e927a6994dcc4ade92599d188f1efb43c816,1,
Live/Live_204.avi,c1d36451107741415cca0b6d88fbe3c795cf310ee4d28aba4c799b9781728821,siwmv2::sha256:c1d36451107741415cca0b6d88fbe3c795cf310ee4d28aba4c799b9781728821,1,
Live/Live_205.avi,4b09398f1643fae1e6e8b896560c15788a967ef585a16d6942a0aeb7c5521871,siwmv2::sha256:4b09398f1643fae1e6e8b896560c15788a967ef585a16d6942a0aeb7c5521871,1,
Live/Live_206.avi,6312363fb29b99a0e128239b5cb1a88b6dff967207fb97ff2c19cb1a2d2c5627,siwmv2::sha256:6312363fb29b99a0e128239b5cb1a88b6dff967207fb97ff2c19cb1a2d2c5627,1,
Live/Live_207.avi,5e8895e567715ac363b5d0e3700982cd8cf716fff9be9d4cf16de3a1a0aace41,siwmv2::sha256:5e8895e567715ac363b5d0e3700982cd8cf716fff9be9d4cf16de3a1a0aace41,1,
Live/Live_208.avi,8cd2ec9f383604da6ec304b07c5c8522deb78d50163cc8b3634b5acb39267d44,siwmv2::sha256:8cd2ec9f383604da6ec304b07c5c8522deb78d50163cc8b3634b5acb39267d44,1,
Live/Live_209.avi,0531a1f7cac8850c9463b1f7594a901cce06a4b7bbce442fbae9a2e83a70639b,siwmv2::sha256:0531a1f7cac8850c9463b1f7594a901cce06a4b7bbce442fbae9a2e83a70639b,1,
Live/Live_21.mov,dfbf4570fe4fc80950d04faabc5da0b88999486e59b01ef8a37deaf88b9c951b,siwmv2::sha256:dfbf4570fe4fc80950d04faabc5da0b88999486e59b01ef8a37deaf88b9c951b,1,
Live/Live_210.avi,9a8503e352cec41133ac2a7728373658427d018f915164f2f7283cd64afb10b8,siwmv2::sha256:9a8503e352cec41133ac2a7728373658427d018f915164f2f7283cd64afb10b8,1,
Live/Live_211.avi,327fd678df783d5b59391665939726e2e63783a647b9b2c21b8357b1ca1520d5,siwmv2::sha256:327fd678df783d5b59391665939726e2e63783a647b9b2c21b8357b1ca1520d5,1,
Live/Live_212.avi,dd2d56312304be50fafba1903df7b701dda50c782d2be53601f75e9ad8628755,siwmv2::sha256:dd2d56312304be50fafba1903df7b701dda50c782d2be53601f75e9ad8628755,1,
Live/Live_213.avi,f19c7e4d9b76c39f187c59d182ae4920cb079d6be331c1c0d870c87b068e0cb9,siwmv2::sha256:f19c7e4d9b76c39f187c59d182ae4920cb079d6be331c1c0d870c87b068e0cb9,1,
Live/Live_214.avi,bd1ec3447e300b7715cb663b74260bc5498508799607b072d520a34ae7324a0a,siwmv2::sha256:bd1ec3447e300b7715cb663b74260bc5498508799607b072d520a34ae7324a0a,1,
Live/Live_215.avi,0aa2cda8efff85509de6c5f507a2819414f89158303b2c66cdf922bc23611ac9,siwmv2::sha256:0aa2cda8efff85509de6c5f507a2819414f89158303b2c66cdf922bc23611ac9,1,
Live/Live_216.avi,530b949005956024fbf2774f75c95feff0b28ee00210c5cacb42c8351a39fd9f,siwmv2::sha256:530b949005956024fbf2774f75c95feff0b28ee00210c5cacb42c8351a39fd9f,1,
Live/Live_217.avi,ebbdb1b5d5097c1e0e685121347c74126629adfe30344d3055a115310af94d31,siwmv2::sha256:ebbdb1b5d5097c1e0e685121347c74126629adfe30344d3055a115310af94d31,1,
Live/Live_218.avi,da84e8283aafec223afdcc6073f90dfbe83631f91f4942ae9baf302ee32d3b59,siwmv2::sha256:da84e8283aafec223afdcc6073f90dfbe83631f91f4942ae9baf302ee32d3b59,1,
Live/Live_219.avi,085a6f72dc5b07bd788ff2e512f595418995d80d81b66d33d4a731cdcfb98dff,siwmv2::sha256:085a6f72dc5b07bd788ff2e512f595418995d80d81b66d33d4a731cdcfb98dff,1,
Live/Live_22.mov,ae94d088fa306e565b6b4820f27453b7f3efbdcb21fca5bc9302e681fca3c441,siwmv2::sha256:ae94d088fa306e565b6b4820f27453b7f3efbdcb21fca5bc9302e681fca3c441,1,
Live/Live_220.avi,42ac3e5b107c12c5443a009a9c26b8e01b1db352620fba90279fc4d62b126612,siwmv2::sha256:42ac3e5b107c12c5443a009a9c26b8e01b1db352620fba90279fc4d62b126612,1,
Live/Live_221.avi,62a282c22e9fa3fcf141265cc716892b168fab93fd41ed3d83f4d1c55394bac7,siwmv2::sha256:62a282c22e9fa3fcf141265cc716892b168fab93fd41ed3d83f4d1c55394bac7,1,
Live/Live_222.avi,401d24dbaeea7c090ddb6abe3576ef018a16096a90bfe2e2f82629032373381e,siwmv2::sha256:401d24dbaeea7c090ddb6abe3576ef018a16096a90bfe2e2f82629032373381e,1,
Live/Live_223.avi,6c5146124d031a153b8adfc4e3ae1818a15364dd2a5461ea1e864f24f4b6b12a,siwmv2::sha256:6c5146124d031a153b8adfc4e3ae1818a15364dd2a5461ea1e864f24f4b6b12a,1,
Live/Live_224.avi,d18da9878954041069737ec68a013b4b5e5a7ba94e8796b45046f0010f5bea2a,siwmv2::sha256:d18da9878954041069737ec68a013b4b5e5a7ba94e8796b45046f0010f5bea2a,1,
Live/Live_225.avi,68c8a9efd443fc62fd546d908e71d18fecf6632226ea03e0a774b014a4d13627,siwmv2::sha256:68c8a9efd443fc62fd546d908e71d18fecf6632226ea03e0a774b014a4d13627,1,
Live/Live_226.avi,5156893765d4204671b9b8f53a6433781b409e0625d0be6d9e5f7268f57366a4,siwmv2::sha256:5156893765d4204671b9b8f53a6433781b409e0625d0be6d9e5f7268f57366a4,1,
Live/Live_227.avi,2a1804c1e3564f0762079f049ac85b68044677f3758d0baaddeef66979af1884,siwmv2::sha256:2a1804c1e3564f0762079f049ac85b68044677f3758d0baaddeef66979af1884,1,
Live/Live_228.avi,047f9297f77c33a9ff32e5111bc5789db11f027526b8481642f04acb7e56f0d2,siwmv2::sha256:047f9297f77c33a9ff32e5111bc5789db11f027526b8481642f04acb7e56f0d2,1,
Live/Live_229.avi,b763a66f668a9ebab7f0d8be43b5db86e2cb760841f8a5ef48b0a4fb9f1e2cdc,siwmv2::sha256:b763a66f668a9ebab7f0d8be43b5db86e2cb760841f8a5ef48b0a4fb9f1e2cdc,1,
Live/Live_23.mov,c7e771590150b20e8b2ee40d9eb3edeb6c1b64293ae7ae4b9248a7e323f28930,siwmv2::sha256:c7e771590150b20e8b2ee40d9eb3edeb6c1b64293ae7ae4b9248a7e323f28930,1,
Live/Live_230.avi,02b1ce758446215767f2c0369c27f8f4432b110280433cca3c7a18701da38dc7,siwmv2::sha256:02b1ce758446215767f2c0369c27f8f4432b110280433cca3c7a18701da38dc7,1,
Live/Live_231.avi,35a4d6b5fea2e53d213a0089d1b3b9b429c70fad1dc5b36ca19694d41bd5f249,siwmv2::sha256:35a4d6b5fea2e53d213a0089d1b3b9b429c70fad1dc5b36ca19694d41bd5f249,1,
Live/Live_232.avi,625b16dd29973463d929d4a0224adbf441d9f18dab1280b36a1f8af92995d152,siwmv2::sha256:625b16dd29973463d929d4a0224adbf441d9f18dab1280b36a1f8af92995d152,1,
Live/Live_233.avi,785525664c5a9b5a4fbb62259cc01337b64ccafa82ed619afba789c8c76661d3,siwmv2::sha256:785525664c5a9b5a4fbb62259cc01337b64ccafa82ed619afba789c8c76661d3,1,
Live/Live_234.avi,719902681ae79cb9b14ed234fc5a9af8baf2532d365c975c62556b6ec0da121a,siwmv2::sha256:719902681ae79cb9b14ed234fc5a9af8baf2532d365c975c62556b6ec0da121a,1,
Live/Live_235.avi,2a4a37c0c2925f6df0726cb10ecaf1163313206a082e600e8fe5f5c3279a5f74,siwmv2::sha256:2a4a37c0c2925f6df0726cb10ecaf1163313206a082e600e8fe5f5c3279a5f74,1,
Live/Live_236.avi,41855d396a57758700e03f8a1b74b5e5fc20c0609b2fd7500df487556af2e30f,siwmv2::sha256:41855d396a57758700e03f8a1b74b5e5fc20c0609b2fd7500df487556af2e30f,1,
Live/Live_237.avi,8fab79bcda2cd9a5f1285a6c67e52b98c4f56238711d8f11ad93f6ee847438db,siwmv2::sha256:8fab79bcda2cd9a5f1285a6c67e52b98c4f56238711d8f11ad93f6ee847438db,1,
Live/Live_238.avi,c69d2ab7de2f646bbc241f203b220c4c8f1922fe159da545939875e0a00ee831,siwmv2::sha256:c69d2ab7de2f646bbc241f203b220c4c8f1922fe159da545939875e0a00ee831,1,
Live/Live_239.avi,567e6205000a68dc9246eae039c59e93770bc98cd3e4613b5de9e7a1cb1f2557,siwmv2::sha256:567e6205000a68dc9246eae039c59e93770bc98cd3e4613b5de9e7a1cb1f2557,1,
Live/Live_24.mov,3e1eaa4d65820c73fc7f722ff5cb17ba4bc70fb0f6f810601cbe542038d65955,siwmv2::sha256:3e1eaa4d65820c73fc7f722ff5cb17ba4bc70fb0f6f810601cbe542038d65955,1,
Live/Live_240.avi,03388beed6d1a26b9fd532f20dd1bbc42f912199fcffd47e43e25d35a39ff0a2,siwmv2::sha256:03388beed6d1a26b9fd532f20dd1bbc42f912199fcffd47e43e25d35a39ff0a2,1,
Live/Live_241.avi,c73223aa58a97db429351365cdf595f7be22caef96d20b6254ac941de6a7a006,siwmv2::sha256:c73223aa58a97db429351365cdf595f7be22caef96d20b6254ac941de6a7a006,1,
Live/Live_242.avi,3ccb625da9f32258e1f1421ed7a9a15521464808df2adc2a5534c2882ba72783,siwmv2::sha256:3ccb625da9f32258e1f1421ed7a9a15521464808df2adc2a5534c2882ba72783,1,
Live/Live_243.avi,aef0f38515c867492cfaba97e9750c744216183ac7a4f5475cb03171920e02d5,siwmv2::sha256:aef0f38515c867492cfaba97e9750c744216183ac7a4f5475cb03171920e02d5,1,
Live/Live_244.avi,19a059a60c2d1e7084a8ec726db52fa377c8c1ac22cbe6339d9b86fbd7b20db9,siwmv2::sha256:19a059a60c2d1e7084a8ec726db52fa377c8c1ac22cbe6339d9b86fbd7b20db9,1,
Live/Live_245.avi,5ffcbf832866535ae2720ea94d14f8014cc72e06c0d022ad527d401926345491,siwmv2::sha256:5ffcbf832866535ae2720ea94d14f8014cc72e06c0d022ad527d401926345491,1,
Live/Live_246.avi,0c78534ea0d94d13d8b5c9e702511de13b390b94ee1b78284d2ec3b8f563aa92,siwmv2::sha256:0c78534ea0d94d13d8b5c9e702511de13b390b94ee1b78284d2ec3b8f563aa92,1,
Live/Live_247.avi,5e2dc211593c18b605e3e31ddddf5a8fb144ad0b765f3c4f2ce5848df80ea1d6,siwmv2::sha256:5e2dc211593c18b605e3e31ddddf5a8fb144ad0b765f3c4f2ce5848df80ea1d6,1,
Live/Live_248.avi,936562e6a37cd7ee2d9181954ea9b13d50979e42edcb774ca7eb028b57232732,siwmv2::sha256:936562e6a37cd7ee2d9181954ea9b13d50979e42edcb774ca7eb028b57232732,1,
Live/Live_249.avi,487e45fdec9bb5d058654e3eb022a065c9f3445e58a323018e52548d531d5e0e,siwmv2::sha256:487e45fdec9bb5d058654e3eb022a065c9f3445e58a323018e52548d531d5e0e,1,
Live/Live_25.mov,0bf2660f10f1733f49cca3f425cb7d6d1dad2fefd60361ee1a3f1659c0de5c82,siwmv2::sha256:0bf2660f10f1733f49cca3f425cb7d6d1dad2fefd60361ee1a3f1659c0de5c82,1,
Live/Live_250.avi,cc8ecc2944bde2d901dc7f1773523a982643c3aad95d848af4ca1bfca24ae417,siwmv2::sha256:cc8ecc2944bde2d901dc7f1773523a982643c3aad95d848af4ca1bfca24ae417,1,
Live/Live_251.avi,c0f6287230f6e546293ff244f6823b44420caee0a56f36fa990c93302708ea25,siwmv2::sha256:c0f6287230f6e546293ff244f6823b44420caee0a56f36fa990c93302708ea25,1,
Live/Live_252.avi,54ace103d07281f0c488607d8ae913562d981e1c97e49811a62c5e77af1c1882,siwmv2::sha256:54ace103d07281f0c488607d8ae913562d981e1c97e49811a62c5e77af1c1882,1,
Live/Live_253.avi,49181bf8e13606db3ecf6a2f92468e5e0f7cd7de054e77ad7a83985c8b4ede80,siwmv2::sha256:49181bf8e13606db3ecf6a2f92468e5e0f7cd7de054e77ad7a83985c8b4ede80,1,
Live/Live_254.avi,f1d008cf1bb53af231c4dcf96a25bd58f93973b910f249ddc190ddb65e0d91f0,siwmv2::sha256:f1d008cf1bb53af231c4dcf96a25bd58f93973b910f249ddc190ddb65e0d91f0,1,
Live/Live_255.avi,a0d6c1d8706f4c3b694a8bb0741da45e186f08b5a7aab6e934e30bdc4a220af5,siwmv2::sha256:a0d6c1d8706f4c3b694a8bb0741da45e186f08b5a7aab6e934e30bdc4a220af5,1,
Live/Live_256.avi,23c8a5e3758b2ec24e7d90cce76d439c081663e163f1eb4498718c5513b11657,siwmv2::sha256:23c8a5e3758b2ec24e7d90cce76d439c081663e163f1eb4498718c5513b11657,1,
Live/Live_257.avi,c8f969a93880e722e974c863263c1d74ed248dae38fe42aeca7d6f50761b1f29,siwmv2::sha256:c8f969a93880e722e974c863263c1d74ed248dae38fe42aeca7d6f50761b1f29,1,
Live/Live_258.avi,9c1954c4481c74a6d12dc47488f04f57954250e22f5d8cf8c21b20c6348c9b81,siwmv2::sha256:9c1954c4481c74a6d12dc47488f04f57954250e22f5d8cf8c21b20c6348c9b81,1,
Live/Live_259.avi,1bdfb52db9971717ab48affbdb48a49f35e203c8c70a13b3b2fad1f853451cd6,siwmv2::sha256:1bdfb52db9971717ab48affbdb48a49f35e203c8c70a13b3b2fad1f853451cd6,1,
Live/Live_26.mov,509c35ccce8142b6b7c959e6f52ccc7c3a9d32d91a1f3ce340b1ebc3546bccda,siwmv2::sha256:509c35ccce8142b6b7c959e6f52ccc7c3a9d32d91a1f3ce340b1ebc3546bccda,1,
Live/Live_260.avi,51e671472d270bc330a04eda3054b40601ef5046626b1e3feba3f3ab04189755,siwmv2::sha256:51e671472d270bc330a04eda3054b40601ef5046626b1e3feba3f3ab04189755,1,
Live/Live_261.avi,6b79bf39f44103602ab5f2f82394cacd062e98dc86c4010499489dd4db21e1e0,siwmv2::sha256:6b79bf39f44103602ab5f2f82394cacd062e98dc86c4010499489dd4db21e1e0,1,
Live/Live_262.avi,4ea91fb32039065c20048453a37ca5f78336a50135064a729beded0f0da4df01,siwmv2::sha256:4ea91fb32039065c20048453a37ca5f78336a50135064a729beded0f0da4df01,1,
Live/Live_263.avi,d1cafb9ef454e00a4a8b9752f0400f36b521af6b58893e0a387e0f5d5c66456b,siwmv2::sha256:d1cafb9ef454e00a4a8b9752f0400f36b521af6b58893e0a387e0f5d5c66456b,1,
Live/Live_264.avi,43ee42e63d68d332f779bd77077182e16b5b01676629a19e9786e3101b969d40,siwmv2::sha256:43ee42e63d68d332f779bd77077182e16b5b01676629a19e9786e3101b969d40,1,
Live/Live_265.avi,73dbceeed4435a42cdf8a7b6d94b9ffd28fa4079fc8225764acb0387cf255683,siwmv2::sha256:73dbceeed4435a42cdf8a7b6d94b9ffd28fa4079fc8225764acb0387cf255683,1,
Live/Live_266.avi,b03fd5c6e8b561a3a7dcf3aa9119b1c21c2d37b97d1904674e9629ee9ca1d7c2,siwmv2::sha256:b03fd5c6e8b561a3a7dcf3aa9119b1c21c2d37b97d1904674e9629ee9ca1d7c2,1,
Live/Live_267.avi,bdf669a5d114425a2841b0f068199b0dc8ba8eaef93dcf761aa423a948720ac3,siwmv2::sha256:bdf669a5d114425a2841b0f068199b0dc8ba8eaef93dcf761aa423a948720ac3,1,
Live/Live_268.avi,917e77224b57404834fabec81d8103a220ae459525265a41e2bff61ba6251cc9,siwmv2::sha256:917e77224b57404834fabec81d8103a220ae459525265a41e2bff61ba6251cc9,1,
Live/Live_269.avi,9fa9bd721dce3a730aff10f856c936764831b09e0711fc54e101a471bc409a45,siwmv2::sha256:9fa9bd721dce3a730aff10f856c936764831b09e0711fc54e101a471bc409a45,1,
Live/Live_27.mov,68c0ca371bd0b88c0a4c10777fe2af9fdeb3b8d02c925a9b65f78935e84ba453,siwmv2::sha256:68c0ca371bd0b88c0a4c10777fe2af9fdeb3b8d02c925a9b65f78935e84ba453,1,
Live/Live_270.avi,b0cd23eb1b7476a7d36334d7e5366a50154a870ea50cc0791d7794d3e9c35ee4,siwmv2::sha256:b0cd23eb1b7476a7d36334d7e5366a50154a870ea50cc0791d7794d3e9c35ee4,1,
Live/Live_271.avi,f0b41456b157b46365843500a85fb59ecc1ab5b034cd000100042fff7f691d66,siwmv2::sha256:f0b41456b157b46365843500a85fb59ecc1ab5b034cd000100042fff7f691d66,1,
Live/Live_272.avi,342a079b08b9a79cdfeec87b40ba188314e3a050b02f73b128d8a70c79f85d47,siwmv2::sha256:342a079b08b9a79cdfeec87b40ba188314e3a050b02f73b128d8a70c79f85d47,1,
Live/Live_273.avi,f7c364d0a1ed6bfafcda42e3d6a1e2c517ed6d2c51a8e9c14ba695bc5a7c572d,siwmv2::sha256:f7c364d0a1ed6bfafcda42e3d6a1e2c517ed6d2c51a8e9c14ba695bc5a7c572d,1,
Live/Live_274.avi,a0627684779654ecbde3f64b68291d74b56d3d2136888b7913d4d2f46bf91941,siwmv2::sha256:a0627684779654ecbde3f64b68291d74b56d3d2136888b7913d4d2f46bf91941,1,
Live/Live_275.avi,23eecdaff29105119cbb2bd3a6a6985225e383e9d8128906c7caf8140d2593a8,siwmv2::sha256:23eecdaff29105119cbb2bd3a6a6985225e383e9d8128906c7caf8140d2593a8,1,
Live/Live_276.avi,e17a0e300ed79496426f1c36f57d6b3a09b32090620d087136c40ba2e5542119,siwmv2::sha256:e17a0e300ed79496426f1c36f57d6b3a09b32090620d087136c40ba2e5542119,1,
Live/Live_277.avi,b2e82e7033d66af2d8fb503156deba83a0e895ab67084cf181ba5a73463abd5b,siwmv2::sha256:b2e82e7033d66af2d8fb503156deba83a0e895ab67084cf181ba5a73463abd5b,1,
Live/Live_278.avi,7a0140341a4e5d75e9bc8142600ddac092b97e2a8a8b6201b1e7071047b4e778,siwmv2::sha256:7a0140341a4e5d75e9bc8142600ddac092b97e2a8a8b6201b1e7071047b4e778,1,
Live/Live_279.avi,21dba7aa3c4a831d26ea84214145d3e21d05c64c3fd0a930998bfcc678072d81,siwmv2::sha256:21dba7aa3c4a831d26ea84214145d3e21d05c64c3fd0a930998bfcc678072d81,1,
Live/Live_28.mov,4c640b846f56b2fa7f7c56c24d31ade076e6b9aabd6407233884dec682a9736a,siwmv2::sha256:4c640b846f56b2fa7f7c56c24d31ade076e6b9aabd6407233884dec682a9736a,1,
Live/Live_280.avi,cb49cade781380ab31fb9764cfd12b08570db7e05cca79264450179fad395cc1,siwmv2::sha256:cb49cade781380ab31fb9764cfd12b08570db7e05cca79264450179fad395cc1,1,
Live/Live_281.avi,8faf4ae4460be95d233da779c2acd949405fd480d858a8213004e2410b97a364,siwmv2::sha256:8faf4ae4460be95d233da779c2acd949405fd480d858a8213004e2410b97a364,1,
Live/Live_282.avi,05e05e9fa56e8511379ee04403b0587c0cf7092a668cc05aaf0a69602c90e91a,siwmv2::sha256:05e05e9fa56e8511379ee04403b0587c0cf7092a668cc05aaf0a69602c90e91a,1,
Live/Live_283.avi,5cfe1f5fb3a3ce248922c1c60fe223f8ea61ae69aba850768bff4d0f92ab39c0,siwmv2::sha256:5cfe1f5fb3a3ce248922c1c60fe223f8ea61ae69aba850768bff4d0f92ab39c0,1,
Live/Live_284.avi,ef639ad511b3bd2b3dbce3141a9b0aa1d6ad64940a56469bb987b6a67a184b34,siwmv2::sha256:ef639ad511b3bd2b3dbce3141a9b0aa1d6ad64940a56469bb987b6a67a184b34,1,
Live/Live_285.avi,0361fa14c3d6f9a60f41d97d37b35e1f68b5b8ef9fb9cc1ddf8a4ab10e838ca8,siwmv2::sha256:0361fa14c3d6f9a60f41d97d37b35e1f68b5b8ef9fb9cc1ddf8a4ab10e838ca8,1,
Live/Live_286.avi,b486fb553b2da9996b243abf54a571761bc9c6ad1e4528d19e7835969263de28,siwmv2::sha256:b486fb553b2da9996b243abf54a571761bc9c6ad1e4528d19e7835969263de28,1,
Live/Live_287.avi,35a178231f84307cb791648f478c99f68e21ef89aafa5175d07831566364f1c9,siwmv2::sha256:35a178231f84307cb791648f478c99f68e21ef89aafa5175d07831566364f1c9,1,
Live/Live_288.avi,92449b1d05447d0afc7e855d4e77e6866ea3d45bac7ed53036c9deff5a55323c,siwmv2::sha256:92449b1d05447d0afc7e855d4e77e6866ea3d45bac7ed53036c9deff5a55323c,1,
Live/Live_289.avi,3048c5090c87c7ee9899a9688d085bcb8175c9aa7f2eaf05546db56e0d8373f7,siwmv2::sha256:3048c5090c87c7ee9899a9688d085bcb8175c9aa7f2eaf05546db56e0d8373f7,1,
Live/Live_29.mov,0c1ce5552818fc9e3ddbf5d89e54f2abace00da60f0b123c3a79aa64d139a619,siwmv2::sha256:0c1ce5552818fc9e3ddbf5d89e54f2abace00da60f0b123c3a79aa64d139a619,1,
Live/Live_290.avi,96a9a0f66e0eb3b6f553a061cff55bc09070ea73bc8e3d9b2e361233c1ec4a16,siwmv2::sha256:96a9a0f66e0eb3b6f553a061cff55bc09070ea73bc8e3d9b2e361233c1ec4a16,1,
Live/Live_291.avi,737b9902f59ee5d4f3cfe4f7cbed29facab361dab50d7c2e337cfe91eb8f451a,siwmv2::sha256:737b9902f59ee5d4f3cfe4f7cbed29facab361dab50d7c2e337cfe91eb8f451a,1,
Live/Live_292.avi,938410829599dab349f8cb59d20edd633dbd4d1a3b4c99a7a28e862dd92f1c04,siwmv2::sha256:938410829599dab349f8cb59d20edd633dbd4d1a3b4c99a7a28e862dd92f1c04,1,
Live/Live_293.avi,8960c5c56a937f636d1378d4169f6265a330f1edc8ac5066532e42000258bcf2,siwmv2::sha256:8960c5c56a937f636d1378d4169f6265a330f1edc8ac5066532e42000258bcf2,1,
Live/Live_294.avi,7719cc670b4395fd382b1fdaba773ea248c7fba6d1cd6b188439c53126c603ff,siwmv2::sha256:7719cc670b4395fd382b1fdaba773ea248c7fba6d1cd6b188439c53126c603ff,1,
Live/Live_295.avi,c7415a2a51d193a3422e8152bf0aebea15daa41758c5acb55091716c2853b18a,siwmv2::sha256:c7415a2a51d193a3422e8152bf0aebea15daa41758c5acb55091716c2853b18a,1,
Live/Live_296.avi,9099cbe8dc6eed31c54b638e9655369cb4536bcd404f68203651501abf9d5f89,siwmv2::sha256:9099cbe8dc6eed31c54b638e9655369cb4536bcd404f68203651501abf9d5f89,1,
Live/Live_297.avi,1af90967cfa9c826045fb0aaa62c42029c67c42d824dbc88ff9ed8be08a6b810,siwmv2::sha256:1af90967cfa9c826045fb0aaa62c42029c67c42d824dbc88ff9ed8be08a6b810,1,
Live/Live_298.avi,d2abb2d292cee1916ad03135d709c55b61a675c048319d95952d774bd9f76905,siwmv2::sha256:d2abb2d292cee1916ad03135d709c55b61a675c048319d95952d774bd9f76905,1,
Live/Live_299.avi,e68396c7528f6b447caf061a63113806902b645c2727b8de96cc47c1f4af0bd7,siwmv2::sha256:e68396c7528f6b447caf061a63113806902b645c2727b8de96cc47c1f4af0bd7,1,
Live/Live_3.mov,5a3b7a52c44f54546eccd01432805a91dd745fd5509734e62dd70ef7b25b3169,siwmv2::sha256:5a3b7a52c44f54546eccd01432805a91dd745fd5509734e62dd70ef7b25b3169,1,
Live/Live_30.mov,ef1e35ad4cb1ee777e4fb7782842054ab553b6d6d50bec81bbfe504a84c8b5ea,siwmv2::sha256:ef1e35ad4cb1ee777e4fb7782842054ab553b6d6d50bec81bbfe504a84c8b5ea,1,
Live/Live_300.avi,b079ae8636735df576ec342dd3704c3f7cc83a5174ef3f9cc27315ba1f9c1773,siwmv2::sha256:b079ae8636735df576ec342dd3704c3f7cc83a5174ef3f9cc27315ba1f9c1773,1,
Live/Live_301.avi,04836a6be4198bebdbc33db072bebbb72f2176415772d3416ca81bfc268129e0,siwmv2::sha256:04836a6be4198bebdbc33db072bebbb72f2176415772d3416ca81bfc268129e0,1,
Live/Live_302.avi,04d3969c3c85fab83b3713edae1966cf8cc1a9f2abb3241a64db1f7a9769b50c,siwmv2::sha256:04d3969c3c85fab83b3713edae1966cf8cc1a9f2abb3241a64db1f7a9769b50c,1,
Live/Live_303.avi,0e02a433b02bab643c2cac7c250e173798adb93e2ff7987e410bef5256fb48f9,siwmv2::sha256:0e02a433b02bab643c2cac7c250e173798adb93e2ff7987e410bef5256fb48f9,1,
Live/Live_304.avi,f4e8b27e3d41149410b1f92711624fdbc41cd6b21970390003bb4b8badb91c51,siwmv2::sha256:f4e8b27e3d41149410b1f92711624fdbc41cd6b21970390003bb4b8badb91c51,1,
Live/Live_305.avi,db04a6ab1aa609553ffda66e22bee5da83fec853b053bef265b81f3abc134edb,siwmv2::sha256:db04a6ab1aa609553ffda66e22bee5da83fec853b053bef265b81f3abc134edb,1,
Live/Live_306.avi,7232049f59c8b27ae19b823aa8dceee22f484fd18719fc1b5d9d1fd7259a21dd,siwmv2::sha256:7232049f59c8b27ae19b823aa8dceee22f484fd18719fc1b5d9d1fd7259a21dd,1,
Live/Live_307.avi,3c45b911e0cbfd6afe4fdeae7e94b08e9a1b3e5e53db1dd54cc25ccad54dbe4a,siwmv2::sha256:3c45b911e0cbfd6afe4fdeae7e94b08e9a1b3e5e53db1dd54cc25ccad54dbe4a,1,
Live/Live_308.avi,a5b716f7d72929bd7e0e3393c859622391e1ea37a0b1cfbfbf2a70a240894371,siwmv2::sha256:a5b716f7d72929bd7e0e3393c859622391e1ea37a0b1cfbfbf2a70a240894371,1,
Live/Live_309.avi,20cc798b4e7a610943a4ddcf83c66fcf48aa8ea7b750181c2b80b5aca72ad51d,siwmv2::sha256:20cc798b4e7a610943a4ddcf83c66fcf48aa8ea7b750181c2b80b5aca72ad51d,1,
Live/Live_31.mov,06d87445ac48e9607c7a79c964004ea9d738e7d697d7ca8dead01d66d6655ade,siwmv2::sha256:06d87445ac48e9607c7a79c964004ea9d738e7d697d7ca8dead01d66d6655ade,1,
Live/Live_310.avi,7ff1da761ca4253c7e8df4eee36dfe8a806bb738978bc67e99f906a3d013ef20,siwmv2::sha256:7ff1da761ca4253c7e8df4eee36dfe8a806bb738978bc67e99f906a3d013ef20,1,
Live/Live_311.avi,a5a24d6efe3ec077f8cd86de495c315518472788eab256a4d51ae605a100bc3c,siwmv2::sha256:a5a24d6efe3ec077f8cd86de495c315518472788eab256a4d51ae605a100bc3c,1,
Live/Live_312.avi,4dd9b84b87bfc88681220c26da56a29fe16218cd4bbfb7777e153a857c7f6054,siwmv2::sha256:4dd9b84b87bfc88681220c26da56a29fe16218cd4bbfb7777e153a857c7f6054,1,
Live/Live_313.avi,a2d3680e2245034daba74d479a6bc9229e1f3bc97af64333fbd963ff1851bf69,siwmv2::sha256:a2d3680e2245034daba74d479a6bc9229e1f3bc97af64333fbd963ff1851bf69,1,
Live/Live_314.avi,270d62b77fcc1faf2c5938b1b74abef4078218bdc9e869d41939c6186da0d3b7,siwmv2::sha256:270d62b77fcc1faf2c5938b1b74abef4078218bdc9e869d41939c6186da0d3b7,1,
Live/Live_315.avi,fc710250aea1c5414cc6f7b62fe724b9d41f26c5c7d6f546129b6b8bfd614f6e,siwmv2::sha256:fc710250aea1c5414cc6f7b62fe724b9d41f26c5c7d6f546129b6b8bfd614f6e,1,
Live/Live_316.avi,e8e82a72cacf02d3c8c697c0ba6d6402f910daa2a96e9a5e9cc628d201fb46c8,siwmv2::sha256:e8e82a72cacf02d3c8c697c0ba6d6402f910daa2a96e9a5e9cc628d201fb46c8,1,
Live/Live_317.avi,2be322ab756297cac975c02fa3555231b6e1fbd7da40b5dd5634c537291f8b4a,siwmv2::sha256:2be322ab756297cac975c02fa3555231b6e1fbd7da40b5dd5634c537291f8b4a,1,
Live/Live_318.avi,c742ffc221362835d117044d6e65b4412b4232564b57a5153672fc732a754ed8,siwmv2::sha256:c742ffc221362835d117044d6e65b4412b4232564b57a5153672fc732a754ed8,1,
Live/Live_319.avi,2d6ad32ea890c874881e254713c4ef69bf5459ca9a0c9db8dcf7026a938da43e,siwmv2::sha256:2d6ad32ea890c874881e254713c4ef69bf5459ca9a0c9db8dcf7026a938da43e,1,
Live/Live_32.mov,3cd89ef316c47ea2ffeb1364e658dbf0efed5caec97f8bff0105107bee25016b,siwmv2::sha256:3cd89ef316c47ea2ffeb1364e658dbf0efed5caec97f8bff0105107bee25016b,1,
Live/Live_320.avi,7a51401d0514666b9abe30c782bfb1804eadeeeea89640e195d832736421b6f7,siwmv2::sha256:7a51401d0514666b9abe30c782bfb1804eadeeeea89640e195d832736421b6f7,1,
Live/Live_321.avi,9147812dfffe4956628c27a1f070bc367a7e0d6c5c8021fbf5a7859d1048da41,siwmv2::sha256:9147812dfffe4956628c27a1f070bc367a7e0d6c5c8021fbf5a7859d1048da41,1,
Live/Live_322.avi,ea7fc6b6c3c5a2a4668fe10d93528f9412f72ce91874857b2688f95f93ac1ae6,siwmv2::sha256:ea7fc6b6c3c5a2a4668fe10d93528f9412f72ce91874857b2688f95f93ac1ae6,1,
Live/Live_323.avi,2a20f428fa79532429b299b410c8eef08e83b3d377ea16a280a090f40a7fe693,siwmv2::sha256:2a20f428fa79532429b299b410c8eef08e83b3d377ea16a280a090f40a7fe693,1,
Live/Live_324.avi,f79c0fb6d146bfad6461201fbdee80694d810492919b2b52fa5f34331520ba39,siwmv2::sha256:f79c0fb6d146bfad6461201fbdee80694d810492919b2b52fa5f34331520ba39,1,
Live/Live_325.avi,32d17dc92d6ba5d4eff050f5b75de445424625ad0f3ebd7898b5f8b1927d7b9c,siwmv2::sha256:32d17dc92d6ba5d4eff050f5b75de445424625ad0f3ebd7898b5f8b1927d7b9c,1,
Live/Live_326.avi,a21b07afa310e925614eec15e2931939b91bf5609831a8450629c5212a72836c,siwmv2::sha256:a21b07afa310e925614eec15e2931939b91bf5609831a8450629c5212a72836c,1,
Live/Live_327.avi,edbe2452d7c7b698be9224f965c58320b63898cb76438fac7f644872b72afcf1,siwmv2::sha256:edbe2452d7c7b698be9224f965c58320b63898cb76438fac7f644872b72afcf1,1,
Live/Live_328.avi,0e9b62d069fa31af4b6550484fa123ec9cbcd26ffc2ada804671958da9cb86a1,siwmv2::sha256:0e9b62d069fa31af4b6550484fa123ec9cbcd26ffc2ada804671958da9cb86a1,1,
Live/Live_329.avi,c2eed5155b2e9f6f651591193824e559178b0a990183e01a35bb1683c0650d61,siwmv2::sha256:c2eed5155b2e9f6f651591193824e559178b0a990183e01a35bb1683c0650d61,1,
Live/Live_33.mov,a9215ee67e6b6905fecef04dae08417438c808688f362e18ee2aeecad1440db6,siwmv2::sha256:a9215ee67e6b6905fecef04dae08417438c808688f362e18ee2aeecad1440db6,1,
Live/Live_330.avi,4bf0aae316d4cb8ccd79baec8b5fcbfa0e8d2b11da9d44d13a216723c62b7574,siwmv2::sha256:4bf0aae316d4cb8ccd79baec8b5fcbfa0e8d2b11da9d44d13a216723c62b7574,1,
Live/Live_331.avi,8fd6935cc1129da0f46c8984c688a138df57fdc0e9c39cf2511a551e3cdedf70,siwmv2::sha256:8fd6935cc1129da0f46c8984c688a138df57fdc0e9c39cf2511a551e3cdedf70,1,
Live/Live_332.avi,a028d3fa668f5ceee31238498447a810f25e58eb704451e0be889d8c48b8afa5,siwmv2::sha256:a028d3fa668f5ceee31238498447a810f25e58eb704451e0be889d8c48b8afa5,1,
Live/Live_333.avi,e4eee8d221aa3e2ac522a385bbb1db5d0f967cf70cd506902a9078effecb87da,siwmv2::sha256:e4eee8d221aa3e2ac522a385bbb1db5d0f967cf70cd506902a9078effecb87da,1,
Live/Live_334.avi,7ca8c31edf83c40d72974c6f45326d33e69a5cf9a1c473ff93e8de2cf8f55388,siwmv2::sha256:7ca8c31edf83c40d72974c6f45326d33e69a5cf9a1c473ff93e8de2cf8f55388,1,
Live/Live_335.avi,58b435163a67a80606e4a410143df53761b8f6152f4bcd66ad55b59e4dc89aaa,siwmv2::sha256:58b435163a67a80606e4a410143df53761b8f6152f4bcd66ad55b59e4dc89aaa,1,
Live/Live_336.avi,2882ac51def5d50f14a108217bd61bec7e1b09187cb92b5714dc4bf81253bb6a,siwmv2::sha256:2882ac51def5d50f14a108217bd61bec7e1b09187cb92b5714dc4bf81253bb6a,1,
Live/Live_337.avi,c20c819466338a6f2039775b6ee098c4a82155e1fab396bff3748975b396e506,siwmv2::sha256:c20c819466338a6f2039775b6ee098c4a82155e1fab396bff3748975b396e506,1,
Live/Live_338.avi,7d11f818f198f7641139faf6af58cd687d59031da6920347213c2ff344a38894,siwmv2::sha256:7d11f818f198f7641139faf6af58cd687d59031da6920347213c2ff344a38894,1,
Live/Live_339.avi,ab8d7badc0a674606b4d6d471fd20fc16bdbb013ee4c6257cf0fd03d0486ecd0,siwmv2::sha256:ab8d7badc0a674606b4d6d471fd20fc16bdbb013ee4c6257cf0fd03d0486ecd0,1,
Live/Live_34.mov,82d5d154e9f06aef7f5defde9628e0d8fe8bf3944d9c2c4da5a85a51ff1845c9,siwmv2::sha256:82d5d154e9f06aef7f5defde9628e0d8fe8bf3944d9c2c4da5a85a51ff1845c9,1,
Live/Live_340.avi,d314d5c4d047df431e67063a6aa5996c08735d9aa1a175f744bf27fda5387b5c,siwmv2::sha256:d314d5c4d047df431e67063a6aa5996c08735d9aa1a175f744bf27fda5387b5c,1,
Live/Live_341.avi,bfc17452b7cc06195d5f28b55365436b480ca427510d48178275303b04d6c9a6,siwmv2::sha256:bfc17452b7cc06195d5f28b55365436b480ca427510d48178275303b04d6c9a6,1,
Live/Live_342.avi,36d6c4d8d958799a015e61480480f6c6e84a2dfaded27d2dc709ee5b607a12e6,siwmv2::sha256:36d6c4d8d958799a015e61480480f6c6e84a2dfaded27d2dc709ee5b607a12e6,1,
Live/Live_343.avi,71b495493fcb95b9ab508e4b73b90a9548a4b0c01c0e1e158863dbda2b7d48ae,siwmv2::sha256:71b495493fcb95b9ab508e4b73b90a9548a4b0c01c0e1e158863dbda2b7d48ae,1,
Live/Live_344.avi,9784e2b3755253939a972089d8ecf2b3ba39bdaa55948d0e6d0aff0a7d778962,siwmv2::sha256:9784e2b3755253939a972089d8ecf2b3ba39bdaa55948d0e6d0aff0a7d778962,1,
Live/Live_345.avi,1ac91d8cb66efc0c4b64d7ed7294212511e72936bc7d40aa3078b51908e1ca07,siwmv2::sha256:1ac91d8cb66efc0c4b64d7ed7294212511e72936bc7d40aa3078b51908e1ca07,1,
Live/Live_346.avi,3c8e6e14ceb4548a0d45edf41e74604bbe96d56814c950480d29a8541003d8f6,siwmv2::sha256:3c8e6e14ceb4548a0d45edf41e74604bbe96d56814c950480d29a8541003d8f6,1,
Live/Live_347.avi,bd803c19aaed262165a54a067aa4bcc675e938a0d592702602a822105e4ce0dd,siwmv2::sha256:bd803c19aaed262165a54a067aa4bcc675e938a0d592702602a822105e4ce0dd,1,
Live/Live_348.avi,9cc1791c7b8e20f03de7d37ad301f458752907fda5d13f1eae3aa4a31f3826ef,siwmv2::sha256:9cc1791c7b8e20f03de7d37ad301f458752907fda5d13f1eae3aa4a31f3826ef,1,
Live/Live_349.avi,05f6f60b745ac8641899fb0ede64d7ab2b9e808821f9d554e7f067e574121759,siwmv2::sha256:05f6f60b745ac8641899fb0ede64d7ab2b9e808821f9d554e7f067e574121759,1,
Live/Live_35.mov,731a030aee09e492dfdacd92a2d3af1dfeb4769566afc2ba4cfa36549c3e7d23,siwmv2::sha256:731a030aee09e492dfdacd92a2d3af1dfeb4769566afc2ba4cfa36549c3e7d23,1,
Live/Live_350.avi,1282c009fcccb44c7d8f02e1e3859e32e0d0e514a5d98e8100e74b74942553c1,siwmv2::sha256:1282c009fcccb44c7d8f02e1e3859e32e0d0e514a5d98e8100e74b74942553c1,1,
Live/Live_351.avi,a526d42d5892c44bbd4cf47be3c63e455031cac3e0a5e6caae0accea55ff28ad,siwmv2::sha256:a526d42d5892c44bbd4cf47be3c63e455031cac3e0a5e6caae0accea55ff28ad,1,
Live/Live_352.avi,67152309f443ae2264e85d04c5a7f42da85ed9e55e24417d2cc237f321d03b6f,siwmv2::sha256:67152309f443ae2264e85d04c5a7f42da85ed9e55e24417d2cc237f321d03b6f,1,
Live/Live_353.avi,9097c68485f82847d078de738d20bed104eb9fc1851887a215e63c9b328693bc,siwmv2::sha256:9097c68485f82847d078de738d20bed104eb9fc1851887a215e63c9b328693bc,1,
Live/Live_354.avi,c05a429b5e7c45a2ef8c497b7240af1aace167e7fa3be0a36f92a4f7e7675ac9,siwmv2::sha256:c05a429b5e7c45a2ef8c497b7240af1aace167e7fa3be0a36f92a4f7e7675ac9,1,
Live/Live_355.avi,e4889f6115f7af56141f800ab20dc5d6c2640dceac682404643212cf62aa32a0,siwmv2::sha256:e4889f6115f7af56141f800ab20dc5d6c2640dceac682404643212cf62aa32a0,1,
Live/Live_356.avi,36fb54235753f623f56a38445437b994611181a1db7ecf0259ccd75f3b185511,siwmv2::sha256:36fb54235753f623f56a38445437b994611181a1db7ecf0259ccd75f3b185511,1,
Live/Live_357.avi,95da51b413c5c3c2ee4035165a9b716f60bf43fe292569751cbee77b8a06d690,siwmv2::sha256:95da51b413c5c3c2ee4035165a9b716f60bf43fe292569751cbee77b8a06d690,1,
Live/Live_358.avi,44b9056b797b045186b064cb59c4a8a1cd7eec67f3b469608a397865e9d093d9,siwmv2::sha256:44b9056b797b045186b064cb59c4a8a1cd7eec67f3b469608a397865e9d093d9,1,
Live/Live_359.avi,b196c0b8bfc84c1e902e173f0727e2f58fd68e8428a86a7284121aa601018345,siwmv2::sha256:b196c0b8bfc84c1e902e173f0727e2f58fd68e8428a86a7284121aa601018345,1,
Live/Live_36.mov,58f82c8eb713a161685932a129b66afddfb2593f4c3808487da07c81588a22d9,siwmv2::sha256:58f82c8eb713a161685932a129b66afddfb2593f4c3808487da07c81588a22d9,1,
Live/Live_360.avi,9375a6b1a33627fa85f694d79bfcabedace7a30e1cf3dd9b73e4e5fc3d8cbe2b,siwmv2::sha256:9375a6b1a33627fa85f694d79bfcabedace7a30e1cf3dd9b73e4e5fc3d8cbe2b,1,
Live/Live_361.avi,69621ff1483f6232eec1fe54753f5c7402b10f2b15e94b07d5fdd4c1afac33fa,siwmv2::sha256:69621ff1483f6232eec1fe54753f5c7402b10f2b15e94b07d5fdd4c1afac33fa,1,
Live/Live_362.avi,6f75f94eb35697accb3eeaf40c7e7e2964305a15c6cb32e6593ef7e5f23c1fa4,siwmv2::sha256:6f75f94eb35697accb3eeaf40c7e7e2964305a15c6cb32e6593ef7e5f23c1fa4,1,
Live/Live_363.avi,ccc960457d7cc972072ca62d7b62fd2af3d6c898dc3cad881eba6ba7815f81b0,siwmv2::sha256:ccc960457d7cc972072ca62d7b62fd2af3d6c898dc3cad881eba6ba7815f81b0,1,
Live/Live_364.avi,1edf2d966f6a9dfcd86ebfe53670942625e42ffef21710ba0a18fa5aa6e04e12,siwmv2::sha256:1edf2d966f6a9dfcd86ebfe53670942625e42ffef21710ba0a18fa5aa6e04e12,1,
Live/Live_365.avi,713fb2c7d8425610172b8a7e8ab35129c2ecd865c4539b9334ae9d768ff47d22,siwmv2::sha256:713fb2c7d8425610172b8a7e8ab35129c2ecd865c4539b9334ae9d768ff47d22,1,
Live/Live_366.avi,87b403bce18909ad7047ccf90ea0b17e91d554f80e4f045a75ea366eeb84b550,siwmv2::sha256:87b403bce18909ad7047ccf90ea0b17e91d554f80e4f045a75ea366eeb84b550,1,
Live/Live_367.avi,ffad7ee0af305bdba66c9471908868091d9e120a742b1dd8c56675bb944bf25a,siwmv2::sha256:ffad7ee0af305bdba66c9471908868091d9e120a742b1dd8c56675bb944bf25a,1,
Live/Live_368.avi,29bced7e512f8370fdb20d37c6c23512b7f8b48dd4afc524e0bf84057b6e6104,siwmv2::sha256:29bced7e512f8370fdb20d37c6c23512b7f8b48dd4afc524e0bf84057b6e6104,1,
Live/Live_369.avi,ed0619c4bd3a3b3ec9c0eec7092e47b9dd7333ea74f594b310c3b66e499e313f,siwmv2::sha256:ed0619c4bd3a3b3ec9c0eec7092e47b9dd7333ea74f594b310c3b66e499e313f,1,
Live/Live_37.mov,0fd7705a42ba6f8513ccb87bce6e2bbca10003232cc474ad645a1732b4d310a8,siwmv2::sha256:0fd7705a42ba6f8513ccb87bce6e2bbca10003232cc474ad645a1732b4d310a8,1,
Live/Live_370.avi,8bd1f8da294c477e1fd53c31c1fb1275e22110f3827caf0ee50d45d8f0b12430,siwmv2::sha256:8bd1f8da294c477e1fd53c31c1fb1275e22110f3827caf0ee50d45d8f0b12430,1,
Live/Live_371.avi,4be997565249f4d6eace155dc14989576805caa627d454fd5b0b6066655240d1,siwmv2::sha256:4be997565249f4d6eace155dc14989576805caa627d454fd5b0b6066655240d1,1,
Live/Live_372.avi,e493ec0f1a8c89e8fcc2384d908fa6e7f796370eba6f8359d74dd17622ace7aa,siwmv2::sha256:e493ec0f1a8c89e8fcc2384d908fa6e7f796370eba6f8359d74dd17622ace7aa,1,
Live/Live_373.avi,ba1401389af05e8f1369b35c4028cfd423170f79fa867bc6109e1f72f83db2db,siwmv2::sha256:ba1401389af05e8f1369b35c4028cfd423170f79fa867bc6109e1f72f83db2db,1,
Live/Live_374.avi,80b72736801218f843c164d62555b2feefba46f5224ed109e32beb1b19f2b0c7,siwmv2::sha256:80b72736801218f843c164d62555b2feefba46f5224ed109e32beb1b19f2b0c7,1,
Live/Live_375.avi,016e7a53575d85e258f5d114b9c5a3ae5aef22e4110510cf9e998b2c854dc448,siwmv2::sha256:016e7a53575d85e258f5d114b9c5a3ae5aef22e4110510cf9e998b2c854dc448,1,
Live/Live_376.avi,4c00c1843c0c9a972f838490a8f72fadd99c26079d25604db71516462b8fd949,siwmv2::sha256:4c00c1843c0c9a972f838490a8f72fadd99c26079d25604db71516462b8fd949,1,
Live/Live_377.avi,f55555f27cdd6fac3c7fe0fc3055e24336ec5641c08451f39fd6ed2634ad1f77,siwmv2::sha256:f55555f27cdd6fac3c7fe0fc3055e24336ec5641c08451f39fd6ed2634ad1f77,1,
Live/Live_378.avi,7d5e0b5c12037b1fc6c832d01e0e88b36bafaf2847e3787b9ff56f1d3a407216,siwmv2::sha256:7d5e0b5c12037b1fc6c832d01e0e88b36bafaf2847e3787b9ff56f1d3a407216,1,
Live/Live_379.avi,56f597e72f7e8bfba73688c34f52376eaea69522ee5ef69a45d7c41177a428f6,siwmv2::sha256:56f597e72f7e8bfba73688c34f52376eaea69522ee5ef69a45d7c41177a428f6,1,
Live/Live_38.mov,e19290f6b9567ef46017577cf4936706e62bd4bb5c605722b569df0c2b3529d8,siwmv2::sha256:e19290f6b9567ef46017577cf4936706e62bd4bb5c605722b569df0c2b3529d8,1,
Live/Live_380.avi,c37d451b274913af9f633811f13f5d6e93f3fd52ad8c8e5659572526f10675a6,siwmv2::sha256:c37d451b274913af9f633811f13f5d6e93f3fd52ad8c8e5659572526f10675a6,1,
Live/Live_381.avi,2af6edeeeff0a5d6e6ba8c5c9761f5af6523a751c4fd163d7714899ff783edf8,siwmv2::sha256:2af6edeeeff0a5d6e6ba8c5c9761f5af6523a751c4fd163d7714899ff783edf8,1,
Live/Live_382.avi,e636335c8f2f5f65ea3044278d0a8fa61f004eb9fd64c7e9bd367a035744917d,siwmv2::sha256:e636335c8f2f5f65ea3044278d0a8fa61f004eb9fd64c7e9bd367a035744917d,1,
Live/Live_383.avi,65991d8302b8bda38952d3e8e6052ce151095e698cde4e5f57c6b41b5444a7a9,siwmv2::sha256:65991d8302b8bda38952d3e8e6052ce151095e698cde4e5f57c6b41b5444a7a9,1,
Live/Live_384.avi,35fe5809a0de5c3f0909e73eb81270c3b5e1afc02411309ce7a28b176ba3ca16,siwmv2::sha256:35fe5809a0de5c3f0909e73eb81270c3b5e1afc02411309ce7a28b176ba3ca16,1,
Live/Live_385.avi,6800c1c61d80760888e8ad3069243b3823db82759c8b2fe48cde8479bdae4772,siwmv2::sha256:6800c1c61d80760888e8ad3069243b3823db82759c8b2fe48cde8479bdae4772,1,
Live/Live_386.avi,2fdaeb086c7e2052820217295ad821007c152ddbe04be4f5acbed0af2b571bcf,siwmv2::sha256:2fdaeb086c7e2052820217295ad821007c152ddbe04be4f5acbed0af2b571bcf,1,
Live/Live_387.avi,885f1a61ae723bc5d2a8b3a6b51f26f6c7127ffc393a04518b8ae187bdd28300,siwmv2::sha256:885f1a61ae723bc5d2a8b3a6b51f26f6c7127ffc393a04518b8ae187bdd28300,1,
Live/Live_388.avi,5fe41350712a5cff2a026d1687c250879e2bf2fba36ef125b44062ba654fe805,siwmv2::sha256:5fe41350712a5cff2a026d1687c250879e2bf2fba36ef125b44062ba654fe805,1,
Live/Live_389.avi,afc6988004e7bf2ec94efbe3dd11b2d7cf3fc1ff1582486570d2c35eaa19d988,siwmv2::sha256:afc6988004e7bf2ec94efbe3dd11b2d7cf3fc1ff1582486570d2c35eaa19d988,1,
Live/Live_39.mov,9c2fecded41ef600d7ebb53ca236a299bbf11a8ff84f5442274c9ec5ae8ddc1d,siwmv2::sha256:9c2fecded41ef600d7ebb53ca236a299bbf11a8ff84f5442274c9ec5ae8ddc1d,1,
Live/Live_390.avi,4a1995339e5f3ce4690c2fae12a612be2ff6e4562608d87ed111f3f5d169ff9b,siwmv2::sha256:4a1995339e5f3ce4690c2fae12a612be2ff6e4562608d87ed111f3f5d169ff9b,1,
Live/Live_391.avi,8ced4d03d9385e07c7d2d82e84792c959ba9b4d2b3d5e0efe99e9f46b93db2d4,siwmv2::sha256:8ced4d03d9385e07c7d2d82e84792c959ba9b4d2b3d5e0efe99e9f46b93db2d4,1,
Live/Live_392.avi,7b0dc0bfd1d3741bb48a949413af1a11ddfad90b285177a4f7ab5b251c79dee1,siwmv2::sha256:7b0dc0bfd1d3741bb48a949413af1a11ddfad90b285177a4f7ab5b251c79dee1,1,
Live/Live_393.avi,9e17e284c46d09a442273ae712f4f317829d3ec6dedf722b5a11a3396fa21da5,siwmv2::sha256:9e17e284c46d09a442273ae712f4f317829d3ec6dedf722b5a11a3396fa21da5,1,
Live/Live_394.avi,bb626abaae5dd836278456eb61f8b77bef5200f144d03aaf968a7007b180e8d6,siwmv2::sha256:bb626abaae5dd836278456eb61f8b77bef5200f144d03aaf968a7007b180e8d6,1,
Live/Live_395.avi,938632555fd00b04186d761b3249bacf726b8bd5386f838ff1f6077dac719d12,siwmv2::sha256:938632555fd00b04186d761b3249bacf726b8bd5386f838ff1f6077dac719d12,1,
Live/Live_396.avi,112f35440ec3ce3f0653d4cd5d3a442c9948900011d5a6ff13d388ecd5d68075,siwmv2::sha256:112f35440ec3ce3f0653d4cd5d3a442c9948900011d5a6ff13d388ecd5d68075,1,
Live/Live_397.avi,fba96708f6fff48aa454473c22f6cde362dbc234cb9f9d6b7ed2fdfecb1403fe,siwmv2::sha256:fba96708f6fff48aa454473c22f6cde362dbc234cb9f9d6b7ed2fdfecb1403fe,1,
Live/Live_398.avi,d90cc2de622e71eec1b1be2ca5a89cbe0ac96ee6eef79c3de9902f9cbcecc139,siwmv2::sha256:d90cc2de622e71eec1b1be2ca5a89cbe0ac96ee6eef79c3de9902f9cbcecc139,1,
Live/Live_399.avi,34e0b5464ee532f459c199220fdd1d0f25eaf90acb6e44b041c7511cca749c1c,siwmv2::sha256:34e0b5464ee532f459c199220fdd1d0f25eaf90acb6e44b041c7511cca749c1c,1,
Live/Live_4.mov,ac07b83d3e05b9f2ad64787d4843432e01f84111a5764afdb059bd9a34c68832,siwmv2::sha256:ac07b83d3e05b9f2ad64787d4843432e01f84111a5764afdb059bd9a34c68832,1,
Live/Live_40.mov,0f6c158bcf2db41274da55bf7a408e57ea943082ef8350cf9d4fa62ccd75f54d,siwmv2::sha256:0f6c158bcf2db41274da55bf7a408e57ea943082ef8350cf9d4fa62ccd75f54d,1,
Live/Live_400.avi,442b339a85f61106567cf4cdf101b524f6683005afa67139e27a86832e73666b,siwmv2::sha256:442b339a85f61106567cf4cdf101b524f6683005afa67139e27a86832e73666b,1,
Live/Live_401.avi,edaf236725d7298d4149f49df12d0a3198df47dfc17f4b93ecd5b02761386a20,siwmv2::sha256:edaf236725d7298d4149f49df12d0a3198df47dfc17f4b93ecd5b02761386a20,1,
Live/Live_402.avi,71bd1c1590d605716af2ff00868e604b6c3e7c24b5ef75bb50984a1b3c828ff4,siwmv2::sha256:71bd1c1590d605716af2ff00868e604b6c3e7c24b5ef75bb50984a1b3c828ff4,1,
Live/Live_403.avi,995809ce3ec4033abd2f443e8b1eed4dfffd7372f7c2a1d057663fd65f79835c,siwmv2::sha256:995809ce3ec4033abd2f443e8b1eed4dfffd7372f7c2a1d057663fd65f79835c,1,
Live/Live_404.avi,89a893b446f91e949147dce449b0163f2399ab3275fa96feda7e8d9d7fb8b2cf,siwmv2::sha256:89a893b446f91e949147dce449b0163f2399ab3275fa96feda7e8d9d7fb8b2cf,1,
Live/Live_405.avi,e27d2214efb7916f2182c977685cf073451778a0bfdbb08d78424274a22909ff,siwmv2::sha256:e27d2214efb7916f2182c977685cf073451778a0bfdbb08d78424274a22909ff,1,
Live/Live_406.avi,db47ee5b72a3bf9bd05c402091402a438dbb1856801a0bea0f216687577bc77e,siwmv2::sha256:db47ee5b72a3bf9bd05c402091402a438dbb1856801a0bea0f216687577bc77e,1,
Live/Live_407.avi,58e06f47c8dba42fbf45eb01135547fadccc0db7c508ca986a8ab2eaf520af54,siwmv2::sha256:58e06f47c8dba42fbf45eb01135547fadccc0db7c508ca986a8ab2eaf520af54,1,
Live/Live_408.avi,c3fc5acc763ccdcb54615deb5c2075b53c6328e619c5804f74774914e236d9f5,siwmv2::sha256:c3fc5acc763ccdcb54615deb5c2075b53c6328e619c5804f74774914e236d9f5,1,
Live/Live_409.avi,4946d931ce7a09fcefa5123a1797e487c1672b0e6a3523dfa2759752e38b70bf,siwmv2::sha256:4946d931ce7a09fcefa5123a1797e487c1672b0e6a3523dfa2759752e38b70bf,1,
Live/Live_41.mov,70be1ab5eddc9c77170dc0de644ae69e2f2673ffe0334366c188119671670167,siwmv2::sha256:70be1ab5eddc9c77170dc0de644ae69e2f2673ffe0334366c188119671670167,1,
Live/Live_410.avi,60a13c8213c10d45296e8ec948fc8a1b301e8d6bb0bc3f19bbf38815b4a41967,siwmv2::sha256:60a13c8213c10d45296e8ec948fc8a1b301e8d6bb0bc3f19bbf38815b4a41967,1,
Live/Live_411.avi,96555f55ffb5246455cd1432e9ab823937f29dc23014fd557348e77e52c03e21,siwmv2::sha256:96555f55ffb5246455cd1432e9ab823937f29dc23014fd557348e77e52c03e21,1,
Live/Live_412.avi,ca562433aa8a1b036b3eeab7c098f44871784e5d883829f3134458d1a4657da5,siwmv2::sha256:ca562433aa8a1b036b3eeab7c098f44871784e5d883829f3134458d1a4657da5,1,
Live/Live_413.avi,368e83a934446f226b7358f197b8b5d3ccc2cafa599fb23a4abc7583aa376f79,siwmv2::sha256:368e83a934446f226b7358f197b8b5d3ccc2cafa599fb23a4abc7583aa376f79,1,
Live/Live_414.avi,b3e5a1a2f8c8e428821d74efe26e9720f7cd7ee21b0a58e3077ec0cbef85e08d,siwmv2::sha256:b3e5a1a2f8c8e428821d74efe26e9720f7cd7ee21b0a58e3077ec0cbef85e08d,1,
Live/Live_415.avi,1d4a1f29a071c82e754db06d29ed971e0025c4818715e4490791f58257a6350e,siwmv2::sha256:1d4a1f29a071c82e754db06d29ed971e0025c4818715e4490791f58257a6350e,1,
Live/Live_416.avi,54b6062d769f55701458e6a84d8e07ae0fc87630e4620e843424cab0868921ab,siwmv2::sha256:54b6062d769f55701458e6a84d8e07ae0fc87630e4620e843424cab0868921ab,1,
Live/Live_417.avi,6ec96077a40cf6aa4aaa1cbb939a2c3eb89b615f88177dafc87f3ae4123eab1a,siwmv2::sha256:6ec96077a40cf6aa4aaa1cbb939a2c3eb89b615f88177dafc87f3ae4123eab1a,1,
Live/Live_418.avi,277b71c7daf84ef16585c961febbe031caf0b8bb598141e487adc0aa286c5620,siwmv2::sha256:277b71c7daf84ef16585c961febbe031caf0b8bb598141e487adc0aa286c5620,1,
Live/Live_419.avi,d2f06e4795783b6b161475889962d35ba5cce3a7c6bec789c11ea890c6b899e2,siwmv2::sha256:d2f06e4795783b6b161475889962d35ba5cce3a7c6bec789c11ea890c6b899e2,1,
Live/Live_42.mov,d2746c57aeb6b05719de5b170e2d201b716528e1382d19cf053e92d6ef00c18e,siwmv2::sha256:d2746c57aeb6b05719de5b170e2d201b716528e1382d19cf053e92d6ef00c18e,1,
Live/Live_420.avi,eb8bd5a252f3dfb6df81d150934d34a3931771e13cabdea07f705feffa5fec80,siwmv2::sha256:eb8bd5a252f3dfb6df81d150934d34a3931771e13cabdea07f705feffa5fec80,1,
Live/Live_421.avi,326777efd7020c3908803f37df0007ea46899928d8407fb4414b26bbac9331e4,siwmv2::sha256:326777efd7020c3908803f37df0007ea46899928d8407fb4414b26bbac9331e4,1,
Live/Live_422.avi,0ca850f7887faf380919c8c50e0380e06447bb35f05a98027aa0a175f3e9177c,siwmv2::sha256:0ca850f7887faf380919c8c50e0380e06447bb35f05a98027aa0a175f3e9177c,1,
Live/Live_423.avi,5da846d1a360fec6c739683ceba141ac4252d1b777ad23d9eb6cabf143344418,siwmv2::sha256:5da846d1a360fec6c739683ceba141ac4252d1b777ad23d9eb6cabf143344418,1,
Live/Live_424.avi,999f0a14485855b5b71941f9cd75a67663911a4a563c2eb70f4a901b276889d8,siwmv2::sha256:999f0a14485855b5b71941f9cd75a67663911a4a563c2eb70f4a901b276889d8,1,
Live/Live_425.avi,cb10fe3ad43d3dd012e8a80ac3eb5e8026924417368f17a4acd2c102e233674d,siwmv2::sha256:cb10fe3ad43d3dd012e8a80ac3eb5e8026924417368f17a4acd2c102e233674d,1,
Live/Live_426.avi,256db3660d7b03a5ab2621b21c679534dc74a0e87f39b0d6d6336c18f78eb5a8,siwmv2::sha256:256db3660d7b03a5ab2621b21c679534dc74a0e87f39b0d6d6336c18f78eb5a8,1,
Live/Live_427.avi,cf794bd870de91dccdf8e54f33cc741cd6bcbe2134bcc2e318b5b72b8a2ed7ba,siwmv2::sha256:cf794bd870de91dccdf8e54f33cc741cd6bcbe2134bcc2e318b5b72b8a2ed7ba,1,
Live/Live_428.avi,80afbe20e500d04a75b0c5dcba546e1f0666e71b726e4ff6b5ba5b06ccbe053f,siwmv2::sha256:80afbe20e500d04a75b0c5dcba546e1f0666e71b726e4ff6b5ba5b06ccbe053f,1,
Live/Live_429.avi,bd16d873443e0dcb9960b617503c8bc46c5fa760c6c8dc3ebb075ef786e4b6ba,siwmv2::sha256:bd16d873443e0dcb9960b617503c8bc46c5fa760c6c8dc3ebb075ef786e4b6ba,1,
Live/Live_43.mov,8242488391dd2bae01bd7e4868fce863bdbedd24f745df50e4067e6d4d2736a5,siwmv2::sha256:8242488391dd2bae01bd7e4868fce863bdbedd24f745df50e4067e6d4d2736a5,1,
Live/Live_430.avi,9f20fff385006e7b74a82f2f73ef4825c49cc5d9aa47357d349fbf710981cf95,siwmv2::sha256:9f20fff385006e7b74a82f2f73ef4825c49cc5d9aa47357d349fbf710981cf95,1,
Live/Live_431.avi,eebe7a25f69f2665fad40bdd26ce7d6417a4aa867b6fdc67e3bcc7bd81b88cbb,siwmv2::sha256:eebe7a25f69f2665fad40bdd26ce7d6417a4aa867b6fdc67e3bcc7bd81b88cbb,1,
Live/Live_432.avi,bb9253ac2157d5bd292f222a05091575f93eac76077fed7202eabf3de837e5c9,siwmv2::sha256:bb9253ac2157d5bd292f222a05091575f93eac76077fed7202eabf3de837e5c9,1,
Live/Live_433.avi,d326be138ef378f77a99cad11be662d1785d094ba760b9aee0243ca903e1358f,siwmv2::sha256:d326be138ef378f77a99cad11be662d1785d094ba760b9aee0243ca903e1358f,1,
Live/Live_434.avi,f75fa3ae04bc57d7a1de5366cd48d8fc8588b7e7d610071071efb32dc91ce97d,siwmv2::sha256:f75fa3ae04bc57d7a1de5366cd48d8fc8588b7e7d610071071efb32dc91ce97d,1,
Live/Live_435.avi,f8c7446d73288e88578ffe0a9821ed6b1c1c0c54346081fa5146e4baadd6775a,siwmv2::sha256:f8c7446d73288e88578ffe0a9821ed6b1c1c0c54346081fa5146e4baadd6775a,1,
Live/Live_436.avi,be42ed9fd0d04b2e34528cf6e59ee90476ac6a1e47ed0947b4091218d523e28c,siwmv2::sha256:be42ed9fd0d04b2e34528cf6e59ee90476ac6a1e47ed0947b4091218d523e28c,1,
Live/Live_437.avi,899c89207885b973f204a72c2474cdd1ed4c4ac1c29b2c84138ea7bd3b1e734f,siwmv2::sha256:899c89207885b973f204a72c2474cdd1ed4c4ac1c29b2c84138ea7bd3b1e734f,1,
Live/Live_438.avi,dc615006fa941ace3cf869e5a0c9f0d8e78c1dbb353d053c69af654abe917986,siwmv2::sha256:dc615006fa941ace3cf869e5a0c9f0d8e78c1dbb353d053c69af654abe917986,1,
Live/Live_439.avi,34281bef286b950f951365e57c03f3378c56b29197621ce1ea7a8d290f4e73b5,siwmv2::sha256:34281bef286b950f951365e57c03f3378c56b29197621ce1ea7a8d290f4e73b5,1,
Live/Live_44.mov,13044ef40fc9d0760d0f3c9628d8b5e07e5cd564b711ec4422621b2344fac4a5,siwmv2::sha256:13044ef40fc9d0760d0f3c9628d8b5e07e5cd564b711ec4422621b2344fac4a5,1,
Live/Live_440.avi,629e6790167cdd39ec42449cc98215ec7c2e9fd58952ea78871fff25a3d972bd,siwmv2::sha256:629e6790167cdd39ec42449cc98215ec7c2e9fd58952ea78871fff25a3d972bd,1,
Live/Live_441.avi,058844c2912461ff7ae58e32267511f928765e83e45707effeff8c6a600fd47d,siwmv2::sha256:058844c2912461ff7ae58e32267511f928765e83e45707effeff8c6a600fd47d,1,
Live/Live_442.avi,b6821a7c0ef8ed842718ec36871b71c94d45374df1d5dbc2cfcad1350c7d6780,siwmv2::sha256:b6821a7c0ef8ed842718ec36871b71c94d45374df1d5dbc2cfcad1350c7d6780,1,
Live/Live_443.avi,a4b20710b9c1a2d780d74c212f2278717c7d4d45760dded106258026f3a29a64,siwmv2::sha256:a4b20710b9c1a2d780d74c212f2278717c7d4d45760dded106258026f3a29a64,1,
Live/Live_444.avi,c99c5aa1857b304a93368ac46c640c28ab5725da7c25c797aebf301fbe086c26,siwmv2::sha256:c99c5aa1857b304a93368ac46c640c28ab5725da7c25c797aebf301fbe086c26,1,
Live/Live_445.avi,77adcc907ee3dd4807634f92e288882a75841af5f2ab0cf4ad5a19aa70df0ffe,siwmv2::sha256:77adcc907ee3dd4807634f92e288882a75841af5f2ab0cf4ad5a19aa70df0ffe,1,
Live/Live_446.avi,00b9c7085b37129ef8014d0c3dd2f0165be1714de75213936ff874a6cc6e599e,siwmv2::sha256:00b9c7085b37129ef8014d0c3dd2f0165be1714de75213936ff874a6cc6e599e,1,
Live/Live_447.avi,e89b7d7c79c19c70b04a4fda53d50799bbd58b37658a2a43084d7e9e79fb7d1c,siwmv2::sha256:e89b7d7c79c19c70b04a4fda53d50799bbd58b37658a2a43084d7e9e79fb7d1c,1,
Live/Live_448.avi,e6d2f66337d42adfa298982de266de2140e522c0e12e5da466b300a230605d02,siwmv2::sha256:e6d2f66337d42adfa298982de266de2140e522c0e12e5da466b300a230605d02,1,
Live/Live_449.avi,7eaac0fa53168a265bfb1e258277ba9630f047cfa5aa384b0accf9ec7b08df4c,siwmv2::sha256:7eaac0fa53168a265bfb1e258277ba9630f047cfa5aa384b0accf9ec7b08df4c,1,
Live/Live_45.mov,faf262ddf1d6748c9283df29cf197abb46e5aeaa78d2e6207086040d2a4bcffa,siwmv2::sha256:faf262ddf1d6748c9283df29cf197abb46e5aeaa78d2e6207086040d2a4bcffa,1,
Live/Live_450.avi,e9452edb7bc29346d481f9f6ca3867a021093a73a370bdb6dbab8ec35b3fbc6f,siwmv2::sha256:e9452edb7bc29346d481f9f6ca3867a021093a73a370bdb6dbab8ec35b3fbc6f,1,
Live/Live_451.avi,334e661e771120fbd970f219af56c3d5922be548a493e36e5f5ef74bd310a10f,siwmv2::sha256:334e661e771120fbd970f219af56c3d5922be548a493e36e5f5ef74bd310a10f,1,
Live/Live_452.avi,d0133068173a279d1ef9d4f26e7805231e99e8460035e13e80ff4013906d9c20,siwmv2::sha256:d0133068173a279d1ef9d4f26e7805231e99e8460035e13e80ff4013906d9c20,1,
Live/Live_453.avi,a4ccb7160860aed11f7debe52427d00936f3c7a8612041b91900ca98331612f1,siwmv2::sha256:a4ccb7160860aed11f7debe52427d00936f3c7a8612041b91900ca98331612f1,1,
Live/Live_454.avi,a5aa0a30bbff490ec100c544b17b8f7f92386e7752b2c9fecbb8c4ace650b7f6,siwmv2::sha256:a5aa0a30bbff490ec100c544b17b8f7f92386e7752b2c9fecbb8c4ace650b7f6,1,
Live/Live_455.avi,22f490257ca86001c41af3d2e4ce2c45e0f2f8a48a2346398f85854c1af99b87,siwmv2::sha256:22f490257ca86001c41af3d2e4ce2c45e0f2f8a48a2346398f85854c1af99b87,1,
Live/Live_456.avi,1c54fb2e4cb5074c55eb9c64e5b0fd79a46faffdff1c4d2440deda5144136eef,siwmv2::sha256:1c54fb2e4cb5074c55eb9c64e5b0fd79a46faffdff1c4d2440deda5144136eef,1,
Live/Live_457.avi,a1bc075ea76bfd35178a53f18dbc5692c2a596ec1418fed9790ba2062146984a,siwmv2::sha256:a1bc075ea76bfd35178a53f18dbc5692c2a596ec1418fed9790ba2062146984a,1,
Live/Live_458.avi,42d48ef5ef7b976209a393663ed559598646bf7e8b63a15268166b15f070ece1,siwmv2::sha256:42d48ef5ef7b976209a393663ed559598646bf7e8b63a15268166b15f070ece1,1,
Live/Live_459.avi,cd4d03b59fee36b23654de58f029f0c80c98ece86debbbf3b6e10ff39a98c22c,siwmv2::sha256:cd4d03b59fee36b23654de58f029f0c80c98ece86debbbf3b6e10ff39a98c22c,1,
Live/Live_46.mov,d1d1fb04e57dd9d33095f30aadec923b6adf0d7de2082a88129c747be1e08a50,siwmv2::sha256:d1d1fb04e57dd9d33095f30aadec923b6adf0d7de2082a88129c747be1e08a50,1,
Live/Live_460.avi,7492ff2740893210b81de54a5ad65e89fbf8f4cc1240c662249895bc747db84e,siwmv2::sha256:7492ff2740893210b81de54a5ad65e89fbf8f4cc1240c662249895bc747db84e,1,
Live/Live_461.avi,7d47b407fab4f8b4f9a548a5700bb8f7e2bc7f94f2b8194a0be5837439f8a114,siwmv2::sha256:7d47b407fab4f8b4f9a548a5700bb8f7e2bc7f94f2b8194a0be5837439f8a114,1,
Live/Live_462.avi,b4a8d2310d1d018549199909147d43ec455a64091d85f0f3f3667ec928f31382,siwmv2::sha256:b4a8d2310d1d018549199909147d43ec455a64091d85f0f3f3667ec928f31382,1,
Live/Live_463.avi,de82997f3c698da79201ad445b40843bb11461839ee29f5f948cc8c6a7dd47c2,siwmv2::sha256:de82997f3c698da79201ad445b40843bb11461839ee29f5f948cc8c6a7dd47c2,1,
Live/Live_464.avi,4747063409b4137cd30e4750f375fe9a5b7aa2df0d23cbb3152964d1020db446,siwmv2::sha256:4747063409b4137cd30e4750f375fe9a5b7aa2df0d23cbb3152964d1020db446,1,
Live/Live_465.avi,2c5ede8cc4492fc90f432bc12002b4f59400ae448074a61a99f40b358d5d4a30,siwmv2::sha256:2c5ede8cc4492fc90f432bc12002b4f59400ae448074a61a99f40b358d5d4a30,1,
Live/Live_466.avi,4eec6c6f3705ab248c9f30bf273eae22e0d1bdd16e56b11e76dc0fadb53f8849,siwmv2::sha256:4eec6c6f3705ab248c9f30bf273eae22e0d1bdd16e56b11e76dc0fadb53f8849,1,
Live/Live_467.avi,5172b8922bbec5c09674cba42499b8b3467ef1436825c3b1879869e6e074a7a7,siwmv2::sha256:5172b8922bbec5c09674cba42499b8b3467ef1436825c3b1879869e6e074a7a7,1,
Live/Live_468.avi,0b45f099b50777b02c6dc95a0a9881daf798ca8a40ce0b785195db54746ba898,siwmv2::sha256:0b45f099b50777b02c6dc95a0a9881daf798ca8a40ce0b785195db54746ba898,1,
Live/Live_469.avi,35dea3b75d1cd95e0b48fb87eae2442adf785e78c99f276ebbf0f2a3f823655c,siwmv2::sha256:35dea3b75d1cd95e0b48fb87eae2442adf785e78c99f276ebbf0f2a3f823655c,1,
Live/Live_47.mov,8cb886bb679b10488cb610c8d2dfdc049f95b68fa0cd5b5aa243fa4ab04bc2d7,siwmv2::sha256:8cb886bb679b10488cb610c8d2dfdc049f95b68fa0cd5b5aa243fa4ab04bc2d7,1,
Live/Live_470.avi,b08960ecd2b0881e81108dbf89da0d09355ced95926bf7424ab6a3bcf9b63b8d,siwmv2::sha256:b08960ecd2b0881e81108dbf89da0d09355ced95926bf7424ab6a3bcf9b63b8d,1,
Live/Live_471.avi,9146c5bc0531e108825f5141636f9d0e2557c2b18aa6af7bfef2dedea88866ec,siwmv2::sha256:9146c5bc0531e108825f5141636f9d0e2557c2b18aa6af7bfef2dedea88866ec,1,
Live/Live_472.avi,13763b20e2076648de3b139452cb2a66692c58efc11aec0ba8e42cef3e8483e5,siwmv2::sha256:13763b20e2076648de3b139452cb2a66692c58efc11aec0ba8e42cef3e8483e5,1,
Live/Live_473.avi,3b9732e734761a054e9806f497e6194ff67ad3d27003ced45454848d600c9833,siwmv2::sha256:3b9732e734761a054e9806f497e6194ff67ad3d27003ced45454848d600c9833,1,
Live/Live_474.avi,1153a8af64f36f5f216c78a40778a09ddd8f298701ed76903bc19d03fafef148,siwmv2::sha256:1153a8af64f36f5f216c78a40778a09ddd8f298701ed76903bc19d03fafef148,1,
Live/Live_475.avi,fb8263db8f74b6c2438a8fd589d68cdd08a5f792caa398e184fdef391595a33b,siwmv2::sha256:fb8263db8f74b6c2438a8fd589d68cdd08a5f792caa398e184fdef391595a33b,1,
Live/Live_476.avi,a9ea44dc61c085c2cfeaab99103c01d080c42b64d9af00e1cbee063e3e1a76a4,siwmv2::sha256:a9ea44dc61c085c2cfeaab99103c01d080c42b64d9af00e1cbee063e3e1a76a4,1,
Live/Live_477.avi,d65026a67d0622a66ee14262b37496b56df0553bb4b6f071f7858a685f83992d,siwmv2::sha256:d65026a67d0622a66ee14262b37496b56df0553bb4b6f071f7858a685f83992d,1,
Live/Live_478.avi,35d2221b66d8f043ee3a9a7704dedea0f350169f319515c6c26eedec306935ca,siwmv2::sha256:35d2221b66d8f043ee3a9a7704dedea0f350169f319515c6c26eedec306935ca,1,
Live/Live_479.avi,3eabe52aa3f47fb924757ad8fad1be95b199621bfcf3c53960d81e1bf7a625ca,siwmv2::sha256:3eabe52aa3f47fb924757ad8fad1be95b199621bfcf3c53960d81e1bf7a625ca,1,
Live/Live_48.mov,0fc4ad860811daa3af8fbd5d7fa5800b23ce17579e118122fd79cbbbfbc5ec85,siwmv2::sha256:0fc4ad860811daa3af8fbd5d7fa5800b23ce17579e118122fd79cbbbfbc5ec85,1,
Live/Live_480.avi,26d1dbb69610662062e419607675988b4ac0d103d5cc9f85913b010724f13d9f,siwmv2::sha256:26d1dbb69610662062e419607675988b4ac0d103d5cc9f85913b010724f13d9f,1,
Live/Live_481.avi,ef3aeacb6248d0d72c57e82138e7798206088bacdac8d8de22de430f727c449a,siwmv2::sha256:ef3aeacb6248d0d72c57e82138e7798206088bacdac8d8de22de430f727c449a,1,
Live/Live_482.avi,a17b269773e67d01addd14d60dabddaa95280a5d5e9c583f4dff310afb0f6079,siwmv2::sha256:a17b269773e67d01addd14d60dabddaa95280a5d5e9c583f4dff310afb0f6079,1,
Live/Live_483.avi,4a0a9ed52abfbd52b3b51d1b531f2a23f08d1026d110ad2b2ef69ae9d4710ef6,siwmv2::sha256:4a0a9ed52abfbd52b3b51d1b531f2a23f08d1026d110ad2b2ef69ae9d4710ef6,1,
Live/Live_484.avi,1921f2598ec58f7140bd979c187d7dc8490fe19ca04c6c3880cce8e5a3beee60,siwmv2::sha256:1921f2598ec58f7140bd979c187d7dc8490fe19ca04c6c3880cce8e5a3beee60,1,
Live/Live_485.avi,c3d22962f0b4ce62776f574bf87b2d3a6b436e86426a9eadad6b4a9615ea29f2,siwmv2::sha256:c3d22962f0b4ce62776f574bf87b2d3a6b436e86426a9eadad6b4a9615ea29f2,1,
Live/Live_486.avi,f30e929f5e6287b8d69abb5f9492f14544a39e1744dfade7bd56ccab6f46dd8a,siwmv2::sha256:f30e929f5e6287b8d69abb5f9492f14544a39e1744dfade7bd56ccab6f46dd8a,1,
Live/Live_487.avi,d6104f35d5585cf7e4cdf5debf12fe69ab7c5d20502b559651c9c5a9bf76f5cb,siwmv2::sha256:d6104f35d5585cf7e4cdf5debf12fe69ab7c5d20502b559651c9c5a9bf76f5cb,1,
Live/Live_488.avi,4e44d32bb21ca256c22fe8898f3b7a9990c52e3d67b3f838a12e415a1df9be6d,siwmv2::sha256:4e44d32bb21ca256c22fe8898f3b7a9990c52e3d67b3f838a12e415a1df9be6d,1,
Live/Live_489.avi,dfac6669cf5f83f96c4ba439110ed39c007b511f89008d6a17bec49e3d41303d,siwmv2::sha256:dfac6669cf5f83f96c4ba439110ed39c007b511f89008d6a17bec49e3d41303d,1,
Live/Live_49.mov,67a6b7e5794cfcbfd1f98a7bc386162f3a6413e2d34c3e402d19a024b5246dc7,siwmv2::sha256:67a6b7e5794cfcbfd1f98a7bc386162f3a6413e2d34c3e402d19a024b5246dc7,1,
Live/Live_490.avi,4fd5a1b7b37dc8500369b19334371bb6b093b2e45b3bfb9720661a98c70024a3,siwmv2::sha256:4fd5a1b7b37dc8500369b19334371bb6b093b2e45b3bfb9720661a98c70024a3,1,
Live/Live_491.avi,91923b3377b9c82a52bed43b690bce09c541ec28a54b84b4d7ef69db4aff527d,siwmv2::sha256:91923b3377b9c82a52bed43b690bce09c541ec28a54b84b4d7ef69db4aff527d,1,
Live/Live_492.avi,19e8a02f33696357308fe8c2e5c5e749e7b28e9df3c35110e2e3547699c057bd,siwmv2::sha256:19e8a02f33696357308fe8c2e5c5e749e7b28e9df3c35110e2e3547699c057bd,1,
Live/Live_493.avi,2c1d151d7db1a26a92e5aa6d7c38054c8dacd1fb100ae9c69f8a4da55dca9ce3,siwmv2::sha256:2c1d151d7db1a26a92e5aa6d7c38054c8dacd1fb100ae9c69f8a4da55dca9ce3,1,
Live/Live_494.avi,e7fd030aee026dee31a8e1132c795245aee4dfeb1be1809054119d7a713bf0fd,siwmv2::sha256:e7fd030aee026dee31a8e1132c795245aee4dfeb1be1809054119d7a713bf0fd,1,
Live/Live_495.avi,ed54d2a7bf88b510d6643ce775b106384f6836dadb74f55eb6b05843cf8576cd,siwmv2::sha256:ed54d2a7bf88b510d6643ce775b106384f6836dadb74f55eb6b05843cf8576cd,1,
Live/Live_496.avi,d68e3319d6ada139cd5691ba6f713034a0630f8178cbb64605ca09e617d9b8c1,siwmv2::sha256:d68e3319d6ada139cd5691ba6f713034a0630f8178cbb64605ca09e617d9b8c1,1,
Live/Live_497.avi,b748b445c48617802656baa47c7966888a69b9035becff88d8c54111b498d908,siwmv2::sha256:b748b445c48617802656baa47c7966888a69b9035becff88d8c54111b498d908,1,
Live/Live_498.avi,f22999f5a51b45a3b17bd7c5ae94561fa2edc829d27778be6fc784786df08129,siwmv2::sha256:f22999f5a51b45a3b17bd7c5ae94561fa2edc829d27778be6fc784786df08129,1,
Live/Live_499.avi,496d79d1af4310684e091d410af2b77e7f9c549c7f4917339eb812978e769be6,siwmv2::sha256:496d79d1af4310684e091d410af2b77e7f9c549c7f4917339eb812978e769be6,1,
Live/Live_5.mov,c51919a6cc3e8b1588dbd62e9d7291b33bc4536a8f945701a928cdca56788dea,siwmv2::sha256:c51919a6cc3e8b1588dbd62e9d7291b33bc4536a8f945701a928cdca56788dea,1,
Live/Live_50.mov,67b185e8fde73f129380033867f9826eb93939d18451484feaeeb2a232df4a6b,siwmv2::sha256:67b185e8fde73f129380033867f9826eb93939d18451484feaeeb2a232df4a6b,1,
Live/Live_500.avi,c93f5709b86ad41b0d74f602a96adba74a48cb34f9719f55163e5a7ee4262f91,siwmv2::sha256:c93f5709b86ad41b0d74f602a96adba74a48cb34f9719f55163e5a7ee4262f91,1,
Live/Live_501.avi,4de7535b767d96188c5f493ff40f672b9a9d8283029fa5298161974fe94d4a45,siwmv2::sha256:4de7535b767d96188c5f493ff40f672b9a9d8283029fa5298161974fe94d4a45,1,
Live/Live_502.avi,30f01dce2f93c3d30db4bfd1a5a4b6eba69d390120008ecef66041b1e8523ca0,siwmv2::sha256:30f01dce2f93c3d30db4bfd1a5a4b6eba69d390120008ecef66041b1e8523ca0,1,
Live/Live_503.avi,14bd160849e3800f022fbf708e742453b21f07a18ac01a26077f83f606f0abf9,siwmv2::sha256:14bd160849e3800f022fbf708e742453b21f07a18ac01a26077f83f606f0abf9,1,
Live/Live_504.avi,985e237401cca55d1c133f11dd48668aad1a28e3c2f45800466dc33081df67e4,siwmv2::sha256:985e237401cca55d1c133f11dd48668aad1a28e3c2f45800466dc33081df67e4,1,
Live/Live_51.mov,238b59110cb75ba4a23de2dd762705605e34c2f974fa4aad578474500086f171,siwmv2::sha256:238b59110cb75ba4a23de2dd762705605e34c2f974fa4aad578474500086f171,1,
Live/Live_52.mov,06921203fb4ad7e24f80fcffc615b697aaf4fcd7ef4e890b1b31cfb7b79db360,siwmv2::sha256:06921203fb4ad7e24f80fcffc615b697aaf4fcd7ef4e890b1b31cfb7b79db360,1,
Live/Live_53.mov,bef76830461408f72cecd6b2e0cc7fcd5118c7fe77ac03b2c0654860bc0bdf06,siwmv2::sha256:bef76830461408f72cecd6b2e0cc7fcd5118c7fe77ac03b2c0654860bc0bdf06,1,
Live/Live_54.mov,7f74d266c15048e69dc0732bc59c4321daf24adf4d96f47624864b1f78d369cb,siwmv2::sha256:7f74d266c15048e69dc0732bc59c4321daf24adf4d96f47624864b1f78d369cb,1,
Live/Live_55.mov,40fd1184e9fb69a10d7fdd5901ae62bbf3ac851ccf7194d8acb9eb504e6100fd,siwmv2::sha256:40fd1184e9fb69a10d7fdd5901ae62bbf3ac851ccf7194d8acb9eb504e6100fd,1,
Live/Live_56.mov,a267142f551c775cd62386a5c7df9f57b7836da3754a08f8b355da766d7e4694,siwmv2::sha256:a267142f551c775cd62386a5c7df9f57b7836da3754a08f8b355da766d7e4694,1,
Live/Live_57.mov,c2f831c10ff26a8c71601e9ab065f54d7188a0d092e5e07e130fca107b833ac8,siwmv2::sha256:c2f831c10ff26a8c71601e9ab065f54d7188a0d092e5e07e130fca107b833ac8,1,
Live/Live_58.mov,e81c27acba907a309960f400eb715740e6277873b3bff219a4c224fae9f2acf6,siwmv2::sha256:e81c27acba907a309960f400eb715740e6277873b3bff219a4c224fae9f2acf6,1,
Live/Live_59.mov,65dd49527f770be50fec4a9d35cd1dfc70cae3acb84c4998801ceb0dfc9b6803,siwmv2::sha256:65dd49527f770be50fec4a9d35cd1dfc70cae3acb84c4998801ceb0dfc9b6803,1,
Live/Live_6.mov,f8dbc098a1bedb970b0fb1a43ba3e817f7adce1685138b0648489d88311a7644,siwmv2::sha256:f8dbc098a1bedb970b0fb1a43ba3e817f7adce1685138b0648489d88311a7644,1,
Live/Live_60.mov,1660c2f6216f71c8b0c2a835ac7d01e99adacb3f908b8e51f598db415fb42213,siwmv2::sha256:1660c2f6216f71c8b0c2a835ac7d01e99adacb3f908b8e51f598db415fb42213,1,
Live/Live_61.mov,fefa71dbb13ed6c3ec052938cda61443ab2b9c33b85a0c051fc2a1cf7af8ebf1,siwmv2::sha256:fefa71dbb13ed6c3ec052938cda61443ab2b9c33b85a0c051fc2a1cf7af8ebf1,1,
Live/Live_610.mov,4af2cb625c7fd5c12ec52d263604c240f826a662c6c576c01413b192bfc50f4d,siwmv2::sha256:4af2cb625c7fd5c12ec52d263604c240f826a662c6c576c01413b192bfc50f4d,1,
Live/Live_611.mov,3bfd8c47f70e62381312db6086ead736e62965d9dfde406f7d1fce4b07a45e92,siwmv2::sha256:3bfd8c47f70e62381312db6086ead736e62965d9dfde406f7d1fce4b07a45e92,1,
Live/Live_612.mov,8f1fcc9ecfc35210d6bfc4c0bab389a525501b8e47aa3ae619a16d303eed62bc,siwmv2::sha256:8f1fcc9ecfc35210d6bfc4c0bab389a525501b8e47aa3ae619a16d303eed62bc,1,
Live/Live_613.mov,8e63948d8ecd2cb89cbf7e6384ad57deafefefae11516bbb98d9145246f41024,siwmv2::sha256:8e63948d8ecd2cb89cbf7e6384ad57deafefefae11516bbb98d9145246f41024,1,
Live/Live_614.mov,bb4da15f23bf58552490981431cca41b8595b99bb9b35e9dcf3992b80c5a357e,siwmv2::sha256:bb4da15f23bf58552490981431cca41b8595b99bb9b35e9dcf3992b80c5a357e,1,
Live/Live_615.mov,d83942a9c6cac11ceae8234c5f8dcc70c77000946ee640cac62d39d016e0d351,siwmv2::sha256:d83942a9c6cac11ceae8234c5f8dcc70c77000946ee640cac62d39d016e0d351,1,
Live/Live_616.mov,2c87d5458b687c5379e65d7a3411d7473b5afd9503dcb2ad67a8f193388117de,siwmv2::sha256:2c87d5458b687c5379e65d7a3411d7473b5afd9503dcb2ad67a8f193388117de,1,
Live/Live_617.mov,f2fccc04558476ab2d9b0d06829e137ec736832176fe22999f9ddee3f804e844,siwmv2::sha256:f2fccc04558476ab2d9b0d06829e137ec736832176fe22999f9ddee3f804e844,1,
Live/Live_618.mov,fcbcd6af26ca82738ade7f74ebf01266a29fd57a5ee7d53b3b70719276965280,siwmv2::sha256:fcbcd6af26ca82738ade7f74ebf01266a29fd57a5ee7d53b3b70719276965280,1,
Live/Live_619.mov,48af25d9991e46ab8dd68687a0809bafb2e86873ac3258bb8cca69420df08dce,siwmv2::sha256:48af25d9991e46ab8dd68687a0809bafb2e86873ac3258bb8cca69420df08dce,1,
Live/Live_62.mov,4ac5563aafd695f6121bcb1244bce070ddd4fa2a984efc8e9cab0bf00c2db45d,siwmv2::sha256:4ac5563aafd695f6121bcb1244bce070ddd4fa2a984efc8e9cab0bf00c2db45d,1,
Live/Live_620.mov,c47eddd2f07322a388825b4e852a67846e85b527a080250f82100719ad3b3cdf,siwmv2::sha256:c47eddd2f07322a388825b4e852a67846e85b527a080250f82100719ad3b3cdf,1,
Live/Live_621.mov,379c802ae7edf342203e03a689a0743fcff5b48914fc44bfd01630f758651e23,siwmv2::sha256:379c802ae7edf342203e03a689a0743fcff5b48914fc44bfd01630f758651e23,1,
Live/Live_622.mov,fba8ca674c41b0d1565f7fa6042d5e8916585f134750dfdd48d1e9501864285e,siwmv2::sha256:fba8ca674c41b0d1565f7fa6042d5e8916585f134750dfdd48d1e9501864285e,1,
Live/Live_623.mov,64e017206968fbce2acb0a8b5bb7077d98eade421e7672a7d789b94db2cf6d16,siwmv2::sha256:64e017206968fbce2acb0a8b5bb7077d98eade421e7672a7d789b94db2cf6d16,1,
Live/Live_624.mov,ac437f0886c9a044440506fc4754a2120456d1f762a9038a8ba6898f049b4511,siwmv2::sha256:ac437f0886c9a044440506fc4754a2120456d1f762a9038a8ba6898f049b4511,1,
Live/Live_625.mov,e31b8f858496786d8e919848174b48fd456d2f09a4e17b7af652ecf54580b38a,siwmv2::sha256:e31b8f858496786d8e919848174b48fd456d2f09a4e17b7af652ecf54580b38a,1,
Live/Live_626.mov,2bd1b84b72cfe4b02f6872d038f6c243d5665a5bceb9a4edb3ec868879ac4ce2,siwmv2::sha256:2bd1b84b72cfe4b02f6872d038f6c243d5665a5bceb9a4edb3ec868879ac4ce2,1,
Live/Live_627.mov,8a2f699ffe7e70c57232d90c1948ab2a44eab99c09113b5d9fbdc2b8a404d6ce,siwmv2::sha256:8a2f699ffe7e70c57232d90c1948ab2a44eab99c09113b5d9fbdc2b8a404d6ce,1,
Live/Live_628.mov,788296de66803b1a0c6bf8571581d122bf76064d12a95a673f570c9936a26bad,siwmv2::sha256:788296de66803b1a0c6bf8571581d122bf76064d12a95a673f570c9936a26bad,1,
Live/Live_629.mov,cd483dc9164525feede592dc0f6cd90af76f7416476aad5dedb64f1d813ea427,siwmv2::sha256:cd483dc9164525feede592dc0f6cd90af76f7416476aad5dedb64f1d813ea427,1,
Live/Live_63.mov,b5c2918334a4541f5ab229853a5196cc27655e1f3fded3deab9cc1342dc67001,siwmv2::sha256:b5c2918334a4541f5ab229853a5196cc27655e1f3fded3deab9cc1342dc67001,1,
Live/Live_630.mov,eb31fc302200933fdaae57debcecfd0e09478e120520b2f6ea5af2c0e2abfa43,siwmv2::sha256:eb31fc302200933fdaae57debcecfd0e09478e120520b2f6ea5af2c0e2abfa43,1,
Live/Live_631.mov,022dd1915c3434beadacce82929a1cb41a0335a8396f80fd18ca5c163712267a,siwmv2::sha256:022dd1915c3434beadacce82929a1cb41a0335a8396f80fd18ca5c163712267a,1,
Live/Live_632.mov,92912383aa433af18378394f97271d1137adf50204d2dc5619580d46172734f2,siwmv2::sha256:92912383aa433af18378394f97271d1137adf50204d2dc5619580d46172734f2,1,
Live/Live_633.mov,a408a41a67e5fd9eab27362bef63371de1ec98182a875b8ad1a59c0dbff0d548,siwmv2::sha256:a408a41a67e5fd9eab27362bef63371de1ec98182a875b8ad1a59c0dbff0d548,1,
Live/Live_634.mov,e56ce20da23186573a7d0c98158012d3f5d1a921a2b6641167602c6309feb550,siwmv2::sha256:e56ce20da23186573a7d0c98158012d3f5d1a921a2b6641167602c6309feb550,1,
Live/Live_635.mov,72ffbb8e2faec0f4ba22aea1e50b244606b10f74d5f72d903f7213b7833352c7,siwmv2::sha256:72ffbb8e2faec0f4ba22aea1e50b244606b10f74d5f72d903f7213b7833352c7,1,
Live/Live_636.mov,9d2bbb6463e183b685b237a0a29495282d48303f46d5271af69c369c37c68e36,siwmv2::sha256:9d2bbb6463e183b685b237a0a29495282d48303f46d5271af69c369c37c68e36,1,
Live/Live_637.mov,4ed3abf5b868e2264f511473492bd3d9d9c9f1a498fceaa88853477c5f86473e,siwmv2::sha256:4ed3abf5b868e2264f511473492bd3d9d9c9f1a498fceaa88853477c5f86473e,1,
Live/Live_638.mov,cd48fc6cf5b1cddd3e9b0bec466aa284641f7f6a039a394e7e491b91fbcf7cd4,siwmv2::sha256:cd48fc6cf5b1cddd3e9b0bec466aa284641f7f6a039a394e7e491b91fbcf7cd4,1,
Live/Live_639.mov,671daf47e8deb66702e534d06c3bd19ad40373d191d6c43f000710adc8ecc542,siwmv2::sha256:671daf47e8deb66702e534d06c3bd19ad40373d191d6c43f000710adc8ecc542,1,
Live/Live_64.mov,4d224a525e3b7f6df864f779238d19ab51a6d53296f286ffe52abbe05cfaced0,siwmv2::sha256:4d224a525e3b7f6df864f779238d19ab51a6d53296f286ffe52abbe05cfaced0,1,
Live/Live_640.mov,0c07a75d0b6599cc1566fd8910980d1cbe297efd777b4856aff5e0417cc9420c,siwmv2::sha256:0c07a75d0b6599cc1566fd8910980d1cbe297efd777b4856aff5e0417cc9420c,1,
Live/Live_641.mov,f4f2cebef06e8948dfc1495961a2fa8712b0b3add688fd54d7a6536401c72669,siwmv2::sha256:f4f2cebef06e8948dfc1495961a2fa8712b0b3add688fd54d7a6536401c72669,1,
Live/Live_642.mov,35d69f324ceb7cc4f17b994e13a8aca204f1096c00f9aa8ac30ba312e2e7f24a,siwmv2::sha256:35d69f324ceb7cc4f17b994e13a8aca204f1096c00f9aa8ac30ba312e2e7f24a,1,
Live/Live_643.mov,71fc072f6dfaa49fdda8acfe70fc2e06344cd1466f2990c2a830b56e0ae8650e,siwmv2::sha256:71fc072f6dfaa49fdda8acfe70fc2e06344cd1466f2990c2a830b56e0ae8650e,1,
Live/Live_644.mov,fe802c4062d41f0c02f926cb6e8e226b46a0fa17ccc7938c48d0c25fd09a1e9c,siwmv2::sha256:fe802c4062d41f0c02f926cb6e8e226b46a0fa17ccc7938c48d0c25fd09a1e9c,1,
Live/Live_645.mov,6ab6bc3480dcb76c25d18a10b6bd1af63b99d1329cfe1099a114894abf936656,siwmv2::sha256:6ab6bc3480dcb76c25d18a10b6bd1af63b99d1329cfe1099a114894abf936656,1,
Live/Live_646.mov,ba1b05517aa3ae513aba7814d2ae40dbf368d17e92f399b81a621bde70b04d0b,siwmv2::sha256:ba1b05517aa3ae513aba7814d2ae40dbf368d17e92f399b81a621bde70b04d0b,1,
Live/Live_647.mov,99b543e8bcba9a734a31dc2295131439ae2b9671faa240d674a4a2a40a0bc2ea,siwmv2::sha256:99b543e8bcba9a734a31dc2295131439ae2b9671faa240d674a4a2a40a0bc2ea,1,
Live/Live_648.mov,ef2d4319cc09c1e1da504b800ba212b9faa0c793b54ade1200fd230922f83240,siwmv2::sha256:ef2d4319cc09c1e1da504b800ba212b9faa0c793b54ade1200fd230922f83240,1,
Live/Live_649.mov,d5c2c9d4273e5c8b776e3193d52d27ade2124b06e89ede2c12020857e151c1b0,siwmv2::sha256:d5c2c9d4273e5c8b776e3193d52d27ade2124b06e89ede2c12020857e151c1b0,1,
Live/Live_65.mov,80b291011bbf6ca0edff852e3485ddf53955220cbc4e74f05a94723b4f6cab5b,siwmv2::sha256:80b291011bbf6ca0edff852e3485ddf53955220cbc4e74f05a94723b4f6cab5b,1,
Live/Live_650.mov,502fbf152740435bdf30e4d8d1f71e2064479111de3943c39f7505891d010d69,siwmv2::sha256:502fbf152740435bdf30e4d8d1f71e2064479111de3943c39f7505891d010d69,1,
Live/Live_651.mov,888fafc8ebf151a78873ac6f7be355231fb5520b5db97a6190ed7cac1915b10c,siwmv2::sha256:888fafc8ebf151a78873ac6f7be355231fb5520b5db97a6190ed7cac1915b10c,1,
Live/Live_652.mov,11e12e1d8501b0cb65cc1c6422e89758fde5f98e5af3b8846defa9b991030020,siwmv2::sha256:11e12e1d8501b0cb65cc1c6422e89758fde5f98e5af3b8846defa9b991030020,1,
Live/Live_653.mov,18686c27453166bc611d75d17808158b02a83d47880028628f010ee7e62f59bb,siwmv2::sha256:18686c27453166bc611d75d17808158b02a83d47880028628f010ee7e62f59bb,1,
Live/Live_654.mov,0a0c22db3741c0062150574f4a486055637df20fc9810f0410eb89459c38b91d,siwmv2::sha256:0a0c22db3741c0062150574f4a486055637df20fc9810f0410eb89459c38b91d,1,
Live/Live_655.mov,88fe0ed14b6e8a571001adf9b16605920db27621e3d293b2b0e2da46c9129261,siwmv2::sha256:88fe0ed14b6e8a571001adf9b16605920db27621e3d293b2b0e2da46c9129261,1,
Live/Live_656.mov,6e7ffad461b9bbe2362a2250c7beccdf02c70798b81e3c0f003a16c74a93c8ac,siwmv2::sha256:6e7ffad461b9bbe2362a2250c7beccdf02c70798b81e3c0f003a16c74a93c8ac,1,
Live/Live_657.mov,4490f3bfcd52ddf55524e2273b01cdcfa89904e9a4f8326e5b524eaa548532ae,siwmv2::sha256:4490f3bfcd52ddf55524e2273b01cdcfa89904e9a4f8326e5b524eaa548532ae,1,
Live/Live_658.mov,038aa37b32dcec41b0f9e280dc9fcd8bd65298052089630a0b3deb57f9ef9136,siwmv2::sha256:038aa37b32dcec41b0f9e280dc9fcd8bd65298052089630a0b3deb57f9ef9136,1,
Live/Live_659.mov,eccc3b8d107678c6ad735374a451caf33abd1aeac2e362c5d8bc93cfc2bd9251,siwmv2::sha256:eccc3b8d107678c6ad735374a451caf33abd1aeac2e362c5d8bc93cfc2bd9251,1,
Live/Live_66.mov,100bbaeba2ec0db4b5745dfae90a4671b14ab0727c27e9ed464ac3db0b40b435,siwmv2::sha256:100bbaeba2ec0db4b5745dfae90a4671b14ab0727c27e9ed464ac3db0b40b435,1,
Live/Live_660.mov,9d1cdd753496b677422eff94abe3c99b9e3255ddfc616e32457abd84f0d61afd,siwmv2::sha256:9d1cdd753496b677422eff94abe3c99b9e3255ddfc616e32457abd84f0d61afd,1,
Live/Live_661.mp4,bd6b429985cbb84e19b9646d5e154754497cad173c2a5b72c393c1a11682b558,siwmv2::sha256:bd6b429985cbb84e19b9646d5e154754497cad173c2a5b72c393c1a11682b558,1,
Live/Live_662.mp4,e9f6ce6f8e8978f90ac803b0468eacd4aa79dd6499e13be9bf73fd817b371552,siwmv2::sha256:e9f6ce6f8e8978f90ac803b0468eacd4aa79dd6499e13be9bf73fd817b371552,1,
Live/Live_663.mp4,02f7058512039e1e53d13e9da1a2049d22a874a0570e092eddc4dbc1a8e80138,siwmv2::sha256:02f7058512039e1e53d13e9da1a2049d22a874a0570e092eddc4dbc1a8e80138,1,
Live/Live_664.mp4,62ca6a33c9caeafb35937b8186586b471bc0c33d69e0610b497dae5b85ea4fbb,siwmv2::sha256:62ca6a33c9caeafb35937b8186586b471bc0c33d69e0610b497dae5b85ea4fbb,1,
Live/Live_665.mp4,9de21704c7e021b5f049fdd7ed125004d6b3f1ac4f285d0fd3b74e149c3056cf,siwmv2::sha256:9de21704c7e021b5f049fdd7ed125004d6b3f1ac4f285d0fd3b74e149c3056cf,1,
Live/Live_666.mp4,268519a48c605067f5270c9bd3bd74b25b05ff411e8c7ff5a939591ceab6e5d7,siwmv2::sha256:268519a48c605067f5270c9bd3bd74b25b05ff411e8c7ff5a939591ceab6e5d7,1,
Live/Live_667.mp4,62a108f696605e0ed8c54b73cbbdef3a02aac4cd8537a11a8d768fd67a016867,siwmv2::sha256:62a108f696605e0ed8c54b73cbbdef3a02aac4cd8537a11a8d768fd67a016867,1,
Live/Live_668.mp4,0c5e5d399b671ef87c38d57f0521bf4f553bd0cea44870a435d4f0bf232d33af,siwmv2::sha256:0c5e5d399b671ef87c38d57f0521bf4f553bd0cea44870a435d4f0bf232d33af,1,
Live/Live_669.mp4,f7db0931e4094a5bc6b805c851431120b6b1e7a67f362db3835c1a1ce6c91341,siwmv2::sha256:f7db0931e4094a5bc6b805c851431120b6b1e7a67f362db3835c1a1ce6c91341,1,
Live/Live_67.mov,31b87da24a70a53c2eb800d3f9bca09cb8405f5f55c88273a04a303f2c4c3a47,siwmv2::sha256:31b87da24a70a53c2eb800d3f9bca09cb8405f5f55c88273a04a303f2c4c3a47,1,
Live/Live_670.mp4,7837b908b03d14a5d9b0ca917a0eccc62d2ed09c1a42ab953aa68958b1836fd1,siwmv2::sha256:7837b908b03d14a5d9b0ca917a0eccc62d2ed09c1a42ab953aa68958b1836fd1,1,
Live/Live_671.mp4,bde240b974496660d4449f68f06f32b1a1ee2af677149f629ccc2b00356e7438,siwmv2::sha256:bde240b974496660d4449f68f06f32b1a1ee2af677149f629ccc2b00356e7438,1,
Live/Live_672.mp4,c2d36357ba07f4d46149daf370b454dddbdd69adbb5658bdcb8e0bea18c09dbe,siwmv2::sha256:c2d36357ba07f4d46149daf370b454dddbdd69adbb5658bdcb8e0bea18c09dbe,1,
Live/Live_673.mp4,fd17bfe13ee4eb318f0bb3ba22b253ddfaa969527c7dcebcc2799fd55a6b5789,siwmv2::sha256:fd17bfe13ee4eb318f0bb3ba22b253ddfaa969527c7dcebcc2799fd55a6b5789,1,
Live/Live_674.mp4,838c5078fef678204e55801d74237c58ffa16f16e715afb23d23be8795933695,siwmv2::sha256:838c5078fef678204e55801d74237c58ffa16f16e715afb23d23be8795933695,1,
Live/Live_675.mp4,df8d0537a9cad041ff020f44f0b65e59fd47068bcc4365f2b05b6648c2693439,siwmv2::sha256:df8d0537a9cad041ff020f44f0b65e59fd47068bcc4365f2b05b6648c2693439,1,
Live/Live_676.mp4,f7edc22b5a01cc140a0c95e59913e552e6059bbdefad7e2a16cffb42a6b9bf13,siwmv2::sha256:f7edc22b5a01cc140a0c95e59913e552e6059bbdefad7e2a16cffb42a6b9bf13,1,
Live/Live_677.mp4,db7d861a349cccbb6bcd6f07cf7087d5de9e082c7f55eb8dc37ae81fb9a34945,siwmv2::sha256:db7d861a349cccbb6bcd6f07cf7087d5de9e082c7f55eb8dc37ae81fb9a34945,1,
Live/Live_678.mp4,e5e8e81a18ff4180ae8aca37b8d7c25e6ae3f9e4c40fa497f9dee3ef64ddcd47,siwmv2::sha256:e5e8e81a18ff4180ae8aca37b8d7c25e6ae3f9e4c40fa497f9dee3ef64ddcd47,1,
Live/Live_679.mp4,81f9ea2aee422fd15f7fbeeb1a29a0cd7d240ce10631beed48d7aa1fd041ea60,siwmv2::sha256:81f9ea2aee422fd15f7fbeeb1a29a0cd7d240ce10631beed48d7aa1fd041ea60,1,
Live/Live_68.mov,601db3c5358c4a911495653d378fed9c8a5f8ee10becbb6a5fe331b817fbaf1b,siwmv2::sha256:601db3c5358c4a911495653d378fed9c8a5f8ee10becbb6a5fe331b817fbaf1b,1,
Live/Live_680.mp4,0acb850206b1e76afcce55f21d7dbb1150885eacae1951cfdaa1e7af2724f19e,siwmv2::sha256:0acb850206b1e76afcce55f21d7dbb1150885eacae1951cfdaa1e7af2724f19e,1,
Live/Live_681.mp4,c12110f5bc071a0d75c6a74d7723241b4d6b1c96428c4baed7ea1d59cd9f41ec,siwmv2::sha256:c12110f5bc071a0d75c6a74d7723241b4d6b1c96428c4baed7ea1d59cd9f41ec,1,
Live/Live_682.mp4,37800c18d499859a0bd9c1bc3875e1efa0da8b347489eea03e31a352bd992934,siwmv2::sha256:37800c18d499859a0bd9c1bc3875e1efa0da8b347489eea03e31a352bd992934,1,
Live/Live_683.mp4,be090bb996db7a56fdaa20a6a28550b12ce3821a3b7eabb07458c86ec33f0f8c,siwmv2::sha256:be090bb996db7a56fdaa20a6a28550b12ce3821a3b7eabb07458c86ec33f0f8c,1,
Live/Live_684.mp4,9c96838863e961ce421ed497a73d26dd538101273af4906d9b38a9d3cd5e29d7,siwmv2::sha256:9c96838863e961ce421ed497a73d26dd538101273af4906d9b38a9d3cd5e29d7,1,
Live/Live_685.mp4,d11cc847823fae9dc0bf28650b30d8d3441a759d022b209cf17846b4b358c96f,siwmv2::sha256:d11cc847823fae9dc0bf28650b30d8d3441a759d022b209cf17846b4b358c96f,1,
Live/Live_686.mp4,73b5e4555c28249d7be7dae2627f4d471291c8a40fdb09d7f464164914b308f2,siwmv2::sha256:73b5e4555c28249d7be7dae2627f4d471291c8a40fdb09d7f464164914b308f2,1,
Live/Live_687.mp4,bbc5eafd31d57bd4d62183d0aed058165004eb641b7e0253623b2b4aed82f12a,siwmv2::sha256:bbc5eafd31d57bd4d62183d0aed058165004eb641b7e0253623b2b4aed82f12a,1,
Live/Live_688.mp4,a730aa7294c11334d49d59452b94a2495fcf46cb4e9557db0ea62e0fa34e2ccc,siwmv2::sha256:a730aa7294c11334d49d59452b94a2495fcf46cb4e9557db0ea62e0fa34e2ccc,1,
Live/Live_689.mp4,e3bccb405bbcff2f0db1ad0fc26dcbbae51c0273aab17d03a51ed8c1523bab28,siwmv2::sha256:e3bccb405bbcff2f0db1ad0fc26dcbbae51c0273aab17d03a51ed8c1523bab28,1,
Live/Live_69.mov,b0ca9c9501e96df5c8f9071c240f05eb13fbd527ef4993da53ee2c18039a422d,siwmv2::sha256:b0ca9c9501e96df5c8f9071c240f05eb13fbd527ef4993da53ee2c18039a422d,1,
Live/Live_690.mp4,e5f68a7e2ad9b44bac028978797ccb29104d8a7f364cc5d3a6451e40767d5e6c,siwmv2::sha256:e5f68a7e2ad9b44bac028978797ccb29104d8a7f364cc5d3a6451e40767d5e6c,1,
Live/Live_691.mp4,d02a01f3dbddfe26228d71c779a3de9365067a8a3dab082ac16b530bf16cc04d,siwmv2::sha256:d02a01f3dbddfe26228d71c779a3de9365067a8a3dab082ac16b530bf16cc04d,1,
Live/Live_692.mp4,3b8dda53d0f74e3ef6e72565a748edecf964bae53ca53c8e37756c38b2fbc761,siwmv2::sha256:3b8dda53d0f74e3ef6e72565a748edecf964bae53ca53c8e37756c38b2fbc761,1,
Live/Live_693.mp4,49a889c639c2e8fb863c2e2108a230359c2083065cd39a665b5fb98892b63f90,siwmv2::sha256:49a889c639c2e8fb863c2e2108a230359c2083065cd39a665b5fb98892b63f90,1,
Live/Live_694.mp4,563679e446c0c2168133a83332c9341e23732342333d5deb8f9cd1f61760ef56,siwmv2::sha256:563679e446c0c2168133a83332c9341e23732342333d5deb8f9cd1f61760ef56,1,
Live/Live_695.mp4,35a1bd76420a09cab80ca558ad6443c88e0061146647103164d116ba54db1c95,siwmv2::sha256:35a1bd76420a09cab80ca558ad6443c88e0061146647103164d116ba54db1c95,1,
Live/Live_696.mp4,3db4bd545154892922c7612ae81a22a5c1a90d8b3dc05649ab6c2a6fcb12a972,siwmv2::sha256:3db4bd545154892922c7612ae81a22a5c1a90d8b3dc05649ab6c2a6fcb12a972,1,
Live/Live_697.mp4,08031515b3f4a15ec350a101810e142449a8e276d86d8bb3f856757c204288fb,siwmv2::sha256:08031515b3f4a15ec350a101810e142449a8e276d86d8bb3f856757c204288fb,1,
Live/Live_698.mp4,961cc966fca909bf19773cadc3a068da7d416a1cf5353a851454aeec4621ac4f,siwmv2::sha256:961cc966fca909bf19773cadc3a068da7d416a1cf5353a851454aeec4621ac4f,1,
Live/Live_699.mp4,8207fd86d88827b1eb1ea371b1829e48bd4fc4945e43413d79e867c89a77fce5,siwmv2::sha256:8207fd86d88827b1eb1ea371b1829e48bd4fc4945e43413d79e867c89a77fce5,1,
Live/Live_7.mov,5c66b4c787fef4f2ffd093a9872450142a996a8bf37e97e8acfc852521c80e20,siwmv2::sha256:5c66b4c787fef4f2ffd093a9872450142a996a8bf37e97e8acfc852521c80e20,1,
Live/Live_70.mov,4d480316648db1c17b3a810bd098314a4a8cfdabdf5587ccdf861b82544d44f4,siwmv2::sha256:4d480316648db1c17b3a810bd098314a4a8cfdabdf5587ccdf861b82544d44f4,1,
Live/Live_700.mp4,3fdd500f6543fbf5cf491251e7b0f09d38cb71ec3911d82cfd3b64a853a76a12,siwmv2::sha256:3fdd500f6543fbf5cf491251e7b0f09d38cb71ec3911d82cfd3b64a853a76a12,1,
Live/Live_701.mp4,6116ccc1b3cab92ba4c3142b1d438fcb93f14814c64fdde114488b1fd2871f53,siwmv2::sha256:6116ccc1b3cab92ba4c3142b1d438fcb93f14814c64fdde114488b1fd2871f53,1,
Live/Live_702.mp4,3a642d608c99d475ab28c2d6d3c401a775b1d089227721963c9aae7e164b0155,siwmv2::sha256:3a642d608c99d475ab28c2d6d3c401a775b1d089227721963c9aae7e164b0155,1,
Live/Live_703.mp4,c66d5915d10f503e063b6d2f017702fb0a18be19048e8bff07661ddb5b7b4c0e,siwmv2::sha256:c66d5915d10f503e063b6d2f017702fb0a18be19048e8bff07661ddb5b7b4c0e,1,
Live/Live_704.mp4,195c42d71481a3dfbea4a93287ed4111e430473b7611c72f1128788e8acf3d9a,siwmv2::sha256:195c42d71481a3dfbea4a93287ed4111e430473b7611c72f1128788e8acf3d9a,1,
Live/Live_705.mp4,6ba31e65fe2a41ca8fddcaca6ddae4d0cd79b3dff5937c6b1028503ae4e2e0e5,siwmv2::sha256:6ba31e65fe2a41ca8fddcaca6ddae4d0cd79b3dff5937c6b1028503ae4e2e0e5,1,
Live/Live_706.mp4,1bbd5378082a4267530d1615347d9aa925ca1d1044168b932b557b60a7b8a6a5,siwmv2::sha256:1bbd5378082a4267530d1615347d9aa925ca1d1044168b932b557b60a7b8a6a5,1,
Live/Live_707.mp4,e6d912efa6748dacbd879d153e389b0a6801798a2e35b85c02573e137ba8c10c,siwmv2::sha256:e6d912efa6748dacbd879d153e389b0a6801798a2e35b85c02573e137ba8c10c,1,
Live/Live_708.mp4,bae542d61b40d35936254dbb1a8323b68a6009ad84d71930113f272c0795556f,siwmv2::sha256:bae542d61b40d35936254dbb1a8323b68a6009ad84d71930113f272c0795556f,1,
Live/Live_709.mp4,9815ba4ced800e7272f4ac06ebc9104bb54899708883218492f59b5ed4326c69,siwmv2::sha256:9815ba4ced800e7272f4ac06ebc9104bb54899708883218492f59b5ed4326c69,1,
Live/Live_71.mov,b32cfa80f3c7a57fd8826f3f9a1058f4044876fee62b84bdb753a8dbc98141aa,siwmv2::sha256:b32cfa80f3c7a57fd8826f3f9a1058f4044876fee62b84bdb753a8dbc98141aa,1,
Live/Live_710.mp4,a5bf0c6dd166a1b6ab1af7e92ad564dcc77cef1bb11559b1541acb62901b1524,siwmv2::sha256:a5bf0c6dd166a1b6ab1af7e92ad564dcc77cef1bb11559b1541acb62901b1524,1,
Live/Live_711.mp4,0597d7a4423cbef7ef76870e0acb4429d8efc6a931d2058107a606925b0b0e80,siwmv2::sha256:0597d7a4423cbef7ef76870e0acb4429d8efc6a931d2058107a606925b0b0e80,1,
Live/Live_712.mp4,cd81b93d16a128d656d4476e022fbae0fc2a61f24612c54844e258869e45b9cb,siwmv2::sha256:cd81b93d16a128d656d4476e022fbae0fc2a61f24612c54844e258869e45b9cb,1,
Live/Live_713.mp4,4285816e8931f1dbdb09e20b43fdabdb22104d861716244e2128c4f4239a807b,siwmv2::sha256:4285816e8931f1dbdb09e20b43fdabdb22104d861716244e2128c4f4239a807b,1,
Live/Live_714.mp4,acd6881f3339bf64594a0bd05217ff5fc952aca925eb5dda919da3bfc285f9cb,siwmv2::sha256:acd6881f3339bf64594a0bd05217ff5fc952aca925eb5dda919da3bfc285f9cb,1,
Live/Live_715.mp4,18252ba39afdbc5f0bfac02f1ed89af80841ff03bde340926041ea6b997d583b,siwmv2::sha256:18252ba39afdbc5f0bfac02f1ed89af80841ff03bde340926041ea6b997d583b,1,
Live/Live_716.mp4,142c9de0f45640b6b01e283ebcf145942742bcdcb6486fa9477558004652e23d,siwmv2::sha256:142c9de0f45640b6b01e283ebcf145942742bcdcb6486fa9477558004652e23d,1,
Live/Live_717.mp4,200752373dfadcf4fcee6e0d51f49b43d14e22724c9726da9daed40a096f8045,siwmv2::sha256:200752373dfadcf4fcee6e0d51f49b43d14e22724c9726da9daed40a096f8045,1,
Live/Live_718.mp4,b282832a4b8be57f35aeed9be367d5766188c8d3b5a48e941684fb5f7b9fd61b,siwmv2::sha256:b282832a4b8be57f35aeed9be367d5766188c8d3b5a48e941684fb5f7b9fd61b,1,
Live/Live_719.mp4,62fe454ecf518b96dc1773274c5bb03d96247ec3b539aedb6646c3c1b22c5207,siwmv2::sha256:62fe454ecf518b96dc1773274c5bb03d96247ec3b539aedb6646c3c1b22c5207,1,
Live/Live_72.mov,8d64e5077833a6ac992b79116bdaeb794864dea1bcb3c0cca04f1dd657e8c575,siwmv2::sha256:8d64e5077833a6ac992b79116bdaeb794864dea1bcb3c0cca04f1dd657e8c575,1,
Live/Live_720.mp4,0d657561c73e4cd033931157cccf582eb4f452ede8eb1b46803b935ba7d1379a,siwmv2::sha256:0d657561c73e4cd033931157cccf582eb4f452ede8eb1b46803b935ba7d1379a,1,
Live/Live_721.mp4,1da09b3555b664256649ceeaec5f9217dd3df47624115736d087c849107a1d6d,siwmv2::sha256:1da09b3555b664256649ceeaec5f9217dd3df47624115736d087c849107a1d6d,1,
Live/Live_722.mp4,71b14cf04526a32393bb17157acfb084b6748dc20593cd730bb04f84e8f05aff,siwmv2::sha256:71b14cf04526a32393bb17157acfb084b6748dc20593cd730bb04f84e8f05aff,1,
Live/Live_723.mp4,97d2cf76de120f1d5f4607905c0da4e21d8b73cf30ed24a56c06918259d84cb3,siwmv2::sha256:97d2cf76de120f1d5f4607905c0da4e21d8b73cf30ed24a56c06918259d84cb3,1,
Live/Live_724.mp4,05b03c57868b2fdf3bd5d7aed7f36030a13822c052ca39a08e2bc26787715487,siwmv2::sha256:05b03c57868b2fdf3bd5d7aed7f36030a13822c052ca39a08e2bc26787715487,1,
Live/Live_725.mp4,3cf90b73bf575d62a8b75153b89407babb73e7c0d9a6e4c6025ca8ab50cdab57,siwmv2::sha256:3cf90b73bf575d62a8b75153b89407babb73e7c0d9a6e4c6025ca8ab50cdab57,1,
Live/Live_726.mp4,4341d81a3f0ab7aca44e6262b20de45fe0e6eabdc4b876729075ec51aadbfcd9,siwmv2::sha256:4341d81a3f0ab7aca44e6262b20de45fe0e6eabdc4b876729075ec51aadbfcd9,1,
Live/Live_727.mp4,c718721f7390a56ccb5e1074f61acb1dd36bee10af3f9ad1adae52c8aac66f3b,siwmv2::sha256:c718721f7390a56ccb5e1074f61acb1dd36bee10af3f9ad1adae52c8aac66f3b,1,
Live/Live_728.mp4,f9e6bc9f9f6c7c6f06f0c072736559783075eac5598f6f8204697f206d690d96,siwmv2::sha256:f9e6bc9f9f6c7c6f06f0c072736559783075eac5598f6f8204697f206d690d96,1,
Live/Live_729.mp4,8cb2cc3e7fecbd5e02e6ee9a75b9131decd98290c118c976c6bc58ce79e01c4e,siwmv2::sha256:8cb2cc3e7fecbd5e02e6ee9a75b9131decd98290c118c976c6bc58ce79e01c4e,1,
Live/Live_73.mov,2da5557a9b61f1166e6852b6c8c922fbf4db415e0734b3887750044d7419dae0,siwmv2::sha256:2da5557a9b61f1166e6852b6c8c922fbf4db415e0734b3887750044d7419dae0,1,
Live/Live_730.mp4,8e85994db74799ebb2ccf8a0abbd24f25e17c67118010e9f717cb5d38bcf81cd,siwmv2::sha256:8e85994db74799ebb2ccf8a0abbd24f25e17c67118010e9f717cb5d38bcf81cd,1,
Live/Live_731.mp4,f95b744e1ba81047938d0233bd01a4b2d9f815ee9df5f71ab74135d9294454f1,siwmv2::sha256:f95b744e1ba81047938d0233bd01a4b2d9f815ee9df5f71ab74135d9294454f1,1,
Live/Live_732.mp4,c585c216883f72b06174fbd54963c210e83f20af737e40c620e79956fcb1b455,siwmv2::sha256:c585c216883f72b06174fbd54963c210e83f20af737e40c620e79956fcb1b455,1,
Live/Live_733.mp4,07bb94266b40ad5d8265b15fa7d9a0857c56e151b2cc9b4e7a26254b2a3b24c3,siwmv2::sha256:07bb94266b40ad5d8265b15fa7d9a0857c56e151b2cc9b4e7a26254b2a3b24c3,1,
Live/Live_734.mp4,fb7622a0457c46d5eb5eb85b8e40c602cfa5bbb39f4ccae9a3cddf5bc17247e4,siwmv2::sha256:fb7622a0457c46d5eb5eb85b8e40c602cfa5bbb39f4ccae9a3cddf5bc17247e4,1,
Live/Live_735.mp4,983d45675012eccdf521caa45aecb91a76ece5b1afbee80ccad9170e0bd8ec0a,siwmv2::sha256:983d45675012eccdf521caa45aecb91a76ece5b1afbee80ccad9170e0bd8ec0a,1,
Live/Live_736.mp4,e0e27aaa1727dcfc95f4fa8cce127cffae5f1368b047fbd27941607cff60d0df,siwmv2::sha256:e0e27aaa1727dcfc95f4fa8cce127cffae5f1368b047fbd27941607cff60d0df,1,
Live/Live_737.mp4,aeaee4172fbfa785d90d2a332df50b1a96fb6943652a2a6505125f2937a87741,siwmv2::sha256:aeaee4172fbfa785d90d2a332df50b1a96fb6943652a2a6505125f2937a87741,1,
Live/Live_738.mp4,085ba80e44c477a288d2c0722d287f839b84c09b9ab1cc72b5f96af6fc1e9c51,siwmv2::sha256:085ba80e44c477a288d2c0722d287f839b84c09b9ab1cc72b5f96af6fc1e9c51,1,
Live/Live_739.mp4,0123bd1636e5cad46194f914312d2ccf9b5a5f75f6a6e0f7d1b6dae948573d5d,siwmv2::sha256:0123bd1636e5cad46194f914312d2ccf9b5a5f75f6a6e0f7d1b6dae948573d5d,1,
Live/Live_74.mov,9745a63369096598053640cdb9b83e49e7a9b048761d27b8619fe86d539aef56,siwmv2::sha256:9745a63369096598053640cdb9b83e49e7a9b048761d27b8619fe86d539aef56,1,
Live/Live_740.mp4,c3f96d8081af958f99e3c2a5be144d0e011f01dd7d75c31b1853ce8d4ff804ea,siwmv2::sha256:c3f96d8081af958f99e3c2a5be144d0e011f01dd7d75c31b1853ce8d4ff804ea,1,
Live/Live_741.mp4,a08a50214f507d99f92974d03519aa24717de6ddee97a1f27f74661303fcc433,siwmv2::sha256:a08a50214f507d99f92974d03519aa24717de6ddee97a1f27f74661303fcc433,1,
Live/Live_742.mp4,1157c75e8a56a50a32b6dd098858688bddd9b3eee60f61e6043866dfe3e93c93,siwmv2::sha256:1157c75e8a56a50a32b6dd098858688bddd9b3eee60f61e6043866dfe3e93c93,1,
Live/Live_743.mp4,af610dbc1fc749e68c09297e545a2b6c2a06a4ac444e3447ce4ce765f713a1d6,siwmv2::sha256:af610dbc1fc749e68c09297e545a2b6c2a06a4ac444e3447ce4ce765f713a1d6,1,
Live/Live_744.mp4,b18a1c99d1bb4a38f3cc8ad56051569996f21a741f0559bdca7db15eaf94c86d,siwmv2::sha256:b18a1c99d1bb4a38f3cc8ad56051569996f21a741f0559bdca7db15eaf94c86d,1,
Live/Live_745.mp4,e05d80e45e64d0e834a0751ff5df510b7635aed21b474994f622a405ba08ae90,siwmv2::sha256:e05d80e45e64d0e834a0751ff5df510b7635aed21b474994f622a405ba08ae90,1,
Live/Live_746.mp4,6d555ffa37e86a2565e95d469a645e02933e006b4dc60e983699067881894c71,siwmv2::sha256:6d555ffa37e86a2565e95d469a645e02933e006b4dc60e983699067881894c71,1,
Live/Live_747.mp4,de7e9f6582de1a07465ae66f645630306e284b200d2a52518448d22c595419b4,siwmv2::sha256:de7e9f6582de1a07465ae66f645630306e284b200d2a52518448d22c595419b4,1,
Live/Live_748.mp4,312603f0f43b8474ecab509d4286c2a9c69295eadb7dcc06b3eb5380d32e9537,siwmv2::sha256:312603f0f43b8474ecab509d4286c2a9c69295eadb7dcc06b3eb5380d32e9537,1,
Live/Live_749.mp4,1ceb600572a7cb8cc2af2a520f61cd1cdea262f72e481d028fea2a3d030e0619,siwmv2::sha256:1ceb600572a7cb8cc2af2a520f61cd1cdea262f72e481d028fea2a3d030e0619,1,
Live/Live_75.mov,acc093893a14e0b0e2b4183f4ec6945572e9e32b09f5a81e097ca6d2958a2e00,siwmv2::sha256:acc093893a14e0b0e2b4183f4ec6945572e9e32b09f5a81e097ca6d2958a2e00,1,
Live/Live_750.mp4,901435595fb3326ca9fd23c840b697d33e02913f47c726893a336d3fd91db94d,siwmv2::sha256:901435595fb3326ca9fd23c840b697d33e02913f47c726893a336d3fd91db94d,1,
Live/Live_751.mp4,cd305ee8a8a86f8bc0330c882d8daecc928fb56a806efc30df8eff03968deeb7,siwmv2::sha256:cd305ee8a8a86f8bc0330c882d8daecc928fb56a806efc30df8eff03968deeb7,1,
Live/Live_752.mp4,62299a2e98b94048cd23aae334f574e3f48cfbc662af3cae5583dc3c9ece674d,siwmv2::sha256:62299a2e98b94048cd23aae334f574e3f48cfbc662af3cae5583dc3c9ece674d,1,
Live/Live_753.mp4,117a2a1a8920c0fc3c6af9cb94bf8330428eb46e60569c515bba8112a366ef0e,siwmv2::sha256:117a2a1a8920c0fc3c6af9cb94bf8330428eb46e60569c515bba8112a366ef0e,1,
Live/Live_754.mp4,96e8e2c32fdf2448a8466711415ef1ca16a160deb94a6a3c051eb820e7d99e36,siwmv2::sha256:96e8e2c32fdf2448a8466711415ef1ca16a160deb94a6a3c051eb820e7d99e36,1,
Live/Live_755.mp4,63c09d9f1721d754fd3256ff60d93adf3df77f8db15966dc08dc598f23e83a8a,siwmv2::sha256:63c09d9f1721d754fd3256ff60d93adf3df77f8db15966dc08dc598f23e83a8a,1,
Live/Live_756.mp4,40584ab814c962faceaa3d208d5f02f151c84f94549b00ad4896ff00a150418c,siwmv2::sha256:40584ab814c962faceaa3d208d5f02f151c84f94549b00ad4896ff00a150418c,1,
Live/Live_757.mp4,2fcaeca5835bd893154c4a503f3e4dae0dbda695a4b0d45d3e93016ba5778e88,siwmv2::sha256:2fcaeca5835bd893154c4a503f3e4dae0dbda695a4b0d45d3e93016ba5778e88,1,
Live/Live_758.mp4,b20c34c482e726e7035082af3c9430c6df6301161a973f7d18842c9b6af922f6,siwmv2::sha256:b20c34c482e726e7035082af3c9430c6df6301161a973f7d18842c9b6af922f6,1,
Live/Live_759.mp4,64689966c79199991855e0669b962e72ebb9e6724520077b13ca45cd39d31c2e,siwmv2::sha256:64689966c79199991855e0669b962e72ebb9e6724520077b13ca45cd39d31c2e,1,
Live/Live_76.mov,d35a2ace020581807260d23b65413b212b23e5dcfea48a60b29ab993df188398,siwmv2::sha256:d35a2ace020581807260d23b65413b212b23e5dcfea48a60b29ab993df188398,1,
Live/Live_760.mp4,e05c3858df702df15a45a7ea51d37a4fe2b80f734ce25319dd341574e61b799b,siwmv2::sha256:e05c3858df702df15a45a7ea51d37a4fe2b80f734ce25319dd341574e61b799b,1,
Live/Live_761.mp4,3eaf71980fe98b4d4afdfb03a31b018f7d37876a373fbf87354c36e01b5d33b5,siwmv2::sha256:3eaf71980fe98b4d4afdfb03a31b018f7d37876a373fbf87354c36e01b5d33b5,1,
Live/Live_762.mp4,fc2207dbb2d36d2760ef1c4a04c5a27cb00d7c197c9bca434a1646992cd1c6b9,siwmv2::sha256:fc2207dbb2d36d2760ef1c4a04c5a27cb00d7c197c9bca434a1646992cd1c6b9,1,
Live/Live_763.mp4,ec2c2a19ab3f9b4eb8be5621fa84cb4a40d51e5ded609113610b285c713e437e,siwmv2::sha256:ec2c2a19ab3f9b4eb8be5621fa84cb4a40d51e5ded609113610b285c713e437e,1,
Live/Live_764.mp4,9ea6b0c42446b49198ac3a1859231f98c224da6be336169f745f243f44ff4567,siwmv2::sha256:9ea6b0c42446b49198ac3a1859231f98c224da6be336169f745f243f44ff4567,1,
Live/Live_765.mp4,2115cd0abffcce18867dcda824594ab3b081f53123c4487a0b0c52c85b40c794,siwmv2::sha256:2115cd0abffcce18867dcda824594ab3b081f53123c4487a0b0c52c85b40c794,1,
Live/Live_766.mp4,0b79b88039996d9a678ab6c7ef9b190960822352b08203d910847c1babc47b90,siwmv2::sha256:0b79b88039996d9a678ab6c7ef9b190960822352b08203d910847c1babc47b90,1,
Live/Live_767.mp4,063e26bd93764c624fa45362422bd52f1fe7fee4ffb31f7ce02755e125611d84,siwmv2::sha256:063e26bd93764c624fa45362422bd52f1fe7fee4ffb31f7ce02755e125611d84,1,
Live/Live_768.mp4,e49b0d0089d8b6a7a5b82ebce9781b83110a31c1d344b648f97ac75a17e3f485,siwmv2::sha256:e49b0d0089d8b6a7a5b82ebce9781b83110a31c1d344b648f97ac75a17e3f485,1,
Live/Live_769.mp4,ae577c3373a8712c55d2db4f985de34747aa3821b3121394e4426ec61909a0eb,siwmv2::sha256:ae577c3373a8712c55d2db4f985de34747aa3821b3121394e4426ec61909a0eb,1,
Live/Live_77.mov,b795dbcdc31e9aea5c070228ce719d7eddafaee86a60f74d8ffca14027c730a5,siwmv2::sha256:b795dbcdc31e9aea5c070228ce719d7eddafaee86a60f74d8ffca14027c730a5,1,
Live/Live_770.mp4,eabec8ee136136dada0281995df4215f8aa1e3900a3cba9633854e75fe83a4cd,siwmv2::sha256:eabec8ee136136dada0281995df4215f8aa1e3900a3cba9633854e75fe83a4cd,1,
Live/Live_771.mp4,f6d6ec1fe78c3e4aa75387a8339f893047e972eccfc072a07bf7ba078247a8bb,siwmv2::sha256:f6d6ec1fe78c3e4aa75387a8339f893047e972eccfc072a07bf7ba078247a8bb,1,
Live/Live_772.mp4,0567c00edae822100a4af6c44d741103f1278001f5a421f51a6e45b05631e3c5,siwmv2::sha256:0567c00edae822100a4af6c44d741103f1278001f5a421f51a6e45b05631e3c5,1,
Live/Live_773.mp4,76377c3bb0bd04e56de3628d2d104cc90833fc1cb2f3336bb215dbb0d2d9953e,siwmv2::sha256:76377c3bb0bd04e56de3628d2d104cc90833fc1cb2f3336bb215dbb0d2d9953e,1,
Live/Live_774.mp4,83a868a29ce9fc55a20b98a169218b2edee8ec787ff6921d52d767730d4f3eba,siwmv2::sha256:83a868a29ce9fc55a20b98a169218b2edee8ec787ff6921d52d767730d4f3eba,1,
Live/Live_775.mp4,87a522c222330fc2663975354bd4450337652a1cd843277d2adb9384be5c4057,siwmv2::sha256:87a522c222330fc2663975354bd4450337652a1cd843277d2adb9384be5c4057,1,
Live/Live_776.mp4,936c46f83e9889925c658b4eddee72d4060c6ac5974e20334a7e9365b45962a6,siwmv2::sha256:936c46f83e9889925c658b4eddee72d4060c6ac5974e20334a7e9365b45962a6,1,
Live/Live_777.mp4,dd905b37958e9e7383703742d04535cb88396b86ad68843108ed8d22541a8402,siwmv2::sha256:dd905b37958e9e7383703742d04535cb88396b86ad68843108ed8d22541a8402,1,
Live/Live_778.mp4,6e362a3b557b80eb0ecab0fec82a3042b6ad2b9848dda63e8e7051655d96449e,siwmv2::sha256:6e362a3b557b80eb0ecab0fec82a3042b6ad2b9848dda63e8e7051655d96449e,1,
Live/Live_779.mp4,94308a5f691e8dca13f5d30188fafeffdb951a7f76c600d4ce124da51576b7ba,siwmv2::sha256:94308a5f691e8dca13f5d30188fafeffdb951a7f76c600d4ce124da51576b7ba,1,
Live/Live_78.mov,4162a2ee9e20204e91148bc9a7d71d36eb9519fe6b1ec08e73dbcfaa00294acf,siwmv2::sha256:4162a2ee9e20204e91148bc9a7d71d36eb9519fe6b1ec08e73dbcfaa00294acf,1,
Live/Live_780.mp4,e7da2f60d2e7dc22b4d20ff21a49678b512ffc4e56b4a3b6aea21ef6978a8590,siwmv2::sha256:e7da2f60d2e7dc22b4d20ff21a49678b512ffc4e56b4a3b6aea21ef6978a8590,1,
Live/Live_781.mp4,47dc7868b978634461aef4196f4ced4c6335d79559175b80cd7d0fb213cc4454,siwmv2::sha256:47dc7868b978634461aef4196f4ced4c6335d79559175b80cd7d0fb213cc4454,1,
Live/Live_782.mp4,3e942d998ae7ccb29084a17f345d21b3dd1d2bfd0fd442b71415569f0e43e3ef,siwmv2::sha256:3e942d998ae7ccb29084a17f345d21b3dd1d2bfd0fd442b71415569f0e43e3ef,1,
Live/Live_783.mp4,7cea27ecc7d30391ad8eef80257263e6aee02d84c6462d632d9e992641a5da52,siwmv2::sha256:7cea27ecc7d30391ad8eef80257263e6aee02d84c6462d632d9e992641a5da52,1,
Live/Live_784.mp4,5ce9ccbcfb6e5d183baac1e9cb61cd6b415233dd82b955c276f686d981176bc3,siwmv2::sha256:5ce9ccbcfb6e5d183baac1e9cb61cd6b415233dd82b955c276f686d981176bc3,1,
Live/Live_785.mp4,a7b735321cfffe58a3cc903e6144313a0ac7cb8675930f4f18e54ffdc15db1b0,siwmv2::sha256:a7b735321cfffe58a3cc903e6144313a0ac7cb8675930f4f18e54ffdc15db1b0,1,
Live/Live_786.mp4,e6885eae215f9633956befde5eb2ee8d7170a80f4aa846c61116ff14666d49fe,siwmv2::sha256:e6885eae215f9633956befde5eb2ee8d7170a80f4aa846c61116ff14666d49fe,1,
Live/Live_787.mp4,0b1dc5f31475030394257ef71da1c9bc2224d69d29ac632e1d5cd501024e945e,siwmv2::sha256:0b1dc5f31475030394257ef71da1c9bc2224d69d29ac632e1d5cd501024e945e,1,
Live/Live_788.mp4,bda5c4e745078a447ebdbe92e39193198194bcfb0755cc8a6af079fec330a9dd,siwmv2::sha256:bda5c4e745078a447ebdbe92e39193198194bcfb0755cc8a6af079fec330a9dd,1,
Live/Live_789.mp4,8ac1da3e383b9a4435c4d0d02b8eb361a83aceff82d37890d5be1432265bbf49,siwmv2::sha256:8ac1da3e383b9a4435c4d0d02b8eb361a83aceff82d37890d5be1432265bbf49,1,
Live/Live_79.mov,cb86fdbe9c78a5ee503679a64524e5cb96b50aa6465d28b05cacaf34b9821b2c,siwmv2::sha256:cb86fdbe9c78a5ee503679a64524e5cb96b50aa6465d28b05cacaf34b9821b2c,1,
Live/Live_790.mp4,523a2f72d091b30f45a51a223f3b8851724428bb57b561a69b6b376059cf91f4,siwmv2::sha256:523a2f72d091b30f45a51a223f3b8851724428bb57b561a69b6b376059cf91f4,1,
Live/Live_791.mp4,a4e33548708535cf15af167974993ed85905c482f8ef79a73406456c32cbd257,siwmv2::sha256:a4e33548708535cf15af167974993ed85905c482f8ef79a73406456c32cbd257,1,
Live/Live_792.mp4,3b6836f7b73909c2ccc37b317b4f301b3c3097a95234a42f4faf6282552ba255,siwmv2::sha256:3b6836f7b73909c2ccc37b317b4f301b3c3097a95234a42f4faf6282552ba255,1,
Live/Live_793.mp4,e042c5afa232ce542847ad375c1030e2e8bbcd3b4c448f0c206e28c0be01efa0,siwmv2::sha256:e042c5afa232ce542847ad375c1030e2e8bbcd3b4c448f0c206e28c0be01efa0,1,
Live/Live_794.mp4,b95ba871b3d13bf50ea9017a053568f4dfea62a40f02d258e235bdc45f1536e0,siwmv2::sha256:b95ba871b3d13bf50ea9017a053568f4dfea62a40f02d258e235bdc45f1536e0,1,
Live/Live_795.mp4,c5eab2660a00037563f4d6bd4acf916bf350adeafc2fe95161520cc8ffb4cc5b,siwmv2::sha256:c5eab2660a00037563f4d6bd4acf916bf350adeafc2fe95161520cc8ffb4cc5b,1,
Live/Live_796.mp4,a72deee059ddb089d9151675a2b7066406481cb2dcdbb17daab078e1a4d7f35a,siwmv2::sha256:a72deee059ddb089d9151675a2b7066406481cb2dcdbb17daab078e1a4d7f35a,1,
Live/Live_797.mp4,0e489f80e5dd963ee1a9c4fb4470798fd182d6649d4fc95a29cac2df63ac7a9d,siwmv2::sha256:0e489f80e5dd963ee1a9c4fb4470798fd182d6649d4fc95a29cac2df63ac7a9d,1,
Live/Live_798.mp4,66ad661be24d652d8214d8be28c58f100ea6c5af9a40998bf789e0089951a09b,siwmv2::sha256:66ad661be24d652d8214d8be28c58f100ea6c5af9a40998bf789e0089951a09b,1,
Live/Live_799.mp4,27ab1a1268fc7b6434816d1374cf19c72b963d8a9e6632f011538543d1f4acbe,siwmv2::sha256:27ab1a1268fc7b6434816d1374cf19c72b963d8a9e6632f011538543d1f4acbe,1,
Live/Live_8.mov,392c6cc14c1c628ee14db8d5c0ba331210995a40f0abefbf9cb3c2865d8420bf,siwmv2::sha256:392c6cc14c1c628ee14db8d5c0ba331210995a40f0abefbf9cb3c2865d8420bf,1,
Live/Live_80.mov,d8f6e079b6f56e5f9199726a66a2e62e3367f7f977ef1e79a02825af027d2168,siwmv2::sha256:d8f6e079b6f56e5f9199726a66a2e62e3367f7f977ef1e79a02825af027d2168,1,
Live/Live_800.mp4,adae8ed1dfdcd8ba3184034582e66bc6a0464e8c0f3b571053b6959360395e22,siwmv2::sha256:adae8ed1dfdcd8ba3184034582e66bc6a0464e8c0f3b571053b6959360395e22,1,
Live/Live_801.mp4,95557707bdea8b6f37f757997d1ab940ecee4e4b1710b1f33a1c33b6f0a8627d,siwmv2::sha256:95557707bdea8b6f37f757997d1ab940ecee4e4b1710b1f33a1c33b6f0a8627d,1,
Live/Live_802.mp4,ffc04caa29eae4f9c673266ef26aac4f6f86193c75b9dc4f6ac700a74873df60,siwmv2::sha256:ffc04caa29eae4f9c673266ef26aac4f6f86193c75b9dc4f6ac700a74873df60,1,
Live/Live_803.mp4,c1ea1dad7a69914b50f2f61cbac4eec87e442e1bb5b62a924f6fdaef8d6381e2,siwmv2::sha256:c1ea1dad7a69914b50f2f61cbac4eec87e442e1bb5b62a924f6fdaef8d6381e2,1,
Live/Live_804.mp4,1d90a316625048679695818bb39b24ce9b55a625a89f1b9c9e93aa3ac3c86a09,siwmv2::sha256:1d90a316625048679695818bb39b24ce9b55a625a89f1b9c9e93aa3ac3c86a09,1,
Live/Live_805.mp4,47e18dde8165035f9798f93978fab60284398f95450e7c1a7968db20bc18cfad,siwmv2::sha256:47e18dde8165035f9798f93978fab60284398f95450e7c1a7968db20bc18cfad,1,
Live/Live_806.mp4,2e81d07eea5dc6239b3d20bc6d9534fd5c36af5983205025a0e290e4f87e0582,siwmv2::sha256:2e81d07eea5dc6239b3d20bc6d9534fd5c36af5983205025a0e290e4f87e0582,1,
Live/Live_807.mp4,63f9e5daa3aee1770d8f74d0861acd11765bc3a55d90f988a5504f7c4f636d48,siwmv2::sha256:63f9e5daa3aee1770d8f74d0861acd11765bc3a55d90f988a5504f7c4f636d48,1,
Live/Live_808.mp4,b35672b1afe057b5581373b87887665b09dd9f4ad21aeede7127543757b0a27f,siwmv2::sha256:b35672b1afe057b5581373b87887665b09dd9f4ad21aeede7127543757b0a27f,1,
Live/Live_809.mp4,beb37c0b7129b241fb958ba27590e11ba776f3a6f123283f16bc8b89b440fc9e,siwmv2::sha256:beb37c0b7129b241fb958ba27590e11ba776f3a6f123283f16bc8b89b440fc9e,1,
Live/Live_81.mov,5f3531495d4512fbcde3af720bdebc2bbb0100b9d8d60797d4d5c4ea2cf89a5a,siwmv2::sha256:5f3531495d4512fbcde3af720bdebc2bbb0100b9d8d60797d4d5c4ea2cf89a5a,1,
Live/Live_810.mp4,146b920f0373a118c088d43c8183baa75cfc6df0d967167e3450892b2f892ab9,siwmv2::sha256:146b920f0373a118c088d43c8183baa75cfc6df0d967167e3450892b2f892ab9,1,
Live/Live_811.mp4,3c9841f83f4f3a6de37500129df296c983a9dde6d8433149d4a119bdd8a69366,siwmv2::sha256:3c9841f83f4f3a6de37500129df296c983a9dde6d8433149d4a119bdd8a69366,1,
Live/Live_812.mp4,8b50e813c3c1367fcf1d33dec02b993b40b12fb20de3b9582e1a89f095b78110,siwmv2::sha256:8b50e813c3c1367fcf1d33dec02b993b40b12fb20de3b9582e1a89f095b78110,1,
Live/Live_813.mp4,6395843f17dca3bce8946bc863706d53bc96e171dfb8c44d2e4394ee1a8dae36,siwmv2::sha256:6395843f17dca3bce8946bc863706d53bc96e171dfb8c44d2e4394ee1a8dae36,1,
Live/Live_814.mp4,e4f65ecb35fd6c5da1493c121b30e46030aeb5e471bcd6276fcb97b329f8f7a1,siwmv2::sha256:e4f65ecb35fd6c5da1493c121b30e46030aeb5e471bcd6276fcb97b329f8f7a1,1,
Live/Live_815.mp4,5c48017f0a7eb410abb57448e97f9a6b71ef5c668467040bcbfb8f5876429c6e,siwmv2::sha256:5c48017f0a7eb410abb57448e97f9a6b71ef5c668467040bcbfb8f5876429c6e,1,
Live/Live_816.mp4,e4bff28034a7ebdffac95b66fb04a9328098e76364d90e877b511dac34af60ba,siwmv2::sha256:e4bff28034a7ebdffac95b66fb04a9328098e76364d90e877b511dac34af60ba,1,
Live/Live_817.mp4,122a7b5db3e98cfc143c6dc1db289cd9d476b6e85f5993435116a0f56be29300,siwmv2::sha256:122a7b5db3e98cfc143c6dc1db289cd9d476b6e85f5993435116a0f56be29300,1,
Live/Live_818.mp4,58f25421c4fcda9239cb2ce6e5ae28f5bb0e3093557d4a223f25b4ef65225982,siwmv2::sha256:58f25421c4fcda9239cb2ce6e5ae28f5bb0e3093557d4a223f25b4ef65225982,1,
Live/Live_819.mp4,697a217f8c1259b96d2d4d9378ce3a46a04ea49eed53a3152a7b102496075697,siwmv2::sha256:697a217f8c1259b96d2d4d9378ce3a46a04ea49eed53a3152a7b102496075697,1,
Live/Live_82.mov,9eee31f00e452c201f3c6f883e6090b060e81516a29a94d11e81ef4207a56f45,siwmv2::sha256:9eee31f00e452c201f3c6f883e6090b060e81516a29a94d11e81ef4207a56f45,1,
Live/Live_820.mp4,3dee2f4adddaee1abdc95ce928fe6d6817a1326ee73995c3e9882e7496212bb6,siwmv2::sha256:3dee2f4adddaee1abdc95ce928fe6d6817a1326ee73995c3e9882e7496212bb6,1,
Live/Live_821.mp4,2138dd32dcdb2399d26018bed4ec20b518c869a2cc0f7ea29d941f8fe378cd4d,siwmv2::sha256:2138dd32dcdb2399d26018bed4ec20b518c869a2cc0f7ea29d941f8fe378cd4d,1,
Live/Live_822.mp4,f8da27f86e54f4719e067cfa662e4188186e00578f64e177988fc56a08517bef,siwmv2::sha256:f8da27f86e54f4719e067cfa662e4188186e00578f64e177988fc56a08517bef,1,
Live/Live_823.mp4,06b424c164a663050453ffcad486219b73d04797178efcfc703525151a2a31ab,siwmv2::sha256:06b424c164a663050453ffcad486219b73d04797178efcfc703525151a2a31ab,1,
Live/Live_824.mp4,72644af332d5ddce60bb8113f892d9024471fce9f7b55a8311b71d5e63735a3c,siwmv2::sha256:72644af332d5ddce60bb8113f892d9024471fce9f7b55a8311b71d5e63735a3c,1,
Live/Live_825.mp4,dd828636984dd4f5546224abbd9fc7f56fa1a2ffdd55af63af28719b134e358a,siwmv2::sha256:dd828636984dd4f5546224abbd9fc7f56fa1a2ffdd55af63af28719b134e358a,1,
Live/Live_826.mp4,9090b65aea4261faabd346d12a3fba9f19339b832c5212b83dadcb9c769bf6fd,siwmv2::sha256:9090b65aea4261faabd346d12a3fba9f19339b832c5212b83dadcb9c769bf6fd,1,
Live/Live_827.mp4,e28085448a8c92606001ee8ef056c6c5ec45dc52352bf6c41b3d7c965746affe,siwmv2::sha256:e28085448a8c92606001ee8ef056c6c5ec45dc52352bf6c41b3d7c965746affe,1,
Live/Live_828.mp4,8df4e42255e22ba4373beeb78b51598e0c10a9391b8bbb0cb9a02748790a82de,siwmv2::sha256:8df4e42255e22ba4373beeb78b51598e0c10a9391b8bbb0cb9a02748790a82de,1,
Live/Live_829.mp4,23b42508e49c6abd5706f3caddb3b904bba42ffbeb3aafa04357a9ae6864b8b6,siwmv2::sha256:23b42508e49c6abd5706f3caddb3b904bba42ffbeb3aafa04357a9ae6864b8b6,1,
Live/Live_83.mov,df8e0298f726e69a24a0f9ea579f4e0130a2055f0a73767a4806c8aded0f9ff3,siwmv2::sha256:df8e0298f726e69a24a0f9ea579f4e0130a2055f0a73767a4806c8aded0f9ff3,1,
Live/Live_830.mp4,1593eea1143e98917a177a6851a9716ca8e87239ae32feddf2a4b2fb390ec92e,siwmv2::sha256:1593eea1143e98917a177a6851a9716ca8e87239ae32feddf2a4b2fb390ec92e,1,
Live/Live_831.mp4,2fa65d2274509d45c812d950a25bd2886d3c0df02eced1a1fd26ab008b39f83e,siwmv2::sha256:2fa65d2274509d45c812d950a25bd2886d3c0df02eced1a1fd26ab008b39f83e,1,
Live/Live_832.mp4,5e77cc6ea0c58d83c0b7d22ae25bff883123a6cb52f96aed7df919527e6f1d86,siwmv2::sha256:5e77cc6ea0c58d83c0b7d22ae25bff883123a6cb52f96aed7df919527e6f1d86,1,
Live/Live_833.mp4,b5f43522b598619a7539b5e34ec29dabc3f1b878d9d54c2f72bb6680c34ff9d8,siwmv2::sha256:b5f43522b598619a7539b5e34ec29dabc3f1b878d9d54c2f72bb6680c34ff9d8,1,
Live/Live_834.mp4,9262e758ba6ed3b53dac6d437816e38d5f62e2392319ecbd67cbab1efc8e769b,siwmv2::sha256:9262e758ba6ed3b53dac6d437816e38d5f62e2392319ecbd67cbab1efc8e769b,1,
Live/Live_835.mp4,1dc63f18a7527119b18a83be66b2ddfeba455ebccebd77a2aaf9477b5a6cf082,siwmv2::sha256:1dc63f18a7527119b18a83be66b2ddfeba455ebccebd77a2aaf9477b5a6cf082,1,
Live/Live_836.mp4,1f40acece86f452fd02ba64c4a2e660a63ae01df5b651ad6a300640bd3c57159,siwmv2::sha256:1f40acece86f452fd02ba64c4a2e660a63ae01df5b651ad6a300640bd3c57159,1,
Live/Live_837.mp4,8a155dbf2f9f4e459937d2f61e0ff08db6eff57b6312a195d4ee8f940cfbb095,siwmv2::sha256:8a155dbf2f9f4e459937d2f61e0ff08db6eff57b6312a195d4ee8f940cfbb095,1,
Live/Live_838.mp4,15160d44d7f6ba7d69abed8565d5417341bb01de7a2226ad75670553cabe1f91,siwmv2::sha256:15160d44d7f6ba7d69abed8565d5417341bb01de7a2226ad75670553cabe1f91,1,
Live/Live_839.mp4,fbb81cc5554ccf8dd71dffa6821907fde26358b82503146827a6f492d20f2421,siwmv2::sha256:fbb81cc5554ccf8dd71dffa6821907fde26358b82503146827a6f492d20f2421,1,
Live/Live_84.mov,0359d6336be4ce56fc23c62c65d8a823671d8ec696c0cdd4d53d43998f35ae46,siwmv2::sha256:0359d6336be4ce56fc23c62c65d8a823671d8ec696c0cdd4d53d43998f35ae46,1,
Live/Live_840.mp4,126cf2bf10596cd63e6af14265f62bfe55c0bd65a0ef8d313f738a46bee2016c,siwmv2::sha256:126cf2bf10596cd63e6af14265f62bfe55c0bd65a0ef8d313f738a46bee2016c,1,
Live/Live_841.mp4,20fb32da1f1cc612d416422a8d387069a69ea9c5e3448d986ccbe19036f7606e,siwmv2::sha256:20fb32da1f1cc612d416422a8d387069a69ea9c5e3448d986ccbe19036f7606e,1,
Live/Live_842.mp4,211783cb35c9c39c31e23707ae49ccdbca06827968776a2bc05091b4038854bb,siwmv2::sha256:211783cb35c9c39c31e23707ae49ccdbca06827968776a2bc05091b4038854bb,1,
Live/Live_843.mp4,ca1a04e76449df5a46aaa05f69c4831c7195fd336c02bf2fe66b97cd8b3fed2c,siwmv2::sha256:ca1a04e76449df5a46aaa05f69c4831c7195fd336c02bf2fe66b97cd8b3fed2c,1,
Live/Live_844.mp4,b44f0eb7456bbcd86cf0b08697d2df4197d6f31b7823326cc4b9c3ae092d7e83,siwmv2::sha256:b44f0eb7456bbcd86cf0b08697d2df4197d6f31b7823326cc4b9c3ae092d7e83,1,
Live/Live_845.mp4,45edd19c5aa9d9d3bc132d474e3aadb47682a0b9a82ef1ca0494e3a03051e923,siwmv2::sha256:45edd19c5aa9d9d3bc132d474e3aadb47682a0b9a82ef1ca0494e3a03051e923,1,
Live/Live_846.mp4,0a09e1d5ea64b7aba1cd58d7e2b3ce5ed6781474591b85c12afe4327286215d4,siwmv2::sha256:0a09e1d5ea64b7aba1cd58d7e2b3ce5ed6781474591b85c12afe4327286215d4,1,
Live/Live_847.mp4,a8ea928c9b4234e80d8743f9d4ea7d3f5d9a3821840f16bef0c1b9b651cd570b,siwmv2::sha256:a8ea928c9b4234e80d8743f9d4ea7d3f5d9a3821840f16bef0c1b9b651cd570b,1,
Live/Live_848.mp4,d4fb29aa0757bcd45940f18fa4eb70accf7b181d4ee0fa2957b6b54b42be6c59,siwmv2::sha256:d4fb29aa0757bcd45940f18fa4eb70accf7b181d4ee0fa2957b6b54b42be6c59,1,
Live/Live_849.mp4,d4b18605d86535d5411be11fe29ffb2551435cae6ab954b0be764fd8b5785559,siwmv2::sha256:d4b18605d86535d5411be11fe29ffb2551435cae6ab954b0be764fd8b5785559,1,
Live/Live_85.mov,7cc0d22e6c5bbf200395106426be16a157c6680200b18ac46a23737beb355f30,siwmv2::sha256:7cc0d22e6c5bbf200395106426be16a157c6680200b18ac46a23737beb355f30,1,
Live/Live_850.mp4,fac4383bb20891d98e3e39f910ea3b4966910c6919dbe7ad407de3edd0dd7936,siwmv2::sha256:fac4383bb20891d98e3e39f910ea3b4966910c6919dbe7ad407de3edd0dd7936,1,
Live/Live_851.mp4,d941c6677fa18e0bfa7e486d4c26fbc58e69660ea001a271a40bb35524d40b4e,siwmv2::sha256:d941c6677fa18e0bfa7e486d4c26fbc58e69660ea001a271a40bb35524d40b4e,1,
Live/Live_852.mp4,72fc29a2a1013e066b64ce219fd8f857de3197e679c4729c2d7cdbc40f2cc41e,siwmv2::sha256:72fc29a2a1013e066b64ce219fd8f857de3197e679c4729c2d7cdbc40f2cc41e,1,
Live/Live_853.mp4,97e6703da6bade0ceb16365849074b7594201cc32fe973c8bbbd8b842493f678,siwmv2::sha256:97e6703da6bade0ceb16365849074b7594201cc32fe973c8bbbd8b842493f678,1,
Live/Live_854.mp4,0b8de5c420e965e1e3938030c3d5f4a3b7f6e90b182504c50da27ff02dd364ff,siwmv2::sha256:0b8de5c420e965e1e3938030c3d5f4a3b7f6e90b182504c50da27ff02dd364ff,1,
Live/Live_855.mp4,387564c01454e202871d340533f09230e70026af6e9c41f2741664e0cdf2a615,siwmv2::sha256:387564c01454e202871d340533f09230e70026af6e9c41f2741664e0cdf2a615,1,
Live/Live_856.mp4,a7196e7d82613098f82377736978f81e545bdd433dbcb96e7b86d4a2b7b82d92,siwmv2::sha256:a7196e7d82613098f82377736978f81e545bdd433dbcb96e7b86d4a2b7b82d92,1,
Live/Live_857.mp4,f7953ef14eb26f5b4a2192693c5013d9280ecd72fc0514611b2a3b1be0743753,siwmv2::sha256:f7953ef14eb26f5b4a2192693c5013d9280ecd72fc0514611b2a3b1be0743753,1,
Live/Live_858.mp4,442f09429a7161a09dac63cceea5c0181718c85e13e7fd586c2714cfb5bb73a1,siwmv2::sha256:442f09429a7161a09dac63cceea5c0181718c85e13e7fd586c2714cfb5bb73a1,1,
Live/Live_859.mp4,899a5c838d5e797d4db18827a0036a9933934fe1506640a25693ac8a87d25ce6,siwmv2::sha256:899a5c838d5e797d4db18827a0036a9933934fe1506640a25693ac8a87d25ce6,1,
Live/Live_86.mov,06a1222d6bb5f4d757cb1fb53d2c9ca00004b3356e33dcd7e0a0311c84eb5130,siwmv2::sha256:06a1222d6bb5f4d757cb1fb53d2c9ca00004b3356e33dcd7e0a0311c84eb5130,1,
Live/Live_860.mp4,9c79864bada3ababafee1f0f424c69ec21469b16224245503516114a43e0efa0,siwmv2::sha256:9c79864bada3ababafee1f0f424c69ec21469b16224245503516114a43e0efa0,1,
Live/Live_861.mp4,17f4d703bd3193883a3c4711b27da0d34826c2c7384bf514ee919904548bb795,siwmv2::sha256:17f4d703bd3193883a3c4711b27da0d34826c2c7384bf514ee919904548bb795,1,
Live/Live_862.mp4,0317878ded2aae5cdea5039aa8e949a01885f3b67c35358568a66a52f31fa3b0,siwmv2::sha256:0317878ded2aae5cdea5039aa8e949a01885f3b67c35358568a66a52f31fa3b0,1,
Live/Live_863.mp4,91f877a4e2f7c50c52e6bcc2d630a2f1dc63c5286126277891381ac9b391abc7,siwmv2::sha256:91f877a4e2f7c50c52e6bcc2d630a2f1dc63c5286126277891381ac9b391abc7,1,
Live/Live_864.mp4,9c39026f5384bc9b43566f34ee7503700134028f3e90ab6829f83aa2ef1917ff,siwmv2::sha256:9c39026f5384bc9b43566f34ee7503700134028f3e90ab6829f83aa2ef1917ff,1,
Live/Live_865.mp4,c7fd50718a31707527c880240112d71e6ad7125fbf382f470bcac15e060edc60,siwmv2::sha256:c7fd50718a31707527c880240112d71e6ad7125fbf382f470bcac15e060edc60,1,
Live/Live_866.mp4,853d940bf323105037a59215c813f240e32265f369af4e73b12cd2d3ea831a09,siwmv2::sha256:853d940bf323105037a59215c813f240e32265f369af4e73b12cd2d3ea831a09,1,
Live/Live_867.mp4,653ea265d4b49d63ece44f44136755418f681f7218924d5992b1cfb37606909c,siwmv2::sha256:653ea265d4b49d63ece44f44136755418f681f7218924d5992b1cfb37606909c,1,
Live/Live_868.mp4,34b1d1f93bca8d5351511b1983f55230f9ec8f6ca052d7a522098bade3f2fe70,siwmv2::sha256:34b1d1f93bca8d5351511b1983f55230f9ec8f6ca052d7a522098bade3f2fe70,1,
Live/Live_869.mp4,a76840b1a5e89a4393f13cf8f19d3d6c63c6cd62492bd7fdd1dddd3866bab718,siwmv2::sha256:a76840b1a5e89a4393f13cf8f19d3d6c63c6cd62492bd7fdd1dddd3866bab718,1,
Live/Live_87.mov,e4b25bf536281b612e6e3c26e8958867fc6483805adc1fc527388a03070f2874,siwmv2::sha256:e4b25bf536281b612e6e3c26e8958867fc6483805adc1fc527388a03070f2874,1,
Live/Live_870.mp4,724587fc33c282d4d3312b6699069d1375357bd9e6036e263e4f328d92dae360,siwmv2::sha256:724587fc33c282d4d3312b6699069d1375357bd9e6036e263e4f328d92dae360,1,
Live/Live_871.mp4,b08fca04c32f49601ac2588858c9af632a6cf231b3806d0c1c00705bd3b33690,siwmv2::sha256:b08fca04c32f49601ac2588858c9af632a6cf231b3806d0c1c00705bd3b33690,1,
Live/Live_872.mp4,86dc7a5187efc14f0c102e0621f0f0769b21eef3f63500e7b91197fc40c12427,siwmv2::sha256:86dc7a5187efc14f0c102e0621f0f0769b21eef3f63500e7b91197fc40c12427,1,
Live/Live_873.mp4,57fccb44dd5f0963d80a964ad29940be6588e5346fe2ea80bf825adca76123ff,siwmv2::sha256:57fccb44dd5f0963d80a964ad29940be6588e5346fe2ea80bf825adca76123ff,1,
Live/Live_874.mp4,0f7a00eaa8c3867d112c933b5bb9acae16336ec41908ea14908651c7a941368f,siwmv2::sha256:0f7a00eaa8c3867d112c933b5bb9acae16336ec41908ea14908651c7a941368f,1,
Live/Live_875.mp4,ab229d7dd46745287a9db30569f9324b854b9cf1a4bae45286cafd2bc1412d5f,siwmv2::sha256:ab229d7dd46745287a9db30569f9324b854b9cf1a4bae45286cafd2bc1412d5f,1,
Live/Live_876.mp4,80a23efd9152e7c97295fc79ffae931089a7bcb2ff530ac112406219cb986f9f,siwmv2::sha256:80a23efd9152e7c97295fc79ffae931089a7bcb2ff530ac112406219cb986f9f,1,
Live/Live_877.mp4,6bcb858ba5798d90f6182a63c7abb375146129f9b7792972559beba62dfa41d5,siwmv2::sha256:6bcb858ba5798d90f6182a63c7abb375146129f9b7792972559beba62dfa41d5,1,
Live/Live_878.mp4,5a7ba6fac13ce321dd23bbb0600da4d5dd840e7eef6612014d8c8632ebf05eb8,siwmv2::sha256:5a7ba6fac13ce321dd23bbb0600da4d5dd840e7eef6612014d8c8632ebf05eb8,1,
Live/Live_879.mp4,ee926449dafec377de30129cd5b2956e9fe9953129557d1967e1188be167bf25,siwmv2::sha256:ee926449dafec377de30129cd5b2956e9fe9953129557d1967e1188be167bf25,1,
Live/Live_88.mov,8ef6849c6397bd96e596fb208cbd8f3908f4c8bb9a3747c4dc3cfe688729e518,siwmv2::sha256:8ef6849c6397bd96e596fb208cbd8f3908f4c8bb9a3747c4dc3cfe688729e518,1,
Live/Live_880.mp4,dd88621c2dede4147737453f5108a44c3d3c6eb86d908a628c14138e83b2e5c2,siwmv2::sha256:dd88621c2dede4147737453f5108a44c3d3c6eb86d908a628c14138e83b2e5c2,1,
Live/Live_881.mp4,e30bb23e062c27db9fdf8121fe662c6cfac5924b2181ba35562f3f2874319999,siwmv2::sha256:e30bb23e062c27db9fdf8121fe662c6cfac5924b2181ba35562f3f2874319999,1,
Live/Live_882.mp4,c6e7d57070e840690c8ea15f2eff9f34a544babe651ae04f235213e88fbc5f75,siwmv2::sha256:c6e7d57070e840690c8ea15f2eff9f34a544babe651ae04f235213e88fbc5f75,1,
Live/Live_883.mp4,092a041a0148aa56554024cc5fc29c6b2b30895125b8b9efc0c61682c0a11952,siwmv2::sha256:092a041a0148aa56554024cc5fc29c6b2b30895125b8b9efc0c61682c0a11952,1,
Live/Live_884.mp4,5916e10838a7e00001e630daf96026acf39b70c7e433b7ac86c52d344559f386,siwmv2::sha256:5916e10838a7e00001e630daf96026acf39b70c7e433b7ac86c52d344559f386,1,
Live/Live_885.mp4,20b633a52b7754e87bc31e0613ecc1b77df048984b4aad926c56f379f6b9549e,siwmv2::sha256:20b633a52b7754e87bc31e0613ecc1b77df048984b4aad926c56f379f6b9549e,1,
Live/Live_886.mp4,33de581055f8baa4150b8ddffce7058d41229ab73d70be240ab90bbe6cc0610d,siwmv2::sha256:33de581055f8baa4150b8ddffce7058d41229ab73d70be240ab90bbe6cc0610d,1,
Live/Live_887.mp4,7b57c055fbd62200aa115cb65811aa8ba08770859dbbd6c752117b6aad9865b0,siwmv2::sha256:7b57c055fbd62200aa115cb65811aa8ba08770859dbbd6c752117b6aad9865b0,1,
Live/Live_888.mp4,51071aef5c51f13caedd1e2a204137974686d8efe3e1616fabd78e2849215cf2,siwmv2::sha256:51071aef5c51f13caedd1e2a204137974686d8efe3e1616fabd78e2849215cf2,1,
Live/Live_889.mp4,515197de4b8721353f5faa063ae76954a0a531257cf008cfd56defa42b2e00db,siwmv2::sha256:515197de4b8721353f5faa063ae76954a0a531257cf008cfd56defa42b2e00db,1,
Live/Live_89.mov,6e3e8e11363925753d8aa5ea7ef847be7b2cb31069c8ebe55bd15e98bdac9808,siwmv2::sha256:6e3e8e11363925753d8aa5ea7ef847be7b2cb31069c8ebe55bd15e98bdac9808,1,
Live/Live_890.mp4,9690cc7c46a2d50aee0faa1e1799250ce3a5bbe27da19045234cef889401d263,siwmv2::sha256:9690cc7c46a2d50aee0faa1e1799250ce3a5bbe27da19045234cef889401d263,1,
Live/Live_891.mp4,85b909073b434e392a067b70fe41e60ad2b127e29475ca32361eaba36f063760,siwmv2::sha256:85b909073b434e392a067b70fe41e60ad2b127e29475ca32361eaba36f063760,1,
Live/Live_9.mov,d6ebf29277ac7bb536e988ed09b0277ca99a8a605c294767db25d4b9baf8c448,siwmv2::sha256:d6ebf29277ac7bb536e988ed09b0277ca99a8a605c294767db25d4b9baf8c448,1,
Live/Live_90.mov,18722ddf5fb2f516ae2f7dc0f4837ebd442afc22e307e95e0e74b8446a81474b,siwmv2::sha256:18722ddf5fb2f516ae2f7dc0f4837ebd442afc22e307e95e0e74b8446a81474b,1,
Live/Live_91.mov,447e1dbf5ec2a836396a77fcc467206deab8ac9d0779ff7678d25f3761c48661,siwmv2::sha256:447e1dbf5ec2a836396a77fcc467206deab8ac9d0779ff7678d25f3761c48661,1,
Live/Live_92.mov,144a0600d36658780c885489009433764a6643613918edb5dfd9933a8e5e8e1d,siwmv2::sha256:144a0600d36658780c885489009433764a6643613918edb5dfd9933a8e5e8e1d,1,
Live/Live_93.mov,520aed3629dd3db33983cc1260eb2fe62b88f08400bfe9dc466c00ad8c28c1e0,siwmv2::sha256:520aed3629dd3db33983cc1260eb2fe62b88f08400bfe9dc466c00ad8c28c1e0,1,
Live/Live_94.mov,bd8c8d0099f53d050ce2757fbef3a7016945818b7386c0e558464868112e1828,siwmv2::sha256:bd8c8d0099f53d050ce2757fbef3a7016945818b7386c0e558464868112e1828,1,
Live/Live_95.mov,58849ef87c18c061a74950d4ccf90c6730f284a6e0e93f9cafcedb7851af1530,siwmv2::sha256:58849ef87c18c061a74950d4ccf90c6730f284a6e0e93f9cafcedb7851af1530,1,
Live/Live_96.mov,140ba71aa31e81197a59a526df877515c766485263e993ea5878823c0e4c63a6,siwmv2::sha256:140ba71aa31e81197a59a526df877515c766485263e993ea5878823c0e4c63a6,1,
Live/Live_97.mov,e66e3201f17e0c54e6cace32bb50f4b796be8d81e7f49c7a55eba5d7a5d571ad,siwmv2::sha256:e66e3201f17e0c54e6cace32bb50f4b796be8d81e7f49c7a55eba5d7a5d571ad,1,
Live/Live_98.mov,d4fbe0ae17e6119937c920332244850579945376d8174bf2762b11628a1bee2e,siwmv2::sha256:d4fbe0ae17e6119937c920332244850579945376d8174bf2762b11628a1bee2e,1,
Live/Live_99.mov,20d4f229cda43f33737b94cbbf0a44f7bf29ba1dcd51fe621d2494d9a886e72b,siwmv2::sha256:20d4f229cda43f33737b94cbbf0a44f7bf29ba1dcd51fe621d2494d9a886e72b,1,
Spoof/Makeup_Cosmetic/Makeup_Co_10.mov,f88530ba979417a488452fb8e91f7fa05989bdc64818e500d8460a3f8289e0cb,siwmv2::sha256:f88530ba979417a488452fb8e91f7fa05989bdc64818e500d8460a3f8289e0cb,1,Makeup_Cosmetic
Spoof/Makeup_Cosmetic/Makeup_Co_11.mov,5fb169ba77e3fe7077aa09eeeddaf0e53ad14230f8691be519eb636a9bbdf841,siwmv2::sha256:5fb169ba77e3fe7077aa09eeeddaf0e53ad14230f8691be519eb636a9bbdf841,1,Makeup_Cosmetic
Spoof/Makeup_Cosmetic/Makeup_Co_12.mov,7ca09a6a79e3698d448ced6f1869b27fd2cf5acf9946b9129cab968aa4dcd33f,siwmv2::sha256:7ca09a6a79e3698d448ced6f1869b27fd2cf5acf9946b9129cab968aa4dcd33f,1,Makeup_Cosmetic
Spoof/Makeup_Cosmetic/Makeup_Co_13.mov,6858f1aa68d5626d860118aa22cc9fa9c6a3255fc5bc77ca2fffd3c2b758705f,siwmv2::sha256:6858f1aa68d5626d860118aa22cc9fa9c6a3255fc5bc77ca2fffd3c2b758705f,1,Makeup_Cosmetic
Spoof/Makeup_Cosmetic/Makeup_Co_14.mov,07750533ac1c9fbb857545e2262ba32e1a8409b1880be77690873821e8c72a79,siwmv2::sha256:07750533ac1c9fbb857545e2262ba32e1a8409b1880be77690873821e8c72a79,1,Makeup_Cosmetic
Spoof/Makeup_Cosmetic/Makeup_Co_15.mov,4f39694415784fab9c124542f29f54412e3b23d18d883c12d1fd014d341fa522,siwmv2::sha256:4f39694415784fab9c124542f29f54412e3b23d18d883c12d1fd014d341fa522,1,Makeup_Cosmetic
Spoof/Makeup_Cosmetic/Makeup_Co_18.mov,d4ab2ba16a8c8b0c794211ad5b7aa35347344a6e116c4df9242de72e6f439eda,siwmv2::sha256:d4ab2ba16a8c8b0c794211ad5b7aa35347344a6e116c4df9242de72e6f439eda,1,Makeup_Cosmetic
Spoof/Makeup_Cosmetic/Makeup_Co_19.mov,72e6283feeb7dc8d47aaa0ed827b991d7234e76a4630ae8bec4750c5cde85366,siwmv2::sha256:72e6283feeb7dc8d47aaa0ed827b991d7234e76a4630ae8bec4750c5cde85366,1,Makeup_Cosmetic
Spoof/Makeup_Cosmetic/Makeup_Co_20.mov,d536b1121f67949d8c1ddbdf8ecb8ae935c36182ba22b89bec4a1e08dc4efe91,siwmv2::sha256:d536b1121f67949d8c1ddbdf8ecb8ae935c36182ba22b89bec4a1e08dc4efe91,1,Makeup_Cosmetic
Spoof/Makeup_Cosmetic/Makeup_Co_21.mov,75ea3388886dc289c64489cb5647851b43571b249caff465c7b01c7d3edaa52a,siwmv2::sha256:75ea3388886dc289c64489cb5647851b43571b249caff465c7b01c7d3edaa52a,1,Makeup_Cosmetic
Spoof/Makeup_Cosmetic/Makeup_Co_22.mov,de2c9800a662db9f60ae217fdf8c292e8a3408751b632c5a8d43aa558e9b7b0c,siwmv2::sha256:de2c9800a662db9f60ae217fdf8c292e8a3408751b632c5a8d43aa558e9b7b0c,1,Makeup_Cosmetic
Spoof/Makeup_Cosmetic/Makeup_Co_23.mov,ef64a922c6b2cdb0731aeaa822bf9cc67618221771748f3125e1dc4b78e70af8,siwmv2::sha256:ef64a922c6b2cdb0731aeaa822bf9cc67618221771748f3125e1dc4b78e70af8,1,Makeup_Cosmetic
Spoof/Makeup_Cosmetic/Makeup_Co_24.mov,21842def7750deeb893e1196c85f53b30674b0d68878f77e860081b727a83a90,siwmv2::sha256:21842def7750deeb893e1196c85f53b30674b0d68878f77e860081b727a83a90,1,Makeup_Cosmetic
Spoof/Makeup_Cosmetic/Makeup_Co_25.mov,3c225e9ea031be527f5934f257e82b71a64c9f748907efa2a7925d2c60f756d5,siwmv2::sha256:3c225e9ea031be527f5934f257e82b71a64c9f748907efa2a7925d2c60f756d5,1,Makeup_Cosmetic
Spoof/Makeup_Cosmetic/Makeup_Co_28.mov,acc5ce395ae45d8542b86212eb292b09fa252fe62d00702ebff442a19cfdffe0,siwmv2::sha256:acc5ce395ae45d8542b86212eb292b09fa252fe62d00702ebff442a19cfdffe0,1,Makeup_Cosmetic
Spoof/Makeup_Cosmetic/Makeup_Co_29.mov,f24b7a7c10483864152d95670761f3f8bbdc6db7d37ad0dda5be4498f7456902,siwmv2::sha256:f24b7a7c10483864152d95670761f3f8bbdc6db7d37ad0dda5be4498f7456902,1,Makeup_Cosmetic
Spoof/Makeup_Cosmetic/Makeup_Co_30.mov,ce6f93ebaf5f49d1605155429ee9d6f5b17b79481efeed9fb8bca9287399696d,siwmv2::sha256:ce6f93ebaf5f49d1605155429ee9d6f5b17b79481efeed9fb8bca9287399696d,1,Makeup_Cosmetic
Spoof/Makeup_Cosmetic/Makeup_Co_31.mov,9941c721f9fa240297ce76e135adcbf3a3dc0deae3aeaa849e1ca9f0a366a49d,siwmv2::sha256:9941c721f9fa240297ce76e135adcbf3a3dc0deae3aeaa849e1ca9f0a366a49d,1,Makeup_Cosmetic
Spoof/Makeup_Cosmetic/Makeup_Co_32.mov,3456b27069f2bded59d961664b202e5187337bfb99d02a74fe31bb2f10859e95,siwmv2::sha256:3456b27069f2bded59d961664b202e5187337bfb99d02a74fe31bb2f10859e95,1,Makeup_Cosmetic
Spoof/Makeup_Cosmetic/Makeup_Co_33.mov,b93b5d21daad36fb87a054aebaa93043bc728e039358c9d1624a48cb8364b104,siwmv2::sha256:b93b5d21daad36fb87a054aebaa93043bc728e039358c9d1624a48cb8364b104,1,Makeup_Cosmetic
Spoof/Makeup_Cosmetic/Makeup_Co_34.mov,cee65dbf0161795c5e81eed8d6d0159032e0f38004aaaf85c1be21b9b801add8,siwmv2::sha256:cee65dbf0161795c5e81eed8d6d0159032e0f38004aaaf85c1be21b9b801add8,1,Makeup_Cosmetic
Spoof/Makeup_Cosmetic/Makeup_Co_35.mov,34e116c34f45b27157d53f9f963d8a20bd588e3804dc8dfc7d9d6ac3cca8aca1,siwmv2::sha256:34e116c34f45b27157d53f9f963d8a20bd588e3804dc8dfc7d9d6ac3cca8aca1,1,Makeup_Cosmetic
Spoof/Makeup_Cosmetic/Makeup_Co_36.mov,03dee187a43f28b5e897f9d97e0512feecb18be4c34872a2dd8cac5ba9552276,siwmv2::sha256:03dee187a43f28b5e897f9d97e0512feecb18be4c34872a2dd8cac5ba9552276,1,Makeup_Cosmetic
Spoof/Makeup_Cosmetic/Makeup_Co_37.mov,420ab8122aa3bb0e0796018713a2bb4b332b8c84d43473172ccd08cc23a75211,siwmv2::sha256:420ab8122aa3bb0e0796018713a2bb4b332b8c84d43473172ccd08cc23a75211,1,Makeup_Cosmetic
Spoof/Makeup_Cosmetic/Makeup_Co_38.mov,cfc59aef608662cb8e58f90f08847703a4477b1e53764f727697a105dc06017b,siwmv2::sha256:cfc59aef608662cb8e58f90f08847703a4477b1e53764f727697a105dc06017b,1,Makeup_Cosmetic
Spoof/Makeup_Cosmetic/Makeup_Co_39.mov,c489b4becc13ad14d413efa4ee62d7c423d5a5268272fe0f80856020b1d46b9e,siwmv2::sha256:c489b4becc13ad14d413efa4ee62d7c423d5a5268272fe0f80856020b1d46b9e,1,Makeup_Cosmetic
Spoof/Makeup_Cosmetic/Makeup_Co_40.mov,98ed658542726a553c9a788db0b01dcd43bfaa20bc0d0ef1c63dce140d3ab6fa,siwmv2::sha256:98ed658542726a553c9a788db0b01dcd43bfaa20bc0d0ef1c63dce140d3ab6fa,1,Makeup_Cosmetic
Spoof/Makeup_Cosmetic/Makeup_Co_41.mov,5ba00488ec31328e42feb6ef0819b4356ebd3c0b15109d7dc8c3b9527dcdef66,siwmv2::sha256:5ba00488ec31328e42feb6ef0819b4356ebd3c0b15109d7dc8c3b9527dcdef66,1,Makeup_Cosmetic
Spoof/Makeup_Cosmetic/Makeup_Co_42.mov,0a0ddb72e5eaa79b4dcb17740c3f07e463d001907b798f19f923236bb81bd5f4,siwmv2::sha256:0a0ddb72e5eaa79b4dcb17740c3f07e463d001907b798f19f923236bb81bd5f4,1,Makeup_Cosmetic
Spoof/Makeup_Cosmetic/Makeup_Co_43.mov,1b880ba65b536cd208d5f10e354a19d0ddec472710059973c135ebe08f4efc87,siwmv2::sha256:1b880ba65b536cd208d5f10e354a19d0ddec472710059973c135ebe08f4efc87,1,Makeup_Cosmetic
Spoof/Makeup_Cosmetic/Makeup_Co_44.mov,197d854bd78d863c9a604c7915bb4e24a43644538372a3fc2e91ef893fb02b13,siwmv2::sha256:197d854bd78d863c9a604c7915bb4e24a43644538372a3fc2e91ef893fb02b13,1,Makeup_Cosmetic
Spoof/Makeup_Cosmetic/Makeup_Co_45.mov,879d59b624990a811c5f2eb23d9c9c2c96fe8b4795e3de29196b0be6e21dc488,siwmv2::sha256:879d59b624990a811c5f2eb23d9c9c2c96fe8b4795e3de29196b0be6e21dc488,1,Makeup_Cosmetic
Spoof/Makeup_Cosmetic/Makeup_Co_46.mov,a4abd760d4c3d53321c9ddefed919fbbf9fba0e915c9a1fe0110837c33f7d383,siwmv2::sha256:a4abd760d4c3d53321c9ddefed919fbbf9fba0e915c9a1fe0110837c33f7d383,1,Makeup_Cosmetic
Spoof/Makeup_Cosmetic/Makeup_Co_47.mov,dfe0843482c7bc7dafce2bd4614b58041ae99b40db07f2f487a7604b2ebbeb75,siwmv2::sha256:dfe0843482c7bc7dafce2bd4614b58041ae99b40db07f2f487a7604b2ebbeb75,1,Makeup_Cosmetic
Spoof/Makeup_Cosmetic/Makeup_Co_48.mov,acd088d813df045675c7f9c06d9164bbb440fd807c6a09577dcb422a64fbb5c0,siwmv2::sha256:acd088d813df045675c7f9c06d9164bbb440fd807c6a09577dcb422a64fbb5c0,1,Makeup_Cosmetic
Spoof/Makeup_Cosmetic/Makeup_Co_49.mov,71c5d4ceae8c5c9bb0b778826a3ebcccfa0c371d98cf170bbf8979a5e096e5b2,siwmv2::sha256:71c5d4ceae8c5c9bb0b778826a3ebcccfa0c371d98cf170bbf8979a5e096e5b2,1,Makeup_Cosmetic
Spoof/Makeup_Cosmetic/Makeup_Co_5.mov,f2fcbaff93b59efce7d7d425d0e84f9b1a66446778084d0a6d4e5050dc9a638f,siwmv2::sha256:f2fcbaff93b59efce7d7d425d0e84f9b1a66446778084d0a6d4e5050dc9a638f,1,Makeup_Cosmetic
Spoof/Makeup_Cosmetic/Makeup_Co_50.mov,de57da8f40c2ea9cd2b14ac2be02ab7569b0977f83e1c7a197826c5aeeecdd0f,siwmv2::sha256:de57da8f40c2ea9cd2b14ac2be02ab7569b0977f83e1c7a197826c5aeeecdd0f,1,Makeup_Cosmetic
Spoof/Makeup_Cosmetic/Makeup_Co_51.mov,e61878845e68ad896dfc68d0ca3f2ab01631c76d6bf806752344e62b0a730847,siwmv2::sha256:e61878845e68ad896dfc68d0ca3f2ab01631c76d6bf806752344e62b0a730847,1,Makeup_Cosmetic
Spoof/Makeup_Cosmetic/Makeup_Co_52.mov,3459141bd525519577ac8c9af440f5ae0f94e4060681d5a633ec47bd3e3d9f57,siwmv2::sha256:3459141bd525519577ac8c9af440f5ae0f94e4060681d5a633ec47bd3e3d9f57,1,Makeup_Cosmetic
Spoof/Makeup_Cosmetic/Makeup_Co_53.mov,a2260273b4446a7684573d3803253845c0baa9b800faf0b4eafd877057ce616e,siwmv2::sha256:a2260273b4446a7684573d3803253845c0baa9b800faf0b4eafd877057ce616e,1,Makeup_Cosmetic
Spoof/Makeup_Cosmetic/Makeup_Co_54.mov,4fe3b8defea1a44377a7dabe8442c65301ddcf79d2c62674a2a9b964c34ab219,siwmv2::sha256:4fe3b8defea1a44377a7dabe8442c65301ddcf79d2c62674a2a9b964c34ab219,1,Makeup_Cosmetic
Spoof/Makeup_Cosmetic/Makeup_Co_55.mp4,1cfc79c93e53aaa2375e2b152353cf6b1901ca40b91fd1b5214efa00129c3788,siwmv2::sha256:1cfc79c93e53aaa2375e2b152353cf6b1901ca40b91fd1b5214efa00129c3788,1,Makeup_Cosmetic
Spoof/Makeup_Cosmetic/Makeup_Co_56.mp4,c17d8c87d964d544027da3079b8b993e4b38aa57092c8aa9de5789a83e980423,siwmv2::sha256:c17d8c87d964d544027da3079b8b993e4b38aa57092c8aa9de5789a83e980423,1,Makeup_Cosmetic
Spoof/Makeup_Cosmetic/Makeup_Co_57.mp4,477b3d1eb93106e7e3ba8a575b0f592ee3e0afd772c20c43c5626fc61de112e3,siwmv2::sha256:477b3d1eb93106e7e3ba8a575b0f592ee3e0afd772c20c43c5626fc61de112e3,1,Makeup_Cosmetic
Spoof/Makeup_Cosmetic/Makeup_Co_58.mp4,cf9548c96dce75b2d13f1e4afde5ae58cdaea396d0a4aeb546f1a850a744edfd,siwmv2::sha256:cf9548c96dce75b2d13f1e4afde5ae58cdaea396d0a4aeb546f1a850a744edfd,1,Makeup_Cosmetic
Spoof/Makeup_Cosmetic/Makeup_Co_59.mp4,86d1b0a8db831ad9cb4d8b93f604bf816aee214f8270890c31e580f310e0d814,siwmv2::sha256:86d1b0a8db831ad9cb4d8b93f604bf816aee214f8270890c31e580f310e0d814,1,Makeup_Cosmetic
Spoof/Makeup_Cosmetic/Makeup_Co_6.mov,3f33e74eed89f8b31145cb36f949f42527ce6149f91c1e5201b77a4d3d841311,siwmv2::sha256:3f33e74eed89f8b31145cb36f949f42527ce6149f91c1e5201b77a4d3d841311,1,Makeup_Cosmetic
Spoof/Makeup_Cosmetic/Makeup_Co_60.mp4,3efbbe1b12a7ab79273a09a50076df5d90dc286a5e4733fe69a0fa2b00c4a0a5,siwmv2::sha256:3efbbe1b12a7ab79273a09a50076df5d90dc286a5e4733fe69a0fa2b00c4a0a5,1,Makeup_Cosmetic
Spoof/Makeup_Cosmetic/Makeup_Co_7.mov,eb916948fdb04ea4a61b0e31d59608a6ad4cbb36f5b7f205352a3373d7aa0968,siwmv2::sha256:eb916948fdb04ea4a61b0e31d59608a6ad4cbb36f5b7f205352a3373d7aa0968,1,Makeup_Cosmetic
Spoof/Makeup_Cosmetic/Makeup_Co_8.mov,1c030a6e27fb019b6e77c5988f0f32558cbbd01685afe473c559d0ec1fd9c383,siwmv2::sha256:1c030a6e27fb019b6e77c5988f0f32558cbbd01685afe473c559d0ec1fd9c383,1,Makeup_Cosmetic
Spoof/Makeup_Cosmetic/Makeup_Co_9.mov,fb7dd0f0c93b3fd79669faf53fa7c721716f399d5e5d13ad3e46ee28e2331598,siwmv2::sha256:fb7dd0f0c93b3fd79669faf53fa7c721716f399d5e5d13ad3e46ee28e2331598,1,Makeup_Cosmetic
Spoof/Makeup_Impersonation/Makeup_Im_1.mov,189c184a210ce498ccc5b07d3706a69b02ef0d7ce4f110a446a884d669395682,siwmv2::sha256:189c184a210ce498ccc5b07d3706a69b02ef0d7ce4f110a446a884d669395682,1,Makeup_Impersonation
Spoof/Makeup_Impersonation/Makeup_Im_10.mov,d3f66575504e02090f6e43522016b7fd660852921c37c160f2a96dad34daf5b3,siwmv2::sha256:d3f66575504e02090f6e43522016b7fd660852921c37c160f2a96dad34daf5b3,1,Makeup_Impersonation
Spoof/Makeup_Impersonation/Makeup_Im_11.mov,00cee3e6bd01fb891c13bc372293fbeef591eca47d76a719a1864788799241c2,siwmv2::sha256:00cee3e6bd01fb891c13bc372293fbeef591eca47d76a719a1864788799241c2,1,Makeup_Impersonation
Spoof/Makeup_Impersonation/Makeup_Im_12.mov,8716bf98bf50334a6ce3ef817653b487c55a3366e06e0c8a27bfd701ef9dcce4,siwmv2::sha256:8716bf98bf50334a6ce3ef817653b487c55a3366e06e0c8a27bfd701ef9dcce4,1,Makeup_Impersonation
Spoof/Makeup_Impersonation/Makeup_Im_13.mov,967217132b962378d99e7e9d015b7f9a5ab704e47540fec8841f36c08cfed57d,siwmv2::sha256:967217132b962378d99e7e9d015b7f9a5ab704e47540fec8841f36c08cfed57d,1,Makeup_Impersonation
Spoof/Makeup_Impersonation/Makeup_Im_14.mov,3d3fbf80fbbca625207575c7056441ad860bc35a9ece97dd632cdfe589379b0f,siwmv2::sha256:3d3fbf80fbbca625207575c7056441ad860bc35a9ece97dd632cdfe589379b0f,1,Makeup_Impersonation
Spoof/Makeup_Impersonation/Makeup_Im_15.mov,d99987c045aaae7cb9608755cec6ac5bb3a3598c832b21572bcda2f862c868c3,siwmv2::sha256:d99987c045aaae7cb9608755cec6ac5bb3a3598c832b21572bcda2f862c868c3,1,Makeup_Impersonation
Spoof/Makeup_Impersonation/Makeup_Im_16.mov,853fdd1fb1a41ccdb15e7151c162fa7fa2533f9111fb094c7e487a7bc0c8dc69,siwmv2::sha256:853fdd1fb1a41ccdb15e7151c162fa7fa2533f9111fb094c7e487a7bc0c8dc69,1,Makeup_Impersonation
Spoof/Makeup_Impersonation/Makeup_Im_17.mov,2de64b4b5bb2c0d73b09938737d7e82b004aa292083657d915db792d2049eb60,siwmv2::sha256:2de64b4b5bb2c0d73b09938737d7e82b004aa292083657d915db792d2049eb60,1,Makeup_Impersonation
Spoof/Makeup_Impersonation/Makeup_Im_18.mov,33f4fc81b39b410168161e7f9d22103e4a8c6ce2e92b5bfcd647417c5c90690e,siwmv2::sha256:33f4fc81b39b410168161e7f9d22103e4a8c6ce2e92b5bfcd647417c5c90690e,1,Makeup_Impersonation
Spoof/Makeup_Impersonation/Makeup_Im_19.mov,569a0ed201d06948ffd4dd04ef28e699f52d8894179e84668dc1d5356e7ab793,siwmv2::sha256:569a0ed201d06948ffd4dd04ef28e699f52d8894179e84668dc1d5356e7ab793,1,Makeup_Impersonation
Spoof/Makeup_Impersonation/Makeup_Im_2.mov,cf2ddccecc69f8182152f1b0822dcdf53855c1f2bd34d90b592b464c21301f38,siwmv2::sha256:cf2ddccecc69f8182152f1b0822dcdf53855c1f2bd34d90b592b464c21301f38,1,Makeup_Impersonation
Spoof/Makeup_Impersonation/Makeup_Im_20.mov,1e1c52392af6fc5215d26af61f1f042f1737bdb4c395be9b63ef20cef055d970,siwmv2::sha256:1e1c52392af6fc5215d26af61f1f042f1737bdb4c395be9b63ef20cef055d970,1,Makeup_Impersonation
Spoof/Makeup_Impersonation/Makeup_Im_21.mov,772508b55e75c6a329525bfc52dc1e19b342422faec8a5259ea98dcb31c7da94,siwmv2::sha256:772508b55e75c6a329525bfc52dc1e19b342422faec8a5259ea98dcb31c7da94,1,Makeup_Impersonation
Spoof/Makeup_Impersonation/Makeup_Im_22.mov,63791b98b68f7b344202e298955ddbb86494b9962b1fd3df50ebf5b701adf0c2,siwmv2::sha256:63791b98b68f7b344202e298955ddbb86494b9962b1fd3df50ebf5b701adf0c2,1,Makeup_Impersonation
Spoof/Makeup_Impersonation/Makeup_Im_23.mov,05e806ed0a6bd149922a7bb31c09c3ca3f85bce065e91921d55c88927315d296,siwmv2::sha256:05e806ed0a6bd149922a7bb31c09c3ca3f85bce065e91921d55c88927315d296,1,Makeup_Impersonation
Spoof/Makeup_Impersonation/Makeup_Im_24.mov,bdb09d9cb4e332ccf70cf6451cc4e2212e4030afc9b884e41e49544544f48c53,siwmv2::sha256:bdb09d9cb4e332ccf70cf6451cc4e2212e4030afc9b884e41e49544544f48c53,1,Makeup_Impersonation
Spoof/Makeup_Impersonation/Makeup_Im_25.mov,698f06d4b718de317a66116035e3992b21d1536231b8cef0ce22411ae0bbd958,siwmv2::sha256:698f06d4b718de317a66116035e3992b21d1536231b8cef0ce22411ae0bbd958,1,Makeup_Impersonation
Spoof/Makeup_Impersonation/Makeup_Im_26.mov,3e0c0f58c14f7914ecc24bab069912996596293b527c67c69b447fbec4aa588c,siwmv2::sha256:3e0c0f58c14f7914ecc24bab069912996596293b527c67c69b447fbec4aa588c,1,Makeup_Impersonation
Spoof/Makeup_Impersonation/Makeup_Im_27.mov,a360b6459023eafb52b446b19761adad39a85f59e103ffdaf64140c805be1107,siwmv2::sha256:a360b6459023eafb52b446b19761adad39a85f59e103ffdaf64140c805be1107,1,Makeup_Impersonation
Spoof/Makeup_Impersonation/Makeup_Im_28.mov,7b3c3fb9264174ed09bf991089830333f17bc2ee4f7a6577f6ffd9e283538bfe,siwmv2::sha256:7b3c3fb9264174ed09bf991089830333f17bc2ee4f7a6577f6ffd9e283538bfe,1,Makeup_Impersonation
Spoof/Makeup_Impersonation/Makeup_Im_29.mov,df645a187853a0c3cddd4054f29169ed2976f4b9ea392fc469feec8a91e73b38,siwmv2::sha256:df645a187853a0c3cddd4054f29169ed2976f4b9ea392fc469feec8a91e73b38,1,Makeup_Impersonation
Spoof/Makeup_Impersonation/Makeup_Im_3.mov,8addc7fec40224c453ee1ce85776498d3d4c3054ec8ec42271262eca4518f613,siwmv2::sha256:8addc7fec40224c453ee1ce85776498d3d4c3054ec8ec42271262eca4518f613,1,Makeup_Impersonation
Spoof/Makeup_Impersonation/Makeup_Im_30.mov,ef3889e93ea5b79cf206406785227fb1aed01aeb20444b0bbceb11668034e649,siwmv2::sha256:ef3889e93ea5b79cf206406785227fb1aed01aeb20444b0bbceb11668034e649,1,Makeup_Impersonation
Spoof/Makeup_Impersonation/Makeup_Im_31.mov,24aea49eb9353efb2608109aa0d48f85e6bef86397c38ffbbf78a43759908a32,siwmv2::sha256:24aea49eb9353efb2608109aa0d48f85e6bef86397c38ffbbf78a43759908a32,1,Makeup_Impersonation
Spoof/Makeup_Impersonation/Makeup_Im_32.mov,176b074e8488b8946f13d087043f584b3ba81239b0d59494c2c8048c547f244d,siwmv2::sha256:176b074e8488b8946f13d087043f584b3ba81239b0d59494c2c8048c547f244d,1,Makeup_Impersonation
Spoof/Makeup_Impersonation/Makeup_Im_33.mov,63e0fe27760608ef96e93274d05f22e84135830e245dcff64404a32f6c8bab0d,siwmv2::sha256:63e0fe27760608ef96e93274d05f22e84135830e245dcff64404a32f6c8bab0d,1,Makeup_Impersonation
Spoof/Makeup_Impersonation/Makeup_Im_34.mov,0905338cfa53dd456d251159c665b53427d39c187226384224d15cf2362c8465,siwmv2::sha256:0905338cfa53dd456d251159c665b53427d39c187226384224d15cf2362c8465,1,Makeup_Impersonation
Spoof/Makeup_Impersonation/Makeup_Im_35.mov,cb52d53240aa486796c1c79707c949f18f5235388b4d732db0eba377866c0da7,siwmv2::sha256:cb52d53240aa486796c1c79707c949f18f5235388b4d732db0eba377866c0da7,1,Makeup_Impersonation
Spoof/Makeup_Impersonation/Makeup_Im_36.mov,fa53a75d41cdb5b5d0909f94c75eb7128ec3eb37949f198d5bc0af0f7f34e023,siwmv2::sha256:fa53a75d41cdb5b5d0909f94c75eb7128ec3eb37949f198d5bc0af0f7f34e023,1,Makeup_Impersonation
Spoof/Makeup_Impersonation/Makeup_Im_37.mov,8e1abc0d7422ea07e5482471dd3a8675bd149000864ff21a26be4f28b4d91237,siwmv2::sha256:8e1abc0d7422ea07e5482471dd3a8675bd149000864ff21a26be4f28b4d91237,1,Makeup_Impersonation
Spoof/Makeup_Impersonation/Makeup_Im_38.mov,de4eda853fd1cfb2ccd1e0da11d2a44732253bed356c04a50d939fd109de07eb,siwmv2::sha256:de4eda853fd1cfb2ccd1e0da11d2a44732253bed356c04a50d939fd109de07eb,1,Makeup_Impersonation
Spoof/Makeup_Impersonation/Makeup_Im_39.mov,291e02d5b6ea8c1e990867417cd454f8e3f1687edfcd48000990d1aad812a405,siwmv2::sha256:291e02d5b6ea8c1e990867417cd454f8e3f1687edfcd48000990d1aad812a405,1,Makeup_Impersonation
Spoof/Makeup_Impersonation/Makeup_Im_4.mov,370a5f152fa48856beebe16a3a09e13fe381af2ecb74c2f506e01732f9dc39ca,siwmv2::sha256:370a5f152fa48856beebe16a3a09e13fe381af2ecb74c2f506e01732f9dc39ca,1,Makeup_Impersonation
Spoof/Makeup_Impersonation/Makeup_Im_40.mov,e605db5f5739c436b49ae0f7a9cdda0504527d5de536f87c7d46a250cc367cde,siwmv2::sha256:e605db5f5739c436b49ae0f7a9cdda0504527d5de536f87c7d46a250cc367cde,1,Makeup_Impersonation
Spoof/Makeup_Impersonation/Makeup_Im_41.mov,bb3c21eb08c2b7fa6cbe1c9383ccb9a482698826d856c6b3dcf780aa7d149c14,siwmv2::sha256:bb3c21eb08c2b7fa6cbe1c9383ccb9a482698826d856c6b3dcf780aa7d149c14,1,Makeup_Impersonation
Spoof/Makeup_Impersonation/Makeup_Im_42.mov,f67079cc76c1bc88afa1a9fd2ea7bbc88f668d20d8495921a2153bc907b0eac3,siwmv2::sha256:f67079cc76c1bc88afa1a9fd2ea7bbc88f668d20d8495921a2153bc907b0eac3,1,Makeup_Impersonation
Spoof/Makeup_Impersonation/Makeup_Im_43.mov,06724ee265bc0afbbacc98ba27b20b2d2afeb563e92e6cc09f03836c8c84fbd1,siwmv2::sha256:06724ee265bc0afbbacc98ba27b20b2d2afeb563e92e6cc09f03836c8c84fbd1,1,Makeup_Impersonation
Spoof/Makeup_Impersonation/Makeup_Im_44.mov,ee2a792be44a9b3ce889e8bd030f916cc34f6f721eecbc8df896e0feeff8fd90,siwmv2::sha256:ee2a792be44a9b3ce889e8bd030f916cc34f6f721eecbc8df896e0feeff8fd90,1,Makeup_Impersonation
Spoof/Makeup_Impersonation/Makeup_Im_45.mov,c926021de50f4863e759fd7a1647811e5a4cb66e80ebfd838458c7998dac0044,siwmv2::sha256:c926021de50f4863e759fd7a1647811e5a4cb66e80ebfd838458c7998dac0044,1,Makeup_Impersonation
Spoof/Makeup_Impersonation/Makeup_Im_46.mov,4f434a25d50fba345f02d7652f809b63ab443f44baa68826c8d2fda5803b6ad9,siwmv2::sha256:4f434a25d50fba345f02d7652f809b63ab443f44baa68826c8d2fda5803b6ad9,1,Makeup_Impersonation
Spoof/Makeup_Impersonation/Makeup_Im_47.mov,bc24aba2be2007244994daae28d8f5590bf2c26b562da6a30dbd7821f0a15c26,siwmv2::sha256:bc24aba2be2007244994daae28d8f5590bf2c26b562da6a30dbd7821f0a15c26,1,Makeup_Impersonation
Spoof/Makeup_Impersonation/Makeup_Im_48.mov,cc39d24a14f7d6cfffc75187752fef956113d87f648bae89b58cfaddd3611d20,siwmv2::sha256:cc39d24a14f7d6cfffc75187752fef956113d87f648bae89b58cfaddd3611d20,1,Makeup_Impersonation
Spoof/Makeup_Impersonation/Makeup_Im_49.mov,27a0c4f7af92ea81476aaffe9c0a2f3629de4cab54b17958c17fcbef04a1c9fe,siwmv2::sha256:27a0c4f7af92ea81476aaffe9c0a2f3629de4cab54b17958c17fcbef04a1c9fe,1,Makeup_Impersonation
Spoof/Makeup_Impersonation/Makeup_Im_5.mov,40fbeb2d4443c2881913227c0802741d49d881679f638d0d49e593b738d62705,siwmv2::sha256:40fbeb2d4443c2881913227c0802741d49d881679f638d0d49e593b738d62705,1,Makeup_Impersonation
Spoof/Makeup_Impersonation/Makeup_Im_50.mov,550fedea39efa732b50fc2a99b49c26068d52e59585acd377a5d6e0bf0d9621e,siwmv2::sha256:550fedea39efa732b50fc2a99b49c26068d52e59585acd377a5d6e0bf0d9621e,1,Makeup_Impersonation
Spoof/Makeup_Impersonation/Makeup_Im_51.mov,da92362ccdea95553a1f7db93cd2bd45b9b7857bd2f733760becf40c3bd117ac,siwmv2::sha256:da92362ccdea95553a1f7db93cd2bd45b9b7857bd2f733760becf40c3bd117ac,1,Makeup_Impersonation
Spoof/Makeup_Impersonation/Makeup_Im_52.mov,3e2bdd7f2ea41966ae6c1419162578ef61ccbd9a760aadfdae25c11defba5304,siwmv2::sha256:3e2bdd7f2ea41966ae6c1419162578ef61ccbd9a760aadfdae25c11defba5304,1,Makeup_Impersonation
Spoof/Makeup_Impersonation/Makeup_Im_53.mov,8692708c4d1415f34ef66f4772da9c75eb5e894d9e0f3d61a1548ca7256547a2,siwmv2::sha256:8692708c4d1415f34ef66f4772da9c75eb5e894d9e0f3d61a1548ca7256547a2,1,Makeup_Impersonation
Spoof/Makeup_Impersonation/Makeup_Im_56.mov,c22843163cb0d97b4630ac3d96f88515b098a844929948d8538aa0929bffb7ed,siwmv2::sha256:c22843163cb0d97b4630ac3d96f88515b098a844929948d8538aa0929bffb7ed,1,Makeup_Impersonation
Spoof/Makeup_Impersonation/Makeup_Im_57.mov,b8408177a1b9259e7cc70836acc3096d142dfcc0ffbee2d90036046d4bb32a5f,siwmv2::sha256:b8408177a1b9259e7cc70836acc3096d142dfcc0ffbee2d90036046d4bb32a5f,1,Makeup_Impersonation
Spoof/Makeup_Impersonation/Makeup_Im_58.mov,7b02e8db97464ba3280a468f226e12ef35addd7ff514447bc09da0598e82d223,siwmv2::sha256:7b02e8db97464ba3280a468f226e12ef35addd7ff514447bc09da0598e82d223,1,Makeup_Impersonation
Spoof/Makeup_Impersonation/Makeup_Im_59.mov,f23d6b06426dbacca3f37ade980a69561fc8411839e8f0415d4a7e650b888485,siwmv2::sha256:f23d6b06426dbacca3f37ade980a69561fc8411839e8f0415d4a7e650b888485,1,Makeup_Impersonation
Spoof/Makeup_Impersonation/Makeup_Im_6.mov,6765b8d822b86cca2c268cedbe41b6052aaebbef9300371af3e078453373514b,siwmv2::sha256:6765b8d822b86cca2c268cedbe41b6052aaebbef9300371af3e078453373514b,1,Makeup_Impersonation
Spoof/Makeup_Impersonation/Makeup_Im_60.mov,888fb7684f7b049cd75b9aa9dabca6c29565a5646487f55b781f13ed3500e16e,siwmv2::sha256:888fb7684f7b049cd75b9aa9dabca6c29565a5646487f55b781f13ed3500e16e,1,Makeup_Impersonation
Spoof/Makeup_Impersonation/Makeup_Im_61.mov,9f4141e6dbd8a356a669711ba986fec7a59b018cb85bb365870097e947d55527,siwmv2::sha256:9f4141e6dbd8a356a669711ba986fec7a59b018cb85bb365870097e947d55527,1,Makeup_Impersonation
Spoof/Makeup_Impersonation/Makeup_Im_62.mov,4165d81b8c24f32ee761d1552d1ea95fc23bd39777d7dab9512c9ddf53feb450,siwmv2::sha256:4165d81b8c24f32ee761d1552d1ea95fc23bd39777d7dab9512c9ddf53feb450,1,Makeup_Impersonation
Spoof/Makeup_Impersonation/Makeup_Im_63.mov,684e9491265e4ce2230b72af3bddaa142514e6fd9e0f060afbc72967428674fd,siwmv2::sha256:684e9491265e4ce2230b72af3bddaa142514e6fd9e0f060afbc72967428674fd,1,Makeup_Impersonation
Spoof/Makeup_Impersonation/Makeup_Im_7.mov,610c8a27c5f3438a0d24f143299cba9257a5f2b9c02aa7eea4350bffe02b3a36,siwmv2::sha256:610c8a27c5f3438a0d24f143299cba9257a5f2b9c02aa7eea4350bffe02b3a36,1,Makeup_Impersonation
Spoof/Makeup_Impersonation/Makeup_Im_8.mov,db8721d7d689458b17850deece72f7783f94dd52f0caa6f9f980fc373126eac0,siwmv2::sha256:db8721d7d689458b17850deece72f7783f94dd52f0caa6f9f980fc373126eac0,1,Makeup_Impersonation
Spoof/Makeup_Impersonation/Makeup_Im_9.mov,bd2538fac192b94ebb5a9fb6fc5412694c8194a452949d595d80867c8cad9f0e,siwmv2::sha256:bd2538fac192b94ebb5a9fb6fc5412694c8194a452949d595d80867c8cad9f0e,1,Makeup_Impersonation
Spoof/Makeup_Obfuscation/Makeup_Ob_1.mp4,e6249afb316104d01ad61b835394c75303042487710e436c1c7be0f8d23afef1,siwmv2::sha256:e6249afb316104d01ad61b835394c75303042487710e436c1c7be0f8d23afef1,1,Makeup_Obfuscation
Spoof/Makeup_Obfuscation/Makeup_Ob_10.mp4,5e32cb9d3f6c7858ea05c9b5bb6c7ea980b3653201fe5c7b1d6b3254c7e56acf,siwmv2::sha256:5e32cb9d3f6c7858ea05c9b5bb6c7ea980b3653201fe5c7b1d6b3254c7e56acf,1,Makeup_Obfuscation
Spoof/Makeup_Obfuscation/Makeup_Ob_11.mp4,b1dfdd041f682294c8d0caa68b7ef0fdd80d91f8fc4506d2ff239af56e10fa5e,siwmv2::sha256:b1dfdd041f682294c8d0caa68b7ef0fdd80d91f8fc4506d2ff239af56e10fa5e,1,Makeup_Obfuscation
Spoof/Makeup_Obfuscation/Makeup_Ob_12.mp4,106909d0631055e5107552e35dabf2d2a58be1720a89f1a1bdfe846b2b337440,siwmv2::sha256:106909d0631055e5107552e35dabf2d2a58be1720a89f1a1bdfe846b2b337440,1,Makeup_Obfuscation
Spoof/Makeup_Obfuscation/Makeup_Ob_13.mp4,c0d05aeb223cc441f73f74c9a8f59263e3c1d833b700715521434b06d3a1a6bd,siwmv2::sha256:c0d05aeb223cc441f73f74c9a8f59263e3c1d833b700715521434b06d3a1a6bd,1,Makeup_Obfuscation
Spoof/Makeup_Obfuscation/Makeup_Ob_14.mp4,a0e17a2cd583571faf7d8031338cb8e9f9c909990807dd4fb613c535bc071fe9,siwmv2::sha256:a0e17a2cd583571faf7d8031338cb8e9f9c909990807dd4fb613c535bc071fe9,1,Makeup_Obfuscation
Spoof/Makeup_Obfuscation/Makeup_Ob_15.mp4,5422503850bbebd26c750ab9ecd67bafccc11d73e0052aa05731d7e4c80ff5e3,siwmv2::sha256:5422503850bbebd26c750ab9ecd67bafccc11d73e0052aa05731d7e4c80ff5e3,1,Makeup_Obfuscation
Spoof/Makeup_Obfuscation/Makeup_Ob_16.mp4,42982bbc2407af02f04ff1f94e2979990e1561bcc96af7d52ed9fdad31bed929,siwmv2::sha256:42982bbc2407af02f04ff1f94e2979990e1561bcc96af7d52ed9fdad31bed929,1,Makeup_Obfuscation
Spoof/Makeup_Obfuscation/Makeup_Ob_17.mp4,203bb87fadc69899b42e881e2ae78517db8fd8f623c5b816478a89c6bf49f23a,siwmv2::sha256:203bb87fadc69899b42e881e2ae78517db8fd8f623c5b816478a89c6bf49f23a,1,Makeup_Obfuscation
Spoof/Makeup_Obfuscation/Makeup_Ob_18.mp4,2bfecb80a4f08a305aa73b0f99f11a1ab19e4976407b734384fa1e7c9003ef3b,siwmv2::sha256:2bfecb80a4f08a305aa73b0f99f11a1ab19e4976407b734384fa1e7c9003ef3b,1,Makeup_Obfuscation
Spoof/Makeup_Obfuscation/Makeup_Ob_19.mp4,ceaa40bda08c5079d5f41333576b5601286bf37497a7f62e68dc812aa1e62bd2,siwmv2::sha256:ceaa40bda08c5079d5f41333576b5601286bf37497a7f62e68dc812aa1e62bd2,1,Makeup_Obfuscation
Spoof/Makeup_Obfuscation/Makeup_Ob_2.mp4,eab6dda944c21f116a0efcf4f613aede57c34b2e788e8805962f4874c7890e21,siwmv2::sha256:eab6dda944c21f116a0efcf4f613aede57c34b2e788e8805962f4874c7890e21,1,Makeup_Obfuscation
Spoof/Makeup_Obfuscation/Makeup_Ob_20.mp4,6d15fcdbfe695bb279c5402d1fd3188d18beec13f4233982e330ef214acc535d,siwmv2::sha256:6d15fcdbfe695bb279c5402d1fd3188d18beec13f4233982e330ef214acc535d,1,Makeup_Obfuscation
Spoof/Makeup_Obfuscation/Makeup_Ob_21.mp4,a1acf6b134b7bbcd8a4cca2387c9e497b6b22fc90f6be87155922a419622426e,siwmv2::sha256:a1acf6b134b7bbcd8a4cca2387c9e497b6b22fc90f6be87155922a419622426e,1,Makeup_Obfuscation
Spoof/Makeup_Obfuscation/Makeup_Ob_22.mp4,935642717da652675c671fba7f0a1527a19242d7dc05d3aebdb435e9b39fa766,siwmv2::sha256:935642717da652675c671fba7f0a1527a19242d7dc05d3aebdb435e9b39fa766,1,Makeup_Obfuscation
Spoof/Makeup_Obfuscation/Makeup_Ob_3.mp4,9bada3f443dc4c07aa6eb1af21cff6ed31deebe5edf91ff6ff0369caa3175b5c,siwmv2::sha256:9bada3f443dc4c07aa6eb1af21cff6ed31deebe5edf91ff6ff0369caa3175b5c,1,Makeup_Obfuscation
Spoof/Makeup_Obfuscation/Makeup_Ob_4.mp4,ce0f7d54054afd552e85b60eb0e64ca9d4588b6dbf66bcd8949b1f0a7e158d34,siwmv2::sha256:ce0f7d54054afd552e85b60eb0e64ca9d4588b6dbf66bcd8949b1f0a7e158d34,1,Makeup_Obfuscation
Spoof/Makeup_Obfuscation/Makeup_Ob_5.mp4,426b1007a32254d372d6c3586cacd3b6896b9f4442209f47f6a7250c44417be9,siwmv2::sha256:426b1007a32254d372d6c3586cacd3b6896b9f4442209f47f6a7250c44417be9,1,Makeup_Obfuscation
Spoof/Makeup_Obfuscation/Makeup_Ob_6.mp4,46cca8163dfbbba07714734b0a042c02e1ca85cd629750b0bd592c8b36c84a4e,siwmv2::sha256:46cca8163dfbbba07714734b0a042c02e1ca85cd629750b0bd592c8b36c84a4e,1,Makeup_Obfuscation
Spoof/Makeup_Obfuscation/Makeup_Ob_7.mp4,ee661753479b8030201e4d4fcd61f0169715380725c5396f4414c5b3d36b489a,siwmv2::sha256:ee661753479b8030201e4d4fcd61f0169715380725c5396f4414c5b3d36b489a,1,Makeup_Obfuscation
Spoof/Makeup_Obfuscation/Makeup_Ob_8.mp4,ac460d903b108a2fbbf473831d8386c06d00842d4b18b88665a7cfa72c2e04f4,siwmv2::sha256:ac460d903b108a2fbbf473831d8386c06d00842d4b18b88665a7cfa72c2e04f4,1,Makeup_Obfuscation
Spoof/Makeup_Obfuscation/Makeup_Ob_9.mp4,696950dff108c74fa96a16972a3c5378cda5108a8a84308765dced378694de7e,siwmv2::sha256:696950dff108c74fa96a16972a3c5378cda5108a8a84308765dced378694de7e,1,Makeup_Obfuscation
Spoof/Mannequin/Mask_Mann_1.mov,d731d08f9f520eadf6d74e2bbf3cb1d31030392513348d1fd122026f08dbfe92,siwmv2::sha256:d731d08f9f520eadf6d74e2bbf3cb1d31030392513348d1fd122026f08dbfe92,1,Mannequin
Spoof/Mannequin/Mask_Mann_10.mov,8c6dd55f9e2335fd31222f117e57361de698171a32d6c74fc72ea8427ceda123,siwmv2::sha256:8c6dd55f9e2335fd31222f117e57361de698171a32d6c74fc72ea8427ceda123,1,Mannequin
Spoof/Mannequin/Mask_Mann_11.mov,c174eaa5696d48a3993be1c697b4fecf8d81a1339c0e23cdc1a4fe5bacd909ec,siwmv2::sha256:c174eaa5696d48a3993be1c697b4fecf8d81a1339c0e23cdc1a4fe5bacd909ec,1,Mannequin
Spoof/Mannequin/Mask_Mann_12.mov,5c4f87c3e095ecfe306a235776ace0af7f550445c2f3c783815db1c03beace08,siwmv2::sha256:5c4f87c3e095ecfe306a235776ace0af7f550445c2f3c783815db1c03beace08,1,Mannequin
Spoof/Mannequin/Mask_Mann_13.mov,dd0375f34730c360d322657aa36f42b7a84eb8a84b8f1c5e4684c16699ad7c45,siwmv2::sha256:dd0375f34730c360d322657aa36f42b7a84eb8a84b8f1c5e4684c16699ad7c45,1,Mannequin
Spoof/Mannequin/Mask_Mann_14.mov,126ad8dbe3b181f76b40d5baa894df47b849285f4b29a9743aef026c703d168c,siwmv2::sha256:126ad8dbe3b181f76b40d5baa894df47b849285f4b29a9743aef026c703d168c,1,Mannequin
Spoof/Mannequin/Mask_Mann_15.mov,71c6e80c616935e7e2652037e9896cc0cc706a1d9876396ce0efeca247b81154,siwmv2::sha256:71c6e80c616935e7e2652037e9896cc0cc706a1d9876396ce0efeca247b81154,1,Mannequin
Spoof/Mannequin/Mask_Mann_16.mov,8e324a9d727d6149eac5acce102eaef0c0fcac707b8d8c2d2f344b34c0fd56fc,siwmv2::sha256:8e324a9d727d6149eac5acce102eaef0c0fcac707b8d8c2d2f344b34c0fd56fc,1,Mannequin
Spoof/Mannequin/Mask_Mann_17.mov,e83b69835e85e6dbfeff7086a8f8bfdedfd7838d0623c94cd47938cdad2dfa7d,siwmv2::sha256:e83b69835e85e6dbfeff7086a8f8bfdedfd7838d0623c94cd47938cdad2dfa7d,1,Mannequin
Spoof/Mannequin/Mask_Mann_18.mov,0ca90cc3bbb55081773f3df56e3c10b6d1ddd52c572e62f09133537d8c60fcbf,siwmv2::sha256:0ca90cc3bbb55081773f3df56e3c10b6d1ddd52c572e62f09133537d8c60fcbf,1,Mannequin
Spoof/Mannequin/Mask_Mann_19.mov,076d3327c5a7c713ae070e86f630e3c43633829479f3e31e1635b501e865e981,siwmv2::sha256:076d3327c5a7c713ae070e86f630e3c43633829479f3e31e1635b501e865e981,1,Mannequin
Spoof/Mannequin/Mask_Mann_2.mov,bd1869c75ea79adcdb5d44795213fd4e336898a9f170a46b653dc73b6c35674e,siwmv2::sha256:bd1869c75ea79adcdb5d44795213fd4e336898a9f170a46b653dc73b6c35674e,1,Mannequin
Spoof/Mannequin/Mask_Mann_20.mov,4a2b144b92c71d4be945d6240022c031fc6e976b18528bdffe4c4644deafc6c3,siwmv2::sha256:4a2b144b92c71d4be945d6240022c031fc6e976b18528bdffe4c4644deafc6c3,1,Mannequin
Spoof/Mannequin/Mask_Mann_21.mov,122b18ef2bc2c325ed792fc22ee06603663dc5489dc4c805e260533cdcbc4182,siwmv2::sha256:122b18ef2bc2c325ed792fc22ee06603663dc5489dc4c805e260533cdcbc4182,1,Mannequin
Spoof/Mannequin/Mask_Mann_22.mov,9b8151571f822e72c70cdeef1d96e60efdbd21c8ad520bcde52d0bed9cfb0661,siwmv2::sha256:9b8151571f822e72c70cdeef1d96e60efdbd21c8ad520bcde52d0bed9cfb0661,1,Mannequin
Spoof/Mannequin/Mask_Mann_23.mov,f2d8e5801818da6eaf3b4d8f3f54c3e1980cb3fdc3db29463074443e9dab1385,siwmv2::sha256:f2d8e5801818da6eaf3b4d8f3f54c3e1980cb3fdc3db29463074443e9dab1385,1,Mannequin
Spoof/Mannequin/Mask_Mann_24.mov,ada0767d4533ea6f5b25405e266e6d623589534d96374ec6e64e87b189f36411,siwmv2::sha256:ada0767d4533ea6f5b25405e266e6d623589534d96374ec6e64e87b189f36411,1,Mannequin
Spoof/Mannequin/Mask_Mann_25.mov,9cde007b8ca43ed89bd363fa389523a1e144b85f03425bd14f19ec02d37dccee,siwmv2::sha256:9cde007b8ca43ed89bd363fa389523a1e144b85f03425bd14f19ec02d37dccee,1,Mannequin
Spoof/Mannequin/Mask_Mann_26.mov,341bf8397113dd725643a9302da697851a2803b4a5feba617c461b63716b8953,siwmv2::sha256:341bf8397113dd725643a9302da697851a2803b4a5feba617c461b63716b8953,1,Mannequin
Spoof/Mannequin/Mask_Mann_27.mov,54cb67c6a8141a21c8d05a15e9267b32567d8b0c2bb24465c81eaef979e13052,siwmv2::sha256:54cb67c6a8141a21c8d05a15e9267b32567d8b0c2bb24465c81eaef979e13052,1,Mannequin
Spoof/Mannequin/Mask_Mann_28.mov,a46a202206b1c374a0b235de4d7ab0a83bc1eab7be2baf2f589edfec34175efb,siwmv2::sha256:a46a202206b1c374a0b235de4d7ab0a83bc1eab7be2baf2f589edfec34175efb,1,Mannequin
Spoof/Mannequin/Mask_Mann_29.mov,1e31945f9037376fd5ab27c5350a52b04e827562451cf0497a9ee0a718a89b3a,siwmv2::sha256:1e31945f9037376fd5ab27c5350a52b04e827562451cf0497a9ee0a718a89b3a,1,Mannequin
Spoof/Mannequin/Mask_Mann_3.mov,9b2fddff4bf92bf5d931299edb1ac43da1ef8680a645e06b71401df21e6abc2b,siwmv2::sha256:9b2fddff4bf92bf5d931299edb1ac43da1ef8680a645e06b71401df21e6abc2b,1,Mannequin
Spoof/Mannequin/Mask_Mann_30.mov,d1db22f2d5e18a36569234a42dae058edf8327b23e0b05def17fff89f5647141,siwmv2::sha256:d1db22f2d5e18a36569234a42dae058edf8327b23e0b05def17fff89f5647141,1,Mannequin
Spoof/Mannequin/Mask_Mann_31.mov,fcd5e18bb7b8559d164dd589dd49c2aa494fd519a40f5964106c0f1dd0b0146c,siwmv2::sha256:fcd5e18bb7b8559d164dd589dd49c2aa494fd519a40f5964106c0f1dd0b0146c,1,Mannequin
Spoof/Mannequin/Mask_Mann_32.mov,8a331029ace20cd20d535102b1a4d6a56ced1e2ac30145251861d21e9bffd611,siwmv2::sha256:8a331029ace20cd20d535102b1a4d6a56ced1e2ac30145251861d21e9bffd611,1,Mannequin
Spoof/Mannequin/Mask_Mann_33.mov,3e81cdebd1a4c5eea72a0971afd1d97e19d1fb6130d2631cd5575eaddd7d2d30,siwmv2::sha256:3e81cdebd1a4c5eea72a0971afd1d97e19d1fb6130d2631cd5575eaddd7d2d30,1,Mannequin
Spoof/Mannequin/Mask_Mann_34.mov,2237d04aff8e75d3106661f68694d685d68276801668b1a0319cb45cd716a59d,siwmv2::sha256:2237d04aff8e75d3106661f68694d685d68276801668b1a0319cb45cd716a59d,1,Mannequin
Spoof/Mannequin/Mask_Mann_35.mov,304712a1788174effe17b71f05d687bf6b545488c63f3582f4547ecd30899652,siwmv2::sha256:304712a1788174effe17b71f05d687bf6b545488c63f3582f4547ecd30899652,1,Mannequin
Spoof/Mannequin/Mask_Mann_36.mov,fc07c92ac53624cf4fcd23657cf1a041328b59fe6f03bbf5204707853ff2e0e0,siwmv2::sha256:fc07c92ac53624cf4fcd23657cf1a041328b59fe6f03bbf5204707853ff2e0e0,1,Mannequin
Spoof/Mannequin/Mask_Mann_37.mov,85b3747831c27f32fe0671403a2dd1ba451875f98c7673ca780a07c9c36a17a6,siwmv2::sha256:85b3747831c27f32fe0671403a2dd1ba451875f98c7673ca780a07c9c36a17a6,1,Mannequin
Spoof/Mannequin/Mask_Mann_38.mov,6d10d89f558b4f0eb95159a086464bffe7527bcc05752684a701f359e48fe486,siwmv2::sha256:6d10d89f558b4f0eb95159a086464bffe7527bcc05752684a701f359e48fe486,1,Mannequin
Spoof/Mannequin/Mask_Mann_39.mov,d4950b6fd09ee3ce162183cd6d22d5c8dcebd0a766e99809ba95d2329ef4cc97,siwmv2::sha256:d4950b6fd09ee3ce162183cd6d22d5c8dcebd0a766e99809ba95d2329ef4cc97,1,Mannequin
Spoof/Mannequin/Mask_Mann_4.mov,8faefff2a4a63ecf686466c5733cc623f43f18a1c39886ac604cf3d0b73f0bbc,siwmv2::sha256:8faefff2a4a63ecf686466c5733cc623f43f18a1c39886ac604cf3d0b73f0bbc,1,Mannequin
Spoof/Mannequin/Mask_Mann_40.mov,437d72245f28cb769d54826c2cfec5d9e404482dd6e05f972fa229d973c326b0,siwmv2::sha256:437d72245f28cb769d54826c2cfec5d9e404482dd6e05f972fa229d973c326b0,1,Mannequin
Spoof/Mannequin/Mask_Mann_5.mov,b3e3d48330c665b258af187fe770f51a8ed935f984f51d62dabce02a175f6c59,siwmv2::sha256:b3e3d48330c665b258af187fe770f51a8ed935f984f51d62dabce02a175f6c59,1,Mannequin
Spoof/Mannequin/Mask_Mann_6.mov,428bf1716831900ffeed55a57e7dd55e9417700b05f208e7ec3f13dddec9544e,siwmv2::sha256:428bf1716831900ffeed55a57e7dd55e9417700b05f208e7ec3f13dddec9544e,1,Mannequin
Spoof/Mannequin/Mask_Mann_7.mov,594de5b18289c38c25989afc6f0704bb91fa50bc050da107775e7babd38fa18a,siwmv2::sha256:594de5b18289c38c25989afc6f0704bb91fa50bc050da107775e7babd38fa18a,1,Mannequin
Spoof/Mannequin/Mask_Mann_8.mov,7a59c73ba771d3e5ccb9536b49fa16d59f9d1c2d3ea4313a7114cf195ab52dcf,siwmv2::sha256:7a59c73ba771d3e5ccb9536b49fa16d59f9d1c2d3ea4313a7114cf195ab52dcf,1,Mannequin
Spoof/Mannequin/Mask_Mann_9.mov,6b0b24f937734c2d41076365a7f8d620042502b35f310df710129b456334af67,siwmv2::sha256:6b0b24f937734c2d41076365a7f8d620042502b35f310df710129b456334af67,1,Mannequin
Spoof/Mask_HalfMask/Mask_Half_1.mov,7f0b546b7419fd156be77ac2bc55d7acec858844c22befadf2a3c2721353342a,siwmv2::sha256:7f0b546b7419fd156be77ac2bc55d7acec858844c22befadf2a3c2721353342a,1,Mask_HalfMask
Spoof/Mask_HalfMask/Mask_Half_10.mov,1021b6094826bc59ec85472e449c43188a633488b35979d0287045fc15864547,siwmv2::sha256:1021b6094826bc59ec85472e449c43188a633488b35979d0287045fc15864547,1,Mask_HalfMask
Spoof/Mask_HalfMask/Mask_Half_11.mov,4a0d7ae70378c8e56caf7288d7ddf3f1b92a92d7867efd451711f0b9fb7aa86b,siwmv2::sha256:4a0d7ae70378c8e56caf7288d7ddf3f1b92a92d7867efd451711f0b9fb7aa86b,1,Mask_HalfMask
Spoof/Mask_HalfMask/Mask_Half_12.mov,eb0c00e14649aa3b8cd42ad96484f33918799b1157e05ec5df05171adae41bee,siwmv2::sha256:eb0c00e14649aa3b8cd42ad96484f33918799b1157e05ec5df05171adae41bee,1,Mask_HalfMask
Spoof/Mask_HalfMask/Mask_Half_13.mov,96b7a8975af4dc891e9978fa4f8688bfe507a7499e560f9fce096d5cf175f2ef,siwmv2::sha256:96b7a8975af4dc891e9978fa4f8688bfe507a7499e560f9fce096d5cf175f2ef,1,Mask_HalfMask
Spoof/Mask_HalfMask/Mask_Half_14.mov,dabbeb7231ba63636f483289dedd798877820ba575013706edd4fe11e867fc6a,siwmv2::sha256:dabbeb7231ba63636f483289dedd798877820ba575013706edd4fe11e867fc6a,1,Mask_HalfMask
Spoof/Mask_HalfMask/Mask_Half_15.mov,db1308bf81a8ee490005e931587af096cae550d39aaea3d4fc481a16a15dda86,siwmv2::sha256:db1308bf81a8ee490005e931587af096cae550d39aaea3d4fc481a16a15dda86,1,Mask_HalfMask
Spoof/Mask_HalfMask/Mask_Half_16.mov,3bc62d1d156328c90887b15e9857c20ff59511be9b0fc886ab159a5cbf37ee1e,siwmv2::sha256:3bc62d1d156328c90887b15e9857c20ff59511be9b0fc886ab159a5cbf37ee1e,1,Mask_HalfMask
Spoof/Mask_HalfMask/Mask_Half_17.mov,cec70f379bf1f92cf269dc79e550a7cb76e15bc14142890bd6121c259df6562e,siwmv2::sha256:cec70f379bf1f92cf269dc79e550a7cb76e15bc14142890bd6121c259df6562e,1,Mask_HalfMask
Spoof/Mask_HalfMask/Mask_Half_18.mov,63ebcc86d8e39445054e8381e8b7d9711e16dc40904eb286a9ab021a340e001a,siwmv2::sha256:63ebcc86d8e39445054e8381e8b7d9711e16dc40904eb286a9ab021a340e001a,1,Mask_HalfMask
Spoof/Mask_HalfMask/Mask_Half_19.mov,1b992e5dafbebca052a2fe9149cb30dcd77ee14909d2a214543bb113dbbd25f2,siwmv2::sha256:1b992e5dafbebca052a2fe9149cb30dcd77ee14909d2a214543bb113dbbd25f2,1,Mask_HalfMask
Spoof/Mask_HalfMask/Mask_Half_2.mov,a440b9a70496c5b8ed4320889144c8ff6e537c07213b6e228b37832adc0fe792,siwmv2::sha256:a440b9a70496c5b8ed4320889144c8ff6e537c07213b6e228b37832adc0fe792,1,Mask_HalfMask
Spoof/Mask_HalfMask/Mask_Half_20.mov,3a2044f38b392c34361663abe1f9b0f66f71bc5e504d5686a1455e7d20f0adb9,siwmv2::sha256:3a2044f38b392c34361663abe1f9b0f66f71bc5e504d5686a1455e7d20f0adb9,1,Mask_HalfMask
Spoof/Mask_HalfMask/Mask_Half_21.mov,3654d6c5bac4716cf96ee4a8a083a6c6b0f82ebdcd5a25e24119751eeb4f1a1b,siwmv2::sha256:3654d6c5bac4716cf96ee4a8a083a6c6b0f82ebdcd5a25e24119751eeb4f1a1b,1,Mask_HalfMask
Spoof/Mask_HalfMask/Mask_Half_22.mov,3363e58a602c6a7b114e5ff7769cb25c81bc27838d40ffa874b97d3464b5c25d,siwmv2::sha256:3363e58a602c6a7b114e5ff7769cb25c81bc27838d40ffa874b97d3464b5c25d,1,Mask_HalfMask
Spoof/Mask_HalfMask/Mask_Half_23.mov,c567accbf155247072fe354888b069edd95111ed0a6b7623153d4c83583a1c1b,siwmv2::sha256:c567accbf155247072fe354888b069edd95111ed0a6b7623153d4c83583a1c1b,1,Mask_HalfMask
Spoof/Mask_HalfMask/Mask_Half_24.mov,000628f6a2a7164fa17ce82e8de7c311e10ae2c632155ecbf1cb56da7aad3c80,siwmv2::sha256:000628f6a2a7164fa17ce82e8de7c311e10ae2c632155ecbf1cb56da7aad3c80,1,Mask_HalfMask
Spoof/Mask_HalfMask/Mask_Half_25.mov,252c364f5e3180b421cef12899a7bede57ad8615e0f76a97a7c7a569bbe61474,siwmv2::sha256:252c364f5e3180b421cef12899a7bede57ad8615e0f76a97a7c7a569bbe61474,1,Mask_HalfMask
Spoof/Mask_HalfMask/Mask_Half_26.mov,0a2ab701150bb21b769d28f675a8fa97f03f31c1533828cedde2a023a2363223,siwmv2::sha256:0a2ab701150bb21b769d28f675a8fa97f03f31c1533828cedde2a023a2363223,1,Mask_HalfMask
Spoof/Mask_HalfMask/Mask_Half_27.mov,9a4c1b9d3d8e3c5b7dd7d35c976da254a37a6a2376ccba3dd463ac1f07783d97,siwmv2::sha256:9a4c1b9d3d8e3c5b7dd7d35c976da254a37a6a2376ccba3dd463ac1f07783d97,1,Mask_HalfMask
Spoof/Mask_HalfMask/Mask_Half_28.mov,2a0f04b56ae4417ec4ee25c3870847c33f437d746bef1d804565dcf7b1aa05e7,siwmv2::sha256:2a0f04b56ae4417ec4ee25c3870847c33f437d746bef1d804565dcf7b1aa05e7,1,Mask_HalfMask
Spoof/Mask_HalfMask/Mask_Half_29.mov,822edce69ca7b82e31dd2148f255c2bbcec881480d562c19c3be56ae1001b19e,siwmv2::sha256:822edce69ca7b82e31dd2148f255c2bbcec881480d562c19c3be56ae1001b19e,1,Mask_HalfMask
Spoof/Mask_HalfMask/Mask_Half_3.mov,5745a72da8b984e96732056ef8724d8087682d94ec0ef8048a53d816709649e5,siwmv2::sha256:5745a72da8b984e96732056ef8724d8087682d94ec0ef8048a53d816709649e5,1,Mask_HalfMask
Spoof/Mask_HalfMask/Mask_Half_30.mov,78b10d0168f9578144f36b2db2400e5493a02e998a643eb47fa87d6f80e72376,siwmv2::sha256:78b10d0168f9578144f36b2db2400e5493a02e998a643eb47fa87d6f80e72376,1,Mask_HalfMask
Spoof/Mask_HalfMask/Mask_Half_31.mov,10bc3b9228ef201bee80c45923857be4a4913055926c66505a2c3ab6b7a290c9,siwmv2::sha256:10bc3b9228ef201bee80c45923857be4a4913055926c66505a2c3ab6b7a290c9,1,Mask_HalfMask
Spoof/Mask_HalfMask/Mask_Half_32.mov,659d571404e94ed4b2ae69d6d6deedc017ea1ef0bcfc9048b8a42496ce19a63b,siwmv2::sha256:659d571404e94ed4b2ae69d6d6deedc017ea1ef0bcfc9048b8a42496ce19a63b,1,Mask_HalfMask
Spoof/Mask_HalfMask/Mask_Half_33.mov,ecc28e7a6aa81fbb19b5e908d059397e40ba8567218cbade7ae11933d5ae981a,siwmv2::sha256:ecc28e7a6aa81fbb19b5e908d059397e40ba8567218cbade7ae11933d5ae981a,1,Mask_HalfMask
Spoof/Mask_HalfMask/Mask_Half_34.mov,86cc5e34d1368a629ff9935c26339fbf64b0a4e959c0453576d1d89f1b32de36,siwmv2::sha256:86cc5e34d1368a629ff9935c26339fbf64b0a4e959c0453576d1d89f1b32de36,1,Mask_HalfMask
Spoof/Mask_HalfMask/Mask_Half_35.mov,b388d0dd1e03ec6369bc085c77e5da646dc1fd0d71d4b0fb4696a8fa81e7f0fd,siwmv2::sha256:b388d0dd1e03ec6369bc085c77e5da646dc1fd0d71d4b0fb4696a8fa81e7f0fd,1,Mask_HalfMask
Spoof/Mask_HalfMask/Mask_Half_36.mov,eafc938c12d5d6bf33bec8dc26801ec7c950e17f2f2834a334935bcaa87afbbe,siwmv2::sha256:eafc938c12d5d6bf33bec8dc26801ec7c950e17f2f2834a334935bcaa87afbbe,1,Mask_HalfMask
Spoof/Mask_HalfMask/Mask_Half_37.mov,f0ea95abbbb50fc7d132ebe10f0906dda7cd5d7a74a863467a936f3870438e2a,siwmv2::sha256:f0ea95abbbb50fc7d132ebe10f0906dda7cd5d7a74a863467a936f3870438e2a,1,Mask_HalfMask
Spoof/Mask_HalfMask/Mask_Half_38.mov,3adb0a6045c5a846d0c1619524040792b0f9acea6d17eaf7256d82e2d654a96a,siwmv2::sha256:3adb0a6045c5a846d0c1619524040792b0f9acea6d17eaf7256d82e2d654a96a,1,Mask_HalfMask
Spoof/Mask_HalfMask/Mask_Half_39.mov,dce02ccd6116fbe9dbb21d658d704540806274c12a86aa628905f80fad66cc88,siwmv2::sha256:dce02ccd6116fbe9dbb21d658d704540806274c12a86aa628905f80fad66cc88,1,Mask_HalfMask
Spoof/Mask_HalfMask/Mask_Half_4.mov,ff1ad1b6b575d5f8f3ea97d76e7d21f995ccc904c49b0d4709f20df26d4fd6a1,siwmv2::sha256:ff1ad1b6b575d5f8f3ea97d76e7d21f995ccc904c49b0d4709f20df26d4fd6a1,1,Mask_HalfMask
Spoof/Mask_HalfMask/Mask_Half_40.mov,49fa96b02ffa4b22d8c642bd74c2206de4497e73b692029a49f433dae618d98f,siwmv2::sha256:49fa96b02ffa4b22d8c642bd74c2206de4497e73b692029a49f433dae618d98f,1,Mask_HalfMask
Spoof/Mask_HalfMask/Mask_Half_41.mov,60db143ba1d6a337061490003ee5eb8f91dba2e483ff1e000b266001ef031c41,siwmv2::sha256:60db143ba1d6a337061490003ee5eb8f91dba2e483ff1e000b266001ef031c41,1,Mask_HalfMask
Spoof/Mask_HalfMask/Mask_Half_42.mov,6ee8bd263dd124925f913f9f0eaba65a128a99c4f25f6f77c4711a0280d45eb4,siwmv2::sha256:6ee8bd263dd124925f913f9f0eaba65a128a99c4f25f6f77c4711a0280d45eb4,1,Mask_HalfMask
Spoof/Mask_HalfMask/Mask_Half_43.mov,73f32e109712f65dc16b5619e1ea4c9196f465cabb5a7bb47210e7cdee222f2b,siwmv2::sha256:73f32e109712f65dc16b5619e1ea4c9196f465cabb5a7bb47210e7cdee222f2b,1,Mask_HalfMask
Spoof/Mask_HalfMask/Mask_Half_44.mov,ade485e79940ec055aa9898e01a52c5df09bdee2162eb5a4d446f70748643edf,siwmv2::sha256:ade485e79940ec055aa9898e01a52c5df09bdee2162eb5a4d446f70748643edf,1,Mask_HalfMask
Spoof/Mask_HalfMask/Mask_Half_45.mov,ab98119cfdedc46a3e64d7aa963fb88e9a2f166fed34993fafd70c3c93815e66,siwmv2::sha256:ab98119cfdedc46a3e64d7aa963fb88e9a2f166fed34993fafd70c3c93815e66,1,Mask_HalfMask
Spoof/Mask_HalfMask/Mask_Half_46.mov,e067e9ed8dec9144213300195bc0746171603a706d18e249511b8ebe7da643fd,siwmv2::sha256:e067e9ed8dec9144213300195bc0746171603a706d18e249511b8ebe7da643fd,1,Mask_HalfMask
Spoof/Mask_HalfMask/Mask_Half_47.mov,4e9b3e8a36474c73a15d528129a38bb0cbae4f60a33612ddc68edb1777cdff4d,siwmv2::sha256:4e9b3e8a36474c73a15d528129a38bb0cbae4f60a33612ddc68edb1777cdff4d,1,Mask_HalfMask
Spoof/Mask_HalfMask/Mask_Half_48.mov,42530d4e6428012613b00aa7e0cce523f5fe723bd20e3cb60527e23d19967364,siwmv2::sha256:42530d4e6428012613b00aa7e0cce523f5fe723bd20e3cb60527e23d19967364,1,Mask_HalfMask
Spoof/Mask_HalfMask/Mask_Half_49.mov,9b9c284d7f67ae2abe99b1e25e191ecc460806c70c3731466a9edb1c6610988b,siwmv2::sha256:9b9c284d7f67ae2abe99b1e25e191ecc460806c70c3731466a9edb1c6610988b,1,Mask_HalfMask
Spoof/Mask_HalfMask/Mask_Half_5.mov,c55a99db6b51859b902c406e9e01dfdd433bb17be6c5ae59c1dd3f9c8f9fadf0,siwmv2::sha256:c55a99db6b51859b902c406e9e01dfdd433bb17be6c5ae59c1dd3f9c8f9fadf0,1,Mask_HalfMask
Spoof/Mask_HalfMask/Mask_Half_50.mov,472130e1ecd8fa21aca5bb0c9da24f4f97a12decb4a50ab3209e7bd5eed3c0ac,siwmv2::sha256:472130e1ecd8fa21aca5bb0c9da24f4f97a12decb4a50ab3209e7bd5eed3c0ac,1,Mask_HalfMask
Spoof/Mask_HalfMask/Mask_Half_51.mov,ae37bc03cc7c442ea838e477917561b78ab2f28ed696c65d378d02ed17771be1,siwmv2::sha256:ae37bc03cc7c442ea838e477917561b78ab2f28ed696c65d378d02ed17771be1,1,Mask_HalfMask
Spoof/Mask_HalfMask/Mask_Half_52.mov,275cd4c9e5b3986b10ee0d76bc1b067691e4e37ccd51361b7585754a0f32dde6,siwmv2::sha256:275cd4c9e5b3986b10ee0d76bc1b067691e4e37ccd51361b7585754a0f32dde6,1,Mask_HalfMask
Spoof/Mask_HalfMask/Mask_Half_53.mov,5aa5e0baceaeae27a66b4fad78dfe92cdf25db4e0fdaad1cb3c926550366fe18,siwmv2::sha256:5aa5e0baceaeae27a66b4fad78dfe92cdf25db4e0fdaad1cb3c926550366fe18,1,Mask_HalfMask
Spoof/Mask_HalfMask/Mask_Half_54.mov,f14675612a1de48028342fcb1cb3b3505ae3af053f37728e097a9722c09be666,siwmv2::sha256:f14675612a1de48028342fcb1cb3b3505ae3af053f37728e097a9722c09be666,1,Mask_HalfMask
Spoof/Mask_HalfMask/Mask_Half_55.mov,435a1c0c73992a0acde51a0b04f0c5ad724733d0d3fe805f39fd0ffed1a89a15,siwmv2::sha256:435a1c0c73992a0acde51a0b04f0c5ad724733d0d3fe805f39fd0ffed1a89a15,1,Mask_HalfMask
Spoof/Mask_HalfMask/Mask_Half_56.mov,1f5d478732b9e169875dbef0bf1d0c81dc6af93d4bc4b96858f2d2d224874e69,siwmv2::sha256:1f5d478732b9e169875dbef0bf1d0c81dc6af93d4bc4b96858f2d2d224874e69,1,Mask_HalfMask
Spoof/Mask_HalfMask/Mask_Half_57.mov,b60e2393c966dba337c222cfdedc7e747e8359e5766f82cd094c6da18e05ccc5,siwmv2::sha256:b60e2393c966dba337c222cfdedc7e747e8359e5766f82cd094c6da18e05ccc5,1,Mask_HalfMask
Spoof/Mask_HalfMask/Mask_Half_58.mov,0835b2845ee5f0806928cbae1a480283bd2aafbdf44f61e482f264864fc79b43,siwmv2::sha256:0835b2845ee5f0806928cbae1a480283bd2aafbdf44f61e482f264864fc79b43,1,Mask_HalfMask
Spoof/Mask_HalfMask/Mask_Half_59.mov,60e1cb10f5750ca0ed0291d5ed3d38d0c60a45dbca0788407762639e0e16d8d4,siwmv2::sha256:60e1cb10f5750ca0ed0291d5ed3d38d0c60a45dbca0788407762639e0e16d8d4,1,Mask_HalfMask
Spoof/Mask_HalfMask/Mask_Half_6.mov,45d1c2ab1ece3e224c141032ac09b229a3225f9497efe28a070c5e901b2315b8,siwmv2::sha256:45d1c2ab1ece3e224c141032ac09b229a3225f9497efe28a070c5e901b2315b8,1,Mask_HalfMask
Spoof/Mask_HalfMask/Mask_Half_60.mov,eef565084eb787c569c0e38417d0fa58860737ae614a8d81301bcaa61549861a,siwmv2::sha256:eef565084eb787c569c0e38417d0fa58860737ae614a8d81301bcaa61549861a,1,Mask_HalfMask
Spoof/Mask_HalfMask/Mask_Half_61.mov,4697173cf79e68e419812d33f1b2252ba8af2f71e28932aa2fea974a0e1a9471,siwmv2::sha256:4697173cf79e68e419812d33f1b2252ba8af2f71e28932aa2fea974a0e1a9471,1,Mask_HalfMask
Spoof/Mask_HalfMask/Mask_Half_62.mov,4a7fecdb6634f1cb65fba652cc15a15f357c646bf23beea4b2cb0e735e97b861,siwmv2::sha256:4a7fecdb6634f1cb65fba652cc15a15f357c646bf23beea4b2cb0e735e97b861,1,Mask_HalfMask
Spoof/Mask_HalfMask/Mask_Half_63.mov,a78e4ec09b1e629812f2df3850b9f7d71df7c975964d273c09ccca8654e663e3,siwmv2::sha256:a78e4ec09b1e629812f2df3850b9f7d71df7c975964d273c09ccca8654e663e3,1,Mask_HalfMask
Spoof/Mask_HalfMask/Mask_Half_64.mov,99cc0ae3b6126e5f4b7392e142d291b5f3b7f0d5e9a9f0d560789019f5c3c89e,siwmv2::sha256:99cc0ae3b6126e5f4b7392e142d291b5f3b7f0d5e9a9f0d560789019f5c3c89e,1,Mask_HalfMask
Spoof/Mask_HalfMask/Mask_Half_65.mov,c0670fa22e2c65a05ecdd8ae835f63903a9eb5ba1d88c379202d28ef85c64488,siwmv2::sha256:c0670fa22e2c65a05ecdd8ae835f63903a9eb5ba1d88c379202d28ef85c64488,1,Mask_HalfMask
Spoof/Mask_HalfMask/Mask_Half_66.mov,f3babe643e37fdc8adfb78edbe2f5abb12267c8ac213634e025949cab4c79b6e,siwmv2::sha256:f3babe643e37fdc8adfb78edbe2f5abb12267c8ac213634e025949cab4c79b6e,1,Mask_HalfMask
Spoof/Mask_HalfMask/Mask_Half_67.mov,1752f10567d3751a8fa35ea7de236cc378fcab6eb0b84efc2741d77b0adb2447,siwmv2::sha256:1752f10567d3751a8fa35ea7de236cc378fcab6eb0b84efc2741d77b0adb2447,1,Mask_HalfMask
Spoof/Mask_HalfMask/Mask_Half_68.mov,a97c6be3a3cbe09bc68afaaa6480ee92d2fb37454081f8678949994716a0e705,siwmv2::sha256:a97c6be3a3cbe09bc68afaaa6480ee92d2fb37454081f8678949994716a0e705,1,Mask_HalfMask
Spoof/Mask_HalfMask/Mask_Half_69.mov,a935488abd1815da38389d2298cc22d0518b0301205d28f3f740c2e39ca34b22,siwmv2::sha256:a935488abd1815da38389d2298cc22d0518b0301205d28f3f740c2e39ca34b22,1,Mask_HalfMask
Spoof/Mask_HalfMask/Mask_Half_7.mov,15e3818f020051fa1243ca7697a69fac4ff17bfd6730badb86aebdb26314567a,siwmv2::sha256:15e3818f020051fa1243ca7697a69fac4ff17bfd6730badb86aebdb26314567a,1,Mask_HalfMask
Spoof/Mask_HalfMask/Mask_Half_70.mov,b340c7a123baae21940386c7d4f3e8be58c44ded08ebd547c5801ac4d429382f,siwmv2::sha256:b340c7a123baae21940386c7d4f3e8be58c44ded08ebd547c5801ac4d429382f,1,Mask_HalfMask
Spoof/Mask_HalfMask/Mask_Half_71.mov,eec6b5718b2cacd8e069d40835a08ec99c38f34036fa8fcf68ab600a3fa500dd,siwmv2::sha256:eec6b5718b2cacd8e069d40835a08ec99c38f34036fa8fcf68ab600a3fa500dd,1,Mask_HalfMask
Spoof/Mask_HalfMask/Mask_Half_72.mov,909818a3f3df5791bc89dc469dcf33cdbb4804718e3160e9b12c2a6b4d8985a7,siwmv2::sha256:909818a3f3df5791bc89dc469dcf33cdbb4804718e3160e9b12c2a6b4d8985a7,1,Mask_HalfMask
Spoof/Mask_HalfMask/Mask_Half_8.mov,ee22e9571e0fb999a1cf692de923acf344d77151136e4dedf671dbc87c870619,siwmv2::sha256:ee22e9571e0fb999a1cf692de923acf344d77151136e4dedf671dbc87c870619,1,Mask_HalfMask
Spoof/Mask_HalfMask/Mask_Half_9.mov,10c971d48d7caf21715ce332c4ba4ad0f461800e7ccd2e8a19c4e658fc2aa323,siwmv2::sha256:10c971d48d7caf21715ce332c4ba4ad0f461800e7ccd2e8a19c4e658fc2aa323,1,Mask_HalfMask
Spoof/Mask_PaperMask/Mask_Paper_1.mov,d2008cb7c63304767474148a144373d179a1398350b833132f6fb9395df7d3f8,siwmv2::sha256:d2008cb7c63304767474148a144373d179a1398350b833132f6fb9395df7d3f8,1,Mask_PaperMask
Spoof/Mask_PaperMask/Mask_Paper_10.mov,390c851ae68e9cb98f2b13dbb5a2b2490539a232492a8a693ca9604ab7f85426,siwmv2::sha256:390c851ae68e9cb98f2b13dbb5a2b2490539a232492a8a693ca9604ab7f85426,1,Mask_PaperMask
Spoof/Mask_PaperMask/Mask_Paper_11.mov,f283ffc8fe950ecbacbdff8a8dae19a2ff74faa89b1aeb1f25f88c91add392a8,siwmv2::sha256:f283ffc8fe950ecbacbdff8a8dae19a2ff74faa89b1aeb1f25f88c91add392a8,1,Mask_PaperMask
Spoof/Mask_PaperMask/Mask_Paper_12.mov,fc40009fde621a51b7674f26da4875f38a6e9615aecc50678d8d1479487bcb7d,siwmv2::sha256:fc40009fde621a51b7674f26da4875f38a6e9615aecc50678d8d1479487bcb7d,1,Mask_PaperMask
Spoof/Mask_PaperMask/Mask_Paper_13.mov,f94ca6b466c6338cd8709b8da91d8ebc9636be171d0d149402d31ac72965002b,siwmv2::sha256:f94ca6b466c6338cd8709b8da91d8ebc9636be171d0d149402d31ac72965002b,1,Mask_PaperMask
Spoof/Mask_PaperMask/Mask_Paper_14.mov,b14528c38e0786cd0d928b3721992483a1ea60540646a3360ac6b7ea932b7a66,siwmv2::sha256:b14528c38e0786cd0d928b3721992483a1ea60540646a3360ac6b7ea932b7a66,1,Mask_PaperMask
Spoof/Mask_PaperMask/Mask_Paper_15.mov,0d06b25dc53daf41f379ae4a88d06ba060494c70dc001f0dbb836ac06abf36fc,siwmv2::sha256:0d06b25dc53daf41f379ae4a88d06ba060494c70dc001f0dbb836ac06abf36fc,1,Mask_PaperMask
Spoof/Mask_PaperMask/Mask_Paper_16.mov,8af417de2db152af85a6eb76bb5d10af5601b96dc7fabcd6b5c89c72a96b8d50,siwmv2::sha256:8af417de2db152af85a6eb76bb5d10af5601b96dc7fabcd6b5c89c72a96b8d50,1,Mask_PaperMask
Spoof/Mask_PaperMask/Mask_Paper_17.mov,94efd8a8622c9c2058c2ed2ae82167d9e40d43674d0c8901fc53419fe41a27a5,siwmv2::sha256:94efd8a8622c9c2058c2ed2ae82167d9e40d43674d0c8901fc53419fe41a27a5,1,Mask_PaperMask
Spoof/Mask_PaperMask/Mask_Paper_2.mov,278bfa5d040728d447d18f76c8fc1dd27f7a36d3e4ab8b5d312675587f46654e,siwmv2::sha256:278bfa5d040728d447d18f76c8fc1dd27f7a36d3e4ab8b5d312675587f46654e,1,Mask_PaperMask
Spoof/Mask_PaperMask/Mask_Paper_3.mov,e90192b1e47a542b197c21374594491c6c51fb9f8df6bcc2daf3b46f36f7478f,siwmv2::sha256:e90192b1e47a542b197c21374594491c6c51fb9f8df6bcc2daf3b46f36f7478f,1,Mask_PaperMask
Spoof/Mask_PaperMask/Mask_Paper_4.mov,8693b5ea17e4fa106f9ed319379019b093767700ffc37642dbdc8750f6d62c63,siwmv2::sha256:8693b5ea17e4fa106f9ed319379019b093767700ffc37642dbdc8750f6d62c63,1,Mask_PaperMask
Spoof/Mask_PaperMask/Mask_Paper_5.mov,d20e71bc53344f05e057e87467fe9b99836c80ffe687ea484923fbbe4ed7ed99,siwmv2::sha256:d20e71bc53344f05e057e87467fe9b99836c80ffe687ea484923fbbe4ed7ed99,1,Mask_PaperMask
Spoof/Mask_PaperMask/Mask_Paper_6.mov,42da3f9681906e781fbc4f3b30e0af49f2ec63e51f64d5b0060393f027983688,siwmv2::sha256:42da3f9681906e781fbc4f3b30e0af49f2ec63e51f64d5b0060393f027983688,1,Mask_PaperMask
Spoof/Mask_PaperMask/Mask_Paper_7.mov,60531b13dbf8e29af1fdf7238326973c5d56e8075c3b2d3e0f45ef6708708b02,siwmv2::sha256:60531b13dbf8e29af1fdf7238326973c5d56e8075c3b2d3e0f45ef6708708b02,1,Mask_PaperMask
Spoof/Mask_PaperMask/Mask_Paper_8.mov,14a939b4170ae04b1dca8fcdebf3f227bffe8d5181928aa0791b585949d00676,siwmv2::sha256:14a939b4170ae04b1dca8fcdebf3f227bffe8d5181928aa0791b585949d00676,1,Mask_PaperMask
Spoof/Mask_PaperMask/Mask_Paper_9.mov,24b5273f80e07f8c8f81b7bdf4b5f58beba7253d3225699f1e01c2dd23d56b4b,siwmv2::sha256:24b5273f80e07f8c8f81b7bdf4b5f58beba7253d3225699f1e01c2dd23d56b4b,1,Mask_PaperMask
Spoof/Mask_TransparentMask/Mask_Trans_1.mov,776e55877ad43a49f22313161518bef3b47a2c2c96d216d3ba1e528d52f51c3f,siwmv2::sha256:776e55877ad43a49f22313161518bef3b47a2c2c96d216d3ba1e528d52f51c3f,1,Mask_TransparentMask
Spoof/Mask_TransparentMask/Mask_Trans_10.mov,75813615d5568266add414c35962a140a8a3e4efaf5c9a2520406ef460847ed8,siwmv2::sha256:75813615d5568266add414c35962a140a8a3e4efaf5c9a2520406ef460847ed8,1,Mask_TransparentMask
Spoof/Mask_TransparentMask/Mask_Trans_11.mov,97f576acf6cc0ec6daa3bd888cf5fef6c9105ba7abddb98edb6b29b937a45677,siwmv2::sha256:97f576acf6cc0ec6daa3bd888cf5fef6c9105ba7abddb98edb6b29b937a45677,1,Mask_TransparentMask
Spoof/Mask_TransparentMask/Mask_Trans_12.mov,60b1b7b44ce400e0567d93bb1f28d07054b9816e2172b4abf1f1771d445f177a,siwmv2::sha256:60b1b7b44ce400e0567d93bb1f28d07054b9816e2172b4abf1f1771d445f177a,1,Mask_TransparentMask
Spoof/Mask_TransparentMask/Mask_Trans_13.mov,0168fe1cd0f0c0e37fedb6b106e517b8a46a985db447315d3b6806acad556045,siwmv2::sha256:0168fe1cd0f0c0e37fedb6b106e517b8a46a985db447315d3b6806acad556045,1,Mask_TransparentMask
Spoof/Mask_TransparentMask/Mask_Trans_14.mov,7a65e00cfc3b9e179dd6601a717c582b8d53b6d573b9be67a64fb3008295cf34,siwmv2::sha256:7a65e00cfc3b9e179dd6601a717c582b8d53b6d573b9be67a64fb3008295cf34,1,Mask_TransparentMask
Spoof/Mask_TransparentMask/Mask_Trans_15.mov,0796c92eac7131c99a245fc79447ec1e77f5ec92ae915a964786c5fc6f389916,siwmv2::sha256:0796c92eac7131c99a245fc79447ec1e77f5ec92ae915a964786c5fc6f389916,1,Mask_TransparentMask
Spoof/Mask_TransparentMask/Mask_Trans_16.mov,33210e43a90b424ba026f4682ed79fc7863501d03de66313d29b423049f727a9,siwmv2::sha256:33210e43a90b424ba026f4682ed79fc7863501d03de66313d29b423049f727a9,1,Mask_TransparentMask
Spoof/Mask_TransparentMask/Mask_Trans_17.mov,3e463d71be003287678d8d1b20a672f8fd2bb9886a7d40d8b8c6260bc7cfc65d,siwmv2::sha256:3e463d71be003287678d8d1b20a672f8fd2bb9886a7d40d8b8c6260bc7cfc65d,1,Mask_TransparentMask
Spoof/Mask_TransparentMask/Mask_Trans_18.mov,313a1dca6aa28a97027214876aaf7a43b601ce13136e32fd3cf0d564cd76f763,siwmv2::sha256:313a1dca6aa28a97027214876aaf7a43b601ce13136e32fd3cf0d564cd76f763,1,Mask_TransparentMask
Spoof/Mask_TransparentMask/Mask_Trans_19.mov,9db1152f8386eee2c898f9ac2ca41d01a7413e71ff46c73bc7e36aef3f8512cd,siwmv2::sha256:9db1152f8386eee2c898f9ac2ca41d01a7413e71ff46c73bc7e36aef3f8512cd,1,Mask_TransparentMask
Spoof/Mask_TransparentMask/Mask_Trans_2.mov,b22a8af73acd33dee84540850ae09f60656665d88c38a280b8b6a0c3805600da,siwmv2::sha256:b22a8af73acd33dee84540850ae09f60656665d88c38a280b8b6a0c3805600da,1,Mask_TransparentMask
Spoof/Mask_TransparentMask/Mask_Trans_20.mov,904e35a8bb040ad7e35bcb3f26200767747012e507ab6490d05779dc587b3fdf,siwmv2::sha256:904e35a8bb040ad7e35bcb3f26200767747012e507ab6490d05779dc587b3fdf,1,Mask_TransparentMask
Spoof/Mask_TransparentMask/Mask_Trans_21.mov,b8b591e36f814f5f84955cb0ec12ef102f6db94d3b24ab58074a9f6c13f5e3e2,siwmv2::sha256:b8b591e36f814f5f84955cb0ec12ef102f6db94d3b24ab58074a9f6c13f5e3e2,1,Mask_TransparentMask
Spoof/Mask_TransparentMask/Mask_Trans_22.mov,243086eaef99f012021ad42f0221177482b2dbe08c392c5a32ada228281d2919,siwmv2::sha256:243086eaef99f012021ad42f0221177482b2dbe08c392c5a32ada228281d2919,1,Mask_TransparentMask
Spoof/Mask_TransparentMask/Mask_Trans_23.mov,8dc757c55626067e4f8f470cbc2498fea6714c10133c9686ab71e222b9531620,siwmv2::sha256:8dc757c55626067e4f8f470cbc2498fea6714c10133c9686ab71e222b9531620,1,Mask_TransparentMask
Spoof/Mask_TransparentMask/Mask_Trans_24.mov,cb6551ad6d9eb1b517f29a268911b02534b8dcfc4f58a50a109d198d9a728da1,siwmv2::sha256:cb6551ad6d9eb1b517f29a268911b02534b8dcfc4f58a50a109d198d9a728da1,1,Mask_TransparentMask
Spoof/Mask_TransparentMask/Mask_Trans_25.mov,c4e107498a7cd3646578bbe5845c73d73d2f6b81aef198405a5fc2fa239599be,siwmv2::sha256:c4e107498a7cd3646578bbe5845c73d73d2f6b81aef198405a5fc2fa239599be,1,Mask_TransparentMask
Spoof/Mask_TransparentMask/Mask_Trans_26.mov,d9411f4295c7ce15a052caf932d91d41e8b28285d6b7580fd98ec76920cc9545,siwmv2::sha256:d9411f4295c7ce15a052caf932d91d41e8b28285d6b7580fd98ec76920cc9545,1,Mask_TransparentMask
Spoof/Mask_TransparentMask/Mask_Trans_27.mov,b7ff6f50690049dcb8ce2baf1a3d91aeb3cd2941edf391ce589b29953e636990,siwmv2::sha256:b7ff6f50690049dcb8ce2baf1a3d91aeb3cd2941edf391ce589b29953e636990,1,Mask_TransparentMask
Spoof/Mask_TransparentMask/Mask_Trans_28.mov,fe7e531441c16fbe8473a29c0362aaad4672ea9856c277e7d52fa8b4382a8c62,siwmv2::sha256:fe7e531441c16fbe8473a29c0362aaad4672ea9856c277e7d52fa8b4382a8c62,1,Mask_TransparentMask
Spoof/Mask_TransparentMask/Mask_Trans_29.mov,ad18ed80340dca56e1cb62c1623b347b245c205c7571f4072186029b7e4950e4,siwmv2::sha256:ad18ed80340dca56e1cb62c1623b347b245c205c7571f4072186029b7e4950e4,1,Mask_TransparentMask
Spoof/Mask_TransparentMask/Mask_Trans_3.mov,5060445b1d7851bd934233cc8c1e7571c7b9a99feebc994eb5fa55a5c1714214,siwmv2::sha256:5060445b1d7851bd934233cc8c1e7571c7b9a99feebc994eb5fa55a5c1714214,1,Mask_TransparentMask
Spoof/Mask_TransparentMask/Mask_Trans_30.mov,00da3f82877d97080e8dd1dd5150df6c301ab672ef251ad4c504eeef555670af,siwmv2::sha256:00da3f82877d97080e8dd1dd5150df6c301ab672ef251ad4c504eeef555670af,1,Mask_TransparentMask
Spoof/Mask_TransparentMask/Mask_Trans_31.mov,bba6147ae5c2e046e72e33b44164628c1ddcc8f0cbf019e9b8f33cc18e684222,siwmv2::sha256:bba6147ae5c2e046e72e33b44164628c1ddcc8f0cbf019e9b8f33cc18e684222,1,Mask_TransparentMask
Spoof/Mask_TransparentMask/Mask_Trans_32.mov,f607915eebdf733cba77c50b12df23bb7cc020788e96a3ae30e4faf3484f70e1,siwmv2::sha256:f607915eebdf733cba77c50b12df23bb7cc020788e96a3ae30e4faf3484f70e1,1,Mask_TransparentMask
Spoof/Mask_TransparentMask/Mask_Trans_33.mov,b534134ffffbd1334afa9789efeb9d546fae1b78ab6af801c0a634d88affa5cc,siwmv2::sha256:b534134ffffbd1334afa9789efeb9d546fae1b78ab6af801c0a634d88affa5cc,1,Mask_TransparentMask
Spoof/Mask_TransparentMask/Mask_Trans_34.mov,f2b020f59370472e5ab5f5c23900cc21d5f12483f0b6c413598a9e17fb9aeafb,siwmv2::sha256:f2b020f59370472e5ab5f5c23900cc21d5f12483f0b6c413598a9e17fb9aeafb,1,Mask_TransparentMask
Spoof/Mask_TransparentMask/Mask_Trans_35.mov,8dea30ed01b28d7ac26762f700c082f01e7913c97e8cdf2be916d38f02c0351c,siwmv2::sha256:8dea30ed01b28d7ac26762f700c082f01e7913c97e8cdf2be916d38f02c0351c,1,Mask_TransparentMask
Spoof/Mask_TransparentMask/Mask_Trans_36.mov,2bbd159041dc8ee9b52632852fa3248c7092212dbe4c415346a3a3b209779710,siwmv2::sha256:2bbd159041dc8ee9b52632852fa3248c7092212dbe4c415346a3a3b209779710,1,Mask_TransparentMask
Spoof/Mask_TransparentMask/Mask_Trans_37.mov,8a45dba8b6f77ba867c39106521b08771091bc2e2c6f48457aad4e7d7e7755d3,siwmv2::sha256:8a45dba8b6f77ba867c39106521b08771091bc2e2c6f48457aad4e7d7e7755d3,1,Mask_TransparentMask
Spoof/Mask_TransparentMask/Mask_Trans_38.mov,d48130a3660cdfb8eebf015ea335ca8f4cf62411ba34b042eec2fa81d36c59f6,siwmv2::sha256:d48130a3660cdfb8eebf015ea335ca8f4cf62411ba34b042eec2fa81d36c59f6,1,Mask_TransparentMask
Spoof/Mask_TransparentMask/Mask_Trans_39.mov,383da98e5e213c451e0f4537ee295be70c61c52fe7240f80f2cf3257c37d22bd,siwmv2::sha256:383da98e5e213c451e0f4537ee295be70c61c52fe7240f80f2cf3257c37d22bd,1,Mask_TransparentMask
Spoof/Mask_TransparentMask/Mask_Trans_4.mov,fc3c4a54f1dda13656077d9a97e7887e7b06eac841d196b261cda9876c86532c,siwmv2::sha256:fc3c4a54f1dda13656077d9a97e7887e7b06eac841d196b261cda9876c86532c,1,Mask_TransparentMask
Spoof/Mask_TransparentMask/Mask_Trans_40.mov,49f041bd6e2926f9fd768a181c43afd7ebdae11184dd5aba886182573f2798fe,siwmv2::sha256:49f041bd6e2926f9fd768a181c43afd7ebdae11184dd5aba886182573f2798fe,1,Mask_TransparentMask
Spoof/Mask_TransparentMask/Mask_Trans_41.mov,0bf67e955edf621f6f70b64a9487544eef055c1eb4d4ebbeb290195a23370c01,siwmv2::sha256:0bf67e955edf621f6f70b64a9487544eef055c1eb4d4ebbeb290195a23370c01,1,Mask_TransparentMask
Spoof/Mask_TransparentMask/Mask_Trans_42.mov,9cd3f46624077f931d5d5c82861b0342a923f595d81877e9a9a578225b921a51,siwmv2::sha256:9cd3f46624077f931d5d5c82861b0342a923f595d81877e9a9a578225b921a51,1,Mask_TransparentMask
Spoof/Mask_TransparentMask/Mask_Trans_43.mov,a8c527106b95761b8ec3db5c2db39dfe4fae4386e234db90494c11998e912d88,siwmv2::sha256:a8c527106b95761b8ec3db5c2db39dfe4fae4386e234db90494c11998e912d88,1,Mask_TransparentMask
Spoof/Mask_TransparentMask/Mask_Trans_44.mov,b9c7973f072669343129e2d915359a122c3d8d03f1317fee07a0ee978b463c57,siwmv2::sha256:b9c7973f072669343129e2d915359a122c3d8d03f1317fee07a0ee978b463c57,1,Mask_TransparentMask
Spoof/Mask_TransparentMask/Mask_Trans_45.mov,75646ee7f480062d96c05ed6cf96b8650961a0f2cadbce995a8693acf5a7c8a2,siwmv2::sha256:75646ee7f480062d96c05ed6cf96b8650961a0f2cadbce995a8693acf5a7c8a2,1,Mask_TransparentMask
Spoof/Mask_TransparentMask/Mask_Trans_46.mov,91f3bbb116ea4826e3b9fe059c8d8b9a9596a23a4a000c144c347a88484de7bd,siwmv2::sha256:91f3bbb116ea4826e3b9fe059c8d8b9a9596a23a4a000c144c347a88484de7bd,1,Mask_TransparentMask
Spoof/Mask_TransparentMask/Mask_Trans_47.mov,43bf41707bced53512d24c23b90ea5f2129625a5dea5db5b6607ff6dad00d94b,siwmv2::sha256:43bf41707bced53512d24c23b90ea5f2129625a5dea5db5b6607ff6dad00d94b,1,Mask_TransparentMask
Spoof/Mask_TransparentMask/Mask_Trans_48.mov,32fc65896bd0decdd24ccbcd05df412797f43cb363b87c5e685144b1cd02425d,siwmv2::sha256:32fc65896bd0decdd24ccbcd05df412797f43cb363b87c5e685144b1cd02425d,1,Mask_TransparentMask
Spoof/Mask_TransparentMask/Mask_Trans_49.mov,9dcdec905f6c10e3fa6b7b18967541c82f391e331b0612f649a43e7b3481865c,siwmv2::sha256:9dcdec905f6c10e3fa6b7b18967541c82f391e331b0612f649a43e7b3481865c,1,Mask_TransparentMask
Spoof/Mask_TransparentMask/Mask_Trans_5.mov,c2ca2579dbc4d0e484a53b9a9dcc7b7524fdea92b6227631be3578ed44b47389,siwmv2::sha256:c2ca2579dbc4d0e484a53b9a9dcc7b7524fdea92b6227631be3578ed44b47389,1,Mask_TransparentMask
Spoof/Mask_TransparentMask/Mask_Trans_50.mov,17b5b37bfed5e42697cde0fd349f03f798b77dc0b841c925a056e030a4d72c79,siwmv2::sha256:17b5b37bfed5e42697cde0fd349f03f798b77dc0b841c925a056e030a4d72c79,1,Mask_TransparentMask
Spoof/Mask_TransparentMask/Mask_Trans_51.mp4,fa20e63b9a97525186fa7e67aa0a26712131095cecce566caae320cb4240cec2,siwmv2::sha256:fa20e63b9a97525186fa7e67aa0a26712131095cecce566caae320cb4240cec2,1,Mask_TransparentMask
Spoof/Mask_TransparentMask/Mask_Trans_52.mp4,771279e04ee216c061f9ff3f964838aa3d60f1b2ff26c9849efe05a84eb75562,siwmv2::sha256:771279e04ee216c061f9ff3f964838aa3d60f1b2ff26c9849efe05a84eb75562,1,Mask_TransparentMask
Spoof/Mask_TransparentMask/Mask_Trans_53.mp4,00b273fa197eb290a7e20ca2130cfce1bf874ecdcf840747776cc3871025cb9a,siwmv2::sha256:00b273fa197eb290a7e20ca2130cfce1bf874ecdcf840747776cc3871025cb9a,1,Mask_TransparentMask
Spoof/Mask_TransparentMask/Mask_Trans_54.mp4,7d9b80c7d221c18284ca1f184d54e8166a5fb2a1e3484625870e0e39bf163364,siwmv2::sha256:7d9b80c7d221c18284ca1f184d54e8166a5fb2a1e3484625870e0e39bf163364,1,Mask_TransparentMask
Spoof/Mask_TransparentMask/Mask_Trans_55.mp4,2377dab320ce8d14e39201d20ed92d32966a2f586b2d5b059fe1c890c9a877e7,siwmv2::sha256:2377dab320ce8d14e39201d20ed92d32966a2f586b2d5b059fe1c890c9a877e7,1,Mask_TransparentMask
Spoof/Mask_TransparentMask/Mask_Trans_56.mp4,6533e1012bb9f00cc0d1e293a75236407ddc1e908678228bf6183c3926afb461,siwmv2::sha256:6533e1012bb9f00cc0d1e293a75236407ddc1e908678228bf6183c3926afb461,1,Mask_TransparentMask
Spoof/Mask_TransparentMask/Mask_Trans_57.mp4,1941fad954ac390c8b0f80a4c57be6e3a03c21ff80cfcde5f6da09eeb381648b,siwmv2::sha256:1941fad954ac390c8b0f80a4c57be6e3a03c21ff80cfcde5f6da09eeb381648b,1,Mask_TransparentMask
Spoof/Mask_TransparentMask/Mask_Trans_58.mp4,d8ec66911ff0e82435cd9822dbd5d0774d919bf06bf5a26bba898f9c27066195,siwmv2::sha256:d8ec66911ff0e82435cd9822dbd5d0774d919bf06bf5a26bba898f9c27066195,1,Mask_TransparentMask
Spoof/Mask_TransparentMask/Mask_Trans_59.mp4,e31d18861559a4d6e33a73390f295f4a92525ec7171864f0323ba9ed700c8050,siwmv2::sha256:e31d18861559a4d6e33a73390f295f4a92525ec7171864f0323ba9ed700c8050,1,Mask_TransparentMask
Spoof/Mask_TransparentMask/Mask_Trans_6.mov,e0e4affd9b8471f1c3f7179ffb4a82f7b0f86b84c84982c151f7cebc9d873aa7,siwmv2::sha256:e0e4affd9b8471f1c3f7179ffb4a82f7b0f86b84c84982c151f7cebc9d873aa7,1,Mask_TransparentMask
Spoof/Mask_TransparentMask/Mask_Trans_60.mp4,86e5292815e36704b3329b8648605618ce9d3781fe2f814bcc855f72921f1f06,siwmv2::sha256:86e5292815e36704b3329b8648605618ce9d3781fe2f814bcc855f72921f1f06,1,Mask_TransparentMask
Spoof/Mask_TransparentMask/Mask_Trans_7.mov,36fd58a84fff67dd1ad6c3e957afae891916d3f60d2a5724be5ca51230511dd5,siwmv2::sha256:36fd58a84fff67dd1ad6c3e957afae891916d3f60d2a5724be5ca51230511dd5,1,Mask_TransparentMask
Spoof/Mask_TransparentMask/Mask_Trans_8.mov,7c798f8d42236196e211958a483f97ef1c3c53b4e8a060092c590d4353d0f0d7,siwmv2::sha256:7c798f8d42236196e211958a483f97ef1c3c53b4e8a060092c590d4353d0f0d7,1,Mask_TransparentMask
Spoof/Mask_TransparentMask/Mask_Trans_9.mov,aa666672bb95a1e4e8f8c17dd53e4ecca4fed1a91ffc061455688ab815c66a59,siwmv2::sha256:aa666672bb95a1e4e8f8c17dd53e4ecca4fed1a91ffc061455688ab815c66a59,1,Mask_TransparentMask
Spoof/Paper/Paper_1.mov,af7bfe267a77c86fc154344f2e2c2aa025b0020b802ad63aa02d33fde5f55984,siwmv2::sha256:af7bfe267a77c86fc154344f2e2c2aa025b0020b802ad63aa02d33fde5f55984,1,Paper
Spoof/Paper/Paper_10.mov,21ae9c173df6f85b3603eb184b37a41863a168fff0d543d31ab610d9676ec821,siwmv2::sha256:21ae9c173df6f85b3603eb184b37a41863a168fff0d543d31ab610d9676ec821,1,Paper
Spoof/Paper/Paper_100.mov,5fe96181bac3452f6ab02bf7b3be438161ad93c0b6ec9a8a83830d2c6badcd46,siwmv2::sha256:5fe96181bac3452f6ab02bf7b3be438161ad93c0b6ec9a8a83830d2c6badcd46,1,Paper
Spoof/Paper/Paper_101.mov,5c639a1dc84834fb45f1836bad8cc80ebb20b5509d9b6fb9c83af81f51709f3b,siwmv2::sha256:5c639a1dc84834fb45f1836bad8cc80ebb20b5509d9b6fb9c83af81f51709f3b,1,Paper
Spoof/Paper/Paper_102.mov,7f30d7d9f2a51be5ad3a2d37345380f54da69b18b6ecb121c6fcdc276824997a,siwmv2::sha256:7f30d7d9f2a51be5ad3a2d37345380f54da69b18b6ecb121c6fcdc276824997a,1,Paper
Spoof/Paper/Paper_103.mov,10896b675bd2137656aaf96f1144347a9a9c6ee5397f1b7e77644c224bbd33ce,siwmv2::sha256:10896b675bd2137656aaf96f1144347a9a9c6ee5397f1b7e77644c224bbd33ce,1,Paper
Spoof/Paper/Paper_104.mov,805fba4043966019104d7535adcd56698b8abc511aef1cc9f88aa8167d7d4f8e,siwmv2::sha256:805fba4043966019104d7535adcd56698b8abc511aef1cc9f88aa8167d7d4f8e,1,Paper
Spoof/Paper/Paper_105.mov,74f13eeed780890458e4db684242e4f2ff98a686ea62f75ee1e9a38aebe6f7d3,siwmv2::sha256:74f13eeed780890458e4db684242e4f2ff98a686ea62f75ee1e9a38aebe6f7d3,1,Paper
Spoof/Paper/Paper_106.mov,eded629473fd5dd56bda6fef2e9a377758744ce537b166b2c638ecb91b594587,siwmv2::sha256:eded629473fd5dd56bda6fef2e9a377758744ce537b166b2c638ecb91b594587,1,Paper
Spoof/Paper/Paper_107.mov,ce188dacf1ebc30b07e17f7d7cdb5c8aa7e0b43627313b61e2d4d08f7caa9800,siwmv2::sha256:ce188dacf1ebc30b07e17f7d7cdb5c8aa7e0b43627313b61e2d4d08f7caa9800,1,Paper
Spoof/Paper/Paper_108.mov,b7416836d138e6d691d224c71c72cb1aa962e91f2e191e9f6e982f7a9850ef9d,siwmv2::sha256:b7416836d138e6d691d224c71c72cb1aa962e91f2e191e9f6e982f7a9850ef9d,1,Paper
Spoof/Paper/Paper_109.mov,8c1dab0f8b57c530e01873d2dd14be78539a8eb5c28d494249d2504dbeeeb26e,siwmv2::sha256:8c1dab0f8b57c530e01873d2dd14be78539a8eb5c28d494249d2504dbeeeb26e,1,Paper
Spoof/Paper/Paper_11.mov,4113fcd97b6a9927c4595360b6cc81fed8878d76563251b3e91ffff3462c5533,siwmv2::sha256:4113fcd97b6a9927c4595360b6cc81fed8878d76563251b3e91ffff3462c5533,1,Paper
Spoof/Paper/Paper_110.mov,7d9b1fa296bd0bf9b9bc8a2ca8cbdf3d7cfa65782fb70ccfea576b997033021c,siwmv2::sha256:7d9b1fa296bd0bf9b9bc8a2ca8cbdf3d7cfa65782fb70ccfea576b997033021c,1,Paper
Spoof/Paper/Paper_111.mov,d56ef611e915594310bedbdd6738a09d5503dfc82eb117236874718e66b648dc,siwmv2::sha256:d56ef611e915594310bedbdd6738a09d5503dfc82eb117236874718e66b648dc,1,Paper
Spoof/Paper/Paper_112.mov,9b57120620f90b1c0d1ef065fae70cd28d3beed67d7163b337f6b5c7a4047123,siwmv2::sha256:9b57120620f90b1c0d1ef065fae70cd28d3beed67d7163b337f6b5c7a4047123,1,Paper
Spoof/Paper/Paper_113.mov,d222003fa4658a2bbcf2cbf45eb0e3db6f959e168e04d150f187539161ec29aa,siwmv2::sha256:d222003fa4658a2bbcf2cbf45eb0e3db6f959e168e04d150f187539161ec29aa,1,Paper
Spoof/Paper/Paper_114.mov,7799f3d608b24c3a65ff931f863be9ce5c81f4917061a2c40421d91be2d0ce44,siwmv2::sha256:7799f3d608b24c3a65ff931f863be9ce5c81f4917061a2c40421d91be2d0ce44,1,Paper
Spoof/Paper/Paper_115.mov,97d2a91885fb1c9a07ab99559764ead9c71e5d151acd7f5b5824ebb5c23a0c65,siwmv2::sha256:97d2a91885fb1c9a07ab99559764ead9c71e5d151acd7f5b5824ebb5c23a0c65,1,Paper
Spoof/Paper/Paper_116.mov,d2523d3c978ea932f9c428612025cd3125baadafafaf4b2cfe5ba31123fd6731,siwmv2::sha256:d2523d3c978ea932f9c428612025cd3125baadafafaf4b2cfe5ba31123fd6731,1,Paper
Spoof/Paper/Paper_117.mov,9a6293759cce33f3ef2e1857bc33e2d0b8cc5498e2fb7df35d4c701681bbe9d6,siwmv2::sha256:9a6293759cce33f3ef2e1857bc33e2d0b8cc5498e2fb7df35d4c701681bbe9d6,1,Paper
Spoof/Paper/Paper_118.mov,1b389de37d857d03699c1ba458193efbc681bb56faa6908821f1769d5132f0c7,siwmv2::sha256:1b389de37d857d03699c1ba458193efbc681bb56faa6908821f1769d5132f0c7,1,Paper
Spoof/Paper/Paper_119.mp4,b9e713e42656255762900bf506c3c08622989e8e7e5c79d938e14d2e400aa34a,siwmv2::sha256:b9e713e42656255762900bf506c3c08622989e8e7e5c79d938e14d2e400aa34a,1,Paper
Spoof/Paper/Paper_12.mov,f29c8b719d65d50daa4ac60cc8482677aa0ac0d1464ced0ec05ff6fac1d1f595,siwmv2::sha256:f29c8b719d65d50daa4ac60cc8482677aa0ac0d1464ced0ec05ff6fac1d1f595,1,Paper
Spoof/Paper/Paper_120.mp4,4167956d3e4b136f75bfd01c22d43c9062fd923cfc3b5d014a971fc377d8cc76,siwmv2::sha256:4167956d3e4b136f75bfd01c22d43c9062fd923cfc3b5d014a971fc377d8cc76,1,Paper
Spoof/Paper/Paper_121.mp4,12291b8cf48abbbd4cc55b0996123e6fb305228e4545dffa546f5ded43bfc166,siwmv2::sha256:12291b8cf48abbbd4cc55b0996123e6fb305228e4545dffa546f5ded43bfc166,1,Paper
Spoof/Paper/Paper_122.mp4,f319d803c8b80b1c066b8e9435dec7c34b50f5daba0dcc41f701235a2e3db0a3,siwmv2::sha256:f319d803c8b80b1c066b8e9435dec7c34b50f5daba0dcc41f701235a2e3db0a3,1,Paper
Spoof/Paper/Paper_123.mp4,8406185d947b3a987e83db241334c61739b6fa806158fef49677cbd5b79dcabb,siwmv2::sha256:8406185d947b3a987e83db241334c61739b6fa806158fef49677cbd5b79dcabb,1,Paper
Spoof/Paper/Paper_124.mp4,ab692ec0353373e4e2b98ed9d4fbb22994614ad36689d773cda5382272231f89,siwmv2::sha256:ab692ec0353373e4e2b98ed9d4fbb22994614ad36689d773cda5382272231f89,1,Paper
Spoof/Paper/Paper_125.mp4,3c58800f718252c6930ad30bbe33f4f641c5c7960bc460fcafa3acfd91d22bbc,siwmv2::sha256:3c58800f718252c6930ad30bbe33f4f641c5c7960bc460fcafa3acfd91d22bbc,1,Paper
Spoof/Paper/Paper_126.mp4,43fdfb89c81b0962e414180d8b1fde26a16471f558a20d6140cee998b507acf4,siwmv2::sha256:43fdfb89c81b0962e414180d8b1fde26a16471f558a20d6140cee998b507acf4,1,Paper
Spoof/Paper/Paper_127.mp4,15c337023886a3cc2b828023b755f0a474309943d25b50602fd0e473e0c976cf,siwmv2::sha256:15c337023886a3cc2b828023b755f0a474309943d25b50602fd0e473e0c976cf,1,Paper
Spoof/Paper/Paper_128.mp4,b4c061c7f968b4f96527076e401f970ecfea38b155d5ae34dc666741b2d572dd,siwmv2::sha256:b4c061c7f968b4f96527076e401f970ecfea38b155d5ae34dc666741b2d572dd,1,Paper
Spoof/Paper/Paper_129.mp4,8c6f5e358101e86501dbe254adf4649977958b9720ec5c438698c82182c528e1,siwmv2::sha256:8c6f5e358101e86501dbe254adf4649977958b9720ec5c438698c82182c528e1,1,Paper
Spoof/Paper/Paper_13.mov,72ca05c176660c422fb484159a79f4334c98c738352de43afcd89859ed2c708a,siwmv2::sha256:72ca05c176660c422fb484159a79f4334c98c738352de43afcd89859ed2c708a,1,Paper
Spoof/Paper/Paper_130.mp4,eaea9a1bab75527a654e37f2fd778247fe8c1a72af223e56b95b9418d688e98d,siwmv2::sha256:eaea9a1bab75527a654e37f2fd778247fe8c1a72af223e56b95b9418d688e98d,1,Paper
Spoof/Paper/Paper_131.mp4,eb14bb8e1e83da615e430165cceed83b717a7772c7ed8cc61dd900925c201e72,siwmv2::sha256:eb14bb8e1e83da615e430165cceed83b717a7772c7ed8cc61dd900925c201e72,1,Paper
Spoof/Paper/Paper_132.mp4,bd1b2663dada5fc33fd56500659c091454b3ceedb89b7ae9f09a8ded7264f997,siwmv2::sha256:bd1b2663dada5fc33fd56500659c091454b3ceedb89b7ae9f09a8ded7264f997,1,Paper
Spoof/Paper/Paper_133.mp4,df0f4e8dac3bd7453f6e02515c963a344679dd636c97cff63c4f3a08f6d9b968,siwmv2::sha256:df0f4e8dac3bd7453f6e02515c963a344679dd636c97cff63c4f3a08f6d9b968,1,Paper
Spoof/Paper/Paper_134.mp4,d6cd4ef28a5793c1429ee00afcaf7558efc3b9dc0b3ad5c0bda15f93086a3a24,siwmv2::sha256:d6cd4ef28a5793c1429ee00afcaf7558efc3b9dc0b3ad5c0bda15f93086a3a24,1,Paper
Spoof/Paper/Paper_135.mp4,3a12cd73622e1cac3da4cbe50f333e663856eb35ba4a56466f55fba8fd19ca38,siwmv2::sha256:3a12cd73622e1cac3da4cbe50f333e663856eb35ba4a56466f55fba8fd19ca38,1,Paper
Spoof/Paper/Paper_136.mp4,1afb8ada98622a626fe915c9493a4302764476b35b18d6ef6d94a3e41311d0f2,siwmv2::sha256:1afb8ada98622a626fe915c9493a4302764476b35b18d6ef6d94a3e41311d0f2,1,Paper
Spoof/Paper/Paper_14.mov,1a4e7bb80ec26a199f0321ff0eb4f4738c1f6c23766632d32afea9f3b9ab31e4,siwmv2::sha256:1a4e7bb80ec26a199f0321ff0eb4f4738c1f6c23766632d32afea9f3b9ab31e4,1,Paper
Spoof/Paper/Paper_15.mov,1e8fc9132168bc04c60433f6d59e05ca8110240fe6dcbf5373577bc4878aa310,siwmv2::sha256:1e8fc9132168bc04c60433f6d59e05ca8110240fe6dcbf5373577bc4878aa310,1,Paper
Spoof/Paper/Paper_16.mov,734e317e422189e3468f07fafd2ed417ce6c788b3e7ec09e71e1f3cf91606113,siwmv2::sha256:734e317e422189e3468f07fafd2ed417ce6c788b3e7ec09e71e1f3cf91606113,1,Paper
Spoof/Paper/Paper_17.mov,fb66c2ddb056b214d984bf71588f27c9a1345ec3168bec0c7598fa5a6543f524,siwmv2::sha256:fb66c2ddb056b214d984bf71588f27c9a1345ec3168bec0c7598fa5a6543f524,1,Paper
Spoof/Paper/Paper_18.mov,c48d6929ec3d9c81bfc59d7c7545bb72a98a120dc689ce8957938270ba9b3c95,siwmv2::sha256:c48d6929ec3d9c81bfc59d7c7545bb72a98a120dc689ce8957938270ba9b3c95,1,Paper
Spoof/Paper/Paper_19.mov,536aea3f6b105f89e4f9f0e42de5e4451608fbef656f09b4332dbe75ecaaf3f5,siwmv2::sha256:536aea3f6b105f89e4f9f0e42de5e4451608fbef656f09b4332dbe75ecaaf3f5,1,Paper
Spoof/Paper/Paper_2.mov,c4217b5e4a87fe00f4f1e4d46219a92a28e090fe26422ca7c4970f2910cdaabe,siwmv2::sha256:c4217b5e4a87fe00f4f1e4d46219a92a28e090fe26422ca7c4970f2910cdaabe,1,Paper
Spoof/Paper/Paper_20.mov,877e996c691a0137b826a63a6ef8ab6d08f34e10cdbdb3046383e9728056ccea,siwmv2::sha256:877e996c691a0137b826a63a6ef8ab6d08f34e10cdbdb3046383e9728056ccea,1,Paper
Spoof/Paper/Paper_21.mov,ca32eba40e5c51b885c943c43dffc9f31b8fdf566c6c346dbe9290793d0151b1,siwmv2::sha256:ca32eba40e5c51b885c943c43dffc9f31b8fdf566c6c346dbe9290793d0151b1,1,Paper
Spoof/Paper/Paper_22.mov,20d38870f2a072faa5bbe113efb7f08bbe5ef388c485925b95ce4637324c3920,siwmv2::sha256:20d38870f2a072faa5bbe113efb7f08bbe5ef388c485925b95ce4637324c3920,1,Paper
Spoof/Paper/Paper_23.mov,b07215a98f463a0a05683c6732bacb0c9fab53d56dbf7b84e2ba4f430e9b3877,siwmv2::sha256:b07215a98f463a0a05683c6732bacb0c9fab53d56dbf7b84e2ba4f430e9b3877,1,Paper
Spoof/Paper/Paper_24.mov,e71ea0fe4128eca18a3aa02be07a7e2e6e2feb601db60a51e0dd0532f039e2e8,siwmv2::sha256:e71ea0fe4128eca18a3aa02be07a7e2e6e2feb601db60a51e0dd0532f039e2e8,1,Paper
Spoof/Paper/Paper_25.mov,dfc6e76d7348a1477c8fe58a96d70e8425bc82a4dd7af090a9c6753ab291de05,siwmv2::sha256:dfc6e76d7348a1477c8fe58a96d70e8425bc82a4dd7af090a9c6753ab291de05,1,Paper
Spoof/Paper/Paper_26.mov,252e1ca38e24189f30c76bbcb52c4674cd371fcf78a159870c85ebff2b0f29a3,siwmv2::sha256:252e1ca38e24189f30c76bbcb52c4674cd371fcf78a159870c85ebff2b0f29a3,1,Paper
Spoof/Paper/Paper_27.mov,ef593f9ac503136177b7fc498b71e865813adfef53811f22dfbecb76e9ddc44b,siwmv2::sha256:ef593f9ac503136177b7fc498b71e865813adfef53811f22dfbecb76e9ddc44b,1,Paper
Spoof/Paper/Paper_28.mov,aa3cd1937bca1781f06b568b1a83aeac6e78107b2df73d1ca645dc17172ef964,siwmv2::sha256:aa3cd1937bca1781f06b568b1a83aeac6e78107b2df73d1ca645dc17172ef964,1,Paper
Spoof/Paper/Paper_29.mov,276c42daa57a2512633652cc0a1918e631c054af3f881f27f7ba0eaa0ccc9a89,siwmv2::sha256:276c42daa57a2512633652cc0a1918e631c054af3f881f27f7ba0eaa0ccc9a89,1,Paper
Spoof/Paper/Paper_3.mov,306688693baadb066cca061fbb5555a2d3422ce2e261ef8464a344278ca8c476,siwmv2::sha256:306688693baadb066cca061fbb5555a2d3422ce2e261ef8464a344278ca8c476,1,Paper
Spoof/Paper/Paper_30.mov,3af6e27a7d8ef76742ca99271ec61852674a8decc1e816c7f66286af79f4a5d5,siwmv2::sha256:3af6e27a7d8ef76742ca99271ec61852674a8decc1e816c7f66286af79f4a5d5,1,Paper
Spoof/Paper/Paper_31.mov,eee4e47613596b74db2bfd99b33d7c8e40b6a6fecd3139e13596fd449df37d09,siwmv2::sha256:eee4e47613596b74db2bfd99b33d7c8e40b6a6fecd3139e13596fd449df37d09,1,Paper
Spoof/Paper/Paper_32.mov,31a9d7e4110c020b9d65ebc1d80547a5499632b91681424fd48bb0615e7c725e,siwmv2::sha256:31a9d7e4110c020b9d65ebc1d80547a5499632b91681424fd48bb0615e7c725e,1,Paper
Spoof/Paper/Paper_33.mov,d695ccf0c331b22e1f539c7971a53085385cc3247b53ec41a0698ef90108c830,siwmv2::sha256:d695ccf0c331b22e1f539c7971a53085385cc3247b53ec41a0698ef90108c830,1,Paper
Spoof/Paper/Paper_34.mov,684bb3e1d2300659547d701008b85517823322bc0b8d1c34df6f711c721515bf,siwmv2::sha256:684bb3e1d2300659547d701008b85517823322bc0b8d1c34df6f711c721515bf,1,Paper
Spoof/Paper/Paper_35.mov,4929a3037476753f641e6706ec97a279afbc622740c312246eb7022e44842bd9,siwmv2::sha256:4929a3037476753f641e6706ec97a279afbc622740c312246eb7022e44842bd9,1,Paper
Spoof/Paper/Paper_36.mov,182032dc09bfffc4379cc0d78cb3e27fe91af4e1651fb815e9f5c4765afe9a16,siwmv2::sha256:182032dc09bfffc4379cc0d78cb3e27fe91af4e1651fb815e9f5c4765afe9a16,1,Paper
Spoof/Paper/Paper_37.mov,ecbb76afcd86b3ecc50298064acc37e4b04eb883c4ef324341369c4cbfa77a48,siwmv2::sha256:ecbb76afcd86b3ecc50298064acc37e4b04eb883c4ef324341369c4cbfa77a48,1,Paper
Spoof/Paper/Paper_38.mov,41e0c23d6b78770c011387648e7b965030d9c6941917d1b84f40abf527947707,siwmv2::sha256:41e0c23d6b78770c011387648e7b965030d9c6941917d1b84f40abf527947707,1,Paper
Spoof/Paper/Paper_39.mov,1513a6da54b472f5285de5d838884751c3c90549340be508136ad7caef154971,siwmv2::sha256:1513a6da54b472f5285de5d838884751c3c90549340be508136ad7caef154971,1,Paper
Spoof/Paper/Paper_4.mov,6aa693239d1d33d2d957d208559955591c966ddb80d2bed03ff61889c90a1583,siwmv2::sha256:6aa693239d1d33d2d957d208559955591c966ddb80d2bed03ff61889c90a1583,1,Paper
Spoof/Paper/Paper_40.mov,57d74245b1bf3a13db660a19b6a309e504c1b39ced8ce1f9a8c5bbea9312d4e4,siwmv2::sha256:57d74245b1bf3a13db660a19b6a309e504c1b39ced8ce1f9a8c5bbea9312d4e4,1,Paper
Spoof/Paper/Paper_41.mov,b7ed2d146fd9c8810d1b1d8825920b81b74f78b577d78061cd7b93f837708ceb,siwmv2::sha256:b7ed2d146fd9c8810d1b1d8825920b81b74f78b577d78061cd7b93f837708ceb,1,Paper
Spoof/Paper/Paper_42.mov,ec19e88ff3326d11350b848d6fc9a6fc4824d8d25e502fbc0e6d993f3dc58e9e,siwmv2::sha256:ec19e88ff3326d11350b848d6fc9a6fc4824d8d25e502fbc0e6d993f3dc58e9e,1,Paper
Spoof/Paper/Paper_43.mov,9327555a1c8757825a189383019438ae9d2ecb5c22c057d34a42fbf8439438c9,siwmv2::sha256:9327555a1c8757825a189383019438ae9d2ecb5c22c057d34a42fbf8439438c9,1,Paper
Spoof/Paper/Paper_44.mov,05514fe7f168d4977ab0ea47c575b3d3670628b1afedb29939588896fcf8a1de,siwmv2::sha256:05514fe7f168d4977ab0ea47c575b3d3670628b1afedb29939588896fcf8a1de,1,Paper
Spoof/Paper/Paper_45.mov,693d20b901202bb78bcd280ca5339e6e78eaf7425821766f7cb1088ab1b17ff5,siwmv2::sha256:693d20b901202bb78bcd280ca5339e6e78eaf7425821766f7cb1088ab1b17ff5,1,Paper
Spoof/Paper/Paper_46.mov,ae79badccf59f5b96d0aab8908ce797ea79245e68c64ce53dd795cfe43d016e1,siwmv2::sha256:ae79badccf59f5b96d0aab8908ce797ea79245e68c64ce53dd795cfe43d016e1,1,Paper
Spoof/Paper/Paper_47.mov,7d1873f96ffddd164c61730e0cdba326ffead7e4233b9331901b6bbb6fc6506e,siwmv2::sha256:7d1873f96ffddd164c61730e0cdba326ffead7e4233b9331901b6bbb6fc6506e,1,Paper
Spoof/Paper/Paper_48.mov,b9d513c0fe0ac8dd22e63848be5cc07297e3d9c7b468b5f30caa100583355f72,siwmv2::sha256:b9d513c0fe0ac8dd22e63848be5cc07297e3d9c7b468b5f30caa100583355f72,1,Paper
Spoof/Paper/Paper_49.mov,699eed3ae4c460ca825a1739f346d7a85341c6bd56babbdbf60b4918dbe05e60,siwmv2::sha256:699eed3ae4c460ca825a1739f346d7a85341c6bd56babbdbf60b4918dbe05e60,1,Paper
Spoof/Paper/Paper_5.mov,5ed9034f3436b65f9fe8e04acc499c5d0cefda10cac3fb60cae14888b4ab8e03,siwmv2::sha256:5ed9034f3436b65f9fe8e04acc499c5d0cefda10cac3fb60cae14888b4ab8e03,1,Paper
Spoof/Paper/Paper_50.mov,8c3dae580347b69a2f9c7dc893d57f0808b078810dee718b51bc53842b48b0eb,siwmv2::sha256:8c3dae580347b69a2f9c7dc893d57f0808b078810dee718b51bc53842b48b0eb,1,Paper
Spoof/Paper/Paper_51.mov,3af9cdc34a7aed596ffaa8172d41efbc0d6ddd44dd71b58e15ab54e931197dc8,siwmv2::sha256:3af9cdc34a7aed596ffaa8172d41efbc0d6ddd44dd71b58e15ab54e931197dc8,1,Paper
Spoof/Paper/Paper_52.mov,89fb9297d3b0e2e938972458ccceeac0a6370f8afba9b8448ca3d985e8b8194f,siwmv2::sha256:89fb9297d3b0e2e938972458ccceeac0a6370f8afba9b8448ca3d985e8b8194f,1,Paper
Spoof/Paper/Paper_53.mov,4ede4a814549756bc9dc0729e837def75d9714d10e279e5e795700e6805f1f8a,siwmv2::sha256:4ede4a814549756bc9dc0729e837def75d9714d10e279e5e795700e6805f1f8a,1,Paper
Spoof/Paper/Paper_54.mov,baeab20c9340fa0abc2a5b61167a2235976b4e170bf3c279e0c1fab6c70e4475,siwmv2::sha256:baeab20c9340fa0abc2a5b61167a2235976b4e170bf3c279e0c1fab6c70e4475,1,Paper
Spoof/Paper/Paper_55.mov,fd568cf756f187760fc2f62bc77374d379b20e03872dc5db8683ccb599635358,siwmv2::sha256:fd568cf756f187760fc2f62bc77374d379b20e03872dc5db8683ccb599635358,1,Paper
Spoof/Paper/Paper_56.mov,07d603a20cdac561491d740c58d68ac4e3ef0a192efa4e42e4ff913fc9b7f275,siwmv2::sha256:07d603a20cdac561491d740c58d68ac4e3ef0a192efa4e42e4ff913fc9b7f275,1,Paper
Spoof/Paper/Paper_57.mov,c8d314ab037b3af076b862da06274815efb0be1fdefa03d2a32701fe18a3d854,siwmv2::sha256:c8d314ab037b3af076b862da06274815efb0be1fdefa03d2a32701fe18a3d854,1,Paper
Spoof/Paper/Paper_58.mov,d1b36962694a5838e7a35f11d143111f07d8e97eaa079d78a182d64c0cf2286c,siwmv2::sha256:d1b36962694a5838e7a35f11d143111f07d8e97eaa079d78a182d64c0cf2286c,1,Paper
Spoof/Paper/Paper_59.mov,7312afda508c236e62696aa295f91da9fc6b4dea80be22260ad36941bfcd0235,siwmv2::sha256:7312afda508c236e62696aa295f91da9fc6b4dea80be22260ad36941bfcd0235,1,Paper
Spoof/Paper/Paper_6.mov,9035c8ec5db2b3b24a92d7f7714ba95964911ae6a4cd7597679590abb32c6cde,siwmv2::sha256:9035c8ec5db2b3b24a92d7f7714ba95964911ae6a4cd7597679590abb32c6cde,1,Paper
Spoof/Paper/Paper_60.mov,268a9baeb2df7ad7d86cc1fe0d3d06aeddf728e14e8ce4aef762dd1edc9ade0b,siwmv2::sha256:268a9baeb2df7ad7d86cc1fe0d3d06aeddf728e14e8ce4aef762dd1edc9ade0b,1,Paper
Spoof/Paper/Paper_61.mov,18a89e4d442d5cd8d8f3c1d58fdd5a6ce0400456292d11f70c11a2a0301e4307,siwmv2::sha256:18a89e4d442d5cd8d8f3c1d58fdd5a6ce0400456292d11f70c11a2a0301e4307,1,Paper
Spoof/Paper/Paper_62.mov,863e4f995561e6472fe2ba8095ebd5e8e50a5b0fcb557ee9cca9fd8f04466efb,siwmv2::sha256:863e4f995561e6472fe2ba8095ebd5e8e50a5b0fcb557ee9cca9fd8f04466efb,1,Paper
Spoof/Paper/Paper_63.mov,f56a90d95da0b5cb002ecfce3f74ee6f2416d5d0bf9b474b60a975f8a3b97e0d,siwmv2::sha256:f56a90d95da0b5cb002ecfce3f74ee6f2416d5d0bf9b474b60a975f8a3b97e0d,1,Paper
Spoof/Paper/Paper_64.mov,90bdf990212e85dbe11626afd6bc5b2ac02d9b6d044825266f511e93b77bf2ba,siwmv2::sha256:90bdf990212e85dbe11626afd6bc5b2ac02d9b6d044825266f511e93b77bf2ba,1,Paper
Spoof/Paper/Paper_65.mov,356ff1f305f449a7984d7fba5c6114df7c469a81d450ebaeae0b9fe709f81ad4,siwmv2::sha256:356ff1f305f449a7984d7fba5c6114df7c469a81d450ebaeae0b9fe709f81ad4,1,Paper
Spoof/Paper/Paper_66.mov,6d72c61140f4f4e44aeb459cb9ef6e2fd60b03c781a227f5c45fc2bc40a560c6,siwmv2::sha256:6d72c61140f4f4e44aeb459cb9ef6e2fd60b03c781a227f5c45fc2bc40a560c6,1,Paper
Spoof/Paper/Paper_67.mov,7d0bb83f936cbc753c1985d54a19db71cdb1750028a8cba4c5ab095268f4d6a1,siwmv2::sha256:7d0bb83f936cbc753c1985d54a19db71cdb1750028a8cba4c5ab095268f4d6a1,1,Paper
Spoof/Paper/Paper_68.mov,3a072acfa314a347be5a0cb4528eb5014b83e1b00ebc27725fb4b03f11ad2d35,siwmv2::sha256:3a072acfa314a347be5a0cb4528eb5014b83e1b00ebc27725fb4b03f11ad2d35,1,Paper
Spoof/Paper/Paper_69.mov,9c12054ae5091ee21272b21aa529f086538cb1f7830d9d4584562e809253d50e,siwmv2::sha256:9c12054ae5091ee21272b21aa529f086538cb1f7830d9d4584562e809253d50e,1,Paper
Spoof/Paper/Paper_7.mov,00156732fffb8e62195c0dd31e3156554de29be369e45931012c9590dbb88fa3,siwmv2::sha256:00156732fffb8e62195c0dd31e3156554de29be369e45931012c9590dbb88fa3,1,Paper
Spoof/Paper/Paper_70.mov,9150ddccf368eb8a387edfb97ca16a66130bc9066f4f547550ba91f768f0a34f,siwmv2::sha256:9150ddccf368eb8a387edfb97ca16a66130bc9066f4f547550ba91f768f0a34f,1,Paper
Spoof/Paper/Paper_71.mov,43004a3d101d1923d7a5ff2a4391f9841bcffb2d88ea89719c1bb9710415bea5,siwmv2::sha256:43004a3d101d1923d7a5ff2a4391f9841bcffb2d88ea89719c1bb9710415bea5,1,Paper
Spoof/Paper/Paper_72.mov,96eb64eb6e51325ab26dccd0f9e34f41e59b480e5f134c36516d6c15da1b2c25,siwmv2::sha256:96eb64eb6e51325ab26dccd0f9e34f41e59b480e5f134c36516d6c15da1b2c25,1,Paper
Spoof/Paper/Paper_73.mov,a59287bba1acacfcb94d549c4ae154f4d6aba59cc0d5e6fca0a036e7a0307f1f,siwmv2::sha256:a59287bba1acacfcb94d549c4ae154f4d6aba59cc0d5e6fca0a036e7a0307f1f,1,Paper
Spoof/Paper/Paper_74.mov,71e3f63c42b3236ec3c6239a1143729e98b729bbe98e4aa771320577933028cf,siwmv2::sha256:71e3f63c42b3236ec3c6239a1143729e98b729bbe98e4aa771320577933028cf,1,Paper
Spoof/Paper/Paper_75.mov,46c478134755a65cfca85d488f0bdbca38e8f586671291730dbcbdfa4abfa862,siwmv2::sha256:46c478134755a65cfca85d488f0bdbca38e8f586671291730dbcbdfa4abfa862,1,Paper
Spoof/Paper/Paper_76.mov,f89f1825132ca23982a08dfaa33d3fc7305bf846d88d5b268b8ebb96a1c6759f,siwmv2::sha256:f89f1825132ca23982a08dfaa33d3fc7305bf846d88d5b268b8ebb96a1c6759f,1,Paper
Spoof/Paper/Paper_77.mov,7fd1ca0aefd41f6a9fa3d41a0751b4cbc91c338c0c55d1d72ddbf2e522379c05,siwmv2::sha256:7fd1ca0aefd41f6a9fa3d41a0751b4cbc91c338c0c55d1d72ddbf2e522379c05,1,Paper
Spoof/Paper/Paper_78.mov,22ae260818956ed34b13fc1fa2de3f5ad092d6ece85d47abe6803c34d23cbd26,siwmv2::sha256:22ae260818956ed34b13fc1fa2de3f5ad092d6ece85d47abe6803c34d23cbd26,1,Paper
Spoof/Paper/Paper_79.mov,d1c52ddb55a8916778fe44eba09c7f71ab5e092e3aaef0a249c34ca7425a76d2,siwmv2::sha256:d1c52ddb55a8916778fe44eba09c7f71ab5e092e3aaef0a249c34ca7425a76d2,1,Paper
Spoof/Paper/Paper_8.mov,c3d94cbbb58211a0dd66613f60b7ac7b5101c5640a422078e9c83671f78d1bb2,siwmv2::sha256:c3d94cbbb58211a0dd66613f60b7ac7b5101c5640a422078e9c83671f78d1bb2,1,Paper
Spoof/Paper/Paper_80.mov,d0710517aa9f7eb52d4f6e6a0da5e43af3db44c1017ecbb881766a4ff36be334,siwmv2::sha256:d0710517aa9f7eb52d4f6e6a0da5e43af3db44c1017ecbb881766a4ff36be334,1,Paper
Spoof/Paper/Paper_82.mov,2f443944aa6ea64160abedc3a4f7e7dab0252ddd8857e3da847e4551c243d2e5,siwmv2::sha256:2f443944aa6ea64160abedc3a4f7e7dab0252ddd8857e3da847e4551c243d2e5,1,Paper
Spoof/Paper/Paper_83.mov,9f59fdc17b14b2d940bf9136bfd307beebc4a5232b609ba9290776fca5d1fa3b,siwmv2::sha256:9f59fdc17b14b2d940bf9136bfd307beebc4a5232b609ba9290776fca5d1fa3b,1,Paper
Spoof/Paper/Paper_84.mov,23078e85e34abaff524e803756d11d8250e4f2e58e7a2b11368737fd9436d9b2,siwmv2::sha256:23078e85e34abaff524e803756d11d8250e4f2e58e7a2b11368737fd9436d9b2,1,Paper
Spoof/Paper/Paper_85.mov,18475a67502650406286268283bf7f26014df63575d1baf865e789f50a8149e4,siwmv2::sha256:18475a67502650406286268283bf7f26014df63575d1baf865e789f50a8149e4,1,Paper
Spoof/Paper/Paper_86.mov,6c9d6ff3fc39cf5129bf7ac3f4581e7203b58715706942af39d7c5f743ed5fa2,siwmv2::sha256:6c9d6ff3fc39cf5129bf7ac3f4581e7203b58715706942af39d7c5f743ed5fa2,1,Paper
Spoof/Paper/Paper_87.mov,c8273dff2cd57c36192fd258e9ee817961b1630ec3dd0a49cf8b5afda8d7a028,siwmv2::sha256:c8273dff2cd57c36192fd258e9ee817961b1630ec3dd0a49cf8b5afda8d7a028,1,Paper
Spoof/Paper/Paper_88.mov,d46b77b3e2d3d98c65dea678338817ed6401c5b991c1a6480bb3cb3f9d0928bc,siwmv2::sha256:d46b77b3e2d3d98c65dea678338817ed6401c5b991c1a6480bb3cb3f9d0928bc,1,Paper
Spoof/Paper/Paper_89.mov,9e9a1f1c7dc7923dd01272d678f10a5ab58757a817e6fb2ba5ee8bd33e271752,siwmv2::sha256:9e9a1f1c7dc7923dd01272d678f10a5ab58757a817e6fb2ba5ee8bd33e271752,1,Paper
Spoof/Paper/Paper_9.mov,3641ee6a208b45f074db2c6058ff3816a9b779a8139687e300610d46197a0f7f,siwmv2::sha256:3641ee6a208b45f074db2c6058ff3816a9b779a8139687e300610d46197a0f7f,1,Paper
Spoof/Paper/Paper_90.mov,a964cdf90cf292bb3f8be4d299de71f8144f5ec92174941006c03669e04303f6,siwmv2::sha256:a964cdf90cf292bb3f8be4d299de71f8144f5ec92174941006c03669e04303f6,1,Paper
Spoof/Paper/Paper_91.mov,8a8798760484547f1896878691e8a0997575b88d4c4e78babe5cdc18c037cbfe,siwmv2::sha256:8a8798760484547f1896878691e8a0997575b88d4c4e78babe5cdc18c037cbfe,1,Paper
Spoof/Paper/Paper_92.mov,690e1a0463df5ea984826952c08935514571ef2801fefe9fb26ce45219ecfd5a,siwmv2::sha256:690e1a0463df5ea984826952c08935514571ef2801fefe9fb26ce45219ecfd5a,1,Paper
Spoof/Paper/Paper_93.mov,daba51cc4d2d70b31f2eaec6cbb75c7b2061efe542975ad6b7ca4742bb965d82,siwmv2::sha256:daba51cc4d2d70b31f2eaec6cbb75c7b2061efe542975ad6b7ca4742bb965d82,1,Paper
Spoof/Paper/Paper_94.mov,385c1362bd42a09c3447870ad9d509ad5d6adf1a15f4e0ab7858767b7e0cc7ba,siwmv2::sha256:385c1362bd42a09c3447870ad9d509ad5d6adf1a15f4e0ab7858767b7e0cc7ba,1,Paper
Spoof/Paper/Paper_95.mov,139cd71dd54f05911ed6ef879115ddbbcb9bee0c0bc01c89a10c7c4c532d8017,siwmv2::sha256:139cd71dd54f05911ed6ef879115ddbbcb9bee0c0bc01c89a10c7c4c532d8017,1,Paper
Spoof/Paper/Paper_96.mov,f055a14070a8e9f032ce1f579bd582a8f2eaf47640cca3e72cdce75e5343cb52,siwmv2::sha256:f055a14070a8e9f032ce1f579bd582a8f2eaf47640cca3e72cdce75e5343cb52,1,Paper
Spoof/Paper/Paper_97.mov,07c5fde1e2df1461da9fb3e6abc0e79ea73e29cf8b2d3bfbe051ac2b269196d9,siwmv2::sha256:07c5fde1e2df1461da9fb3e6abc0e79ea73e29cf8b2d3bfbe051ac2b269196d9,1,Paper
Spoof/Paper/Paper_98.mov,a6c1d1fb24fb4bab586884fc522c060bda2f583f476d6ddefaabbb543019cc6f,siwmv2::sha256:a6c1d1fb24fb4bab586884fc522c060bda2f583f476d6ddefaabbb543019cc6f,1,Paper
Spoof/Paper/Paper_99.mov,3f05963006742798c827bbb4768f17dae836045e31756ed94d563976aa5883a2,siwmv2::sha256:3f05963006742798c827bbb4768f17dae836045e31756ed94d563976aa5883a2,1,Paper
Spoof/Partial_Eye/Partial_Eye_1.mov,ec1e0e6e928740ee5f13c3ab6afcdbc03fa7f502f4f85e47edf4118247f9561d,siwmv2::sha256:ec1e0e6e928740ee5f13c3ab6afcdbc03fa7f502f4f85e47edf4118247f9561d,1,Partial_Eye
Spoof/Partial_Eye/Partial_Eye_10.mov,56b38d5b0faa9ee175ded0f6d05b8ade5c0dd39d36f712424ff01ff4d2af2ef0,siwmv2::sha256:56b38d5b0faa9ee175ded0f6d05b8ade5c0dd39d36f712424ff01ff4d2af2ef0,1,Partial_Eye
Spoof/Partial_Eye/Partial_Eye_11.mov,2c5eafd2d3fc32d19b912579b2a4e80cdc881459f2cbdbe616c264fcb3c63124,siwmv2::sha256:2c5eafd2d3fc32d19b912579b2a4e80cdc881459f2cbdbe616c264fcb3c63124,1,Partial_Eye
Spoof/Partial_Eye/Partial_Eye_12.mov,39dbb08b6f9936ad39e6eb20479e88ea8050cc05b1eb1f50beecc534cad00579,siwmv2::sha256:39dbb08b6f9936ad39e6eb20479e88ea8050cc05b1eb1f50beecc534cad00579,1,Partial_Eye
Spoof/Partial_Eye/Partial_Eye_13.mov,7b3376015ea2c51c14945b0305628ddbce00d85da9dcc69e19ac974171fa9a99,siwmv2::sha256:7b3376015ea2c51c14945b0305628ddbce00d85da9dcc69e19ac974171fa9a99,1,Partial_Eye
Spoof/Partial_Eye/Partial_Eye_14.mov,1d93285c8ae6d2c6530c07ce98d00a61dbd49ac010aa4cc50434a6d54b4d490d,siwmv2::sha256:1d93285c8ae6d2c6530c07ce98d00a61dbd49ac010aa4cc50434a6d54b4d490d,1,Partial_Eye
Spoof/Partial_Eye/Partial_Eye_15.mov,a47bbee1d59cee8075bfae053eefd5e16c67fe8501767114c79f76d2889ad6e1,siwmv2::sha256:a47bbee1d59cee8075bfae053eefd5e16c67fe8501767114c79f76d2889ad6e1,1,Partial_Eye
Spoof/Partial_Eye/Partial_Eye_16.mov,9948fada1134523767a1933630025f5a232a98f7b20347e89e841770cab086e7,siwmv2::sha256:9948fada1134523767a1933630025f5a232a98f7b20347e89e841770cab086e7,1,Partial_Eye
Spoof/Partial_Eye/Partial_Eye_17.mov,8cc9ecd953018bf551d3cb109389d681427aa7540bffb40330852c21cbd08d1d,siwmv2::sha256:8cc9ecd953018bf551d3cb109389d681427aa7540bffb40330852c21cbd08d1d,1,Partial_Eye
Spoof/Partial_Eye/Partial_Eye_18.mov,e32eed0dcb51a4ea85cf5a2da87644542ca936d3ab345906f7b8dd8230e57fa7,siwmv2::sha256:e32eed0dcb51a4ea85cf5a2da87644542ca936d3ab345906f7b8dd8230e57fa7,1,Partial_Eye
Spoof/Partial_Eye/Partial_Eye_19.mov,e24fc70f00de5073f573e0bea14c59b87b3399b5a203671a8ecf98e43389bdcd,siwmv2::sha256:e24fc70f00de5073f573e0bea14c59b87b3399b5a203671a8ecf98e43389bdcd,1,Partial_Eye
Spoof/Partial_Eye/Partial_Eye_2.mov,f713957893afc275b1d6e4a7be676de732092f3cdb563c34b18acc13ad880c72,siwmv2::sha256:f713957893afc275b1d6e4a7be676de732092f3cdb563c34b18acc13ad880c72,1,Partial_Eye
Spoof/Partial_Eye/Partial_Eye_20.mov,9519a2032a6ffd51c38922d237c0e4d6bd9c6aa5eaa3fc2d9b89c71c473d9f59,siwmv2::sha256:9519a2032a6ffd51c38922d237c0e4d6bd9c6aa5eaa3fc2d9b89c71c473d9f59,1,Partial_Eye
Spoof/Partial_Eye/Partial_Eye_21.mov,2533fad5cdbaa6702de5c851714936a741a7968f637d458a38ea916183d1c136,siwmv2::sha256:2533fad5cdbaa6702de5c851714936a741a7968f637d458a38ea916183d1c136,1,Partial_Eye
Spoof/Partial_Eye/Partial_Eye_22.mov,95ba74be59e0ee96cf361ba07e5b728df970c1074ad410830213f36631bc7d57,siwmv2::sha256:95ba74be59e0ee96cf361ba07e5b728df970c1074ad410830213f36631bc7d57,1,Partial_Eye
Spoof/Partial_Eye/Partial_Eye_23.mov,2f5cbf54d9ab4f0c1ea28b07da9024b2a0fcc0c4020ca8123c52eca7665734ac,siwmv2::sha256:2f5cbf54d9ab4f0c1ea28b07da9024b2a0fcc0c4020ca8123c52eca7665734ac,1,Partial_Eye
Spoof/Partial_Eye/Partial_Eye_24.mov,602b9123e75597853697de1f42c15e647c940a15f4bf633a86351e2820b19dbb,siwmv2::sha256:602b9123e75597853697de1f42c15e647c940a15f4bf633a86351e2820b19dbb,1,Partial_Eye
Spoof/Partial_Eye/Partial_Eye_25.mov,7200124993af2d9ec312b84ba00df9adabaa532131f9af9e7f9fb57b35d52ae8,siwmv2::sha256:7200124993af2d9ec312b84ba00df9adabaa532131f9af9e7f9fb57b35d52ae8,1,Partial_Eye
Spoof/Partial_Eye/Partial_Eye_26.mov,e4810be7fe763b3b64df08ebc087b67737c74a2292344ab1ccdf1562cc1ee732,siwmv2::sha256:e4810be7fe763b3b64df08ebc087b67737c74a2292344ab1ccdf1562cc1ee732,1,Partial_Eye
Spoof/Partial_Eye/Partial_Eye_27.mov,11601e64ea8d87b720e6a9e49dc0cc77aa26dc9786dd410c6c876e315b38eb14,siwmv2::sha256:11601e64ea8d87b720e6a9e49dc0cc77aa26dc9786dd410c6c876e315b38eb14,1,Partial_Eye
Spoof/Partial_Eye/Partial_Eye_28.mov,2a7bd27a5810bd84c5e856033e02c983acffaa1b5ff611992d9287fb4c390593,siwmv2::sha256:2a7bd27a5810bd84c5e856033e02c983acffaa1b5ff611992d9287fb4c390593,1,Partial_Eye
Spoof/Partial_Eye/Partial_Eye_29.mov,9ab5548b5f68b51f48f2644598a4d34b31d7ce486cda0b76e8af05938acb7291,siwmv2::sha256:9ab5548b5f68b51f48f2644598a4d34b31d7ce486cda0b76e8af05938acb7291,1,Partial_Eye
Spoof/Partial_Eye/Partial_Eye_3.mov,7a90ae68f2e4bfe4258d69c6c5cfd5a0213c9c99d50fd21ad0055b0ed02ca476,siwmv2::sha256:7a90ae68f2e4bfe4258d69c6c5cfd5a0213c9c99d50fd21ad0055b0ed02ca476,1,Partial_Eye
Spoof/Partial_Eye/Partial_Eye_30.mov,1b3ba0fae05bb8384220efe3507bdf4f4657402bc36a359645aca91b90114e03,siwmv2::sha256:1b3ba0fae05bb8384220efe3507bdf4f4657402bc36a359645aca91b90114e03,1,Partial_Eye
Spoof/Partial_Eye/Partial_Eye_31.mov,14b3ba9265932141e2ce5ef28b27f4809baba76ba441f4ea9d9fefb020102386,siwmv2::sha256:14b3ba9265932141e2ce5ef28b27f4809baba76ba441f4ea9d9fefb020102386,1,Partial_Eye
Spoof/Partial_Eye/Partial_Eye_32.mov,4b23b8f1b8bbbf9e840c86688e30b4e6976ecd4ae9ef64c9c533ff6ccf0fc0de,siwmv2::sha256:4b23b8f1b8bbbf9e840c86688e30b4e6976ecd4ae9ef64c9c533ff6ccf0fc0de,1,Partial_Eye
Spoof/Partial_Eye/Partial_Eye_33.mov,524453a8ba42e95706705bd1c5805245af0a97e1802e0380cb73f058db731325,siwmv2::sha256:524453a8ba42e95706705bd1c5805245af0a97e1802e0380cb73f058db731325,1,Partial_Eye
Spoof/Partial_Eye/Partial_Eye_34.mov,6cfc8466c3c144ebd6b49c82140f54304668baa0093c653ac335638fbbfef12d,siwmv2::sha256:6cfc8466c3c144ebd6b49c82140f54304668baa0093c653ac335638fbbfef12d,1,Partial_Eye
Spoof/Partial_Eye/Partial_Eye_35.mov,bcfd976367ff09f58139bc7a6885df6578b27e6b7615cc88be1b7b9f140c909e,siwmv2::sha256:bcfd976367ff09f58139bc7a6885df6578b27e6b7615cc88be1b7b9f140c909e,1,Partial_Eye
Spoof/Partial_Eye/Partial_Eye_36.mov,bf859efa911e3a46a6e653fc3193cb078d4c114258ad8d727fae1a603d76f282,siwmv2::sha256:bf859efa911e3a46a6e653fc3193cb078d4c114258ad8d727fae1a603d76f282,1,Partial_Eye
Spoof/Partial_Eye/Partial_Eye_37.mov,97900b57e39347ff8363d4737f04209cb1a3a5b6bffd64924e3a1e8b8ed06803,siwmv2::sha256:97900b57e39347ff8363d4737f04209cb1a3a5b6bffd64924e3a1e8b8ed06803,1,Partial_Eye
Spoof/Partial_Eye/Partial_Eye_38.mov,eaa14936267c9686ce8dc0bf5e093c6ac0ed711a038d35c2d0ac3f3561b88b85,siwmv2::sha256:eaa14936267c9686ce8dc0bf5e093c6ac0ed711a038d35c2d0ac3f3561b88b85,1,Partial_Eye
Spoof/Partial_Eye/Partial_Eye_39.mov,76aa0f783968a8635a13c941da61bde6e7ff86ef34a8ac32c566fd233898c3ca,siwmv2::sha256:76aa0f783968a8635a13c941da61bde6e7ff86ef34a8ac32c566fd233898c3ca,1,Partial_Eye
Spoof/Partial_Eye/Partial_Eye_4.mov,f2b0086640dc13044cdc07bb5ffa0f9f348dbe42d06438fd27e87093c9f0423d,siwmv2::sha256:f2b0086640dc13044cdc07bb5ffa0f9f348dbe42d06438fd27e87093c9f0423d,1,Partial_Eye
Spoof/Partial_Eye/Partial_Eye_40.mov,220aa981ca61d02917f84b270886b0e68ea959dcdf64f71e63ab35b12cddc68b,siwmv2::sha256:220aa981ca61d02917f84b270886b0e68ea959dcdf64f71e63ab35b12cddc68b,1,Partial_Eye
Spoof/Partial_Eye/Partial_Eye_41.mov,4d0466bad0c6cd7a83da6c400e33f0f721a7fd169093f5947885673914650a3a,siwmv2::sha256:4d0466bad0c6cd7a83da6c400e33f0f721a7fd169093f5947885673914650a3a,1,Partial_Eye
Spoof/Partial_Eye/Partial_Eye_42.mov,e2d88ad7988afc453055c866dab53767742e6808a565e5a6d2f10dfde7cc8ca3,siwmv2::sha256:e2d88ad7988afc453055c866dab53767742e6808a565e5a6d2f10dfde7cc8ca3,1,Partial_Eye
Spoof/Partial_Eye/Partial_Eye_43.mov,c5d71cf462ea70daf619e6e33946992be4cfc8bbde9ad112c7bed0a8558b103c,siwmv2::sha256:c5d71cf462ea70daf619e6e33946992be4cfc8bbde9ad112c7bed0a8558b103c,1,Partial_Eye
Spoof/Partial_Eye/Partial_Eye_44.mov,58cb6bdfedce7c51cbd72562b17cf54c48316228739baca3d5594bdafee31777,siwmv2::sha256:58cb6bdfedce7c51cbd72562b17cf54c48316228739baca3d5594bdafee31777,1,Partial_Eye
Spoof/Partial_Eye/Partial_Eye_45.mov,937a5a7305820f3c6e07ed00241422aeeb1dc1cee5345ed49b12691d0196a35d,siwmv2::sha256:937a5a7305820f3c6e07ed00241422aeeb1dc1cee5345ed49b12691d0196a35d,1,Partial_Eye
Spoof/Partial_Eye/Partial_Eye_46.mov,e994f667206bdb5151d72c6af7f836a01a2af96e88186f6229dbc1fd4ffd9c57,siwmv2::sha256:e994f667206bdb5151d72c6af7f836a01a2af96e88186f6229dbc1fd4ffd9c57,1,Partial_Eye
Spoof/Partial_Eye/Partial_Eye_47.mov,afc0bfc7fda2ee55c971f6e70a7cca9773d842425a3315e13eebeab8fc98ac31,siwmv2::sha256:afc0bfc7fda2ee55c971f6e70a7cca9773d842425a3315e13eebeab8fc98ac31,1,Partial_Eye
Spoof/Partial_Eye/Partial_Eye_48.mov,c0ae4ca61a6d6e4e9625185dcd43f67139f960f97685a2d29b9e88ea3b6c4b75,siwmv2::sha256:c0ae4ca61a6d6e4e9625185dcd43f67139f960f97685a2d29b9e88ea3b6c4b75,1,Partial_Eye
Spoof/Partial_Eye/Partial_Eye_49.mov,d2276325cac5ea85d79d2511ab0647121853df4a6d09cfe4023d8512d4ac3205,siwmv2::sha256:d2276325cac5ea85d79d2511ab0647121853df4a6d09cfe4023d8512d4ac3205,1,Partial_Eye
Spoof/Partial_Eye/Partial_Eye_5.mov,aa56dce3f9b09d3e0fe6c70c6d3d4bb0b82e0e6f390fc1b6098119ab033399c0,siwmv2::sha256:aa56dce3f9b09d3e0fe6c70c6d3d4bb0b82e0e6f390fc1b6098119ab033399c0,1,Partial_Eye
Spoof/Partial_Eye/Partial_Eye_50.mov,bde9413fe44a4f0759ad59520101580fdd266d8d0826d0f03f9cf3044d3b8a29,siwmv2::sha256:bde9413fe44a4f0759ad59520101580fdd266d8d0826d0f03f9cf3044d3b8a29,1,Partial_Eye
Spoof/Partial_Eye/Partial_Eye_51.mov,e00687b15a9010a87101eb3b2a653cefad5d642a5f3615e4f689028e1729aa08,siwmv2::sha256:e00687b15a9010a87101eb3b2a653cefad5d642a5f3615e4f689028e1729aa08,1,Partial_Eye
Spoof/Partial_Eye/Partial_Eye_52.mov,2a8207360a375cda2d748dc520eaf6851a459f529817449a2df6433a4debc5f8,siwmv2::sha256:2a8207360a375cda2d748dc520eaf6851a459f529817449a2df6433a4debc5f8,1,Partial_Eye
Spoof/Partial_Eye/Partial_Eye_53.mov,204df37733a35767b895790ce17957f6804ef6c5294c9073d06dde28d74e0e57,siwmv2::sha256:204df37733a35767b895790ce17957f6804ef6c5294c9073d06dde28d74e0e57,1,Partial_Eye
Spoof/Partial_Eye/Partial_Eye_54.mov,640ecd0b42e495246f2e2d29c412b4fe4fc3592e37313e2b6cf5ecec46e26378,siwmv2::sha256:640ecd0b42e495246f2e2d29c412b4fe4fc3592e37313e2b6cf5ecec46e26378,1,Partial_Eye
Spoof/Partial_Eye/Partial_Eye_55.mov,ebe441821758905a0860c8ed42e4d0a26d8af003479db2041769100a81845fd7,siwmv2::sha256:ebe441821758905a0860c8ed42e4d0a26d8af003479db2041769100a81845fd7,1,Partial_Eye
Spoof/Partial_Eye/Partial_Eye_56.mov,51506945b7e2a647d68286253c82a008188179cd508c27fcdffc8b2e4b3ea69e,siwmv2::sha256:51506945b7e2a647d68286253c82a008188179cd508c27fcdffc8b2e4b3ea69e,1,Partial_Eye
Spoof/Partial_Eye/Partial_Eye_57.mov,e49b0c24bd07eb59d214551df3ba48b4b15134f710c7d0e464ce116b34c507c0,siwmv2::sha256:e49b0c24bd07eb59d214551df3ba48b4b15134f710c7d0e464ce116b34c507c0,1,Partial_Eye
Spoof/Partial_Eye/Partial_Eye_6.mov,78fdb06ca3d54fd70c1c2bdf137b2b3ab8c229c2f608772542c2efa79309bbf8,siwmv2::sha256:78fdb06ca3d54fd70c1c2bdf137b2b3ab8c229c2f608772542c2efa79309bbf8,1,Partial_Eye
Spoof/Partial_Eye/Partial_Eye_7.mov,a911c01000bf3a9a07836b42f988b18fac7dcaf6427f6c4b56c9250e698bf5a2,siwmv2::sha256:a911c01000bf3a9a07836b42f988b18fac7dcaf6427f6c4b56c9250e698bf5a2,1,Partial_Eye
Spoof/Partial_Eye/Partial_Eye_8.mov,6770951bc844d65f3726e3218ee7ee5062f9fe4e6a6197c70549476b137cc4c1,siwmv2::sha256:6770951bc844d65f3726e3218ee7ee5062f9fe4e6a6197c70549476b137cc4c1,1,Partial_Eye
Spoof/Partial_Eye/Partial_Eye_9.mov,5e8d0722406ba654a0d34d2d387b5b54517fca22be3b602ef33fc8c093256e27,siwmv2::sha256:5e8d0722406ba654a0d34d2d387b5b54517fca22be3b602ef33fc8c093256e27,1,Partial_Eye
Spoof/Partial_FunnyeyeGlasses/Partial_Funnyeye_1.mov,44c2d9660fd2905c6df91493c22affc93a816da055e4195391c07c178dc1d2d7,siwmv2::sha256:44c2d9660fd2905c6df91493c22affc93a816da055e4195391c07c178dc1d2d7,1,Partial_FunnyeyeGlasses
Spoof/Partial_FunnyeyeGlasses/Partial_Funnyeye_10.mov,959623c204060edd33bc3a5b0868e2fec6cfc36379fb530f354854940d72f76c,siwmv2::sha256:959623c204060edd33bc3a5b0868e2fec6cfc36379fb530f354854940d72f76c,1,Partial_FunnyeyeGlasses
Spoof/Partial_FunnyeyeGlasses/Partial_Funnyeye_100.mov,7adabd239c24b239ff7cdc43b8a2c81d0bcd7751aca2784d31c6b139425595fd,siwmv2::sha256:7adabd239c24b239ff7cdc43b8a2c81d0bcd7751aca2784d31c6b139425595fd,1,Partial_FunnyeyeGlasses
Spoof/Partial_FunnyeyeGlasses/Partial_Funnyeye_101.mov,d9e71496508ac97d74a3bbba47982c9319a3633f44eb11c7ac62d7cdd1a67e57,siwmv2::sha256:d9e71496508ac97d74a3bbba47982c9319a3633f44eb11c7ac62d7cdd1a67e57,1,Partial_FunnyeyeGlasses
Spoof/Partial_FunnyeyeGlasses/Partial_Funnyeye_102.mov,cce50fb9e598693b897a0935181c3c678b34e41f83a34de1dc8192eff65e68e3,siwmv2::sha256:cce50fb9e598693b897a0935181c3c678b34e41f83a34de1dc8192eff65e68e3,1,Partial_FunnyeyeGlasses
Spoof/Partial_FunnyeyeGlasses/Partial_Funnyeye_103.mov,6e77b86f4e03b69c267a087bb0aad60e084e3c1b680ccf4930f7cc5e381f92e1,siwmv2::sha256:6e77b86f4e03b69c267a087bb0aad60e084e3c1b680ccf4930f7cc5e381f92e1,1,Partial_FunnyeyeGlasses
Spoof/Partial_FunnyeyeGlasses/Partial_Funnyeye_104.mov,ef6c30cb6272b6706105394aa8b84eade24d41ca111e65cb97588134ec3000cf,siwmv2::sha256:ef6c30cb6272b6706105394aa8b84eade24d41ca111e65cb97588134ec3000cf,1,Partial_FunnyeyeGlasses
Spoof/Partial_FunnyeyeGlasses/Partial_Funnyeye_105.mov,ab744ca542ac9d5c822c46be115aa0785b5c4ea1a130215210c985fa1592a22e,siwmv2::sha256:ab744ca542ac9d5c822c46be115aa0785b5c4ea1a130215210c985fa1592a22e,1,Partial_FunnyeyeGlasses
Spoof/Partial_FunnyeyeGlasses/Partial_Funnyeye_106.mov,fc2585d4136ad88543203f1328be659dc56a2dfe96a78e08201001dc61360127,siwmv2::sha256:fc2585d4136ad88543203f1328be659dc56a2dfe96a78e08201001dc61360127,1,Partial_FunnyeyeGlasses
Spoof/Partial_FunnyeyeGlasses/Partial_Funnyeye_107.mov,58cc08bc77c3f21a04f6f1374d7987823118a6f9852d39cc34537c9462f057fd,siwmv2::sha256:58cc08bc77c3f21a04f6f1374d7987823118a6f9852d39cc34537c9462f057fd,1,Partial_FunnyeyeGlasses
Spoof/Partial_FunnyeyeGlasses/Partial_Funnyeye_108.mov,b9b52974ea05647c323c572954bcae6930219d698272eaecaa586e2fc2abcba4,siwmv2::sha256:b9b52974ea05647c323c572954bcae6930219d698272eaecaa586e2fc2abcba4,1,Partial_FunnyeyeGlasses
Spoof/Partial_FunnyeyeGlasses/Partial_Funnyeye_109.mov,143d56438205a8f5578e297ab256dc7372e6ba7db07f9e44a8526440dd2122ab,siwmv2::sha256:143d56438205a8f5578e297ab256dc7372e6ba7db07f9e44a8526440dd2122ab,1,Partial_FunnyeyeGlasses
Spoof/Partial_FunnyeyeGlasses/Partial_Funnyeye_11.mov,cc28e6fed114927a53fa2da62caeb211f3513ba1612387d4c802b44ad5d57bcd,siwmv2::sha256:cc28e6fed114927a53fa2da62caeb211f3513ba1612387d4c802b44ad5d57bcd,1,Partial_FunnyeyeGlasses
Spoof/Partial_FunnyeyeGlasses/Partial_Funnyeye_110.mov,a622945cc4eb2ab3551f085770ed82bb323838f14d7a1aebbef0cf847927af8c,siwmv2::sha256:a622945cc4eb2ab3551f085770ed82bb323838f14d7a1aebbef0cf847927af8c,1,Partial_FunnyeyeGlasses
Spoof/Partial_FunnyeyeGlasses/Partial_Funnyeye_111.mov,322f2a102cadae4b1d9a4aeed2f124ffe3233a02cd962f1c95d1acb4841c9e53,siwmv2::sha256:322f2a102cadae4b1d9a4aeed2f124ffe3233a02cd962f1c95d1acb4841c9e53,1,Partial_FunnyeyeGlasses
Spoof/Partial_FunnyeyeGlasses/Partial_Funnyeye_112.mov,404f4d1823b1a4e1b8687e6e0e99ea5a06123f878c21bc49715c8942dd046d0b,siwmv2::sha256:404f4d1823b1a4e1b8687e6e0e99ea5a06123f878c21bc49715c8942dd046d0b,1,Partial_FunnyeyeGlasses
Spoof/Partial_FunnyeyeGlasses/Partial_Funnyeye_113.mov,3a640ff6b2c94634f46ac2ebadfec7f53749d1122c72b9b3f4677f70138f2fff,siwmv2::sha256:3a640ff6b2c94634f46ac2ebadfec7f53749d1122c72b9b3f4677f70138f2fff,1,Partial_FunnyeyeGlasses
Spoof/Partial_FunnyeyeGlasses/Partial_Funnyeye_114.mov,b111fceab6b26cc5dc17417b5a46be34d4c0d61a2c75cbc956015da9aa8cd990,siwmv2::sha256:b111fceab6b26cc5dc17417b5a46be34d4c0d61a2c75cbc956015da9aa8cd990,1,Partial_FunnyeyeGlasses
Spoof/Partial_FunnyeyeGlasses/Partial_Funnyeye_115.mov,bacf412df4bd998948b3ded1820c14c7b763c1916fbc7bdcbaafd327df13cb5a,siwmv2::sha256:bacf412df4bd998948b3ded1820c14c7b763c1916fbc7bdcbaafd327df13cb5a,1,Partial_FunnyeyeGlasses
Spoof/Partial_FunnyeyeGlasses/Partial_Funnyeye_116.mov,5d555f42065325c9c4f122f08d63fc4ddf3f49f83397162217f4cf2986df4970,siwmv2::sha256:5d555f42065325c9c4f122f08d63fc4ddf3f49f83397162217f4cf2986df4970,1,Partial_FunnyeyeGlasses
Spoof/Partial_FunnyeyeGlasses/Partial_Funnyeye_117.mov,2c4254be14a505e377b664985872213484d01c02ea6ee4c37c5d27451cd5bd2b,siwmv2::sha256:2c4254be14a505e377b664985872213484d01c02ea6ee4c37c5d27451cd5bd2b,1,Partial_FunnyeyeGlasses
Spoof/Partial_FunnyeyeGlasses/Partial_Funnyeye_118.mov,3ff786e88a38f450b4c79d2e165bfad74c15406cb2191be0594df9361e2e4bb7,siwmv2::sha256:3ff786e88a38f450b4c79d2e165bfad74c15406cb2191be0594df9361e2e4bb7,1,Partial_FunnyeyeGlasses
Spoof/Partial_FunnyeyeGlasses/Partial_Funnyeye_119.mov,2d13dab5854a9ca71c6e09d7345003ed00224c9efc16f47291e7c031eb8f4c2d,siwmv2::sha256:2d13dab5854a9ca71c6e09d7345003ed00224c9efc16f47291e7c031eb8f4c2d,1,Partial_FunnyeyeGlasses
Spoof/Partial_FunnyeyeGlasses/Partial_Funnyeye_12.mov,2b8215c3c1a63e5c32d8e9009ce5402c34aed299409e45752a61eb4420dd2616,siwmv2::sha256:2b8215c3c1a63e5c32d8e9009ce5402c34aed299409e45752a61eb4420dd2616,1,Partial_FunnyeyeGlasses
Spoof/Partial_FunnyeyeGlasses/Partial_Funnyeye_120.mov,46a74c9a32f6c077d5b0be163e23d6e97b9ff529f203c0a433785086006c3d91,siwmv2::sha256:46a74c9a32f6c077d5b0be163e23d6e97b9ff529f203c0a433785086006c3d91,1,Partial_FunnyeyeGlasses
Spoof/Partial_FunnyeyeGlasses/Partial_Funnyeye_121.mov,a760e23a3ff8adb56daea199fb55c68f22acf75b0fa0fcce4ba77ea4540f45e2,siwmv2::sha256:a760e23a3ff8adb56daea199fb55c68f22acf75b0fa0fcce4ba77ea4540f45e2,1,Partial_FunnyeyeGlasses
Spoof/Partial_FunnyeyeGlasses/Partial_Funnyeye_122.mov,7c23f5e1431e4acbb61826ccefbfee53b7ee77e0e7dc690c5b6d8e3e57f08e7b,siwmv2::sha256:7c23f5e1431e4acbb61826ccefbfee53b7ee77e0e7dc690c5b6d8e3e57f08e7b,1,Partial_FunnyeyeGlasses
Spoof/Partial_FunnyeyeGlasses/Partial_Funnyeye_123.mov,671775e2bd36a8dc06b7204bfcac789437add54b9005c327725a3359fc5e7727,siwmv2::sha256:671775e2bd36a8dc06b7204bfcac789437add54b9005c327725a3359fc5e7727,1,Partial_FunnyeyeGlasses
Spoof/Partial_FunnyeyeGlasses/Partial_Funnyeye_124.mov,98b4cf2e27fcc1d80d542203afed7192f2f0b621185f8b7d92d7793d1ec3580e,siwmv2::sha256:98b4cf2e27fcc1d80d542203afed7192f2f0b621185f8b7d92d7793d1ec3580e,1,Partial_FunnyeyeGlasses
Spoof/Partial_FunnyeyeGlasses/Partial_Funnyeye_125.mov,70696bdb58f15c6ccca8989afc0016ad82c85c4a5eb3798da248e3a685c03ed2,siwmv2::sha256:70696bdb58f15c6ccca8989afc0016ad82c85c4a5eb3798da248e3a685c03ed2,1,Partial_FunnyeyeGlasses
Spoof/Partial_FunnyeyeGlasses/Partial_Funnyeye_126.mov,4a8b7ec63585f5f40a28fc8e0920a04a96630527c66d69277ed485225989dce0,siwmv2::sha256:4a8b7ec63585f5f40a28fc8e0920a04a96630527c66d69277ed485225989dce0,1,Partial_FunnyeyeGlasses
Spoof/Partial_FunnyeyeGlasses/Partial_Funnyeye_127.mov,14117fe35503830a347f04b4319445674eda2fd33d0b7d29b2e3efc31cd76a65,siwmv2::sha256:14117fe35503830a347f04b4319445674eda2fd33d0b7d29b2e3efc31cd76a65,1,Partial_FunnyeyeGlasses
Spoof/Partial_FunnyeyeGlasses/Partial_Funnyeye_128.mov,000cbfb2a00a5f8b06e0b0fa6579e85b5545b34626d6ab72f7c8a44d4719a7c6,siwmv2::sha256:000cbfb2a00a5f8b06e0b0fa6579e85b5545b34626d6ab72f7c8a44d4719a7c6,1,Partial_FunnyeyeGlasses
Spoof/Partial_FunnyeyeGlasses/Partial_Funnyeye_129.mov,261f5c49adc5a673e108e63aa82bdd805e0496019a9b9463f2259d7b25ae120b,siwmv2::sha256:261f5c49adc5a673e108e63aa82bdd805e0496019a9b9463f2259d7b25ae120b,1,Partial_FunnyeyeGlasses
Spoof/Partial_FunnyeyeGlasses/Partial_Funnyeye_13.mov,fbfb4cec4cdd4b943eea20114d8c5833046ac0938bc56edf67016f4ab9274ed4,siwmv2::sha256:fbfb4cec4cdd4b943eea20114d8c5833046ac0938bc56edf67016f4ab9274ed4,1,Partial_FunnyeyeGlasses
Spoof/Partial_FunnyeyeGlasses/Partial_Funnyeye_130.mov,8fe81c6155fba33ea0d5ea2c0a741582c2a97eb76bd4c7f45152fda00165ce73,siwmv2::sha256:8fe81c6155fba33ea0d5ea2c0a741582c2a97eb76bd4c7f45152fda00165ce73,1,Partial_FunnyeyeGlasses
Spoof/Partial_FunnyeyeGlasses/Partial_Funnyeye_131.mov,6b86fa11e23c0d7e73447df7a3a0ec0f203c747a0b95868233037d9fe9ce566b,siwmv2::sha256:6b86fa11e23c0d7e73447df7a3a0ec0f203c747a0b95868233037d9fe9ce566b,1,Partial_FunnyeyeGlasses
Spoof/Partial_FunnyeyeGlasses/Partial_Funnyeye_132.mov,ce34a88032b6d60cb4741df2a855502769735fb9f11b4f61dfab1e75d81a4b33,siwmv2::sha256:ce34a88032b6d60cb4741df2a855502769735fb9f11b4f61dfab1e75d81a4b33,1,Partial_FunnyeyeGlasses
Spoof/Partial_FunnyeyeGlasses/Partial_Funnyeye_133.mov,c1e88c2e384c64438ac5c4f6330c3245f0d69c4ad07b10b2bd6b83391ec8d72b,siwmv2::sha256:c1e88c2e384c64438ac5c4f6330c3245f0d69c4ad07b10b2bd6b83391ec8d72b,1,Partial_FunnyeyeGlasses
Spoof/Partial_FunnyeyeGlasses/Partial_Funnyeye_134.mov,f349b3a7bd212e83430ad733e57bbc3228610b05e155d41593b74e21732c5105,siwmv2::sha256:f349b3a7bd212e83430ad733e57bbc3228610b05e155d41593b74e21732c5105,1,Partial_FunnyeyeGlasses
Spoof/Partial_FunnyeyeGlasses/Partial_Funnyeye_135.mov,53fa22cf2a1a39eb2f94d9095e3620a5c38eb16b42877da1f08497f7c99ab9b9,siwmv2::sha256:53fa22cf2a1a39eb2f94d9095e3620a5c38eb16b42877da1f08497f7c99ab9b9,1,Partial_FunnyeyeGlasses
Spoof/Partial_FunnyeyeGlasses/Partial_Funnyeye_136.mov,8f01180e938c8f4c4c79441857df3b58e70e323fc914b60922de2fe151a420bc,siwmv2::sha256:8f01180e938c8f4c4c79441857df3b58e70e323fc914b60922de2fe151a420bc,1,Partial_FunnyeyeGlasses
Spoof/Partial_FunnyeyeGlasses/Partial_Funnyeye_137.mov,c3f0d4aeef992f90064e7b3bffebf13af9e722e3d9f176e3fc42c5ac7870dce1,siwmv2::sha256:c3f0d4aeef992f90064e7b3bffebf13af9e722e3d9f176e3fc42c5ac7870dce1,1,Partial_FunnyeyeGlasses
Spoof/Partial_FunnyeyeGlasses/Partial_Funnyeye_138.mov,c31ad3ddc24762a399a694addc6192c1d578f641e681c1f3f7a16a823d9d370c,siwmv2::sha256:c31ad3ddc24762a399a694addc6192c1d578f641e681c1f3f7a16a823d9d370c,1,Partial_FunnyeyeGlasses
Spoof/Partial_FunnyeyeGlasses/Partial_Funnyeye_139.mov,afbdbc5e932f11e41c114f154e8abdcc1f528b665d203d8370cdfb4b139ff732,siwmv2::sha256:afbdbc5e932f11e41c114f154e8abdcc1f528b665d203d8370cdfb4b139ff732,1,Partial_FunnyeyeGlasses
Spoof/Partial_FunnyeyeGlasses/Partial_Funnyeye_14.mov,f6cb8f86605609a03d45398ef5beac1e17f18969990d968064ef3815baaeb48d,siwmv2::sha256:f6cb8f86605609a03d45398ef5beac1e17f18969990d968064ef3815baaeb48d,1,Partial_FunnyeyeGlasses
Spoof/Partial_FunnyeyeGlasses/Partial_Funnyeye_140.mov,9af01eb1a92380bb4a11a1ee0e90124687b36ee029d9faff8f127c90804662d8,siwmv2::sha256:9af01eb1a92380bb4a11a1ee0e90124687b36ee029d9faff8f127c90804662d8,1,Partial_FunnyeyeGlasses
Spoof/Partial_FunnyeyeGlasses/Partial_Funnyeye_141.mov,03aa4c229939f14dd15a82f35d224f8afd8106e713d4c429f143e6b0e35a1bab,siwmv2::sha256:03aa4c229939f14dd15a82f35d224f8afd8106e713d4c429f143e6b0e35a1bab,1,Partial_FunnyeyeGlasses
Spoof/Partial_FunnyeyeGlasses/Partial_Funnyeye_142.mov,fb7cbe49c9bd55b700db887afa1ce238b57f2f80a0bb64679451479b9da19c38,siwmv2::sha256:fb7cbe49c9bd55b700db887afa1ce238b57f2f80a0bb64679451479b9da19c38,1,Partial_FunnyeyeGlasses
Spoof/Partial_FunnyeyeGlasses/Partial_Funnyeye_143.mov,92ec83efc0b4d6acdf0e068d6014d1d61096b2906e0a79f197e5040a8af85b96,siwmv2::sha256:92ec83efc0b4d6acdf0e068d6014d1d61096b2906e0a79f197e5040a8af85b96,1,Partial_FunnyeyeGlasses
Spoof/Partial_FunnyeyeGlasses/Partial_Funnyeye_144.mov,3e942022cbfd2f3ef80cfbe639022ab8dadc81feca3f7e60182d97c919221ff1,siwmv2::sha256:3e942022cbfd2f3ef80cfbe639022ab8dadc81feca3f7e60182d97c919221ff1,1,Partial_FunnyeyeGlasses
Spoof/Partial_FunnyeyeGlasses/Partial_Funnyeye_145.mov,65ab4c0000cc318f64f98df990d809b93e10bebb22ced190c5a501d951ad12ef,siwmv2::sha256:65ab4c0000cc318f64f98df990d809b93e10bebb22ced190c5a501d951ad12ef,1,Partial_FunnyeyeGlasses
Spoof/Partial_FunnyeyeGlasses/Partial_Funnyeye_146.mov,05563a0e7fc061c38a74c8bd370e2c1db7cacf6996a6ebe7c48a3b5219ba30ec,siwmv2::sha256:05563a0e7fc061c38a74c8bd370e2c1db7cacf6996a6ebe7c48a3b5219ba30ec,1,Partial_FunnyeyeGlasses
Spoof/Partial_FunnyeyeGlasses/Partial_Funnyeye_147.mov,60638ad52bb27faffde7eb0df92872f54db8998a7e396b6d8a4222a923104452,siwmv2::sha256:60638ad52bb27faffde7eb0df92872f54db8998a7e396b6d8a4222a923104452,1,Partial_FunnyeyeGlasses
Spoof/Partial_FunnyeyeGlasses/Partial_Funnyeye_148.mov,ca4b92c89a723bd353fcb4fea72cb5a0646d00613d6ffe65d21c6bbf1c5b893b,siwmv2::sha256:ca4b92c89a723bd353fcb4fea72cb5a0646d00613d6ffe65d21c6bbf1c5b893b,1,Partial_FunnyeyeGlasses
Spoof/Partial_FunnyeyeGlasses/Partial_Funnyeye_149.mov,6846ca238c703faa78c6050f066d66f9dad4f4ec297bb0cf8364afde32207595,siwmv2::sha256:6846ca238c703faa78c6050f066d66f9dad4f4ec297bb0cf8364afde32207595,1,Partial_FunnyeyeGlasses
Spoof/Partial_FunnyeyeGlasses/Partial_Funnyeye_15.mov,3d8d02fab58f7924c5ba3eec0993acd4ab0715d87a1f4a25f0e65d57042a5359,siwmv2::sha256:3d8d02fab58f7924c5ba3eec0993acd4ab0715d87a1f4a25f0e65d57042a5359,1,Partial_FunnyeyeGlasses
Spoof/Partial_FunnyeyeGlasses/Partial_Funnyeye_150.mov,e19eaf87fc09ca31daa471ebc2d3189748490b1d771d5623cfbbe29828602b53,siwmv2::sha256:e19eaf87fc09ca31daa471ebc2d3189748490b1d771d5623cfbbe29828602b53,1,Partial_FunnyeyeGlasses
Spoof/Partial_FunnyeyeGlasses/Partial_Funnyeye_151.mov,1e461c6874ecb0564ab79e4e7e422fd8361205f29e4651c130b2b033466e8ed5,siwmv2::sha256:1e461c6874ecb0564ab79e4e7e422fd8361205f29e4651c130b2b033466e8ed5,1,Partial_FunnyeyeGlasses
Spoof/Partial_FunnyeyeGlasses/Partial_Funnyeye_152.mov,1bf4a124162d138bc5fbcf7c52cfe30dca014657bdb76200eb7defaf42088531,siwmv2::sha256:1bf4a124162d138bc5fbcf7c52cfe30dca014657bdb76200eb7defaf42088531,1,Partial_FunnyeyeGlasses
Spoof/Partial_FunnyeyeGlasses/Partial_Funnyeye_153.mov,825a6ac698e1fe925e700f55cfe10349f22511d3dce7b830dddd500089caf757,siwmv2::sha256:825a6ac698e1fe925e700f55cfe10349f22511d3dce7b830dddd500089caf757,1,Partial_FunnyeyeGlasses
Spoof/Partial_FunnyeyeGlasses/Partial_Funnyeye_154.mov,433ba1a668aba2a8894216e221549b662827a6d348574f50ce4c6da0940657ce,siwmv2::sha256:433ba1a668aba2a8894216e221549b662827a6d348574f50ce4c6da0940657ce,1,Partial_FunnyeyeGlasses
Spoof/Partial_FunnyeyeGlasses/Partial_Funnyeye_155.mov,9309891315c8529ccd3af740fba361af78712baafdf7ec5c180aeebdc4b23a13,siwmv2::sha256:9309891315c8529ccd3af740fba361af78712baafdf7ec5c180aeebdc4b23a13,1,Partial_FunnyeyeGlasses
Spoof/Partial_FunnyeyeGlasses/Partial_Funnyeye_156.mov,9beb99c6c66f7af1a9cd352fdd46515175d46742416a2660a969637f93586895,siwmv2::sha256:9beb99c6c66f7af1a9cd352fdd46515175d46742416a2660a969637f93586895,1,Partial_FunnyeyeGlasses
Spoof/Partial_FunnyeyeGlasses/Partial_Funnyeye_157.mov,5c12d138e61571a5adafb08fb3cc72367053279f4c66ce94dc7f936ebfe84a11,siwmv2::sha256:5c12d138e61571a5adafb08fb3cc72367053279f4c66ce94dc7f936ebfe84a11,1,Partial_FunnyeyeGlasses
Spoof/Partial_FunnyeyeGlasses/Partial_Funnyeye_158.mov,fd377b25e3f7959e77eba1397af551a1865cbe3664ec06df4a1f571d5d33419c,siwmv2::sha256:fd377b25e3f7959e77eba1397af551a1865cbe3664ec06df4a1f571d5d33419c,1,Partial_FunnyeyeGlasses
Spoof/Partial_FunnyeyeGlasses/Partial_Funnyeye_159.mov,74c43041a417e25ec6344399a39f00cec94e77163150c64d4ea94ab9ee71fda9,siwmv2::sha256:74c43041a417e25ec6344399a39f00cec94e77163150c64d4ea94ab9ee71fda9,1,Partial_FunnyeyeGlasses
Spoof/Partial_FunnyeyeGlasses/Partial_Funnyeye_16.mov,721c72941979153578253b3a789cbf631e98b704904d26bc7f3177a02ed1d5e3,siwmv2::sha256:721c72941979153578253b3a789cbf631e98b704904d26bc7f3177a02ed1d5e3,1,Partial_FunnyeyeGlasses
Spoof/Partial_FunnyeyeGlasses/Partial_Funnyeye_160.mov,281c497cedecc0e90e6662da0c825c8ecdfbd4672e33c27574214c6905d1face,siwmv2::sha256:281c497cedecc0e90e6662da0c825c8ecdfbd4672e33c27574214c6905d1face,1,Partial_FunnyeyeGlasses
Spoof/Partial_FunnyeyeGlasses/Partial_Funnyeye_161.mp4,aab86b84d685257917946f5b808274fd8b12201eb40d36aabcc6f63bc7248263,siwmv2::sha256:aab86b84d685257917946f5b808274fd8b12201eb40d36aabcc6f63bc7248263,1,Partial_FunnyeyeGlasses
Spoof/Partial_FunnyeyeGlasses/Partial_Funnyeye_162.mp4,06ef69ec49087d59ebb8f62bed0a7f7772665f6d3452a890948e1d335368a169,siwmv2::sha256:06ef69ec49087d59ebb8f62bed0a7f7772665f6d3452a890948e1d335368a169,1,Partial_FunnyeyeGlasses
Spoof/Partial_FunnyeyeGlasses/Partial_Funnyeye_163.mp4,44b0aa8722d52660237ece4c0edb9d9d55a208f7c996192f586e417bf05b53d9,siwmv2::sha256:44b0aa8722d52660237ece4c0edb9d9d55a208f7c996192f586e417bf05b53d9,1,Partial_FunnyeyeGlasses
Spoof/Partial_FunnyeyeGlasses/Partial_Funnyeye_164.mp4,3ca2970b8216e4a17ce73a53e8baf6aab8c616b896d9c0b4ff0707c6772b1598,siwmv2::sha256:3ca2970b8216e4a17ce73a53e8baf6aab8c616b896d9c0b4ff0707c6772b1598,1,Partial_FunnyeyeGlasses
Spoof/Partial_FunnyeyeGlasses/Partial_Funnyeye_165.mp4,4d35c95d3f1447dbe26611a2b335aa9fd25cc25a93883d9c1e4e4433bd87cb20,siwmv2::sha256:4d35c95d3f1447dbe26611a2b335aa9fd25cc25a93883d9c1e4e4433bd87cb20,1,Partial_FunnyeyeGlasses
Spoof/Partial_FunnyeyeGlasses/Partial_Funnyeye_166.mp4,9e66013f7409d2f78a5341c391f1ad4ba4b305e0e0145ffe9f2981f12364ecb0,siwmv2::sha256:9e66013f7409d2f78a5341c391f1ad4ba4b305e0e0145ffe9f2981f12364ecb0,1,Partial_FunnyeyeGlasses
Spoof/Partial_FunnyeyeGlasses/Partial_Funnyeye_167.mp4,729adcf73e8a847d7cb6d398600659a360e722dadc3191c9f9dc147960f5ecce,siwmv2::sha256:729adcf73e8a847d7cb6d398600659a360e722dadc3191c9f9dc147960f5ecce,1,Partial_FunnyeyeGlasses
Spoof/Partial_FunnyeyeGlasses/Partial_Funnyeye_168.mp4,6aa12bde5f3b0bcb56b96c3728d4fbe59a672a65b4b846107adbd88630e3e6b9,siwmv2::sha256:6aa12bde5f3b0bcb56b96c3728d4fbe59a672a65b4b846107adbd88630e3e6b9,1,Partial_FunnyeyeGlasses
Spoof/Partial_FunnyeyeGlasses/Partial_Funnyeye_169.mp4,1e143af01362e80851253d929f10be987ca238c11bcfda91bb830bb256d65072,siwmv2::sha256:1e143af01362e80851253d929f10be987ca238c11bcfda91bb830bb256d65072,1,Partial_FunnyeyeGlasses
Spoof/Partial_FunnyeyeGlasses/Partial_Funnyeye_17.mov,fbf54c54b543243ce41aa702448cd59ffa05e2be504b2ec35515e69022a7672a,siwmv2::sha256:fbf54c54b543243ce41aa702448cd59ffa05e2be504b2ec35515e69022a7672a,1,Partial_FunnyeyeGlasses
Spoof/Partial_FunnyeyeGlasses/Partial_Funnyeye_170.mp4,99f61c718617936c83102a53d01026ad52e5168592a04369745d02ae8e7d15bf,siwmv2::sha256:99f61c718617936c83102a53d01026ad52e5168592a04369745d02ae8e7d15bf,1,Partial_FunnyeyeGlasses
Spoof/Partial_FunnyeyeGlasses/Partial_Funnyeye_171.mp4,e1ea93269bd4d2f83d8fbaec831e9b0a35753018721d43807d7d48d346814ab7,siwmv2::sha256:e1ea93269bd4d2f83d8fbaec831e9b0a35753018721d43807d7d48d346814ab7,1,Partial_FunnyeyeGlasses
Spoof/Partial_FunnyeyeGlasses/Partial_Funnyeye_172.mp4,f5499817217ca120afccf338fc70305faec9c923cdabf17c1ac508bb8d5988c3,siwmv2::sha256:f5499817217ca120afccf338fc70305faec9c923cdabf17c1ac508bb8d5988c3,1,Partial_FunnyeyeGlasses
Spoof/Partial_FunnyeyeGlasses/Partial_Funnyeye_173.mp4,fe991969f9f455322819b05c391743942f71cdbcbddc8736e29bfdf4fbd8be55,siwmv2::sha256:fe991969f9f455322819b05c391743942f71cdbcbddc8736e29bfdf4fbd8be55,1,Partial_FunnyeyeGlasses
Spoof/Partial_FunnyeyeGlasses/Partial_Funnyeye_174.mp4,134ccc7ddddcc91b82a076dfa8ecd972066ee9cf7d6e1ed9d724f144f3a50aa2,siwmv2::sha256:134ccc7ddddcc91b82a076dfa8ecd972066ee9cf7d6e1ed9d724f144f3a50aa2,1,Partial_FunnyeyeGlasses
Spoof/Partial_FunnyeyeGlasses/Partial_Funnyeye_175.mp4,57f52519e49f02dca3ebfd53c787cf7bb8803a5997340bae8bd9e857c73c2a5c,siwmv2::sha256:57f52519e49f02dca3ebfd53c787cf7bb8803a5997340bae8bd9e857c73c2a5c,1,Partial_FunnyeyeGlasses
Spoof/Partial_FunnyeyeGlasses/Partial_Funnyeye_176.mp4,699fdb39f4b5c16f998df6f92e390bd4436f1ef5ca5f689522635a96460eea8e,siwmv2::sha256:699fdb39f4b5c16f998df6f92e390bd4436f1ef5ca5f689522635a96460eea8e,1,Partial_FunnyeyeGlasses
Spoof/Partial_FunnyeyeGlasses/Partial_Funnyeye_177.mp4,dc34f4c264961a84d3987689b9b29f93233302ff43b62bb300086c5ca922272e,siwmv2::sha256:dc34f4c264961a84d3987689b9b29f93233302ff43b62bb300086c5ca922272e,1,Partial_FunnyeyeGlasses
Spoof/Partial_FunnyeyeGlasses/Partial_Funnyeye_178.mp4,b082e78310b312d272f1e08a973c12132dd0ae29eb460dc9589581f11255ac5a,siwmv2::sha256:b082e78310b312d272f1e08a973c12132dd0ae29eb460dc9589581f11255ac5a,1,Partial_FunnyeyeGlasses
Spoof/Partial_FunnyeyeGlasses/Partial_Funnyeye_179.mp4,3bdf93ce454df30583647c7b180668a897a2390be712dc0344347e6cbbf51643,siwmv2::sha256:3bdf93ce454df30583647c7b180668a897a2390be712dc0344347e6cbbf51643,1,Partial_FunnyeyeGlasses
Spoof/Partial_FunnyeyeGlasses/Partial_Funnyeye_18.mov,5ec6b4abb8262fe3a41dee431640353f54d49230008cbcbbc89d7e7d5f6a689d,siwmv2::sha256:5ec6b4abb8262fe3a41dee431640353f54d49230008cbcbbc89d7e7d5f6a689d,1,Partial_FunnyeyeGlasses
Spoof/Partial_FunnyeyeGlasses/Partial_Funnyeye_19.mov,6651db0f878131a195edf4a73b4c0a325fb3a1f4a052060234343a527547eaae,siwmv2::sha256:6651db0f878131a195edf4a73b4c0a325fb3a1f4a052060234343a527547eaae,1,Partial_FunnyeyeGlasses
Spoof/Partial_FunnyeyeGlasses/Partial_Funnyeye_2.mov,1a77036a2ab2a9249a45052570998f514b112ffc63485e182adabe9f2298d2f0,siwmv2::sha256:1a77036a2ab2a9249a45052570998f514b112ffc63485e182adabe9f2298d2f0,1,Partial_FunnyeyeGlasses
Spoof/Partial_FunnyeyeGlasses/Partial_Funnyeye_20.mov,894f22151f0d558098f8b6dec6e7c406eb95f8161f9b61198feae95be05559d1,siwmv2::sha256:894f22151f0d558098f8b6dec6e7c406eb95f8161f9b61198feae95be05559d1,1,Partial_FunnyeyeGlasses
Spoof/Partial_FunnyeyeGlasses/Partial_Funnyeye_21.mov,157de811dee0d53f8434c811cd64c8323eb8f23cedfa9ecc03671cfc3bb5a831,siwmv2::sha256:157de811dee0d53f8434c811cd64c8323eb8f23cedfa9ecc03671cfc3bb5a831,1,Partial_FunnyeyeGlasses
Spoof/Partial_FunnyeyeGlasses/Partial_Funnyeye_22.mov,ce4c6616d2072e5a9eac1b1b4ae5616515fd38a06064fba3a940266b0e51ab8c,siwmv2::sha256:ce4c6616d2072e5a9eac1b1b4ae5616515fd38a06064fba3a940266b0e51ab8c,1,Partial_FunnyeyeGlasses
Spoof/Partial_FunnyeyeGlasses/Partial_Funnyeye_23.mov,159b34b7f0f44fed5d5c860698c862b306c10203e35ea2444090bfa34570ee84,siwmv2::sha256:159b34b7f0f44fed5d5c860698c862b306c10203e35ea2444090bfa34570ee84,1,Partial_FunnyeyeGlasses
Spoof/Partial_FunnyeyeGlasses/Partial_Funnyeye_24.mov,bfc1f83462073a4da52c7c48fb1171f070d11a650d1495f7a1ee436633d5e58b,siwmv2::sha256:bfc1f83462073a4da52c7c48fb1171f070d11a650d1495f7a1ee436633d5e58b,1,Partial_FunnyeyeGlasses
Spoof/Partial_FunnyeyeGlasses/Partial_Funnyeye_25.mov,e010f8c429a5d8a1f2f9826e4423a0ded8aad49c6a548776f83ecde1ef6b7fcb,siwmv2::sha256:e010f8c429a5d8a1f2f9826e4423a0ded8aad49c6a548776f83ecde1ef6b7fcb,1,Partial_FunnyeyeGlasses
Spoof/Partial_FunnyeyeGlasses/Partial_Funnyeye_26.mov,a3bc5b1bda98cb3fc7a7e95ae854c021662cd83d68e39685c4d518eaafe74d3f,siwmv2::sha256:a3bc5b1bda98cb3fc7a7e95ae854c021662cd83d68e39685c4d518eaafe74d3f,1,Partial_FunnyeyeGlasses
Spoof/Partial_FunnyeyeGlasses/Partial_Funnyeye_27.mov,305149c59d6d1fc9803c267ba788bb921e243f3b54eb6f54935c2a1086d275be,siwmv2::sha256:305149c59d6d1fc9803c267ba788bb921e243f3b54eb6f54935c2a1086d275be,1,Partial_FunnyeyeGlasses
Spoof/Partial_FunnyeyeGlasses/Partial_Funnyeye_28.mov,fd1ed1f4d0297bb9040d2357632139228628baac75bcc5b27461a1df0b305992,siwmv2::sha256:fd1ed1f4d0297bb9040d2357632139228628baac75bcc5b27461a1df0b305992,1,Partial_FunnyeyeGlasses
Spoof/Partial_FunnyeyeGlasses/Partial_Funnyeye_29.mov,9867776bbaa17d6a00f23c5a2d34619418d07c0513c83791461796edd75c0e88,siwmv2::sha256:9867776bbaa17d6a00f23c5a2d34619418d07c0513c83791461796edd75c0e88,1,Partial_FunnyeyeGlasses
Spoof/Partial_FunnyeyeGlasses/Partial_Funnyeye_3.mov,677a9a17a75f186dab5c45654928ac0c37b1cbd35a0000fea38d811fa7880068,siwmv2::sha256:677a9a17a75f186dab5c45654928ac0c37b1cbd35a0000fea38d811fa7880068,1,Partial_FunnyeyeGlasses
Spoof/Partial_FunnyeyeGlasses/Partial_Funnyeye_30.mov,688cccf2e59dd18f7abaea12249743f531f4d6fd69402501e609c7a233ba5a99,siwmv2::sha256:688cccf2e59dd18f7abaea12249743f531f4d6fd69402501e609c7a233ba5a99,1,Partial_FunnyeyeGlasses
Spoof/Partial_FunnyeyeGlasses/Partial_Funnyeye_31.mov,cd163f161ebb8409bf4704e7bb8aa7771494d2680acc53135658f3d683e1e1b5,siwmv2::sha256:cd163f161ebb8409bf4704e7bb8aa7771494d2680acc53135658f3d683e1e1b5,1,Partial_FunnyeyeGlasses
Spoof/Partial_FunnyeyeGlasses/Partial_Funnyeye_32.mov,f30c006179abc000abeb100ec25289320e4d316c8af7664c646fe5ebe591b183,siwmv2::sha256:f30c006179abc000abeb100ec25289320e4d316c8af7664c646fe5ebe591b183,1,Partial_FunnyeyeGlasses
Spoof/Partial_FunnyeyeGlasses/Partial_Funnyeye_33.mov,1a14418aa281888921e73ca120d6e832e0f4f5b28f6c4427f491c9927eb4a3c2,siwmv2::sha256:1a14418aa281888921e73ca120d6e832e0f4f5b28f6c4427f491c9927eb4a3c2,1,Partial_FunnyeyeGlasses
Spoof/Partial_FunnyeyeGlasses/Partial_Funnyeye_34.mov,d91ed31e582fa41e5fd8cd774a0dcefe3858bf928485e998f0ed9f49b8573b66,siwmv2::sha256:d91ed31e582fa41e5fd8cd774a0dcefe3858bf928485e998f0ed9f49b8573b66,1,Partial_FunnyeyeGlasses
Spoof/Partial_FunnyeyeGlasses/Partial_Funnyeye_35.mov,eca5ff5441182ec1b2cbb70f77c9dbfad4ff732c06d3d4665e67cd6857104d50,siwmv2::sha256:eca5ff5441182ec1b2cbb70f77c9dbfad4ff732c06d3d4665e67cd6857104d50,1,Partial_FunnyeyeGlasses
Spoof/Partial_FunnyeyeGlasses/Partial_Funnyeye_36.mov,ca6351fca112699ba3b63a518cf7d2ab0138a738a5b032534e2c8c718e443371,siwmv2::sha256:ca6351fca112699ba3b63a518cf7d2ab0138a738a5b032534e2c8c718e443371,1,Partial_FunnyeyeGlasses
Spoof/Partial_FunnyeyeGlasses/Partial_Funnyeye_37.mov,8222e00641d276609140a44f354ccb36638de09243d94760fe30d2cf84b54c8d,siwmv2::sha256:8222e00641d276609140a44f354ccb36638de09243d94760fe30d2cf84b54c8d,1,Partial_FunnyeyeGlasses
Spoof/Partial_FunnyeyeGlasses/Partial_Funnyeye_38.mov,0d94d9b2e282d4db95f4a0db1ba68f2d07ed551f559aa1c4c3b774904f51544c,siwmv2::sha256:0d94d9b2e282d4db95f4a0db1ba68f2d07ed551f559aa1c4c3b774904f51544c,1,Partial_FunnyeyeGlasses
Spoof/Partial_FunnyeyeGlasses/Partial_Funnyeye_39.mov,f5224738d320202fe7be39609271297667a706dfa67dfd4cd7db00fb8dda0878,siwmv2::sha256:f5224738d320202fe7be39609271297667a706dfa67dfd4cd7db00fb8dda0878,1,Partial_FunnyeyeGlasses
Spoof/Partial_FunnyeyeGlasses/Partial_Funnyeye_4.mov,fdbbabcaf1e87e67e983039b7dc602d7e1bf7ed720d2b4dbe39c434914639d74,siwmv2::sha256:fdbbabcaf1e87e67e983039b7dc602d7e1bf7ed720d2b4dbe39c434914639d74,1,Partial_FunnyeyeGlasses
Spoof/Partial_FunnyeyeGlasses/Partial_Funnyeye_40.mov,0696cefbc4b42804a5c41ec4894ba4eec9a43d05d390b9d2ee171bcda1f7670c,siwmv2::sha256:0696cefbc4b42804a5c41ec4894ba4eec9a43d05d390b9d2ee171bcda1f7670c,1,Partial_FunnyeyeGlasses
Spoof/Partial_FunnyeyeGlasses/Partial_Funnyeye_41.mov,edefa0c7352c42c9872c3fde31d2e8506798ef0eb40d673ad3a0cf6a1bb4b1bf,siwmv2::sha256:edefa0c7352c42c9872c3fde31d2e8506798ef0eb40d673ad3a0cf6a1bb4b1bf,1,Partial_FunnyeyeGlasses
Spoof/Partial_FunnyeyeGlasses/Partial_Funnyeye_42.mov,8c164a8311bdc0ceaaa4d83407029755e852e9992d8212f880d0837f774f7378,siwmv2::sha256:8c164a8311bdc0ceaaa4d83407029755e852e9992d8212f880d0837f774f7378,1,Partial_FunnyeyeGlasses
Spoof/Partial_FunnyeyeGlasses/Partial_Funnyeye_43.mov,f2a3413dd0bdab673ddcece5a59626b472b72a34e496d3851a27724d24482add,siwmv2::sha256:f2a3413dd0bdab673ddcece5a59626b472b72a34e496d3851a27724d24482add,1,Partial_FunnyeyeGlasses
Spoof/Partial_FunnyeyeGlasses/Partial_Funnyeye_44.mov,a0a5cb83033c07291f8f0743441c5db9616d8e2e99d3f964be12d31e6861c6bb,siwmv2::sha256:a0a5cb83033c07291f8f0743441c5db9616d8e2e99d3f964be12d31e6861c6bb,1,Partial_FunnyeyeGlasses
Spoof/Partial_FunnyeyeGlasses/Partial_Funnyeye_45.mov,382cd65694f0f5b2d3738a20610d3997dfc7d82d6f0755746c869cbc0c35cc1b,siwmv2::sha256:382cd65694f0f5b2d3738a20610d3997dfc7d82d6f0755746c869cbc0c35cc1b,1,Partial_FunnyeyeGlasses
Spoof/Partial_FunnyeyeGlasses/Partial_Funnyeye_46.mov,976bc676a16ddbdc091a7852209ddd92e77ec5eaee6492bf4021359918acabd5,siwmv2::sha256:976bc676a16ddbdc091a7852209ddd92e77ec5eaee6492bf4021359918acabd5,1,Partial_FunnyeyeGlasses
Spoof/Partial_FunnyeyeGlasses/Partial_Funnyeye_47.mov,89522926aaf96f92e81830b1b51b241db27506f4e584116cdb7bd5b3563050e6,siwmv2::sha256:89522926aaf96f92e81830b1b51b241db27506f4e584116cdb7bd5b3563050e6,1,Partial_FunnyeyeGlasses
Spoof/Partial_FunnyeyeGlasses/Partial_Funnyeye_48.mov,504e6ad90f6956dd70e055026bcf6b09430890ca503c84388f48fbb4bb0c3051,siwmv2::sha256:504e6ad90f6956dd70e055026bcf6b09430890ca503c84388f48fbb4bb0c3051,1,Partial_FunnyeyeGlasses
Spoof/Partial_FunnyeyeGlasses/Partial_Funnyeye_49.mov,d048e8cfcc231f3be268920665951663febd4e32bb21107fb739855affdc1bc5,siwmv2::sha256:d048e8cfcc231f3be268920665951663febd4e32bb21107fb739855affdc1bc5,1,Partial_FunnyeyeGlasses
Spoof/Partial_FunnyeyeGlasses/Partial_Funnyeye_5.mov,d5a8e9fcb16f5e207e92fb8edbb44e8de2073749b9a3758bb256f0ae6abb1e7a,siwmv2::sha256:d5a8e9fcb16f5e207e92fb8edbb44e8de2073749b9a3758bb256f0ae6abb1e7a,1,Partial_FunnyeyeGlasses
Spoof/Partial_FunnyeyeGlasses/Partial_Funnyeye_50.mov,3c7d2882ba175de36cbc223449847375ec22229e40944a9bc29c64622ff4f3a1,siwmv2::sha256:3c7d2882ba175de36cbc223449847375ec22229e40944a9bc29c64622ff4f3a1,1,Partial_FunnyeyeGlasses
Spoof/Partial_FunnyeyeGlasses/Partial_Funnyeye_51.mov,e01b9dac39d727794b7a837cb1b19095b22c230c22a1443b147e3adaf2fb8462,siwmv2::sha256:e01b9dac39d727794b7a837cb1b19095b22c230c22a1443b147e3adaf2fb8462,1,Partial_FunnyeyeGlasses
Spoof/Partial_FunnyeyeGlasses/Partial_Funnyeye_52.mov,8072d5f6adf2be72d72584618f5be5a0a4a7f12145790a3e37cdf1555ed77685,siwmv2::sha256:8072d5f6adf2be72d72584618f5be5a0a4a7f12145790a3e37cdf1555ed77685,1,Partial_FunnyeyeGlasses
Spoof/Partial_FunnyeyeGlasses/Partial_Funnyeye_53.mov,a1c92c60a59b6a2c95c60ba7c311646a68e1a30a3031b3747962369d4a6f45c1,siwmv2::sha256:a1c92c60a59b6a2c95c60ba7c311646a68e1a30a3031b3747962369d4a6f45c1,1,Partial_FunnyeyeGlasses
Spoof/Partial_FunnyeyeGlasses/Partial_Funnyeye_54.mov,1245c89fc33c2ae63409f1cd85c033d324c8e4d66b1f5720b8b044387d2c326a,siwmv2::sha256:1245c89fc33c2ae63409f1cd85c033d324c8e4d66b1f5720b8b044387d2c326a,1,Partial_FunnyeyeGlasses
Spoof/Partial_FunnyeyeGlasses/Partial_Funnyeye_55.mov,105378fd511f8374f55872b65fb55391836b8cb3dc3b3d462f180762dc437776,siwmv2::sha256:105378fd511f8374f55872b65fb55391836b8cb3dc3b3d462f180762dc437776,1,Partial_FunnyeyeGlasses
Spoof/Partial_FunnyeyeGlasses/Partial_Funnyeye_56.mov,082e93b84f6c6c38b8d3f87e66d98d6c7943a33173b14037d845d19d7424304f,siwmv2::sha256:082e93b84f6c6c38b8d3f87e66d98d6c7943a33173b14037d845d19d7424304f,1,Partial_FunnyeyeGlasses
Spoof/Partial_FunnyeyeGlasses/Partial_Funnyeye_57.mov,b1fb5d3106504019973068e56228e5fb21f413e395f46df76b84862f1ef05fde,siwmv2::sha256:b1fb5d3106504019973068e56228e5fb21f413e395f46df76b84862f1ef05fde,1,Partial_FunnyeyeGlasses
Spoof/Partial_FunnyeyeGlasses/Partial_Funnyeye_58.mov,8b880b5250ccf1d20143b85ab03102ddfad65aaf8619d4985a5be7e512972716,siwmv2::sha256:8b880b5250ccf1d20143b85ab03102ddfad65aaf8619d4985a5be7e512972716,1,Partial_FunnyeyeGlasses
Spoof/Partial_FunnyeyeGlasses/Partial_Funnyeye_59.mov,85235919cf1c67ba69811804bd4fd6f07cb655eca0300cb1e53a7408cd090b34,siwmv2::sha256:85235919cf1c67ba69811804bd4fd6f07cb655eca0300cb1e53a7408cd090b34,1,Partial_FunnyeyeGlasses
Spoof/Partial_FunnyeyeGlasses/Partial_Funnyeye_6.mov,b5c0a7b0164e8a1e47bda00fdf0bcf7e9ac11b99d57a9a44a73012f46a565fbb,siwmv2::sha256:b5c0a7b0164e8a1e47bda00fdf0bcf7e9ac11b99d57a9a44a73012f46a565fbb,1,Partial_FunnyeyeGlasses
Spoof/Partial_FunnyeyeGlasses/Partial_Funnyeye_60.mov,f86d905dc6f0dc5a3476dc4075df667c6e5d9206c136c7d0714d33602a29e359,siwmv2::sha256:f86d905dc6f0dc5a3476dc4075df667c6e5d9206c136c7d0714d33602a29e359,1,Partial_FunnyeyeGlasses
Spoof/Partial_FunnyeyeGlasses/Partial_Funnyeye_61.mov,91ecd131c60245fe29a510e89f65b683fb0fbcd42a7fcbde9f9c3b67df58dfa7,siwmv2::sha256:91ecd131c60245fe29a510e89f65b683fb0fbcd42a7fcbde9f9c3b67df58dfa7,1,Partial_FunnyeyeGlasses
Spoof/Partial_FunnyeyeGlasses/Partial_Funnyeye_62.mov,eba8141b019c3e94d01144ce971a6849a92e3ec34a41e0b6d7c9edb71f8b432a,siwmv2::sha256:eba8141b019c3e94d01144ce971a6849a92e3ec34a41e0b6d7c9edb71f8b432a,1,Partial_FunnyeyeGlasses
Spoof/Partial_FunnyeyeGlasses/Partial_Funnyeye_63.mov,e96f5a66585c24dcf9c36f9daf05917b9ecfa892c7395df47eccdf09355b779f,siwmv2::sha256:e96f5a66585c24dcf9c36f9daf05917b9ecfa892c7395df47eccdf09355b779f,1,Partial_FunnyeyeGlasses
Spoof/Partial_FunnyeyeGlasses/Partial_Funnyeye_64.mov,d7e8570ce494d00e265ed2cbad3895d33bd96c7f6f8c3f2e7869ff060c8598c2,siwmv2::sha256:d7e8570ce494d00e265ed2cbad3895d33bd96c7f6f8c3f2e7869ff060c8598c2,1,Partial_FunnyeyeGlasses
Spoof/Partial_FunnyeyeGlasses/Partial_Funnyeye_65.mov,13626fbc8f487882106f8ca4aaef95acb8d016748803975669a6e772862baeb0,siwmv2::sha256:13626fbc8f487882106f8ca4aaef95acb8d016748803975669a6e772862baeb0,1,Partial_FunnyeyeGlasses
Spoof/Partial_FunnyeyeGlasses/Partial_Funnyeye_66.mov,6e2061c43833a9661ef463a6fcdd7a5dc78dfadf33033bc7fab93f23cb1de070,siwmv2::sha256:6e2061c43833a9661ef463a6fcdd7a5dc78dfadf33033bc7fab93f23cb1de070,1,Partial_FunnyeyeGlasses
Spoof/Partial_FunnyeyeGlasses/Partial_Funnyeye_67.mov,78d65c57d5155e29584e933c382474c308a940ea1eba22ff4f6271e125318818,siwmv2::sha256:78d65c57d5155e29584e933c382474c308a940ea1eba22ff4f6271e125318818,1,Partial_FunnyeyeGlasses
Spoof/Partial_FunnyeyeGlasses/Partial_Funnyeye_68.mov,8e47d67aa28fe655820ba091a55cda872978a3b46c4fdc4c413f563e08a67d43,siwmv2::sha256:8e47d67aa28fe655820ba091a55cda872978a3b46c4fdc4c413f563e08a67d43,1,Partial_FunnyeyeGlasses
Spoof/Partial_FunnyeyeGlasses/Partial_Funnyeye_69.mov,73d90ee321bda600e0bf73a714d533956b5dc70dd2da7bd7d12d69196956d5a7,siwmv2::sha256:73d90ee321bda600e0bf73a714d533956b5dc70dd2da7bd7d12d69196956d5a7,1,Partial_FunnyeyeGlasses
Spoof/Partial_FunnyeyeGlasses/Partial_Funnyeye_7.mov,2645092df03d77996cd0b0ecba920541ff84a350efa16fba40c7b80b05b3dc26,siwmv2::sha256:2645092df03d77996cd0b0ecba920541ff84a350efa16fba40c7b80b05b3dc26,1,Partial_FunnyeyeGlasses
Spoof/Partial_FunnyeyeGlasses/Partial_Funnyeye_70.mov,a4874cdb91de7c75638c170e6da9a69b720e2448716a27e0ff210389cf283741,siwmv2::sha256:a4874cdb91de7c75638c170e6da9a69b720e2448716a27e0ff210389cf283741,1,Partial_FunnyeyeGlasses
Spoof/Partial_FunnyeyeGlasses/Partial_Funnyeye_71.mov,0d526e979371c601c89e328b40cfa6f71cf5148e549140f3c2624491c5f1ef0d,siwmv2::sha256:0d526e979371c601c89e328b40cfa6f71cf5148e549140f3c2624491c5f1ef0d,1,Partial_FunnyeyeGlasses
Spoof/Partial_FunnyeyeGlasses/Partial_Funnyeye_72.mov,b9fcf40654636653ba88de8a3eedc44b2c7d00d816804905fdca6441ec83f06a,siwmv2::sha256:b9fcf40654636653ba88de8a3eedc44b2c7d00d816804905fdca6441ec83f06a,1,Partial_FunnyeyeGlasses
Spoof/Partial_FunnyeyeGlasses/Partial_Funnyeye_73.mov,5876ffadf3ef5444acfbe097f7eb2d243f47782172e4c13ad6863ab0b2ac10f3,siwmv2::sha256:5876ffadf3ef5444acfbe097f7eb2d243f47782172e4c13ad6863ab0b2ac10f3,1,Partial_FunnyeyeGlasses
Spoof/Partial_FunnyeyeGlasses/Partial_Funnyeye_74.mov,ed8835525c89da3c33d02ed99b2ec9e1eb88974a83a0bd1b8c02bff32bedc951,siwmv2::sha256:ed8835525c89da3c33d02ed99b2ec9e1eb88974a83a0bd1b8c02bff32bedc951,1,Partial_FunnyeyeGlasses
Spoof/Partial_FunnyeyeGlasses/Partial_Funnyeye_75.mov,8b02bac24cff5f331beb0757ed30862965e2417bded939cbaa7b925224c52548,siwmv2::sha256:8b02bac24cff5f331beb0757ed30862965e2417bded939cbaa7b925224c52548,1,Partial_FunnyeyeGlasses
Spoof/Partial_FunnyeyeGlasses/Partial_Funnyeye_76.mov,14a31afaf3550c83b3e57651b2078ff3d24c765b70fea52d0319ca454e44603f,siwmv2::sha256:14a31afaf3550c83b3e57651b2078ff3d24c765b70fea52d0319ca454e44603f,1,Partial_FunnyeyeGlasses
Spoof/Partial_FunnyeyeGlasses/Partial_Funnyeye_77.mov,a16f8c4f373fc8a72de4886dc480335c5f1a1d64f4bb701a0befd5f8c336af3a,siwmv2::sha256:a16f8c4f373fc8a72de4886dc480335c5f1a1d64f4bb701a0befd5f8c336af3a,1,Partial_FunnyeyeGlasses
Spoof/Partial_FunnyeyeGlasses/Partial_Funnyeye_78.mov,d47e72e76e65fd116356cbce57636057d10ff17482cd28eca3bfee1065349fcc,siwmv2::sha256:d47e72e76e65fd116356cbce57636057d10ff17482cd28eca3bfee1065349fcc,1,Partial_FunnyeyeGlasses
Spoof/Partial_FunnyeyeGlasses/Partial_Funnyeye_79.mov,9c30441715240826d845023a152d537b55da0774dd43fb312eea8541a0b25d1e,siwmv2::sha256:9c30441715240826d845023a152d537b55da0774dd43fb312eea8541a0b25d1e,1,Partial_FunnyeyeGlasses
Spoof/Partial_FunnyeyeGlasses/Partial_Funnyeye_8.mov,3d9a94da9060ae82234a609a243ee5c7ac68bcf3c667570e518a4f2be47bf310,siwmv2::sha256:3d9a94da9060ae82234a609a243ee5c7ac68bcf3c667570e518a4f2be47bf310,1,Partial_FunnyeyeGlasses
Spoof/Partial_FunnyeyeGlasses/Partial_Funnyeye_80.mov,fde3e156cb3378045914ea969edb3ccc8687a418799aff203e597971ac63c1c8,siwmv2::sha256:fde3e156cb3378045914ea969edb3ccc8687a418799aff203e597971ac63c1c8,1,Partial_FunnyeyeGlasses
Spoof/Partial_FunnyeyeGlasses/Partial_Funnyeye_81.mov,4603c3b0157d2833d75ce860f1a69e78b766e2ee08b3e301921ccdced37d5c7e,siwmv2::sha256:4603c3b0157d2833d75ce860f1a69e78b766e2ee08b3e301921ccdced37d5c7e,1,Partial_FunnyeyeGlasses
Spoof/Partial_FunnyeyeGlasses/Partial_Funnyeye_82.mov,ab355fe04417e3366e54ffdd753aa6525042215e049d9a3f59d041532f958086,siwmv2::sha256:ab355fe04417e3366e54ffdd753aa6525042215e049d9a3f59d041532f958086,1,Partial_FunnyeyeGlasses
Spoof/Partial_FunnyeyeGlasses/Partial_Funnyeye_83.mov,97f997b1ec8e5d95a3dfa43c83fae2712df817d0e2fb6bbcba282146fbe8cad1,siwmv2::sha256:97f997b1ec8e5d95a3dfa43c83fae2712df817d0e2fb6bbcba282146fbe8cad1,1,Partial_FunnyeyeGlasses
Spoof/Partial_FunnyeyeGlasses/Partial_Funnyeye_84.mov,4fce7371458213827811b2a83e1cedeacb943b3dbfd43440c16de91cb4cedb6e,siwmv2::sha256:4fce7371458213827811b2a83e1cedeacb943b3dbfd43440c16de91cb4cedb6e,1,Partial_FunnyeyeGlasses
Spoof/Partial_FunnyeyeGlasses/Partial_Funnyeye_85.mov,c19f49f61c243c7fa3306701bb32e1598f3074650bf55c95b02ff3bcf7c8f24d,siwmv2::sha256:c19f49f61c243c7fa3306701bb32e1598f3074650bf55c95b02ff3bcf7c8f24d,1,Partial_FunnyeyeGlasses
Spoof/Partial_FunnyeyeGlasses/Partial_Funnyeye_86.mov,6b2aa1c110f4b3c553622f184f3840b00d228957144000e74d3ac471229ea678,siwmv2::sha256:6b2aa1c110f4b3c553622f184f3840b00d228957144000e74d3ac471229ea678,1,Partial_FunnyeyeGlasses
Spoof/Partial_FunnyeyeGlasses/Partial_Funnyeye_87.mov,8e2ed792f0d35d452702ce13534a0cb4d85cd34627d044f9145c5406d778243c,siwmv2::sha256:8e2ed792f0d35d452702ce13534a0cb4d85cd34627d044f9145c5406d778243c,1,Partial_FunnyeyeGlasses
Spoof/Partial_FunnyeyeGlasses/Partial_Funnyeye_88.mov,9e6581b07e47562b1214ce4d45ae69fcf385f3aff428d91a342a2c6c17769630,siwmv2::sha256:9e6581b07e47562b1214ce4d45ae69fcf385f3aff428d91a342a2c6c17769630,1,Partial_FunnyeyeGlasses
Spoof/Partial_FunnyeyeGlasses/Partial_Funnyeye_89.mov,f46b6c64e18ed658aee127b600426a6f6b82c6bc00feccf80577bdc68e2aae2a,siwmv2::sha256:f46b6c64e18ed658aee127b600426a6f6b82c6bc00feccf80577bdc68e2aae2a,1,Partial_FunnyeyeGlasses
Spoof/Partial_FunnyeyeGlasses/Partial_Funnyeye_9.mov,46eeb5b92c1013361334671a190f19dbf200b99082a1e97943b795a8618111a5,siwmv2::sha256:46eeb5b92c1013361334671a190f19dbf200b99082a1e97943b795a8618111a5,1,Partial_FunnyeyeGlasses
Spoof/Partial_FunnyeyeGlasses/Partial_Funnyeye_90.mov,11f495bce30aea9f4a2235ae4838ac5fa88a3c355aa2cec9a13cf8ad8091bd9c,siwmv2::sha256:11f495bce30aea9f4a2235ae4838ac5fa88a3c355aa2cec9a13cf8ad8091bd9c,1,Partial_FunnyeyeGlasses
Spoof/Partial_FunnyeyeGlasses/Partial_Funnyeye_91.mov,ec96f698ee4d916e3afcc3568ac9c440423a29b06000e5d80f4d9a769eaa6b21,siwmv2::sha256:ec96f698ee4d916e3afcc3568ac9c440423a29b06000e5d80f4d9a769eaa6b21,1,Partial_FunnyeyeGlasses
Spoof/Partial_FunnyeyeGlasses/Partial_Funnyeye_92.mov,59a0c35effcb69a5bfa687425f911da069f9cc8557d61935ab7cc1c3319c8105,siwmv2::sha256:59a0c35effcb69a5bfa687425f911da069f9cc8557d61935ab7cc1c3319c8105,1,Partial_FunnyeyeGlasses
Spoof/Partial_FunnyeyeGlasses/Partial_Funnyeye_93.mov,efc1b8e75bffd6d8a76c48ad100f1df442bfc3b9e3cebbc84f3b93d33993ac50,siwmv2::sha256:efc1b8e75bffd6d8a76c48ad100f1df442bfc3b9e3cebbc84f3b93d33993ac50,1,Partial_FunnyeyeGlasses
Spoof/Partial_FunnyeyeGlasses/Partial_Funnyeye_94.mov,12390355af9b1efd9172b58651afdcaf654cfea5a39c05d5af20f7549b2750ac,siwmv2::sha256:12390355af9b1efd9172b58651afdcaf654cfea5a39c05d5af20f7549b2750ac,1,Partial_FunnyeyeGlasses
Spoof/Partial_FunnyeyeGlasses/Partial_Funnyeye_95.mov,e1c3665e3da87c32a56ddfcacdc099cab907a014c0469af113d3ea3a25a2dedb,siwmv2::sha256:e1c3665e3da87c32a56ddfcacdc099cab907a014c0469af113d3ea3a25a2dedb,1,Partial_FunnyeyeGlasses
Spoof/Partial_FunnyeyeGlasses/Partial_Funnyeye_96.mov,b711dcac1f785611eb4f36e172cb640e32a1ebc80049da98e547d961788f117b,siwmv2::sha256:b711dcac1f785611eb4f36e172cb640e32a1ebc80049da98e547d961788f117b,1,Partial_FunnyeyeGlasses
Spoof/Partial_FunnyeyeGlasses/Partial_Funnyeye_97.mov,f7bbfe12751a2929603f5782d816f3c1a7b5746b131d70e13f036383af64d831,siwmv2::sha256:f7bbfe12751a2929603f5782d816f3c1a7b5746b131d70e13f036383af64d831,1,Partial_FunnyeyeGlasses
Spoof/Partial_FunnyeyeGlasses/Partial_Funnyeye_98.mov,39fdb38a96cc984d5a194ca557dfdcfa62955da1f6de6c9cb9a920bb119efb55,siwmv2::sha256:39fdb38a96cc984d5a194ca557dfdcfa62955da1f6de6c9cb9a920bb119efb55,1,Partial_FunnyeyeGlasses
Spoof/Partial_FunnyeyeGlasses/Partial_Funnyeye_99.mov,67303e1768833c775254b46868caf31d4dbed2c64e30c34b8f1bd89e37e42260,siwmv2::sha256:67303e1768833c775254b46868caf31d4dbed2c64e30c34b8f1bd89e37e42260,1,Partial_FunnyeyeGlasses
Spoof/Partial_Mouth/Partial_Mouth_1.mov,f26f7a7294c8ce011150affd3fd08411aa6badc05762616e49cc06ac01adc6d2,siwmv2::sha256:f26f7a7294c8ce011150affd3fd08411aa6badc05762616e49cc06ac01adc6d2,1,Partial_Mouth
Spoof/Partial_Mouth/Partial_Mouth_10.mov,7374931d0c3ebca013416b9aa6fbc8aa8305c71d5791f76b5b653177bf2241db,siwmv2::sha256:7374931d0c3ebca013416b9aa6fbc8aa8305c71d5791f76b5b653177bf2241db,1,Partial_Mouth
Spoof/Partial_Mouth/Partial_Mouth_11.mov,42f6edb656f06480386084e14c6e4d006f14eb97ed184bed732690c45ef6253e,siwmv2::sha256:42f6edb656f06480386084e14c6e4d006f14eb97ed184bed732690c45ef6253e,1,Partial_Mouth
Spoof/Partial_Mouth/Partial_Mouth_12.mov,0cf1339b4c756e7e2c5b204178aff43ab9ea355cc8de2484514e177f625a59fd,siwmv2::sha256:0cf1339b4c756e7e2c5b204178aff43ab9ea355cc8de2484514e177f625a59fd,1,Partial_Mouth
Spoof/Partial_Mouth/Partial_Mouth_13.mov,5c950427951df46a516f11ca87e5f11407f9bcf3f215def72fc25642a7226cc6,siwmv2::sha256:5c950427951df46a516f11ca87e5f11407f9bcf3f215def72fc25642a7226cc6,1,Partial_Mouth
Spoof/Partial_Mouth/Partial_Mouth_14.mov,472162eb4d41843ef6da3637da4616bfc975f3d629e3a47f9934ffe6d6525ece,siwmv2::sha256:472162eb4d41843ef6da3637da4616bfc975f3d629e3a47f9934ffe6d6525ece,1,Partial_Mouth
Spoof/Partial_Mouth/Partial_Mouth_15.mov,13e5707910fda59e554abc9ba039bff1abdef2fbb6cf453ae62b9d54b3a72918,siwmv2::sha256:13e5707910fda59e554abc9ba039bff1abdef2fbb6cf453ae62b9d54b3a72918,1,Partial_Mouth
Spoof/Partial_Mouth/Partial_Mouth_16.mov,97c958051350a564e9b5b842845ea6f84c9745cf9a8d4d1c5358dcdfb7ae700f,siwmv2::sha256:97c958051350a564e9b5b842845ea6f84c9745cf9a8d4d1c5358dcdfb7ae700f,1,Partial_Mouth
Spoof/Partial_Mouth/Partial_Mouth_17.mov,9e95e12334a5c9c4359d2733ebcae6b71781d4f2d5c2e53b10a327ed67b290cd,siwmv2::sha256:9e95e12334a5c9c4359d2733ebcae6b71781d4f2d5c2e53b10a327ed67b290cd,1,Partial_Mouth
Spoof/Partial_Mouth/Partial_Mouth_18.mov,d5dedc6c79466df8f70e299c4d397c46b4d77835dfab69916645573f92fe13f1,siwmv2::sha256:d5dedc6c79466df8f70e299c4d397c46b4d77835dfab69916645573f92fe13f1,1,Partial_Mouth
Spoof/Partial_Mouth/Partial_Mouth_19.mov,3721e5b20224608d9c4818cc3ef2594a9fe3b84b47a2b14abbb1e4277d596eb8,siwmv2::sha256:3721e5b20224608d9c4818cc3ef2594a9fe3b84b47a2b14abbb1e4277d596eb8,1,Partial_Mouth
Spoof/Partial_Mouth/Partial_Mouth_2.mov,b35f4cb9db9dc645e19fea89fc2824ad7e34c09150e5e2bf0ce57387a1074942,siwmv2::sha256:b35f4cb9db9dc645e19fea89fc2824ad7e34c09150e5e2bf0ce57387a1074942,1,Partial_Mouth
Spoof/Partial_Mouth/Partial_Mouth_20.mov,a9d029f5126b5ba48c6a5016de323c24d6e4af259fea69b21fcfef712549ba0c,siwmv2::sha256:a9d029f5126b5ba48c6a5016de323c24d6e4af259fea69b21fcfef712549ba0c,1,Partial_Mouth
Spoof/Partial_Mouth/Partial_Mouth_21.mov,5778b927f59754c76b9802a62d883ca29d8ab064d496d55ed7a627b0503e7cdc,siwmv2::sha256:5778b927f59754c76b9802a62d883ca29d8ab064d496d55ed7a627b0503e7cdc,1,Partial_Mouth
Spoof/Partial_Mouth/Partial_Mouth_22.mov,f370da645d9a2bb33be251d586ab541c9f7ca6fa62ade53723ff75bb9d431b7a,siwmv2::sha256:f370da645d9a2bb33be251d586ab541c9f7ca6fa62ade53723ff75bb9d431b7a,1,Partial_Mouth
Spoof/Partial_Mouth/Partial_Mouth_23.mov,aec7fb378dee19bfab4b50816c8e5b506c4244c7ea04bc3924fa4440f4e631b2,siwmv2::sha256:aec7fb378dee19bfab4b50816c8e5b506c4244c7ea04bc3924fa4440f4e631b2,1,Partial_Mouth
Spoof/Partial_Mouth/Partial_Mouth_24.mov,741924b0113deabff2fac513b9855cbf76c4ae398f5bc6073f48d58b8a6c4944,siwmv2::sha256:741924b0113deabff2fac513b9855cbf76c4ae398f5bc6073f48d58b8a6c4944,1,Partial_Mouth
Spoof/Partial_Mouth/Partial_Mouth_25.mov,06c7b371c20f29a999c9debb4224464a862d7df187ff598b18db76ca3cf4333c,siwmv2::sha256:06c7b371c20f29a999c9debb4224464a862d7df187ff598b18db76ca3cf4333c,1,Partial_Mouth
Spoof/Partial_Mouth/Partial_Mouth_26.mov,fc04f88f09faf9fb84340fb77385386e0203c0081bc6c708af20c09606bd26a8,siwmv2::sha256:fc04f88f09faf9fb84340fb77385386e0203c0081bc6c708af20c09606bd26a8,1,Partial_Mouth
Spoof/Partial_Mouth/Partial_Mouth_27.mov,e24661fe75f914ccfc2f6b89f033e257e783ffc1313d3ac68f10b5fa1c2c95a6,siwmv2::sha256:e24661fe75f914ccfc2f6b89f033e257e783ffc1313d3ac68f10b5fa1c2c95a6,1,Partial_Mouth
Spoof/Partial_Mouth/Partial_Mouth_28.mov,3dfadf8486d95e9d61c750fcc8252c9d3136b7e820f9bebf26cd361b5e7c4fa5,siwmv2::sha256:3dfadf8486d95e9d61c750fcc8252c9d3136b7e820f9bebf26cd361b5e7c4fa5,1,Partial_Mouth
Spoof/Partial_Mouth/Partial_Mouth_29.mov,2967e8ea671dbadd84d7266c38e652401bbbb679cd48653662160128a746394e,siwmv2::sha256:2967e8ea671dbadd84d7266c38e652401bbbb679cd48653662160128a746394e,1,Partial_Mouth
Spoof/Partial_Mouth/Partial_Mouth_3.mov,2dbc56b9f5ebc67e17bde2a339d14b57c9dd010453c7cd17edc02fbbcd01a202,siwmv2::sha256:2dbc56b9f5ebc67e17bde2a339d14b57c9dd010453c7cd17edc02fbbcd01a202,1,Partial_Mouth
Spoof/Partial_Mouth/Partial_Mouth_4.mov,35249634df4d1f6d6ba7a511e93fdb2257f792d0c09bdc5b8583beb2c1a1a4f5,siwmv2::sha256:35249634df4d1f6d6ba7a511e93fdb2257f792d0c09bdc5b8583beb2c1a1a4f5,1,Partial_Mouth
Spoof/Partial_Mouth/Partial_Mouth_5.mov,fca5c004137451957ccfcabb20051dad631c6abc70f3daa3771e2d016e1aabd7,siwmv2::sha256:fca5c004137451957ccfcabb20051dad631c6abc70f3daa3771e2d016e1aabd7,1,Partial_Mouth
Spoof/Partial_Mouth/Partial_Mouth_6.mov,e712648c56d4773b8bafc2b44cbd4cb2c097bb98251f152af5f5a6224d61e1f4,siwmv2::sha256:e712648c56d4773b8bafc2b44cbd4cb2c097bb98251f152af5f5a6224d61e1f4,1,Partial_Mouth
Spoof/Partial_Mouth/Partial_Mouth_7.mov,29cbe841810c41fd83ac7ae247280a5f92101a6c98cd5eda7f091179160d7371,siwmv2::sha256:29cbe841810c41fd83ac7ae247280a5f92101a6c98cd5eda7f091179160d7371,1,Partial_Mouth
Spoof/Partial_Mouth/Partial_Mouth_8.mov,8ffd706746c49d6e8f841c5309cb1812fc160a5adbe5230944d523f55d67aac9,siwmv2::sha256:8ffd706746c49d6e8f841c5309cb1812fc160a5adbe5230944d523f55d67aac9,1,Partial_Mouth
Spoof/Partial_Mouth/Partial_Mouth_9.mov,f18b469d753b3e152928627d11519b0c457cee07ce490260c7014ba09a8196d6,siwmv2::sha256:f18b469d753b3e152928627d11519b0c457cee07ce490260c7014ba09a8196d6,1,Partial_Mouth
Spoof/Partial_PaperGlasses/Partial_Paperglass_1.mov,1391a0818a4a75a9ab6818eb8f8e291893708b68651a71be251593b8e9ad2a8f,siwmv2::sha256:1391a0818a4a75a9ab6818eb8f8e291893708b68651a71be251593b8e9ad2a8f,1,Partial_PaperGlasses
Spoof/Partial_PaperGlasses/Partial_Paperglass_10.mov,e1543d6f7ab48b27a1ff56c5c28a90948d73757f640fb6bd34a68f3f20d4cbfb,siwmv2::sha256:e1543d6f7ab48b27a1ff56c5c28a90948d73757f640fb6bd34a68f3f20d4cbfb,1,Partial_PaperGlasses
Spoof/Partial_PaperGlasses/Partial_Paperglass_11.mov,d5f8ebcaefea525ab78ba380de6a2cae4d8dea1d8bf24beb445d238cf5edb6ea,siwmv2::sha256:d5f8ebcaefea525ab78ba380de6a2cae4d8dea1d8bf24beb445d238cf5edb6ea,1,Partial_PaperGlasses
Spoof/Partial_PaperGlasses/Partial_Paperglass_12.mov,e58cbf2edb02dc8b561453f1318aa9b61238f68ed7699c43e63e070fd2543549,siwmv2::sha256:e58cbf2edb02dc8b561453f1318aa9b61238f68ed7699c43e63e070fd2543549,1,Partial_PaperGlasses
Spoof/Partial_PaperGlasses/Partial_Paperglass_121.mov,00f83fc9d3094b3c5f6b3eef1ee58e80c350433e0ba90dbedf4365abd49b6f37,siwmv2::sha256:00f83fc9d3094b3c5f6b3eef1ee58e80c350433e0ba90dbedf4365abd49b6f37,1,Partial_PaperGlasses
Spoof/Partial_PaperGlasses/Partial_Paperglass_122.mov,42931d3e604a108140459ebfd6ea0b37923e3f694403ed4a9198619c1e089b17,siwmv2::sha256:42931d3e604a108140459ebfd6ea0b37923e3f694403ed4a9198619c1e089b17,1,Partial_PaperGlasses
Spoof/Partial_PaperGlasses/Partial_Paperglass_123.mov,35addfd9be3f626d7380f44838fdd9dd8f0725bee65bd026e235cd20a83f1a51,siwmv2::sha256:35addfd9be3f626d7380f44838fdd9dd8f0725bee65bd026e235cd20a83f1a51,1,Partial_PaperGlasses
Spoof/Partial_PaperGlasses/Partial_Paperglass_124.mov,a322b5cbab90930f21ec72f76d157655346c1defca19ba4856ded2ecf8d67989,siwmv2::sha256:a322b5cbab90930f21ec72f76d157655346c1defca19ba4856ded2ecf8d67989,1,Partial_PaperGlasses
Spoof/Partial_PaperGlasses/Partial_Paperglass_125.mov,3c381713bcb718e8bc57fa44597ef758631397fbe3a27483ad755ddd671e8032,siwmv2::sha256:3c381713bcb718e8bc57fa44597ef758631397fbe3a27483ad755ddd671e8032,1,Partial_PaperGlasses
Spoof/Partial_PaperGlasses/Partial_Paperglass_126.mov,88a7572b943ceb9a52a09ffddb9b54afb594995bc1fca82a0e0b339e2453e2a8,siwmv2::sha256:88a7572b943ceb9a52a09ffddb9b54afb594995bc1fca82a0e0b339e2453e2a8,1,Partial_PaperGlasses
Spoof/Partial_PaperGlasses/Partial_Paperglass_127.mov,19f18b2871b8b45c9279d82d2a1a9301003c0c0f091f0c8685299b9429968cb6,siwmv2::sha256:19f18b2871b8b45c9279d82d2a1a9301003c0c0f091f0c8685299b9429968cb6,1,Partial_PaperGlasses
Spoof/Partial_PaperGlasses/Partial_Paperglass_13.mov,c559274e5c60dbe99499819764826a862d52e81c55fb610edd0e951b640c1c28,siwmv2::sha256:c559274e5c60dbe99499819764826a862d52e81c55fb610edd0e951b640c1c28,1,Partial_PaperGlasses
Spoof/Partial_PaperGlasses/Partial_Paperglass_14.mov,7d3ea23fa483c2937c3287709c016c1d173611484c514b25360aa35e10aec218,siwmv2::sha256:7d3ea23fa483c2937c3287709c016c1d173611484c514b25360aa35e10aec218,1,Partial_PaperGlasses
Spoof/Partial_PaperGlasses/Partial_Paperglass_15.mov,d4d06a48e9312f90b568700a6eb9cd18ded466d5429e95bb823b8d64e7d93b75,siwmv2::sha256:d4d06a48e9312f90b568700a6eb9cd18ded466d5429e95bb823b8d64e7d93b75,1,Partial_PaperGlasses
Spoof/Partial_PaperGlasses/Partial_Paperglass_16.mov,11926a6a774983b517230ebdb658d0f7ab2823774224ccc03bc7f66550d24f08,siwmv2::sha256:11926a6a774983b517230ebdb658d0f7ab2823774224ccc03bc7f66550d24f08,1,Partial_PaperGlasses
Spoof/Partial_PaperGlasses/Partial_Paperglass_17.mov,dfb4f5bd4a044dd89c1fab6e04024cce7c004ef4dd67bfb23d6a928ce335e923,siwmv2::sha256:dfb4f5bd4a044dd89c1fab6e04024cce7c004ef4dd67bfb23d6a928ce335e923,1,Partial_PaperGlasses
Spoof/Partial_PaperGlasses/Partial_Paperglass_18.mov,d7336cb3c8e3a15dc6c9e0320582147986adc02d26bbd0ce5aad5d048843c8df,siwmv2::sha256:d7336cb3c8e3a15dc6c9e0320582147986adc02d26bbd0ce5aad5d048843c8df,1,Partial_PaperGlasses
Spoof/Partial_PaperGlasses/Partial_Paperglass_19.mov,1df564ea9c9178b60a9ffbb64295e56f81506375366d609364c0d2e53f1262fc,siwmv2::sha256:1df564ea9c9178b60a9ffbb64295e56f81506375366d609364c0d2e53f1262fc,1,Partial_PaperGlasses
Spoof/Partial_PaperGlasses/Partial_Paperglass_2.mov,0b392e81ab75cb0462bc44dad0defb012772234bf180230620a14f754c515696,siwmv2::sha256:0b392e81ab75cb0462bc44dad0defb012772234bf180230620a14f754c515696,1,Partial_PaperGlasses
Spoof/Partial_PaperGlasses/Partial_Paperglass_20.mov,d546cca87f5695843ef03fef8dae019d521087418a597014af7ff5358dbed65a,siwmv2::sha256:d546cca87f5695843ef03fef8dae019d521087418a597014af7ff5358dbed65a,1,Partial_PaperGlasses
Spoof/Partial_PaperGlasses/Partial_Paperglass_21.mov,4621cfd936dedc16300d992d88572e83af571e8840c917ce4d438743b1393267,siwmv2::sha256:4621cfd936dedc16300d992d88572e83af571e8840c917ce4d438743b1393267,1,Partial_PaperGlasses
Spoof/Partial_PaperGlasses/Partial_Paperglass_22.mov,301bb9b2503a5ca4992df43141fe19b59478d537e42b8d70b97f9631aacac605,siwmv2::sha256:301bb9b2503a5ca4992df43141fe19b59478d537e42b8d70b97f9631aacac605,1,Partial_PaperGlasses
Spoof/Partial_PaperGlasses/Partial_Paperglass_23.mov,be8a6556920d0c83f9a168d1a6fce0ee650cf654435d090e15127421369011c9,siwmv2::sha256:be8a6556920d0c83f9a168d1a6fce0ee650cf654435d090e15127421369011c9,1,Partial_PaperGlasses
Spoof/Partial_PaperGlasses/Partial_Paperglass_24.mov,3950fa464d5ee1e7e26171d111dfa1a218b388edeb7dedf817d17e2cb6867f98,siwmv2::sha256:3950fa464d5ee1e7e26171d111dfa1a218b388edeb7dedf817d17e2cb6867f98,1,Partial_PaperGlasses
Spoof/Partial_PaperGlasses/Partial_Paperglass_25.mov,346fd167fbcb4fbac69830b78efa0a01daf5b61b244579e7475e80fc82334d25,siwmv2::sha256:346fd167fbcb4fbac69830b78efa0a01daf5b61b244579e7475e80fc82334d25,1,Partial_PaperGlasses
Spoof/Partial_PaperGlasses/Partial_Paperglass_26.mov,43501e319d09547207b5076534fd76b1df60d3009be1817dc8c2e03610f88503,siwmv2::sha256:43501e319d09547207b5076534fd76b1df60d3009be1817dc8c2e03610f88503,1,Partial_PaperGlasses
Spoof/Partial_PaperGlasses/Partial_Paperglass_27.mov,9fa05dfc6ebe9bbee5b1acbe41a3b176f63f0a3ae4ea92475b22d49b80be289a,siwmv2::sha256:9fa05dfc6ebe9bbee5b1acbe41a3b176f63f0a3ae4ea92475b22d49b80be289a,1,Partial_PaperGlasses
Spoof/Partial_PaperGlasses/Partial_Paperglass_28.mov,7f3ed9b8e5b53e1e5218a19af281700084ead58c6c3354aae9caeb1c35fb41eb,siwmv2::sha256:7f3ed9b8e5b53e1e5218a19af281700084ead58c6c3354aae9caeb1c35fb41eb,1,Partial_PaperGlasses
Spoof/Partial_PaperGlasses/Partial_Paperglass_29.mov,59b49c413cc7410c3c40368d3ff587c93e6bc894bbe35062c71fe9945048bcc2,siwmv2::sha256:59b49c413cc7410c3c40368d3ff587c93e6bc894bbe35062c71fe9945048bcc2,1,Partial_PaperGlasses
Spoof/Partial_PaperGlasses/Partial_Paperglass_3.mov,8f0079967233de86a8277d49b0d48eaf1fb8b3383b112714fdefd7c2ab486517,siwmv2::sha256:8f0079967233de86a8277d49b0d48eaf1fb8b3383b112714fdefd7c2ab486517,1,Partial_PaperGlasses
Spoof/Partial_PaperGlasses/Partial_Paperglass_30.mov,dbfa2e6e34d299ddceebac18e299ce1a4c76d39d57e8cc10ff17fb124c5f7582,siwmv2::sha256:dbfa2e6e34d299ddceebac18e299ce1a4c76d39d57e8cc10ff17fb124c5f7582,1,Partial_PaperGlasses
Spoof/Partial_PaperGlasses/Partial_Paperglass_31.mov,001977172b9ed23602514b619e558d36a6a08b0efab878165d83f7b46b4b5cab,siwmv2::sha256:001977172b9ed23602514b619e558d36a6a08b0efab878165d83f7b46b4b5cab,1,Partial_PaperGlasses
Spoof/Partial_PaperGlasses/Partial_Paperglass_32.mov,214357bf589a9dbb10d5b8205168130160317b10c6618dbfb4358c1141d4a80d,siwmv2::sha256:214357bf589a9dbb10d5b8205168130160317b10c6618dbfb4358c1141d4a80d,1,Partial_PaperGlasses
Spoof/Partial_PaperGlasses/Partial_Paperglass_33.mov,8e77d66e8ceb45cb65272f5351ad351560629ed123a316dcc470cc6e8e5cdd27,siwmv2::sha256:8e77d66e8ceb45cb65272f5351ad351560629ed123a316dcc470cc6e8e5cdd27,1,Partial_PaperGlasses
Spoof/Partial_PaperGlasses/Partial_Paperglass_34.mov,c2c4b46cd8d57cba004b7c0a0561bfb49ed9c32fb9a579214038bc3549e850d5,siwmv2::sha256:c2c4b46cd8d57cba004b7c0a0561bfb49ed9c32fb9a579214038bc3549e850d5,1,Partial_PaperGlasses
Spoof/Partial_PaperGlasses/Partial_Paperglass_35.mov,01a8f182a97815851ae6b6c1264e8cc6008d701c9c690c9a91d8bfdc298637f2,siwmv2::sha256:01a8f182a97815851ae6b6c1264e8cc6008d701c9c690c9a91d8bfdc298637f2,1,Partial_PaperGlasses
Spoof/Partial_PaperGlasses/Partial_Paperglass_36.mov,5b06c79d7dae8a5b56345790c786c08f4bcaf3c59ce7a9cab8daad22fb21f548,siwmv2::sha256:5b06c79d7dae8a5b56345790c786c08f4bcaf3c59ce7a9cab8daad22fb21f548,1,Partial_PaperGlasses
Spoof/Partial_PaperGlasses/Partial_Paperglass_37.mov,a320f8e1f2002748b0a63dfb126b99927dbc7372424d9c76866d9e92dd2db8cd,siwmv2::sha256:a320f8e1f2002748b0a63dfb126b99927dbc7372424d9c76866d9e92dd2db8cd,1,Partial_PaperGlasses
Spoof/Partial_PaperGlasses/Partial_Paperglass_38.mov,cbe54365aa2eff2bb77de81695d85e71efd8670319ad0a2f463023f095c7cfcf,siwmv2::sha256:cbe54365aa2eff2bb77de81695d85e71efd8670319ad0a2f463023f095c7cfcf,1,Partial_PaperGlasses
Spoof/Partial_PaperGlasses/Partial_Paperglass_39.mov,1ccd8ebdcb60d254bc8559b3203654b15750278120604e2bfaa262d816b15512,siwmv2::sha256:1ccd8ebdcb60d254bc8559b3203654b15750278120604e2bfaa262d816b15512,1,Partial_PaperGlasses
Spoof/Partial_PaperGlasses/Partial_Paperglass_4.mov,1640a753a1e5f2e65e809bbe302eb7eed36134030e3210903833a97af3bc8e20,siwmv2::sha256:1640a753a1e5f2e65e809bbe302eb7eed36134030e3210903833a97af3bc8e20,1,Partial_PaperGlasses
Spoof/Partial_PaperGlasses/Partial_Paperglass_40.mov,d32d026e9a7d7b3235c9c432eb3e16edc40baf271e26f47f6dc1df4811f35f12,siwmv2::sha256:d32d026e9a7d7b3235c9c432eb3e16edc40baf271e26f47f6dc1df4811f35f12,1,Partial_PaperGlasses
Spoof/Partial_PaperGlasses/Partial_Paperglass_41.mov,73b780a47f8dbdaa4354dedc7c8a660ec444d394eee34b8771477c2beb632325,siwmv2::sha256:73b780a47f8dbdaa4354dedc7c8a660ec444d394eee34b8771477c2beb632325,1,Partial_PaperGlasses
Spoof/Partial_PaperGlasses/Partial_Paperglass_42.mov,829a7d56cb144c7ea4de0a1ef78ad5384d93280657dd9b96db302f5f6b4987c0,siwmv2::sha256:829a7d56cb144c7ea4de0a1ef78ad5384d93280657dd9b96db302f5f6b4987c0,1,Partial_PaperGlasses
Spoof/Partial_PaperGlasses/Partial_Paperglass_43.mov,8ad351b09554945329b78c0672178ecd0779eca61e27984b995772bc5c828256,siwmv2::sha256:8ad351b09554945329b78c0672178ecd0779eca61e27984b995772bc5c828256,1,Partial_PaperGlasses
Spoof/Partial_PaperGlasses/Partial_Paperglass_44.mov,c7adf4e983e70494830b2b366a221d5080c08532a51089bbab706a3254c9ea28,siwmv2::sha256:c7adf4e983e70494830b2b366a221d5080c08532a51089bbab706a3254c9ea28,1,Partial_PaperGlasses
Spoof/Partial_PaperGlasses/Partial_Paperglass_45.mov,8883b9971f38258a851eef52c5b5be45a416c785f3e2665b6ac2d87b168804f1,siwmv2::sha256:8883b9971f38258a851eef52c5b5be45a416c785f3e2665b6ac2d87b168804f1,1,Partial_PaperGlasses
Spoof/Partial_PaperGlasses/Partial_Paperglass_46.mov,4206f1d960b3654f6fa71fe7e846bdb339dca39410466ecde2058b25ab1a235f,siwmv2::sha256:4206f1d960b3654f6fa71fe7e846bdb339dca39410466ecde2058b25ab1a235f,1,Partial_PaperGlasses
Spoof/Partial_PaperGlasses/Partial_Paperglass_47.mov,8f347949a3bec6501249ee6f4e531d8b08d562f9179e150e8bcccf8b335a35bc,siwmv2::sha256:8f347949a3bec6501249ee6f4e531d8b08d562f9179e150e8bcccf8b335a35bc,1,Partial_PaperGlasses
Spoof/Partial_PaperGlasses/Partial_Paperglass_48.mov,4823a30770166a5cb75d055db8bec3391ce64e87538fe8877bdd9f7c1d249d2f,siwmv2::sha256:4823a30770166a5cb75d055db8bec3391ce64e87538fe8877bdd9f7c1d249d2f,1,Partial_PaperGlasses
Spoof/Partial_PaperGlasses/Partial_Paperglass_49.mov,2dbb302e284416316acbd738d29bc11a914ed73f98ee51123dee58c2c0b2259d,siwmv2::sha256:2dbb302e284416316acbd738d29bc11a914ed73f98ee51123dee58c2c0b2259d,1,Partial_PaperGlasses
Spoof/Partial_PaperGlasses/Partial_Paperglass_5.mov,b1a854e3240d201c4d47ca4d6556b2232781010dba0fce0d245f792a65e7306e,siwmv2::sha256:b1a854e3240d201c4d47ca4d6556b2232781010dba0fce0d245f792a65e7306e,1,Partial_PaperGlasses
Spoof/Partial_PaperGlasses/Partial_Paperglass_50.mov,978fdc4a87345c477babfdbe02af7c10f268b2ff6e77dad1f2dee71b7cd6bcdd,siwmv2::sha256:978fdc4a87345c477babfdbe02af7c10f268b2ff6e77dad1f2dee71b7cd6bcdd,1,Partial_PaperGlasses
Spoof/Partial_PaperGlasses/Partial_Paperglass_51.mov,46c84c4269a27d233fac2630edb5b34f2356e10ddcaa54dbe2a50f3808dc205b,siwmv2::sha256:46c84c4269a27d233fac2630edb5b34f2356e10ddcaa54dbe2a50f3808dc205b,1,Partial_PaperGlasses
Spoof/Partial_PaperGlasses/Partial_Paperglass_52.mov,023883123d73ab9aa0114065ca7a4a9374fbf126a334b51115ee604d1f98b8a7,siwmv2::sha256:023883123d73ab9aa0114065ca7a4a9374fbf126a334b51115ee604d1f98b8a7,1,Partial_PaperGlasses
Spoof/Partial_PaperGlasses/Partial_Paperglass_53.mov,09a7d226bc3f88bb988b57b07e233764a1b2aabe15911294abb7aac8e2557657,siwmv2::sha256:09a7d226bc3f88bb988b57b07e233764a1b2aabe15911294abb7aac8e2557657,1,Partial_PaperGlasses
Spoof/Partial_PaperGlasses/Partial_Paperglass_54.mov,0cd8128a8faf6956726b17731a0040f90e661c5a8a62a43cea09d1c0de0c753e,siwmv2::sha256:0cd8128a8faf6956726b17731a0040f90e661c5a8a62a43cea09d1c0de0c753e,1,Partial_PaperGlasses
Spoof/Partial_PaperGlasses/Partial_Paperglass_55.mov,ed6889cb3e392e5dad34519b1585fad2f9ba4665d64590a0a98eb083275db767,siwmv2::sha256:ed6889cb3e392e5dad34519b1585fad2f9ba4665d64590a0a98eb083275db767,1,Partial_PaperGlasses
Spoof/Partial_PaperGlasses/Partial_Paperglass_56.mov,6df7c4dfd9b35114580f1242fb003387f3bd6d44d9aaced846703a9d859e2f37,siwmv2::sha256:6df7c4dfd9b35114580f1242fb003387f3bd6d44d9aaced846703a9d859e2f37,1,Partial_PaperGlasses
Spoof/Partial_PaperGlasses/Partial_Paperglass_57.mov,c471cf3ffd15e4b2798a2554933f71cf0176c81fb87fba56eefaa1d7ba5fc2cb,siwmv2::sha256:c471cf3ffd15e4b2798a2554933f71cf0176c81fb87fba56eefaa1d7ba5fc2cb,1,Partial_PaperGlasses
Spoof/Partial_PaperGlasses/Partial_Paperglass_58.mov,08bbd6e08a50528c45f3921e4f29b87ca3a3a9485814336476cd4083750b2ca9,siwmv2::sha256:08bbd6e08a50528c45f3921e4f29b87ca3a3a9485814336476cd4083750b2ca9,1,Partial_PaperGlasses
Spoof/Partial_PaperGlasses/Partial_Paperglass_59.mov,bf4dffdce0f2f3ab2e0abf8e543c55f983d6d3dd3a8bf3bc7cf5bb0cdc860a40,siwmv2::sha256:bf4dffdce0f2f3ab2e0abf8e543c55f983d6d3dd3a8bf3bc7cf5bb0cdc860a40,1,Partial_PaperGlasses
Spoof/Partial_PaperGlasses/Partial_Paperglass_6.mov,40e6bf06bfccbfa2332ddf5994d90092c91e0c80c618979fc593cc8416b3bf0a,siwmv2::sha256:40e6bf06bfccbfa2332ddf5994d90092c91e0c80c618979fc593cc8416b3bf0a,1,Partial_PaperGlasses
Spoof/Partial_PaperGlasses/Partial_Paperglass_60.mov,d540a1d24a034808fb25a4c8b379e58ea0cc8e963cdfc61d1f49349100b9ac23,siwmv2::sha256:d540a1d24a034808fb25a4c8b379e58ea0cc8e963cdfc61d1f49349100b9ac23,1,Partial_PaperGlasses
Spoof/Partial_PaperGlasses/Partial_Paperglass_61.mov,44969ee11eff1faa8468db91ac70fa87ffd722a2606cf5169a49b546bf51dc44,siwmv2::sha256:44969ee11eff1faa8468db91ac70fa87ffd722a2606cf5169a49b546bf51dc44,1,Partial_PaperGlasses
Spoof/Partial_PaperGlasses/Partial_Paperglass_62.mov,63ba776f4f3e1fe0ad63a49e0ca3beca8842674ac5d2e13d6b629c43534970df,siwmv2::sha256:63ba776f4f3e1fe0ad63a49e0ca3beca8842674ac5d2e13d6b629c43534970df,1,Partial_PaperGlasses
Spoof/Partial_PaperGlasses/Partial_Paperglass_63.mov,19860bc790f3f28d233b5567a81fca77e8d55fb8165c0a3a05d8f258d6ccd3f7,siwmv2::sha256:19860bc790f3f28d233b5567a81fca77e8d55fb8165c0a3a05d8f258d6ccd3f7,1,Partial_PaperGlasses
Spoof/Partial_PaperGlasses/Partial_Paperglass_64.mov,9de1fb46ed92ac3e0ad1be2602407fcfd8019c454730f1ac26e04ed84de8fa82,siwmv2::sha256:9de1fb46ed92ac3e0ad1be2602407fcfd8019c454730f1ac26e04ed84de8fa82,1,Partial_PaperGlasses
Spoof/Partial_PaperGlasses/Partial_Paperglass_65.mov,b205d2463afb7d16569937a34e826047fe656d21dc8735da1bee461504863d2f,siwmv2::sha256:b205d2463afb7d16569937a34e826047fe656d21dc8735da1bee461504863d2f,1,Partial_PaperGlasses
Spoof/Partial_PaperGlasses/Partial_Paperglass_66.mov,47244399d96e8491730445c5862baa787ca0955d884419633d2d3eab67ca8a13,siwmv2::sha256:47244399d96e8491730445c5862baa787ca0955d884419633d2d3eab67ca8a13,1,Partial_PaperGlasses
Spoof/Partial_PaperGlasses/Partial_Paperglass_67.mov,c46d28707df5a008e664bf103eb7d913b9d68c48b6e3293fe2f74b6849732458,siwmv2::sha256:c46d28707df5a008e664bf103eb7d913b9d68c48b6e3293fe2f74b6849732458,1,Partial_PaperGlasses
Spoof/Partial_PaperGlasses/Partial_Paperglass_68.mov,22c8264182f384d313bfd1262e6c480b06f071d84b857eb90972d0e2cea08957,siwmv2::sha256:22c8264182f384d313bfd1262e6c480b06f071d84b857eb90972d0e2cea08957,1,Partial_PaperGlasses
Spoof/Partial_PaperGlasses/Partial_Paperglass_69.mov,0160bffdea24c0c97cbef23e023feb08b83e5c2b4599bbd5a14e7c0a7f67ea9f,siwmv2::sha256:0160bffdea24c0c97cbef23e023feb08b83e5c2b4599bbd5a14e7c0a7f67ea9f,1,Partial_PaperGlasses
Spoof/Partial_PaperGlasses/Partial_Paperglass_7.mov,55858078a1b8477b4abc75e832eb63738012887d8a6306dbc4035920196b7997,siwmv2::sha256:55858078a1b8477b4abc75e832eb63738012887d8a6306dbc4035920196b7997,1,Partial_PaperGlasses
Spoof/Partial_PaperGlasses/Partial_Paperglass_8.mov,71f3a02acb58f6e227a1699f94fd5b1bd66fa604767163d9108a04682df60156,siwmv2::sha256:71f3a02acb58f6e227a1699f94fd5b1bd66fa604767163d9108a04682df60156,1,Partial_PaperGlasses
Spoof/Partial_PaperGlasses/Partial_Paperglass_9.mov,05ff6a7596045a498d89f8ca28fa4fc068b12514368adb2a515cd84cbe3ba6f0,siwmv2::sha256:05ff6a7596045a498d89f8ca28fa4fc068b12514368adb2a515cd84cbe3ba6f0,1,Partial_PaperGlasses
Spoof/Replay/Replay_1.mov,10448433cd874dff2682993aa3f5b33dd4ad591a294eaa2f665f1ff0f64935bb,siwmv2::sha256:10448433cd874dff2682993aa3f5b33dd4ad591a294eaa2f665f1ff0f64935bb,1,Replay
Spoof/Replay/Replay_10.mov,1ae55af759e78e5b8dde2883edf35589ad2d601b2dbe1bf76778ad88ce1c4b2e,siwmv2::sha256:1ae55af759e78e5b8dde2883edf35589ad2d601b2dbe1bf76778ad88ce1c4b2e,1,Replay
Spoof/Replay/Replay_11.mov,74645d07a0f036527d55fbf2ae389a8859865e89e1663c2af2279bc88291972e,siwmv2::sha256:74645d07a0f036527d55fbf2ae389a8859865e89e1663c2af2279bc88291972e,1,Replay
Spoof/Replay/Replay_12.mov,324e06ab7bab4a184191465b48780a3cda7b5802cf3ad60692cb22ae4c258775,siwmv2::sha256:324e06ab7bab4a184191465b48780a3cda7b5802cf3ad60692cb22ae4c258775,1,Replay
Spoof/Replay/Replay_13.mov,036f87a8d8014de3f9cf36a822d1a7155399347127ca27718869187ab422adc7,siwmv2::sha256:036f87a8d8014de3f9cf36a822d1a7155399347127ca27718869187ab422adc7,1,Replay
Spoof/Replay/Replay_14.mov,d55df4bb97f92464b3dc1ee662a1cc3aff82235b0ab12cf749d24eed1fbb4e67,siwmv2::sha256:d55df4bb97f92464b3dc1ee662a1cc3aff82235b0ab12cf749d24eed1fbb4e67,1,Replay
Spoof/Replay/Replay_15.mov,36f1d8fc60ae26f1d8cdb83a8828ec6603ffcacac8b82b23cc72e69d15822e18,siwmv2::sha256:36f1d8fc60ae26f1d8cdb83a8828ec6603ffcacac8b82b23cc72e69d15822e18,1,Replay
Spoof/Replay/Replay_16.mov,d1dc9e57d9d2fb40f6778b80a3f90db8521ce74a49c2e5cfc0294f8696ef5b76,siwmv2::sha256:d1dc9e57d9d2fb40f6778b80a3f90db8521ce74a49c2e5cfc0294f8696ef5b76,1,Replay
Spoof/Replay/Replay_17.mov,5c3769f4b76ee31ed4d6c6e133f78173b5023c45518c0fe5fad001c8ccd36f87,siwmv2::sha256:5c3769f4b76ee31ed4d6c6e133f78173b5023c45518c0fe5fad001c8ccd36f87,1,Replay
Spoof/Replay/Replay_18.mov,7470abe0ba2097f1036a5af5c1227e7d8f352faadc225efa1d0e7115759f905b,siwmv2::sha256:7470abe0ba2097f1036a5af5c1227e7d8f352faadc225efa1d0e7115759f905b,1,Replay
Spoof/Replay/Replay_19.mov,096ec636011813612909bbf081765d202304769ae2672d7ac8dcd66b2d1f0376,siwmv2::sha256:096ec636011813612909bbf081765d202304769ae2672d7ac8dcd66b2d1f0376,1,Replay
Spoof/Replay/Replay_2.mov,d1226f4689760a87a35785f3781f4a0f3bb538b470e3c57a5c45cccf680529f0,siwmv2::sha256:d1226f4689760a87a35785f3781f4a0f3bb538b470e3c57a5c45cccf680529f0,1,Replay
Spoof/Replay/Replay_20.mov,f126792fb47dafa50a3638b5debd026a1c62b152828f4853d364b7aeabb6a461,siwmv2::sha256:f126792fb47dafa50a3638b5debd026a1c62b152828f4853d364b7aeabb6a461,1,Replay
Spoof/Replay/Replay_21.mov,695a6bfdc473bb211bf1167df7ce214d6b06b61f1a1eb77a1f2f21ffd0f4f21c,siwmv2::sha256:695a6bfdc473bb211bf1167df7ce214d6b06b61f1a1eb77a1f2f21ffd0f4f21c,1,Replay
Spoof/Replay/Replay_22.mov,b72bfa7404a12a213c63aeaf7bdf4f4db4a6fa8beb02489483e7b4ff9becb90c,siwmv2::sha256:b72bfa7404a12a213c63aeaf7bdf4f4db4a6fa8beb02489483e7b4ff9becb90c,1,Replay
Spoof/Replay/Replay_23.mov,1b24dbc1c41168c257805847ac18a3b43c8b206d94c42b91c10c566d2a8e2f82,siwmv2::sha256:1b24dbc1c41168c257805847ac18a3b43c8b206d94c42b91c10c566d2a8e2f82,1,Replay
Spoof/Replay/Replay_24.mov,85fbb3526538323929738d6899697f5bfa0810da35c8d92ff74c6872b6649720,siwmv2::sha256:85fbb3526538323929738d6899697f5bfa0810da35c8d92ff74c6872b6649720,1,Replay
Spoof/Replay/Replay_25.mov,8ff40d24570c0f85155ae88f63304de3d045d021e19d2f844bfbf7767407450c,siwmv2::sha256:8ff40d24570c0f85155ae88f63304de3d045d021e19d2f844bfbf7767407450c,1,Replay
Spoof/Replay/Replay_26.mov,44087a32ac230b9fc09c08b91b35e4d3f819e0d6bd29a08eda4476db41414516,siwmv2::sha256:44087a32ac230b9fc09c08b91b35e4d3f819e0d6bd29a08eda4476db41414516,1,Replay
Spoof/Replay/Replay_27.mov,f9ef265bceb83f37c4a185de35e537ab0737f82940a53678fce38bd0f399b9a1,siwmv2::sha256:f9ef265bceb83f37c4a185de35e537ab0737f82940a53678fce38bd0f399b9a1,1,Replay
Spoof/Replay/Replay_28.mov,cf8f5689a20858ca08f5eca99bc38c155a957f67aa9f6ab46f34ae683ae6a4f4,siwmv2::sha256:cf8f5689a20858ca08f5eca99bc38c155a957f67aa9f6ab46f34ae683ae6a4f4,1,Replay
Spoof/Replay/Replay_29.mov,13b348c9551a5dde7faf8c71fefd22bbfe923c1671d64c786509dd55335adcd3,siwmv2::sha256:13b348c9551a5dde7faf8c71fefd22bbfe923c1671d64c786509dd55335adcd3,1,Replay
Spoof/Replay/Replay_3.mov,78d5eb86f6ee50b3333e78574b49addb36cb4c88326c222fb7e23a7692a4a1a4,siwmv2::sha256:78d5eb86f6ee50b3333e78574b49addb36cb4c88326c222fb7e23a7692a4a1a4,1,Replay
Spoof/Replay/Replay_30.mov,85fbeef109402b62d785f887a682d3acf5db0f817f03a1e39b8d627181e795aa,siwmv2::sha256:85fbeef109402b62d785f887a682d3acf5db0f817f03a1e39b8d627181e795aa,1,Replay
Spoof/Replay/Replay_31.mov,906760909b31a61b5989f9b9808ba4815cd9efbe374caf74f7bcbf53efb77643,siwmv2::sha256:906760909b31a61b5989f9b9808ba4815cd9efbe374caf74f7bcbf53efb77643,2,Replay
Spoof/Replay/Replay_32.mov,75804a9d0fe1d19ae6141c657023444284e8def586e1d65fc0be3214e6e4a88f,siwmv2::sha256:75804a9d0fe1d19ae6141c657023444284e8def586e1d65fc0be3214e6e4a88f,1,Replay
Spoof/Replay/Replay_33.mov,89f6ce4d569cb6e191ddf6d3ab08b0d2fbd33ff2c6e9b58f26f0cda565ddbfad,siwmv2::sha256:89f6ce4d569cb6e191ddf6d3ab08b0d2fbd33ff2c6e9b58f26f0cda565ddbfad,1,Replay
Spoof/Replay/Replay_34.mov,02b9a594637d6aea839fdb8c5d1cff7c08e932ca218c93757be4790c6f750a9e,siwmv2::sha256:02b9a594637d6aea839fdb8c5d1cff7c08e932ca218c93757be4790c6f750a9e,1,Replay
Spoof/Replay/Replay_35.mov,a8b57ce1f54b313d5d5242da52f54298bea48841152c1cedd7ce49d755520319,siwmv2::sha256:a8b57ce1f54b313d5d5242da52f54298bea48841152c1cedd7ce49d755520319,1,Replay
Spoof/Replay/Replay_36.mov,db7111fe0e0773594e4e08552e00cc73d295a0d7d70551da43a3aa87dfbd30d7,siwmv2::sha256:db7111fe0e0773594e4e08552e00cc73d295a0d7d70551da43a3aa87dfbd30d7,1,Replay
Spoof/Replay/Replay_37.mov,b00deb503da1bf172c4380d4e9321f6a3d701b953841441ad66cffae9d512dc1,siwmv2::sha256:b00deb503da1bf172c4380d4e9321f6a3d701b953841441ad66cffae9d512dc1,2,Replay
Spoof/Replay/Replay_38.mov,21d24b32ae05397b3f8137f8cab41b3cf91376c4989d87addc194e124a9990ee,siwmv2::sha256:21d24b32ae05397b3f8137f8cab41b3cf91376c4989d87addc194e124a9990ee,1,Replay
Spoof/Replay/Replay_39.mov,629f75a68ccc687d14cc13603d063b7d657aba8e53158f388bdce10a24d1ae4b,siwmv2::sha256:629f75a68ccc687d14cc13603d063b7d657aba8e53158f388bdce10a24d1ae4b,2,Replay
Spoof/Replay/Replay_4.mov,041c312161379fc8f9bdbd742f30a5aa21fad352d946669ee1c8898266dea751,siwmv2::sha256:041c312161379fc8f9bdbd742f30a5aa21fad352d946669ee1c8898266dea751,1,Replay
Spoof/Replay/Replay_40.mov,e5f406a380f54affe30bbe3835e8414988b43196bd30ca723ba142f6f7110b69,siwmv2::sha256:e5f406a380f54affe30bbe3835e8414988b43196bd30ca723ba142f6f7110b69,1,Replay
Spoof/Replay/Replay_41.mov,cde9dd78ad364a5959b1747f37b737e37a11c1d550dc94a457952b2020ffd5ee,siwmv2::sha256:cde9dd78ad364a5959b1747f37b737e37a11c1d550dc94a457952b2020ffd5ee,1,Replay
Spoof/Replay/Replay_42.mov,f7cf9d9dc13e80876340e96ee2c26480ced3333d761f45dc08b2b7964c76bc51,siwmv2::sha256:f7cf9d9dc13e80876340e96ee2c26480ced3333d761f45dc08b2b7964c76bc51,1,Replay
Spoof/Replay/Replay_43.mov,a2f3234df1baaa1233c2607a3c082c85b05dd27a532cdc3b2f1dbc08344bf0c8,siwmv2::sha256:a2f3234df1baaa1233c2607a3c082c85b05dd27a532cdc3b2f1dbc08344bf0c8,1,Replay
Spoof/Replay/Replay_44.mov,4a8b99558d0915e9b91f207a4b22cbed3c675dd687bb7d0a8a5f7b895a0668fa,siwmv2::sha256:4a8b99558d0915e9b91f207a4b22cbed3c675dd687bb7d0a8a5f7b895a0668fa,1,Replay
Spoof/Replay/Replay_45.mov,188f701a608436254eec96bd78c2dcc6d493a6ff68b5ac27034bc687366d0876,siwmv2::sha256:188f701a608436254eec96bd78c2dcc6d493a6ff68b5ac27034bc687366d0876,1,Replay
Spoof/Replay/Replay_46.mov,03eac9471cd2d3935cd97ea4945c7ff87a0c2424314f445386bd9571943abd64,siwmv2::sha256:03eac9471cd2d3935cd97ea4945c7ff87a0c2424314f445386bd9571943abd64,1,Replay
Spoof/Replay/Replay_47.mov,a02e7aba2457a70850013c15761baab6a85a6264e2f40c2c9160b52138cda135,siwmv2::sha256:a02e7aba2457a70850013c15761baab6a85a6264e2f40c2c9160b52138cda135,2,Replay
Spoof/Replay/Replay_48.mov,ed3813f40690da753c183fceaa3905aa8b093211748ed58b26d7ed32d9f80761,siwmv2::sha256:ed3813f40690da753c183fceaa3905aa8b093211748ed58b26d7ed32d9f80761,1,Replay
Spoof/Replay/Replay_49.mov,54686b352c77fd11c973fe6bc8d4e47aa983fc8bbeae9010f663307c7818cb5d,siwmv2::sha256:54686b352c77fd11c973fe6bc8d4e47aa983fc8bbeae9010f663307c7818cb5d,1,Replay
Spoof/Replay/Replay_5.mov,2aebf64dcf11cd5b3cac8b55b5c09ba5a3ef241a31e0cab8b7f445bba459456a,siwmv2::sha256:2aebf64dcf11cd5b3cac8b55b5c09ba5a3ef241a31e0cab8b7f445bba459456a,1,Replay
Spoof/Replay/Replay_50.mov,0840c4ae1be930d008c97f0552375913ecc867281cfdf857bea927c0031007c4,siwmv2::sha256:0840c4ae1be930d008c97f0552375913ecc867281cfdf857bea927c0031007c4,1,Replay
Spoof/Replay/Replay_51.mov,cccddff7e1ddf5cda89a97b5d5a4c04ab0c1e99b0f845c6e4e45e44c26c6ee14,siwmv2::sha256:cccddff7e1ddf5cda89a97b5d5a4c04ab0c1e99b0f845c6e4e45e44c26c6ee14,1,Replay
Spoof/Replay/Replay_52.mov,5b49388532d0b988ac33ab7775b9f2af076ada0ba3be0e7623e9a4587f933872,siwmv2::sha256:5b49388532d0b988ac33ab7775b9f2af076ada0ba3be0e7623e9a4587f933872,1,Replay
Spoof/Replay/Replay_53.mov,1ab96eb653193f47215abfb42976212228c80e559f6a88ba53a7432a47e63d2b,siwmv2::sha256:1ab96eb653193f47215abfb42976212228c80e559f6a88ba53a7432a47e63d2b,1,Replay
Spoof/Replay/Replay_54.mov,60e6d35100a940fcc5ab4b9e45f53a9afdea07bfdda861d7d157ede1cc5735f2,siwmv2::sha256:60e6d35100a940fcc5ab4b9e45f53a9afdea07bfdda861d7d157ede1cc5735f2,1,Replay
Spoof/Replay/Replay_55.mov,754a4646ff17dcda664f48a2e7eceaccaded0b9286fbfe555c3a2b44a7cae74c,siwmv2::sha256:754a4646ff17dcda664f48a2e7eceaccaded0b9286fbfe555c3a2b44a7cae74c,1,Replay
Spoof/Replay/Replay_56.mov,5a2910bf2af2af1ddd0f410a31c39f264107bf6ff278be83e6e21217ac96f62d,siwmv2::sha256:5a2910bf2af2af1ddd0f410a31c39f264107bf6ff278be83e6e21217ac96f62d,1,Replay
Spoof/Replay/Replay_57.mov,c212b4d2809f969c8aa8370980db54cc21213a3f4e71088a5e1570646cd4d129,siwmv2::sha256:c212b4d2809f969c8aa8370980db54cc21213a3f4e71088a5e1570646cd4d129,1,Replay
Spoof/Replay/Replay_58.mov,2aca237d1123dd2040167f7eecfa38e23cad473205808907d22cc1c3daebeaf6,siwmv2::sha256:2aca237d1123dd2040167f7eecfa38e23cad473205808907d22cc1c3daebeaf6,1,Replay
Spoof/Replay/Replay_59.mov,c0b082b47bfac81e4fd39e37de9b2015b3993f6acf684b80d4fb3b4e7c4b9e66,siwmv2::sha256:c0b082b47bfac81e4fd39e37de9b2015b3993f6acf684b80d4fb3b4e7c4b9e66,1,Replay
Spoof/Replay/Replay_6.mov,15d4932232b9e6cd98e8e3260c8230a8d59ac4f636d2327e661e9d6ffb479789,siwmv2::sha256:15d4932232b9e6cd98e8e3260c8230a8d59ac4f636d2327e661e9d6ffb479789,1,Replay
Spoof/Replay/Replay_60.mov,e8cb518c09aa0e94a02a1ada6f3636e6c5b0288953235494e6edaff55ed18834,siwmv2::sha256:e8cb518c09aa0e94a02a1ada6f3636e6c5b0288953235494e6edaff55ed18834,1,Replay
Spoof/Replay/Replay_61.mov,805ad749b5daf7824df4d8218134bf795f3a76c0f1a7aca1ce2a9570e890b7a8,siwmv2::sha256:805ad749b5daf7824df4d8218134bf795f3a76c0f1a7aca1ce2a9570e890b7a8,1,Replay
Spoof/Replay/Replay_63.mov,d4cc2cc46b4bbc4efe2bc58dbfd72284aa11d383d21c4b4616a876b314a550c5,siwmv2::sha256:d4cc2cc46b4bbc4efe2bc58dbfd72284aa11d383d21c4b4616a876b314a550c5,1,Replay
Spoof/Replay/Replay_64.mov,bdcb7367105ddbe68feac54201a061a1ab7b4fc6974ae72a7ceaf420fb736e8f,siwmv2::sha256:bdcb7367105ddbe68feac54201a061a1ab7b4fc6974ae72a7ceaf420fb736e8f,1,Replay
Spoof/Replay/Replay_65.mov,906760909b31a61b5989f9b9808ba4815cd9efbe374caf74f7bcbf53efb77643,siwmv2::sha256:906760909b31a61b5989f9b9808ba4815cd9efbe374caf74f7bcbf53efb77643,2,Replay
Spoof/Replay/Replay_66.mov,5ac6687f63e92854a09ae3390eb5ae64e0c6bb22f03e9edfbe20adf2feb6a95e,siwmv2::sha256:5ac6687f63e92854a09ae3390eb5ae64e0c6bb22f03e9edfbe20adf2feb6a95e,1,Replay
Spoof/Replay/Replay_67.mov,a02e7aba2457a70850013c15761baab6a85a6264e2f40c2c9160b52138cda135,siwmv2::sha256:a02e7aba2457a70850013c15761baab6a85a6264e2f40c2c9160b52138cda135,2,Replay
Spoof/Replay/Replay_68.mov,f835f27d3bffa0f9d3dcb042b1c03759c4018f20562f68318015b210df8d1096,siwmv2::sha256:f835f27d3bffa0f9d3dcb042b1c03759c4018f20562f68318015b210df8d1096,1,Replay
Spoof/Replay/Replay_69.mov,ed46782c01a0a60f91e78d4fac4e678378e253b90cf1c9c7e48f4816cb1964c7,siwmv2::sha256:ed46782c01a0a60f91e78d4fac4e678378e253b90cf1c9c7e48f4816cb1964c7,1,Replay
Spoof/Replay/Replay_7.mov,9e38c43f109619d90146b9d3f765b5808334e9dc4bcce2ea63b5a45c55bd913d,siwmv2::sha256:9e38c43f109619d90146b9d3f765b5808334e9dc4bcce2ea63b5a45c55bd913d,1,Replay
Spoof/Replay/Replay_70.mov,e9aa9b5529582da5c29f8b52f5267c2ada618041df43c2d96d7c444b305b629f,siwmv2::sha256:e9aa9b5529582da5c29f8b52f5267c2ada618041df43c2d96d7c444b305b629f,1,Replay
Spoof/Replay/Replay_71.mov,86bae78eb527809f305dece2f630b4d80330da0e96f8065f4f520bfed04da9a1,siwmv2::sha256:86bae78eb527809f305dece2f630b4d80330da0e96f8065f4f520bfed04da9a1,1,Replay
Spoof/Replay/Replay_72.mov,86dd3b776d28115f9ffac264f75ee2cd5232f0c7daca89657f51a588a42fa849,siwmv2::sha256:86dd3b776d28115f9ffac264f75ee2cd5232f0c7daca89657f51a588a42fa849,1,Replay
Spoof/Replay/Replay_73.mov,bad92f3ff53b1ba36f0cb01dd2ffb23ee2207b68e15cfd74ce99e0b505da92ef,siwmv2::sha256:bad92f3ff53b1ba36f0cb01dd2ffb23ee2207b68e15cfd74ce99e0b505da92ef,1,Replay
Spoof/Replay/Replay_74.mov,b00deb503da1bf172c4380d4e9321f6a3d701b953841441ad66cffae9d512dc1,siwmv2::sha256:b00deb503da1bf172c4380d4e9321f6a3d701b953841441ad66cffae9d512dc1,2,Replay
Spoof/Replay/Replay_75.mov,629f75a68ccc687d14cc13603d063b7d657aba8e53158f388bdce10a24d1ae4b,siwmv2::sha256:629f75a68ccc687d14cc13603d063b7d657aba8e53158f388bdce10a24d1ae4b,2,Replay
Spoof/Replay/Replay_76.mov,4567084a6afe8dbe79700dc25f215f124f8bbacac963d46b4b7cbaa0e45e471f,siwmv2::sha256:4567084a6afe8dbe79700dc25f215f124f8bbacac963d46b4b7cbaa0e45e471f,2,Replay
Spoof/Replay/Replay_77.mov,eb0b17332a69e9c65cf9a884306d81f3d6b5119c24bfff4a0825f0676f398a4d,siwmv2::sha256:eb0b17332a69e9c65cf9a884306d81f3d6b5119c24bfff4a0825f0676f398a4d,1,Replay
Spoof/Replay/Replay_78.mov,f2ee80bf6bdbde970e1660e6299b011b735b8e8771c9c21407ea3f0fda8ca55b,siwmv2::sha256:f2ee80bf6bdbde970e1660e6299b011b735b8e8771c9c21407ea3f0fda8ca55b,1,Replay
Spoof/Replay/Replay_79.mov,68a65b13142f9f48528112c48eaf220ba6988ebafea5e37d0c97d49781ba471e,siwmv2::sha256:68a65b13142f9f48528112c48eaf220ba6988ebafea5e37d0c97d49781ba471e,1,Replay
Spoof/Replay/Replay_8.mov,d0e3710a8192b656a8d943b9cd0c1b5e9d8b42445fcb1bbe408bfee96eb102aa,siwmv2::sha256:d0e3710a8192b656a8d943b9cd0c1b5e9d8b42445fcb1bbe408bfee96eb102aa,1,Replay
Spoof/Replay/Replay_80.mov,c0202f0c45714168f93f21889dacab9e138cc5d8802beeb4debe1deb5b568fd0,siwmv2::sha256:c0202f0c45714168f93f21889dacab9e138cc5d8802beeb4debe1deb5b568fd0,1,Replay
Spoof/Replay/Replay_81.mov,b473e2772367020361428c577734cb76dfb3c7d64d3e6fe78f8c98d763e97439,siwmv2::sha256:b473e2772367020361428c577734cb76dfb3c7d64d3e6fe78f8c98d763e97439,1,Replay
Spoof/Replay/Replay_82.mov,0371e7880a8eb51f526002733fc312cefd1c23a6fd92edce260e962471ae6997,siwmv2::sha256:0371e7880a8eb51f526002733fc312cefd1c23a6fd92edce260e962471ae6997,1,Replay
Spoof/Replay/Replay_83.mov,4567084a6afe8dbe79700dc25f215f124f8bbacac963d46b4b7cbaa0e45e471f,siwmv2::sha256:4567084a6afe8dbe79700dc25f215f124f8bbacac963d46b4b7cbaa0e45e471f,2,Replay
Spoof/Replay/Replay_84.mov,4bf5cb564f29bb88bdafbbaaf80b0593064b263aa670c2820dc062200a9f8d50,siwmv2::sha256:4bf5cb564f29bb88bdafbbaaf80b0593064b263aa670c2820dc062200a9f8d50,2,Replay
Spoof/Replay/Replay_85.mov,18851db5aa36a7ee81db17fcd3f57ec9ba6222191566a23a579d287d8679848e,siwmv2::sha256:18851db5aa36a7ee81db17fcd3f57ec9ba6222191566a23a579d287d8679848e,1,Replay
Spoof/Replay/Replay_86.mov,4bf5cb564f29bb88bdafbbaaf80b0593064b263aa670c2820dc062200a9f8d50,siwmv2::sha256:4bf5cb564f29bb88bdafbbaaf80b0593064b263aa670c2820dc062200a9f8d50,2,Replay
Spoof/Replay/Replay_87.mov,cca978b596baf42baa409972cc65e5cda96ec5bbb3c82459864b4b0a93dd6518,siwmv2::sha256:cca978b596baf42baa409972cc65e5cda96ec5bbb3c82459864b4b0a93dd6518,1,Replay
Spoof/Replay/Replay_88.mov,c073b1dd961e0bc62acf582fb5a16f16ccd3a82dd0e85ee1fd69cc02da2581aa,siwmv2::sha256:c073b1dd961e0bc62acf582fb5a16f16ccd3a82dd0e85ee1fd69cc02da2581aa,1,Replay
Spoof/Replay/Replay_89.mov,927ec199663c63e2fd38d9839302ac71c97bc9ba2953c085e56cba4d7187f25e,siwmv2::sha256:927ec199663c63e2fd38d9839302ac71c97bc9ba2953c085e56cba4d7187f25e,1,Replay
Spoof/Replay/Replay_9.mov,4af2aabfba5f9c0161c907e697f63bd8705078196a40f5048cdc2933f3faa277,siwmv2::sha256:4af2aabfba5f9c0161c907e697f63bd8705078196a40f5048cdc2933f3faa277,1,Replay
Spoof/Replay/Replay_90.mov,c01d2f9498dac36de3de70ade59f1b5fb59d1674360e0f24d28330221c3b2331,siwmv2::sha256:c01d2f9498dac36de3de70ade59f1b5fb59d1674360e0f24d28330221c3b2331,1,Replay
Spoof/Replay/Replay_91.mov,e9b28857f7fca983ed1e28a51afa4f14a9437adf3a7a4b61759b03ed1cdae8ec,siwmv2::sha256:e9b28857f7fca983ed1e28a51afa4f14a9437adf3a7a4b61759b03ed1cdae8ec,1,Replay
Spoof/Replay/Replay_92.mov,a25993979a0206b5bf2a9bfe2b8d78b3d28fd1335b0b720e75f93b5cbe03dd10,siwmv2::sha256:a25993979a0206b5bf2a9bfe2b8d78b3d28fd1335b0b720e75f93b5cbe03dd10,1,Replay
Spoof/Replay/Replay_93.mov,47ac586840daaed4e3e7cf11dd5f4daf0b667b4af52e8362fb410eb7e838726d,siwmv2::sha256:47ac586840daaed4e3e7cf11dd5f4daf0b667b4af52e8362fb410eb7e838726d,1,Replay
Spoof/Replay/Replay_94.mov,ab722f1ac312a29466bb0bd9c08e6aa2fe2e239d9d0a31fc991686a055f6a3cb,siwmv2::sha256:ab722f1ac312a29466bb0bd9c08e6aa2fe2e239d9d0a31fc991686a055f6a3cb,1,Replay
Spoof/Replay/Replay_95.mov,76228a972e55c509de07ca08c75224b8ab579c09b632250ba6a8bcc5060fa206,siwmv2::sha256:76228a972e55c509de07ca08c75224b8ab579c09b632250ba6a8bcc5060fa206,1,Replay
Spoof/Replay/Replay_96.mov,f4abdac4ceb4a06c17677246eb6b7df48b4cab1b801f1151a4f9d492aa0cbdd4,siwmv2::sha256:f4abdac4ceb4a06c17677246eb6b7df48b4cab1b801f1151a4f9d492aa0cbdd4,1,Replay
Spoof/Replay/Replay_97.mov,61efe01ba4519635050b88784faeb98bbe1427eb3a2af6566fdf17125c2e5ac8,siwmv2::sha256:61efe01ba4519635050b88784faeb98bbe1427eb3a2af6566fdf17125c2e5ac8,1,Replay
Spoof/Replay/Replay_98.mov,73a775921bc816c8a62fbfa74d9cd31f3128b1bf5b8f5ffa6170789c256e1dbe,siwmv2::sha256:73a775921bc816c8a62fbfa74d9cd31f3128b1bf5b8f5ffa6170789c256e1dbe,1,Replay
Spoof/Replay/Replay_99.mov,9be29ab0ce8fd426f49a40894149c373b4971dc1af1c9b3d594c3cb824b1fc93,siwmv2::sha256:9be29ab0ce8fd426f49a40894149c373b4971dc1af1c9b3d594c3cb824b1fc93,1,Replay
Spoof/Silicone/Mask_Silicone_1.mov,68b69cc480446593a95e52e30ed52ed7987dfec912ecbb594412ce38497d4d10,siwmv2::sha256:68b69cc480446593a95e52e30ed52ed7987dfec912ecbb594412ce38497d4d10,1,Silicone
Spoof/Silicone/Mask_Silicone_10.mov,0f331175baf34bef651c61d8ba4419fc789c2ce40b7050176d3f9884eb604b51,siwmv2::sha256:0f331175baf34bef651c61d8ba4419fc789c2ce40b7050176d3f9884eb604b51,1,Silicone
Spoof/Silicone/Mask_Silicone_11.mov,4f97a69738aa96ee8764ab6e640a3c2882cd3f18aec988262b5d7fd304441c75,siwmv2::sha256:4f97a69738aa96ee8764ab6e640a3c2882cd3f18aec988262b5d7fd304441c75,1,Silicone
Spoof/Silicone/Mask_Silicone_12.mov,893cbcfbf11817b05c2315468cf611115a4825eb693d63fc9b8ac7108c812e43,siwmv2::sha256:893cbcfbf11817b05c2315468cf611115a4825eb693d63fc9b8ac7108c812e43,1,Silicone
Spoof/Silicone/Mask_Silicone_13.mov,ea64c8c48768449b63187a0c0633fd35023b0ee9a8879faf424ce49ab7fc9873,siwmv2::sha256:ea64c8c48768449b63187a0c0633fd35023b0ee9a8879faf424ce49ab7fc9873,1,Silicone
Spoof/Silicone/Mask_Silicone_14.mov,89884f29939db0936b45a088f849ce0d829487d9596ba36b0de2528b176a8c58,siwmv2::sha256:89884f29939db0936b45a088f849ce0d829487d9596ba36b0de2528b176a8c58,1,Silicone
Spoof/Silicone/Mask_Silicone_15.mov,67eeaf7f6f0c19be3773ecb574d22ff54010409747ab1bbc04524de315d59861,siwmv2::sha256:67eeaf7f6f0c19be3773ecb574d22ff54010409747ab1bbc04524de315d59861,1,Silicone
Spoof/Silicone/Mask_Silicone_16.mov,b651ca8f5107e7dcb92047691d1e78e03e7bb99f433047da687ca9adf8d80981,siwmv2::sha256:b651ca8f5107e7dcb92047691d1e78e03e7bb99f433047da687ca9adf8d80981,1,Silicone
Spoof/Silicone/Mask_Silicone_17.mov,5036819a22a1fa0519496375a0b3bdbf13ead0776a366ad7def8a687b064cf0f,siwmv2::sha256:5036819a22a1fa0519496375a0b3bdbf13ead0776a366ad7def8a687b064cf0f,1,Silicone
Spoof/Silicone/Mask_Silicone_2.mov,c92ce1c00604670197302ea1c4f1cd7609394ef18c4bcf6a07092ed0896a00d8,siwmv2::sha256:c92ce1c00604670197302ea1c4f1cd7609394ef18c4bcf6a07092ed0896a00d8,1,Silicone
Spoof/Silicone/Mask_Silicone_3.mov,a05f26e9b1961dd00ac561491ababeb2647a681d35f936d96dbbfe6a10a2e624,siwmv2::sha256:a05f26e9b1961dd00ac561491ababeb2647a681d35f936d96dbbfe6a10a2e624,1,Silicone
Spoof/Silicone/Mask_Silicone_4.mov,174ae4d6b5a978f49fb5285cc317340c0aa41cdfe465e3d029c64defd4b9f2fb,siwmv2::sha256:174ae4d6b5a978f49fb5285cc317340c0aa41cdfe465e3d029c64defd4b9f2fb,1,Silicone
Spoof/Silicone/Mask_Silicone_5.mov,74f303def196b6af42452e62d7a5f7d76ea375df71815a05304c19f0bb1a2e5e,siwmv2::sha256:74f303def196b6af42452e62d7a5f7d76ea375df71815a05304c19f0bb1a2e5e,1,Silicone
Spoof/Silicone/Mask_Silicone_6.mov,7435f22d39d60c8e1927efa836343f447fd4bde80024c1cbf280d92084df8315,siwmv2::sha256:7435f22d39d60c8e1927efa836343f447fd4bde80024c1cbf280d92084df8315,1,Silicone
Spoof/Silicone/Mask_Silicone_7.mov,e854236dc2b0de0dfcda44260717426409ae67a8dbe4a484015a38fc3fb5e0a8,siwmv2::sha256:e854236dc2b0de0dfcda44260717426409ae67a8dbe4a484015a38fc3fb5e0a8,1,Silicone
Spoof/Silicone/Mask_Silicone_8.mov,a38c72c0aa33bf6aaebbea9fa1ad5cb28a165f04cd2ac0467deaaa289b134793,siwmv2::sha256:a38c72c0aa33bf6aaebbea9fa1ad5cb28a165f04cd2ac0467deaaa289b134793,1,Silicone
Spoof/Silicone/Mask_Silicone_9.mov,e05000c5d66fc24455783f68041ebbd653b33e3ca41cd4de7827d31a7d861f78,siwmv2::sha256:e05000c5d66fc24455783f68041ebbd653b33e3ca41cd4de7827d31a7d861f78,1,Silicone
