protocol_file,referenced_name,local_present,attack_type,references_in_file,classification,notes
source_SiW_Mv2/pro_3_text/trainlist_all.txt,Makeup_Co_11,YES,Makeup_Cosmetic,4,DUPLICATE_PROTOCOL_REFERENCE,repeated for live/spoof balancing (official README)
source_SiW_Mv2/pro_3_text/trainlist_all.txt,Makeup_Co_12,YES,Makeup_Cosmetic,4,DUPLICATE_PROTOCOL_REFERENCE,repeated for live/spoof balancing (official README)
source_SiW_Mv2/pro_3_text/trainlist_all.txt,Makeup_Co_14,YES,Makeup_Cosmetic,4,DUPLICATE_PROTOCOL_REFERENCE,repeated for live/spoof balancing (official README)
source_SiW_Mv2/pro_3_text/trainlist_all.txt,Makeup_Co_15,YES,Makeup_Cosmetic,4,DUPLICATE_PROTOCOL_REFERENCE,repeated for live/spoof balancing (official README)
source_SiW_Mv2/pro_3_text/trainlist_all.txt,Makeup_Co_18,YES,Makeup_Cosmetic,4,DUPLICATE_PROTOCOL_REFERENCE,repeated for live/spoof balancing (official README)
source_SiW_Mv2/pro_3_text/trainlist_all.txt,Makeup_Co_21,YES,Makeup_Cosmetic,4,DUPLICATE_PROTOCOL_REFERENCE,repeated for live/spoof balancing (official README)
source_SiW_Mv2/pro_3_text/trainlist_all.txt,Makeup_Co_22,YES,Makeup_Cosmetic,4,DUPLICATE_PROTOCOL_REFERENCE,repeated for live/spoof balancing (official README)
source_SiW_Mv2/pro_3_text/trainlist_all.txt,Makeup_Co_23,YES,Makeup_Cosmetic,4,DUPLICATE_PROTOCOL_REFERENCE,repeated for live/spoof balancing (official README)
source_SiW_Mv2/pro_3_text/trainlist_all.txt,Makeup_Co_25,YES,Makeup_Cosmetic,4,DUPLICATE_PROTOCOL_REFERENCE,repeated for live/spoof balancing (official README)
source_SiW_Mv2/pro_3_text/trainlist_all.txt,Makeup_Co_30,YES,Makeup_Cosmetic,4,DUPLICATE_PROTOCOL_REFERENCE,repeated for live/spoof balancing (official README)
source_SiW_Mv2/pro_3_text/trainlist_all.txt,Makeup_Co_31,YES,Makeup_Cosmetic,4,DUPLICATE_PROTOCOL_REFERENCE,repeated for live/spoof balancing (official README)
source_SiW_Mv2/pro_3_text/trainlist_all.txt,Makeup_Co_33,YES,Makeup_Cosmetic,4,DUPLICATE_PROTOCOL_REFERENCE,repeated for live/spoof balancing (official README)
source_SiW_Mv2/pro_3_text/trainlist_all.txt,Makeup_Co_34,YES,Makeup_Cosmetic,4,DUPLICATE_PROTOCOL_REFERENCE,repeated for live/spoof balancing (official README)
source_SiW_Mv2/pro_3_text/trainlist_all.txt,Makeup_Co_41,YES,Makeup_Cosmetic,3,DUPLICATE_PROTOCOL_REFERENCE,repeated for live/spoof balancing (official README)
source_SiW_Mv2/pro_3_text/trainlist_all.txt,Makeup_Co_42,YES,Makeup_Cosmetic,3,DUPLICATE_PROTOCOL_REFERENCE,repeated for live/spoof balancing (official README)
source_SiW_Mv2/pro_3_text/trainlist_all.txt,Makeup_Co_43,YES,Makeup_Cosmetic,3,DUPLICATE_PROTOCOL_REFERENCE,repeated for live/spoof balancing (official README)
source_SiW_Mv2/pro_3_text/trainlist_all.txt,Makeup_Co_44,YES,Makeup_Cosmetic,3,DUPLICATE_PROTOCOL_REFERENCE,repeated for live/spoof balancing (official README)
source_SiW_Mv2/pro_3_text/trainlist_all.txt,Makeup_Co_45,YES,Makeup_Cosmetic,3,DUPLICATE_PROTOCOL_REFERENCE,repeated for live/spoof balancing (official README)
source_SiW_Mv2/pro_3_text/trainlist_all.txt,Makeup_Co_48,YES,Makeup_Cosmetic,3,DUPLICATE_PROTOCOL_REFERENCE,repeated for live/spoof balancing (official README)
source_SiW_Mv2/pro_3_text/trainlist_all.txt,Makeup_Co_5,YES,Makeup_Cosmetic,4,DUPLICATE_PROTOCOL_REFERENCE,repeated for live/spoof balancing (official README)
source_SiW_Mv2/pro_3_text/trainlist_all.txt,Makeup_Co_55,YES,Makeup_Cosmetic,3,DUPLICATE_PROTOCOL_REFERENCE,repeated for live/spoof balancing (official README)
source_SiW_Mv2/pro_3_text/trainlist_all.txt,Makeup_Co_56,YES,Makeup_Cosmetic,3,DUPLICATE_PROTOCOL_REFERENCE,repeated for live/spoof balancing (official README)
source_SiW_Mv2/pro_3_text/trainlist_all.txt,Makeup_Co_57,YES,Makeup_Cosmetic,3,DUPLICATE_PROTOCOL_REFERENCE,repeated for live/spoof balancing (official README)
source_SiW_Mv2/pro_3_text/trainlist_all.txt,Makeup_Co_58,YES,Makeup_Cosmetic,3,DUPLICATE_PROTOCOL_REFERENCE,repeated for live/spoof balancing (official README)
source_SiW_Mv2/pro_3_text/trainlist_all.txt,Makeup_Co_59,YES,Makeup_Cosmetic,3,DUPLICATE_PROTOCOL_REFERENCE,repeated for live/spoof balancing (official README)
source_SiW_Mv2/pro_3_text/trainlist_all.txt,Makeup_Co_6,YES,Makeup_Cosmetic,4,DUPLICATE_PROTOCOL_REFERENCE,repeated for live/spoof balancing (official README)
source_SiW_Mv2/pro_3_text/trainlist_all.txt,Makeup_Co_60,YES,Makeup_Cosmetic,3,DUPLICATE_PROTOCOL_REFERENCE,repeated for live/spoof balancing (official README)
source_SiW_Mv2/pro_3_text/trainlist_all.txt,Makeup_Co_8,YES,Makeup_Cosmetic,4,DUPLICATE_PROTOCOL_REFERENCE,repeated for live/spoof balancing (official README)
source_SiW_Mv2/pro_3_text/trainlist_all.txt,Makeup_Im_1,YES,Makeup_Impersonation,3,DUPLICATE_PROTOCOL_REFERENCE,repeated for live/spoof balancing (official README)
source_SiW_Mv2/pro_3_text/trainlist_all.txt,Makeup_Im_10,YES,Makeup_Impersonation,3,DUPLICATE_PROTOCOL_REFERENCE,repeated for live/spoof balancing (official README)
source_SiW_Mv2/pro_3_text/trainlist_all.txt,Makeup_Im_11,YES,Makeup_Impersonation,3,DUPLICATE_PROTOCOL_REFERENCE,repeated for live/spoof balancing (official README)
source_SiW_Mv2/pro_3_text/trainlist_all.txt,Makeup_Im_12,YES,Makeup_Impersonation,3,DUPLICATE_PROTOCOL_REFERENCE,repeated for live/spoof balancing (official README)
source_SiW_Mv2/pro_3_text/trainlist_all.txt,Makeup_Im_13,YES,Makeup_Impersonation,3,DUPLICATE_PROTOCOL_REFERENCE,repeated for live/spoof balancing (official README)
source_SiW_Mv2/pro_3_text/trainlist_all.txt,Makeup_Im_14,YES,Makeup_Impersonation,3,DUPLICATE_PROTOCOL_REFERENCE,repeated for live/spoof balancing (official README)
source_SiW_Mv2/pro_3_text/trainlist_all.txt,Makeup_Im_15,YES,Makeup_Impersonation,3,DUPLICATE_PROTOCOL_REFERENCE,repeated for live/spoof balancing (official README)
source_SiW_Mv2/pro_3_text/trainlist_all.txt,Makeup_Im_16,YES,Makeup_Impersonation,3,DUPLICATE_PROTOCOL_REFERENCE,repeated for live/spoof balancing (official README)
source_SiW_Mv2/pro_3_text/trainlist_all.txt,Makeup_Im_17,YES,Makeup_Impersonation,3,DUPLICATE_PROTOCOL_REFERENCE,repeated for live/spoof balancing (official README)
source_SiW_Mv2/pro_3_text/trainlist_all.txt,Makeup_Im_18,YES,Makeup_Impersonation,3,DUPLICATE_PROTOCOL_REFERENCE,repeated for live/spoof balancing (official README)
source_SiW_Mv2/pro_3_text/trainlist_all.txt,Makeup_Im_19,YES,Makeup_Impersonation,3,DUPLICATE_PROTOCOL_REFERENCE,repeated for live/spoof balancing (official README)
source_SiW_Mv2/pro_3_text/trainlist_all.txt,Makeup_Im_2,YES,Makeup_Impersonation,3,DUPLICATE_PROTOCOL_REFERENCE,repeated for live/spoof balancing (official README)
source_SiW_Mv2/pro_3_text/trainlist_all.txt,Makeup_Im_20,YES,Makeup_Impersonation,3,DUPLICATE_PROTOCOL_REFERENCE,repeated for live/spoof balancing (official README)
source_SiW_Mv2/pro_3_text/trainlist_all.txt,Makeup_Im_21,YES,Makeup_Impersonation,3,DUPLICATE_PROTOCOL_REFERENCE,repeated for live/spoof balancing (official README)
source_SiW_Mv2/pro_3_text/trainlist_all.txt,Makeup_Im_22,YES,Makeup_Impersonation,3,DUPLICATE_PROTOCOL_REFERENCE,repeated for live/spoof balancing (official README)
source_SiW_Mv2/pro_3_text/trainlist_all.txt,Makeup_Im_23,YES,Makeup_Impersonation,2,DUPLICATE_PROTOCOL_REFERENCE,repeated for live/spoof balancing (official README)
source_SiW_Mv2/pro_3_text/trainlist_all.txt,Makeup_Im_24,YES,Makeup_Impersonation,2,DUPLICATE_PROTOCOL_REFERENCE,repeated for live/spoof balancing (official README)
source_SiW_Mv2/pro_3_text/trainlist_all.txt,Makeup_Im_25,YES,Makeup_Impersonation,2,DUPLICATE_PROTOCOL_REFERENCE,repeated for live/spoof balancing (official README)
source_SiW_Mv2/pro_3_text/trainlist_all.txt,Makeup_Im_26,YES,Makeup_Impersonation,2,DUPLICATE_PROTOCOL_REFERENCE,repeated for live/spoof balancing (official README)
source_SiW_Mv2/pro_3_text/trainlist_all.txt,Makeup_Im_27,YES,Makeup_Impersonation,2,DUPLICATE_PROTOCOL_REFERENCE,repeated for live/spoof balancing (official README)
source_SiW_Mv2/pro_3_text/trainlist_all.txt,Makeup_Im_28,YES,Makeup_Impersonation,2,DUPLICATE_PROTOCOL_REFERENCE,repeated for live/spoof balancing (official README)
source_SiW_Mv2/pro_3_text/trainlist_all.txt,Makeup_Im_29,YES,Makeup_Impersonation,2,DUPLICATE_PROTOCOL_REFERENCE,repeated for live/spoof balancing (official README)
source_SiW_Mv2/pro_3_text/trainlist_all.txt,Makeup_Im_3,YES,Makeup_Impersonation,3,DUPLICATE_PROTOCOL_REFERENCE,repeated for live/spoof balancing (official README)
source_SiW_Mv2/pro_3_text/trainlist_all.txt,Makeup_Im_30,YES,Makeup_Impersonation,2,DUPLICATE_PROTOCOL_REFERENCE,repeated for live/spoof balancing (official README)
source_SiW_Mv2/pro_3_text/trainlist_all.txt,Makeup_Im_31,YES,Makeup_Impersonation,2,DUPLICATE_PROTOCOL_REFERENCE,repeated for live/spoof balancing (official README)
source_SiW_Mv2/pro_3_text/trainlist_all.txt,Makeup_Im_32,YES,Makeup_Impersonation,2,DUPLICATE_PROTOCOL_REFERENCE,repeated for live/spoof balancing (official README)
source_SiW_Mv2/pro_3_text/trainlist_all.txt,Makeup_Im_33,YES,Makeup_Impersonation,2,DUPLICATE_PROTOCOL_REFERENCE,repeated for live/spoof balancing (official README)
source_SiW_Mv2/pro_3_text/trainlist_all.txt,Makeup_Im_34,YES,Makeup_Impersonation,2,DUPLICATE_PROTOCOL_REFERENCE,repeated for live/spoof balancing (official README)
source_SiW_Mv2/pro_3_text/trainlist_all.txt,Makeup_Im_35,YES,Makeup_Impersonation,2,DUPLICATE_PROTOCOL_REFERENCE,repeated for live/spoof balancing (official README)
source_SiW_Mv2/pro_3_text/trainlist_all.txt,Makeup_Im_36,YES,Makeup_Impersonation,2,DUPLICATE_PROTOCOL_REFERENCE,repeated for live/spoof balancing (official README)
source_SiW_Mv2/pro_3_text/trainlist_all.txt,Makeup_Im_37,YES,Makeup_Impersonation,2,DUPLICATE_PROTOCOL_REFERENCE,repeated for live/spoof balancing (official README)
source_SiW_Mv2/pro_3_text/trainlist_all.txt,Makeup_Im_38,YES,Makeup_Impersonation,2,DUPLICATE_PROTOCOL_REFERENCE,repeated for live/spoof balancing (official README)
source_SiW_Mv2/pro_3_text/trainlist_all.txt,Makeup_Im_39,YES,Makeup_Impersonation,2,DUPLICATE_PROTOCOL_REFERENCE,repeated for live/spoof balancing (official README)
source_SiW_Mv2/pro_3_text/trainlist_all.txt,Makeup_Im_4,YES,Makeup_Impersonation,3,DUPLICATE_PROTOCOL_REFERENCE,repeated for live/spoof balancing (official README)
source_SiW_Mv2/pro_3_text/trainlist_all.txt,Makeup_Im_5,YES,Makeup_Impersonation,3,DUPLICATE_PROTOCOL_REFERENCE,repeated for live/spoof balancing (official README)
source_SiW_Mv2/pro_3_text/trainlist_all.txt,Makeup_Im_6,YES,Makeup_Impersonation,3,DUPLICATE_PROTOCOL_REFERENCE,repeated for live/spoof balancing (official README)
source_SiW_Mv2/pro_3_text/trainlist_all.txt,Makeup_Im_7,YES,Makeup_Impersonation,3,DUPLICATE_PROTOCOL_REFERENCE,repeated for live/spoof balancing (official README)
source_SiW_Mv2/pro_3_text/trainlist_all.txt,Makeup_Im_8,YES,Makeup_Impersonation,3,DUPLICATE_PROTOCOL_REFERENCE,repeated for live/spoof balancing (official README)
source_SiW_Mv2/pro_3_text/trainlist_all.txt,Makeup_Im_9,YES,Makeup_Impersonation,3,DUPLICATE_PROTOCOL_REFERENCE,repeated for live/spoof balancing (official README)
source_SiW_Mv2/pro_3_text/trainlist_all.txt,Makeup_Ob_10,YES,Makeup_Obfuscation,9,DUPLICATE_PROTOCOL_REFERENCE,repeated for live/spoof balancing (official README)
source_SiW_Mv2/pro_3_text/trainlist_all.txt,Makeup_Ob_11,YES,Makeup_Obfuscation,8,DUPLICATE_PROTOCOL_REFERENCE,repeated for live/spoof balancing (official README)
source_SiW_Mv2/pro_3_text/trainlist_all.txt,Makeup_Ob_12,YES,Makeup_Obfuscation,8,DUPLICATE_PROTOCOL_REFERENCE,repeated for live/spoof balancing (official README)
source_SiW_Mv2/pro_3_text/trainlist_all.txt,Makeup_Ob_13,YES,Makeup_Obfuscation,8,DUPLICATE_PROTOCOL_REFERENCE,repeated for live/spoof balancing (official README)
source_SiW_Mv2/pro_3_text/trainlist_all.txt,Makeup_Ob_14,YES,Makeup_Obfuscation,8,DUPLICATE_PROTOCOL_REFERENCE,repeated for live/spoof balancing (official README)
source_SiW_Mv2/pro_3_text/trainlist_all.txt,Makeup_Ob_19,YES,Makeup_Obfuscation,8,DUPLICATE_PROTOCOL_REFERENCE,repeated for live/spoof balancing (official README)
source_SiW_Mv2/pro_3_text/trainlist_all.txt,Makeup_Ob_20,YES,Makeup_Obfuscation,8,DUPLICATE_PROTOCOL_REFERENCE,repeated for live/spoof balancing (official README)
source_SiW_Mv2/pro_3_text/trainlist_all.txt,Makeup_Ob_21,YES,Makeup_Obfuscation,8,DUPLICATE_PROTOCOL_REFERENCE,repeated for live/spoof balancing (official README)
source_SiW_Mv2/pro_3_text/trainlist_all.txt,Makeup_Ob_22,YES,Makeup_Obfuscation,8,DUPLICATE_PROTOCOL_REFERENCE,repeated for live/spoof balancing (official README)
source_SiW_Mv2/pro_3_text/trainlist_all.txt,Makeup_Ob_5,YES,Makeup_Obfuscation,9,DUPLICATE_PROTOCOL_REFERENCE,repeated for live/spoof balancing (official README)
source_SiW_Mv2/pro_3_text/trainlist_all.txt,Makeup_Ob_7,YES,Makeup_Obfuscation,9,DUPLICATE_PROTOCOL_REFERENCE,repeated for live/spoof balancing (official README)
source_SiW_Mv2/pro_3_text/trainlist_all.txt,Makeup_Ob_9,YES,Makeup_Obfuscation,9,DUPLICATE_PROTOCOL_REFERENCE,repeated for live/spoof balancing (official README)
source_SiW_Mv2/pro_3_text/trainlist_all.txt,Mask_Half_13,YES,Mask_HalfMask,2,DUPLICATE_PROTOCOL_REFERENCE,repeated for live/spoof balancing (official README)
source_SiW_Mv2/pro_3_text/trainlist_all.txt,Mask_Half_15,YES,Mask_HalfMask,2,DUPLICATE_PROTOCOL_REFERENCE,repeated for live/spoof balancing (official README)
source_SiW_Mv2/pro_3_text/trainlist_all.txt,Mask_Half_16,YES,Mask_HalfMask,2,DUPLICATE_PROTOCOL_REFERENCE,repeated for live/spoof balancing (official README)
source_SiW_Mv2/pro_3_text/trainlist_all.txt,Mask_Half_17,YES,Mask_HalfMask,2,DUPLICATE_PROTOCOL_REFERENCE,repeated for live/spoof balancing (official README)
source_SiW_Mv2/pro_3_text/trainlist_all.txt,Mask_Half_19,YES,Mask_HalfMask,2,DUPLICATE_PROTOCOL_REFERENCE,repeated for live/spoof balancing (official README)
source_SiW_Mv2/pro_3_text/trainlist_all.txt,Mask_Half_2,YES,Mask_HalfMask,2,DUPLICATE_PROTOCOL_REFERENCE,repeated for live/spoof balancing (official README)
source_SiW_Mv2/pro_3_text/trainlist_all.txt,Mask_Half_20,YES,Mask_HalfMask,2,DUPLICATE_PROTOCOL_REFERENCE,repeated for live/spoof balancing (official README)
source_SiW_Mv2/pro_3_text/trainlist_all.txt,Mask_Half_21,YES,Mask_HalfMask,2,DUPLICATE_PROTOCOL_REFERENCE,repeated for live/spoof balancing (official README)
source_SiW_Mv2/pro_3_text/trainlist_all.txt,Mask_Half_22,YES,Mask_HalfMask,2,DUPLICATE_PROTOCOL_REFERENCE,repeated for live/spoof balancing (official README)
source_SiW_Mv2/pro_3_text/trainlist_all.txt,Mask_Half_23,YES,Mask_HalfMask,2,DUPLICATE_PROTOCOL_REFERENCE,repeated for live/spoof balancing (official README)
source_SiW_Mv2/pro_3_text/trainlist_all.txt,Mask_Half_24,YES,Mask_HalfMask,2,DUPLICATE_PROTOCOL_REFERENCE,repeated for live/spoof balancing (official README)
source_SiW_Mv2/pro_3_text/trainlist_all.txt,Mask_Half_26,YES,Mask_HalfMask,2,DUPLICATE_PROTOCOL_REFERENCE,repeated for live/spoof balancing (official README)
source_SiW_Mv2/pro_3_text/trainlist_all.txt,Mask_Half_29,YES,Mask_HalfMask,2,DUPLICATE_PROTOCOL_REFERENCE,repeated for live/spoof balancing (official README)
source_SiW_Mv2/pro_3_text/trainlist_all.txt,Mask_Half_30,YES,Mask_HalfMask,2,DUPLICATE_PROTOCOL_REFERENCE,repeated for live/spoof balancing (official README)
source_SiW_Mv2/pro_3_text/trainlist_all.txt,Mask_Half_34,YES,Mask_HalfMask,2,DUPLICATE_PROTOCOL_REFERENCE,repeated for live/spoof balancing (official README)
source_SiW_Mv2/pro_3_text/trainlist_all.txt,Mask_Half_35,YES,Mask_HalfMask,2,DUPLICATE_PROTOCOL_REFERENCE,repeated for live/spoof balancing (official README)
source_SiW_Mv2/pro_3_text/trainlist_all.txt,Mask_Half_36,YES,Mask_HalfMask,2,DUPLICATE_PROTOCOL_REFERENCE,repeated for live/spoof balancing (official README)
source_SiW_Mv2/pro_3_text/trainlist_all.txt,Mask_Half_37,YES,Mask_HalfMask,2,DUPLICATE_PROTOCOL_REFERENCE,repeated for live/spoof balancing (official README)
source_SiW_Mv2/pro_3_text/trainlist_all.txt,Mask_Half_38,YES,Mask_HalfMask,2,DUPLICATE_PROTOCOL_REFERENCE,repeated for live/spoof balancing (official README)
source_SiW_Mv2/pro_3_text/trainlist_all.txt,Mask_Half_39,YES,Mask_HalfMask,2,DUPLICATE_PROTOCOL_REFERENCE,repeated for live/spoof balancing (official README)
source_SiW_Mv2/pro_3_text/trainlist_all.txt,Mask_Half_41,YES,Mask_HalfMask,2,DUPLICATE_PROTOCOL_REFERENCE,repeated for live/spoof balancing (official README)
source_SiW_Mv2/pro_3_text/trainlist_all.txt,Mask_Half_42,YES,Mask_HalfMask,2,DUPLICATE_PROTOCOL_REFERENCE,repeated for live/spoof balancing (official README)
source_SiW_Mv2/pro_3_text/trainlist_all.txt,Mask_Half_43,YES,Mask_HalfMask,2,DUPLICATE_PROTOCOL_REFERENCE,repeated for live/spoof balancing (official README)
source_SiW_Mv2/pro_3_text/trainlist_all.txt,Mask_Half_44,YES,Mask_HalfMask,2,DUPLICATE_PROTOCOL_REFERENCE,repeated for live/spoof balancing (official README)
source_SiW_Mv2/pro_3_text/trainlist_all.txt,Mask_Half_45,YES,Mask_HalfMask,2,DUPLICATE_PROTOCOL_REFERENCE,repeated for live/spoof balancing (official README)
source_SiW_Mv2/pro_3_text/trainlist_all.txt,Mask_Half_46,YES,Mask_HalfMask,2,DUPLICATE_PROTOCOL_REFERENCE,repeated for live/spoof balancing (official README)
source_SiW_Mv2/pro_3_text/trainlist_all.txt,Mask_Half_47,YES,Mask_HalfMask,2,DUPLICATE_PROTOCOL_REFERENCE,repeated for live/spoof balancing (official README)
source_SiW_Mv2/pro_3_text/trainlist_all.txt,Mask_Half_48,YES,Mask_HalfMask,2,DUPLICATE_PROTOCOL_REFERENCE,repeated for live/spoof balancing (official README)
source_SiW_Mv2/pro_3_text/trainlist_all.txt,Mask_Half_49,YES,Mask_HalfMask,2,DUPLICATE_PROTOCOL_REFERENCE,repeated for live/spoof balancing (official README)
source_SiW_Mv2/pro_3_text/trainlist_all.txt,Mask_Half_5,YES,Mask_HalfMask,2,DUPLICATE_PROTOCOL_REFERENCE,repeated for live/spoof balancing (official README)
source_SiW_Mv2/pro_3_text/trainlist_all.txt,Mask_Half_51,YES,Mask_HalfMask,2,DUPLICATE_PROTOCOL_REFERENCE,repeated for live/spoof balancing (official README)
source_SiW_Mv2/pro_3_text/trainlist_all.txt,Mask_Half_52,YES,Mask_HalfMask,2,DUPLICATE_PROTOCOL_REFERENCE,repeated for live/spoof balancing (official README)
source_SiW_Mv2/pro_3_text/trainlist_all.txt,Mask_Half_53,YES,Mask_HalfMask,2,DUPLICATE_PROTOCOL_REFERENCE,repeated for live/spoof balancing (official README)
source_SiW_Mv2/pro_3_text/trainlist_all.txt,Mask_Half_54,YES,Mask_HalfMask,2,DUPLICATE_PROTOCOL_REFERENCE,repeated for live/spoof balancing (official README)
source_SiW_Mv2/pro_3_text/trainlist_all.txt,Mask_Half_55,YES,Mask_HalfMask,2,DUPLICATE_PROTOCOL_REFERENCE,repeated for live/spoof balancing (official README)
source_SiW_Mv2/pro_3_text/trainlist_all.txt,Mask_Half_57,YES,Mask_HalfMask,2,DUPLICATE_PROTOCOL_REFERENCE,repeated for live/spoof balancing (official README)
source_SiW_Mv2/pro_3_text/trainlist_all.txt,Mask_Half_58,YES,Mask_HalfMask,2,DUPLICATE_PROTOCOL_REFERENCE,repeated for live/spoof balancing (official README)
source_SiW_Mv2/pro_3_text/trainlist_all.txt,Mask_Half_59,YES,Mask_HalfMask,2,DUPLICATE_PROTOCOL_REFERENCE,repeated for live/spoof balancing (official README)
source_SiW_Mv2/pro_3_text/trainlist_all.txt,Mask_Half_6,YES,Mask_HalfMask,2,DUPLICATE_PROTOCOL_REFERENCE,repeated for live/spoof balancing (official README)
source_SiW_Mv2/pro_3_text/trainlist_all.txt,Mask_Half_60,YES,Mask_HalfMask,2,DUPLICATE_PROTOCOL_REFERENCE,repeated for live/spoof balancing (official README)
source_SiW_Mv2/pro_3_text/trainlist_all.txt,Mask_Half_61,YES,Mask_HalfMask,2,DUPLICATE_PROTOCOL_REFERENCE,repeated for live/spoof balancing (official README)
source_SiW_Mv2/pro_3_text/trainlist_all.txt,Mask_Half_62,YES,Mask_HalfMask,2,DUPLICATE_PROTOCOL_REFERENCE,repeated for live/spoof balancing (official README)
source_SiW_Mv2/pro_3_text/trainlist_all.txt,Mask_Half_63,YES,Mask_HalfMask,2,DUPLICATE_PROTOCOL_REFERENCE,repeated for live/spoof balancing (official README)
source_SiW_Mv2/pro_3_text/trainlist_all.txt,Mask_Half_64,YES,Mask_HalfMask,2,DUPLICATE_PROTOCOL_REFERENCE,repeated for live/spoof balancing (official README)
source_SiW_Mv2/pro_3_text/trainlist_all.txt,Mask_Half_65,YES,Mask_HalfMask,2,DUPLICATE_PROTOCOL_REFERENCE,repeated for live/spoof balancing (official README)
source_SiW_Mv2/pro_3_text/trainlist_all.txt,Mask_Half_66,YES,Mask_HalfMask,2,DUPLICATE_PROTOCOL_REFERENCE,repeated for live/spoof balancing (official README)
source_SiW_Mv2/pro_3_text/trainlist_all.txt,Mask_Half_67,YES,Mask_HalfMask,2,DUPLICATE_PROTOCOL_REFERENCE,repeated for live/spoof balancing (official README)
source_SiW_Mv2/pro_3_text/trainlist_all.txt,Mask_Half_68,YES,Mask_HalfMask,2,DUPLICATE_PROTOCOL_REFERENCE,repeated for live/spoof balancing (official README)
source_SiW_Mv2/pro_3_text/trainlist_all.txt,Mask_Half_69,YES,Mask_HalfMask,1,PRESENT,
source_SiW_Mv2/pro_3_text/trainlist_all.txt,Mask_Half_70,YES,Mask_HalfMask,1,PRESENT,
source_SiW_Mv2/pro_3_text/trainlist_all.txt,Mask_Half_71,YES,Mask_HalfMask,1,PRESENT,
source_SiW_Mv2/pro_3_text/trainlist_all.txt,Mask_Half_72,YES,Mask_HalfMask,1,PRESENT,
source_SiW_Mv2/pro_3_text/trainlist_all.txt,Mask_Mann_1,YES,Mannequin,4,DUPLICATE_PROTOCOL_REFERENCE,repeated for live/spoof balancing (official README)
source_SiW_Mv2/pro_3_text/trainlist_all.txt,Mask_Mann_10,YES,Mannequin,4,DUPLICATE_PROTOCOL_REFERENCE,repeated for live/spoof balancing (official README)
source_SiW_Mv2/pro_3_text/trainlist_all.txt,Mask_Mann_12,YES,Mannequin,4,DUPLICATE_PROTOCOL_REFERENCE,repeated for live/spoof balancing (official README)
source_SiW_Mv2/pro_3_text/trainlist_all.txt,Mask_Mann_16,YES,Mannequin,4,DUPLICATE_PROTOCOL_REFERENCE,repeated for live/spoof balancing (official README)
source_SiW_Mv2/pro_3_text/trainlist_all.txt,Mask_Mann_17,YES,Mannequin,4,DUPLICATE_PROTOCOL_REFERENCE,repeated for live/spoof balancing (official README)
source_SiW_Mv2/pro_3_text/trainlist_all.txt,Mask_Mann_18,YES,Mannequin,4,DUPLICATE_PROTOCOL_REFERENCE,repeated for live/spoof balancing (official README)
source_SiW_Mv2/pro_3_text/trainlist_all.txt,Mask_Mann_19,YES,Mannequin,4,DUPLICATE_PROTOCOL_REFERENCE,repeated for live/spoof balancing (official README)
source_SiW_Mv2/pro_3_text/trainlist_all.txt,Mask_Mann_2,YES,Mannequin,4,DUPLICATE_PROTOCOL_REFERENCE,repeated for live/spoof balancing (official README)
source_SiW_Mv2/pro_3_text/trainlist_all.txt,Mask_Mann_20,YES,Mannequin,4,DUPLICATE_PROTOCOL_REFERENCE,repeated for live/spoof balancing (official README)
source_SiW_Mv2/pro_3_text/trainlist_all.txt,Mask_Mann_21,YES,Mannequin,4,DUPLICATE_PROTOCOL_REFERENCE,repeated for live/spoof balancing (official README)
source_SiW_Mv2/pro_3_text/trainlist_all.txt,Mask_Mann_22,YES,Mannequin,4,DUPLICATE_PROTOCOL_REFERENCE,repeated for live/spoof balancing (official README)
source_SiW_Mv2/pro_3_text/trainlist_all.txt,Mask_Mann_23,YES,Mannequin,4,DUPLICATE_PROTOCOL_REFERENCE,repeated for live/spoof balancing (official README)
source_SiW_Mv2/pro_3_text/trainlist_all.txt,Mask_Mann_24,YES,Mannequin,4,DUPLICATE_PROTOCOL_REFERENCE,repeated for live/spoof balancing (official README)
source_SiW_Mv2/pro_3_text/trainlist_all.txt,Mask_Mann_27,YES,Mannequin,4,DUPLICATE_PROTOCOL_REFERENCE,repeated for live/spoof balancing (official README)
source_SiW_Mv2/pro_3_text/trainlist_all.txt,Mask_Mann_29,YES,Mannequin,4,DUPLICATE_PROTOCOL_REFERENCE,repeated for live/spoof balancing (official README)
source_SiW_Mv2/pro_3_text/trainlist_all.txt,Mask_Mann_3,YES,Mannequin,4,DUPLICATE_PROTOCOL_REFERENCE,repeated for live/spoof balancing (official README)
source_SiW_Mv2/pro_3_text/trainlist_all.txt,Mask_Mann_31,YES,Mannequin,4,DUPLICATE_PROTOCOL_REFERENCE,repeated for live/spoof balancing (official README)
source_SiW_Mv2/pro_3_text/trainlist_all.txt,Mask_Mann_34,YES,Mannequin,4,DUPLICATE_PROTOCOL_REFERENCE,repeated for live/spoof balancing (official README)
source_SiW_Mv2/pro_3_text/trainlist_all.txt,Mask_Mann_35,YES,Mannequin,4,DUPLICATE_PROTOCOL_REFERENCE,repeated for live/spoof balancing (official README)
source_SiW_Mv2/pro_3_text/trainlist_all.txt,Mask_Mann_36,YES,Mannequin,3,DUPLICATE_PROTOCOL_REFERENCE,repeated for live/spoof balancing (official README)
source_SiW_Mv2/pro_3_text/trainlist_all.txt,Mask_Mann_37,YES,Mannequin,3,DUPLICATE_PROTOCOL_REFERENCE,repeated for live/spoof balancing (official README)
source_SiW_Mv2/pro_3_text/trainlist_all.txt,Mask_Mann_38,YES,Mannequin,3,DUPLICATE_PROTOCOL_REFERENCE,repeated for live/spoof balancing (official README)
source_SiW_Mv2/pro_3_text/trainlist_all.txt,Mask_Mann_39,YES,Mannequin,3,DUPLICATE_PROTOCOL_REFERENCE,repeated for live/spoof balancing (official README)
source_SiW_Mv2/pro_3_text/trainlist_all.txt,Mask_Mann_4,YES,Mannequin,4,DUPLICATE_PROTOCOL_REFERENCE,repeated for live/spoof balancing (official README)
source_SiW_Mv2/pro_3_text/trainlist_all.txt,Mask_Mann_5,YES,Mannequin,4,DUPLICATE_PROTOCOL_REFERENCE,repeated for live/spoof balancing (official README)
source_SiW_Mv2/pro_3_text/trainlist_all.txt,Mask_Mann_8,YES,Mannequin,4,DUPLICATE_PROTOCOL_REFERENCE,repeated for live/spoof balancing (official README)
source_SiW_Mv2/pro_3_text/trainlist_all.txt,Mask_Paper_1,YES,Mask_PaperMask,10,DUPLICATE_PROTOCOL_REFERENCE,repeated for live/spoof balancing (official README)
source_SiW_Mv2/pro_3_text/trainlist_all.txt,Mask_Paper_11,YES,Mask_PaperMask,9,DUPLICATE_PROTOCOL_REFERENCE,repeated for live/spoof balancing (official README)
source_SiW_Mv2/pro_3_text/trainlist_all.txt,Mask_Paper_13,YES,Mask_PaperMask,9,DUPLICATE_PROTOCOL_REFERENCE,repeated for live/spoof balancing (official README)
source_SiW_Mv2/pro_3_text/trainlist_all.txt,Mask_Paper_14,YES,Mask_PaperMask,9,DUPLICATE_PROTOCOL_REFERENCE,repeated for live/spoof balancing (official README)
source_SiW_Mv2/pro_3_text/trainlist_all.txt,Mask_Paper_15,YES,Mask_PaperMask,9,DUPLICATE_PROTOCOL_REFERENCE,repeated for live/spoof balancing (official README)
source_SiW_Mv2/pro_3_text/trainlist_all.txt,Mask_Paper_16,YES,Mask_PaperMask,9,DUPLICATE_PROTOCOL_REFERENCE,repeated for live/spoof balancing (official README)
source_SiW_Mv2/pro_3_text/trainlist_all.txt,Mask_Paper_17,YES,Mask_PaperMask,9,DUPLICATE_PROTOCOL_REFERENCE,repeated for live/spoof balancing (official README)
source_SiW_Mv2/pro_3_text/trainlist_all.txt,Mask_Paper_3,YES,Mask_PaperMask,9,DUPLICATE_PROTOCOL_REFERENCE,repeated for live/spoof balancing (official README)
source_SiW_Mv2/pro_3_text/trainlist_all.txt,Mask_Paper_5,YES,Mask_PaperMask,9,DUPLICATE_PROTOCOL_REFERENCE,repeated for live/spoof balancing (official README)
source_SiW_Mv2/pro_3_text/trainlist_all.txt,Mask_Paper_7,YES,Mask_PaperMask,9,DUPLICATE_PROTOCOL_REFERENCE,repeated for live/spoof balancing (official README)
source_SiW_Mv2/pro_3_text/trainlist_all.txt,Mask_Paper_9,YES,Mask_PaperMask,9,DUPLICATE_PROTOCOL_REFERENCE,repeated for live/spoof balancing (official README)
source_SiW_Mv2/pro_3_text/trainlist_all.txt,Mask_Silicone_10,YES,Silicone,11,DUPLICATE_PROTOCOL_REFERENCE,repeated for live/spoof balancing (official README)
source_SiW_Mv2/pro_3_text/trainlist_all.txt,Mask_Silicone_11,YES,Silicone,11,DUPLICATE_PROTOCOL_REFERENCE,repeated for live/spoof balancing (official README)
source_SiW_Mv2/pro_3_text/trainlist_all.txt,Mask_Silicone_12,YES,Silicone,11,DUPLICATE_PROTOCOL_REFERENCE,repeated for live/spoof balancing (official README)
source_SiW_Mv2/pro_3_text/trainlist_all.txt,Mask_Silicone_17,YES,Silicone,11,DUPLICATE_PROTOCOL_REFERENCE,repeated for live/spoof balancing (official README)
source_SiW_Mv2/pro_3_text/trainlist_all.txt,Mask_Silicone_2,YES,Silicone,12,DUPLICATE_PROTOCOL_REFERENCE,repeated for live/spoof balancing (official README)
source_SiW_Mv2/pro_3_text/trainlist_all.txt,Mask_Silicone_3,YES,Silicone,11,DUPLICATE_PROTOCOL_REFERENCE,repeated for live/spoof balancing (official README)
source_SiW_Mv2/pro_3_text/trainlist_all.txt,Mask_Silicone_7,YES,Silicone,11,DUPLICATE_PROTOCOL_REFERENCE,repeated for live/spoof balancing (official README)
source_SiW_Mv2/pro_3_text/trainlist_all.txt,Mask_Silicone_8,YES,Silicone,11,DUPLICATE_PROTOCOL_REFERENCE,repeated for live/spoof balancing (official README)
source_SiW_Mv2/pro_3_text/trainlist_all.txt,Mask_Silicone_9,YES,Silicone,11,DUPLICATE_PROTOCOL_REFERENCE,repeated for live/spoof balancing (official README)
source_SiW_Mv2/pro_3_text/trainlist_all.txt,Mask_Trans_1,YES,Mask_TransparentMask,5,DUPLICATE_PROTOCOL_REFERENCE,repeated for live/spoof balancing (official README)
source_SiW_Mv2/pro_3_text/trainlist_all.txt,Mask_Trans_10,YES,Mask_TransparentMask,4,DUPLICATE_PROTOCOL_REFERENCE,repeated for live/spoof balancing (official README)
source_SiW_Mv2/pro_3_text/trainlist_all.txt,Mask_Trans_11,YES,Mask_TransparentMask,4,DUPLICATE_PROTOCOL_REFERENCE,repeated for live/spoof balancing (official README)
source_SiW_Mv2/pro_3_text/trainlist_all.txt,Mask_Trans_12,YES,Mask_TransparentMask,4,DUPLICATE_PROTOCOL_REFERENCE,repeated for live/spoof balancing (official README)
source_SiW_Mv2/pro_3_text/trainlist_all.txt,Mask_Trans_13,YES,Mask_TransparentMask,4,DUPLICATE_PROTOCOL_REFERENCE,repeated for live/spoof balancing (official README)
source_SiW_Mv2/pro_3_text/trainlist_all.txt,Mask_Trans_14,YES,Mask_TransparentMask,4,DUPLICATE_PROTOCOL_REFERENCE,repeated for live/spoof balancing (official README)
source_SiW_Mv2/pro_3_text/trainlist_all.txt,Mask_Trans_15,YES,Mask_TransparentMask,4,DUPLICATE_PROTOCOL_REFERENCE,repeated for live/spoof balancing (official README)
source_SiW_Mv2/pro_3_text/trainlist_all.txt,Mask_Trans_16,YES,Mask_TransparentMask,4,DUPLICATE_PROTOCOL_REFERENCE,repeated for live/spoof balancing (official README)
source_SiW_Mv2/pro_3_text/trainlist_all.txt,Mask_Trans_17,YES,Mask_TransparentMask,4,DUPLICATE_PROTOCOL_REFERENCE,repeated for live/spoof balancing (official README)
source_SiW_Mv2/pro_3_text/trainlist_all.txt,Mask_Trans_19,YES,Mask_TransparentMask,4,DUPLICATE_PROTOCOL_REFERENCE,repeated for live/spoof balancing (official README)
source_SiW_Mv2/pro_3_text/trainlist_all.txt,Mask_Trans_2,YES,Mask_TransparentMask,5,DUPLICATE_PROTOCOL_REFERENCE,repeated for live/spoof balancing (official README)
source_SiW_Mv2/pro_3_text/trainlist_all.txt,Mask_Trans_20,YES,Mask_TransparentMask,4,DUPLICATE_PROTOCOL_REFERENCE,repeated for live/spoof balancing (official README)
source_SiW_Mv2/pro_3_text/trainlist_all.txt,Mask_Trans_21,YES,Mask_TransparentMask,4,DUPLICATE_PROTOCOL_REFERENCE,repeated for live/spoof balancing (official README)
source_SiW_Mv2/pro_3_text/trainlist_all.txt,Mask_Trans_22,YES,Mask_TransparentMask,4,DUPLICATE_PROTOCOL_REFERENCE,repeated for live/spoof balancing (official README)
source_SiW_Mv2/pro_3_text/trainlist_all.txt,Mask_Trans_23,YES,Mask_TransparentMask,4,DUPLICATE_PROTOCOL_REFERENCE,repeated for live/spoof balancing (official README)
source_SiW_Mv2/pro_3_text/trainlist_all.txt,Mask_Trans_3,YES,Mask_TransparentMask,5,DUPLICATE_PROTOCOL_REFERENCE,repeated for live/spoof balancing (official README)
source_SiW_Mv2/pro_3_text/trainlist_all.txt,Mask_Trans_5,YES,Mask_TransparentMask,5,DUPLICATE_PROTOCOL_REFERENCE,repeated for live/spoof balancing (official README)
source_SiW_Mv2/pro_3_text/trainlist_all.txt,Mask_Trans_51,YES,Mask_TransparentMask,4,DUPLICATE_PROTOCOL_REFERENCE,repeated for live/spoof balancing (official README)
source_SiW_Mv2/pro_3_text/trainlist_all.txt,Mask_Trans_56,YES,Mask_TransparentMask,4,DUPLICATE_PROTOCOL_REFERENCE,repeated for live/spoof balancing (official README)
source_SiW_Mv2/pro_3_text/trainlist_all.txt,Mask_Trans_58,YES,Mask_TransparentMask,4,DUPLICATE_PROTOCOL_REFERENCE,repeated for live/spoof balancing (official README)
source_SiW_Mv2/pro_3_text/trainlist_all.txt,Mask_Trans_59,YES,Mask_TransparentMask,4,DUPLICATE_PROTOCOL_REFERENCE,repeated for live/spoof balancing (official README)
source_SiW_Mv2/pro_3_text/trainlist_all.txt,Mask_Trans_7,YES,Mask_TransparentMask,4,DUPLICATE_PROTOCOL_REFERENCE,repeated for live/spoof balancing (official README)
source_SiW_Mv2/pro_3_text/trainlist_all.txt,Mask_Trans_8,YES,Mask_TransparentMask,4,DUPLICATE_PROTOCOL_REFERENCE,repeated for live/spoof balancing (official README)
source_SiW_Mv2/pro_3_text/trainlist_all.txt,Mask_Trans_9,YES,Mask_TransparentMask,4,DUPLICATE_PROTOCOL_REFERENCE,repeated for live/spoof balancing (official README)
source_SiW_Mv2/pro_3_text/trainlist_all.txt,Paper_101,YES,Paper,1,PRESENT,
source_SiW_Mv2/pro_3_text/trainlist_all.txt,Paper_105,YES,Paper,1,PRESENT,
source_SiW_Mv2/pro_3_text/trainlist_all.txt,Paper_107,YES,Paper,1,PRESENT,
source_SiW_Mv2/pro_3_text/trainlist_all.txt,Paper_108,YES,Paper,1,PRESENT,
source_SiW_Mv2/pro_3_text/trainlist_all.txt,Paper_109,YES,Paper,1,PRESENT,
source_SiW_Mv2/pro_3_text/trainlist_all.txt,Paper_111,YES,Paper,1,PRESENT,
source_SiW_Mv2/pro_3_text/trainlist_all.txt,Paper_112,YES,Paper,1,PRESENT,
source_SiW_Mv2/pro_3_text/trainlist_all.txt,Paper_113,YES,Paper,1,PRESENT,
source_SiW_Mv2/pro_3_text/trainlist_all.txt,Paper_114,YES,Paper,1,PRESENT,
source_SiW_Mv2/pro_3_text/trainlist_all.txt,Paper_115,YES,Paper,1,PRESENT,
source_SiW_Mv2/pro_3_text/trainlist_all.txt,Paper_117,YES,Paper,1,PRESENT,
source_SiW_Mv2/pro_3_text/trainlist_all.txt,Paper_118,YES,Paper,1,PRESENT,
source_SiW_Mv2/pro_3_text/trainlist_all.txt,Paper_119,YES,Paper,1,PRESENT,
source_SiW_Mv2/pro_3_text/trainlist_all.txt,Paper_12,YES,Paper,2,DUPLICATE_PROTOCOL_REFERENCE,repeated for live/spoof balancing (official README)
source_SiW_Mv2/pro_3_text/trainlist_all.txt,Paper_120,YES,Paper,1,PRESENT,
source_SiW_Mv2/pro_3_text/trainlist_all.txt,Paper_121,YES,Paper,1,PRESENT,
source_SiW_Mv2/pro_3_text/trainlist_all.txt,Paper_122,YES,Paper,1,PRESENT,
source_SiW_Mv2/pro_3_text/trainlist_all.txt,Paper_123,YES,Paper,1,PRESENT,
source_SiW_Mv2/pro_3_text/trainlist_all.txt,Paper_124,YES,Paper,1,PRESENT,
source_SiW_Mv2/pro_3_text/trainlist_all.txt,Paper_125,YES,Paper,1,PRESENT,
source_SiW_Mv2/pro_3_text/trainlist_all.txt,Paper_126,YES,Paper,1,PRESENT,
source_SiW_Mv2/pro_3_text/trainlist_all.txt,Paper_14,YES,Paper,2,DUPLICATE_PROTOCOL_REFERENCE,repeated for live/spoof balancing (official README)
source_SiW_Mv2/pro_3_text/trainlist_all.txt,Paper_15,YES,Paper,2,DUPLICATE_PROTOCOL_REFERENCE,repeated for live/spoof balancing (official README)
source_SiW_Mv2/pro_3_text/trainlist_all.txt,Paper_16,YES,Paper,2,DUPLICATE_PROTOCOL_REFERENCE,repeated for live/spoof balancing (official README)
source_SiW_Mv2/pro_3_text/trainlist_all.txt,Paper_17,YES,Paper,2,DUPLICATE_PROTOCOL_REFERENCE,repeated for live/spoof balancing (official README)
source_SiW_Mv2/pro_3_text/trainlist_all.txt,Paper_18,YES,Paper,2,DUPLICATE_PROTOCOL_REFERENCE,repeated for live/spoof balancing (official README)
source_SiW_Mv2/pro_3_text/trainlist_all.txt,Paper_19,YES,Paper,2,DUPLICATE_PROTOCOL_REFERENCE,repeated for live/spoof balancing (official README)
source_SiW_Mv2/pro_3_text/trainlist_all.txt,Paper_20,YES,Paper,2,DUPLICATE_PROTOCOL_REFERENCE,repeated for live/spoof balancing (official README)
source_SiW_Mv2/pro_3_text/trainlist_all.txt,Paper_21,YES,Paper,2,DUPLICATE_PROTOCOL_REFERENCE,repeated for live/spoof balancing (official README)
source_SiW_Mv2/pro_3_text/trainlist_all.txt,Paper_22,YES,Paper,2,DUPLICATE_PROTOCOL_REFERENCE,repeated for live/spoof balancing (official README)
source_SiW_Mv2/pro_3_text/trainlist_all.txt,Paper_24,YES,Paper,2,DUPLICATE_PROTOCOL_REFERENCE,repeated for live/spoof balancing (official README)
source_SiW_Mv2/pro_3_text/trainlist_all.txt,Paper_25,YES,Paper,2,DUPLICATE_PROTOCOL_REFERENCE,repeated for live/spoof balancing (official README)
source_SiW_Mv2/pro_3_text/trainlist_all.txt,Paper_27,YES,Paper,2,DUPLICATE_PROTOCOL_REFERENCE,repeated for live/spoof balancing (official README)
source_SiW_Mv2/pro_3_text/trainlist_all.txt,Paper_28,YES,Paper,2,DUPLICATE_PROTOCOL_REFERENCE,repeated for live/spoof balancing (official README)
source_SiW_Mv2/pro_3_text/trainlist_all.txt,Paper_29,YES,Paper,2,DUPLICATE_PROTOCOL_REFERENCE,repeated for live/spoof balancing (official README)
source_SiW_Mv2/pro_3_text/trainlist_all.txt,Paper_30,YES,Paper,2,DUPLICATE_PROTOCOL_REFERENCE,repeated for live/spoof balancing (official README)
source_SiW_Mv2/pro_3_text/trainlist_all.txt,Paper_31,YES,Paper,2,DUPLICATE_PROTOCOL_REFERENCE,repeated for live/spoof balancing (official README)
source_SiW_Mv2/pro_3_text/trainlist_all.txt,Paper_34,YES,Paper,1,PRESENT,
source_SiW_Mv2/pro_3_text/trainlist_all.txt,Paper_35,YES,Paper,1,PRESENT,
source_SiW_Mv2/pro_3_text/trainlist_all.txt,Paper_38,YES,Paper,1,PRESENT,
source_SiW_Mv2/pro_3_text/trainlist_all.txt,Paper_39,YES,Paper,1,PRESENT,
source_SiW_Mv2/pro_3_text/trainlist_all.txt,Paper_4,YES,Paper,2,DUPLICATE_PROTOCOL_REFERENCE,repeated for live/spoof balancing (official README)
source_SiW_Mv2/pro_3_text/trainlist_all.txt,Paper_41,YES,Paper,1,PRESENT,
source_SiW_Mv2/pro_3_text/trainlist_all.txt,Paper_42,YES,Paper,1,PRESENT,
source_SiW_Mv2/pro_3_text/trainlist_all.txt,Paper_43,YES,Paper,1,PRESENT,
source_SiW_Mv2/pro_3_text/trainlist_all.txt,Paper_44,YES,Paper,1,PRESENT,
source_SiW_Mv2/pro_3_text/trainlist_all.txt,Paper_47,YES,Paper,1,PRESENT,
source_SiW_Mv2/pro_3_text/trainlist_all.txt,Paper_5,YES,Paper,2,DUPLICATE_PROTOCOL_REFERENCE,repeated for live/spoof balancing (official README)
source_SiW_Mv2/pro_3_text/trainlist_all.txt,Paper_51,YES,Paper,1,PRESENT,
source_SiW_Mv2/pro_3_text/trainlist_all.txt,Paper_57,YES,Paper,1,PRESENT,
source_SiW_Mv2/pro_3_text/trainlist_all.txt,Paper_58,YES,Paper,1,PRESENT,
source_SiW_Mv2/pro_3_text/trainlist_all.txt,Paper_59,YES,Paper,1,PRESENT,
source_SiW_Mv2/pro_3_text/trainlist_all.txt,Paper_60,YES,Paper,1,PRESENT,
source_SiW_Mv2/pro_3_text/trainlist_all.txt,Paper_61,YES,Paper,1,PRESENT,
source_SiW_Mv2/pro_3_text/trainlist_all.txt,Paper_63,YES,Paper,1,PRESENT,
source_SiW_Mv2/pro_3_text/trainlist_all.txt,Paper_64,YES,Paper,1,PRESENT,
source_SiW_Mv2/pro_3_text/trainlist_all.txt,Paper_65,YES,Paper,1,PRESENT,
source_SiW_Mv2/pro_3_text/trainlist_all.txt,Paper_66,YES,Paper,1,PRESENT,
source_SiW_Mv2/pro_3_text/trainlist_all.txt,Paper_68,YES,Paper,1,PRESENT,
source_SiW_Mv2/pro_3_text/trainlist_all.txt,Paper_7,YES,Paper,2,DUPLICATE_PROTOCOL_REFERENCE,repeated for live/spoof balancing (official README)
source_SiW_Mv2/pro_3_text/trainlist_all.txt,Paper_72,YES,Paper,1,PRESENT,
source_SiW_Mv2/pro_3_text/trainlist_all.txt,Paper_73,YES,Paper,1,PRESENT,
source_SiW_Mv2/pro_3_text/trainlist_all.txt,Paper_74,YES,Paper,1,PRESENT,
source_SiW_Mv2/pro_3_text/trainlist_all.txt,Paper_75,YES,Paper,1,PRESENT,
source_SiW_Mv2/pro_3_text/trainlist_all.txt,Paper_77,YES,Paper,1,PRESENT,
source_SiW_Mv2/pro_3_text/trainlist_all.txt,Paper_79,YES,Paper,1,PRESENT,
source_SiW_Mv2/pro_3_text/trainlist_all.txt,Paper_84,YES,Paper,1,PRESENT,
source_SiW_Mv2/pro_3_text/trainlist_all.txt,Paper_85,YES,Paper,1,PRESENT,
source_SiW_Mv2/pro_3_text/trainlist_all.txt,Paper_86,YES,Paper,1,PRESENT,
source_SiW_Mv2/pro_3_text/trainlist_all.txt,Paper_89,YES,Paper,1,PRESENT,
source_SiW_Mv2/pro_3_text/trainlist_all.txt,Paper_9,YES,Paper,2,DUPLICATE_PROTOCOL_REFERENCE,repeated for live/spoof balancing (official README)
source_SiW_Mv2/pro_3_text/trainlist_all.txt,Paper_90,YES,Paper,1,PRESENT,
source_SiW_Mv2/pro_3_text/trainlist_all.txt,Paper_91,YES,Paper,1,PRESENT,
source_SiW_Mv2/pro_3_text/trainlist_all.txt,Paper_92,YES,Paper,1,PRESENT,
source_SiW_Mv2/pro_3_text/trainlist_all.txt,Paper_93,YES,Paper,1,PRESENT,
source_SiW_Mv2/pro_3_text/trainlist_all.txt,Paper_94,YES,Paper,1,PRESENT,
source_SiW_Mv2/pro_3_text/trainlist_all.txt,Paper_95,YES,Paper,1,PRESENT,
source_SiW_Mv2/pro_3_text/trainlist_all.txt,Paper_96,YES,Paper,1,PRESENT,
source_SiW_Mv2/pro_3_text/trainlist_all.txt,Paper_99,YES,Paper,1,PRESENT,
source_SiW_Mv2/pro_3_text/trainlist_all.txt,Partial_Eye_1,YES,Partial_Eye,3,DUPLICATE_PROTOCOL_REFERENCE,repeated for live/spoof balancing (official README)
source_SiW_Mv2/pro_3_text/trainlist_all.txt,Partial_Eye_10,YES,Partial_Eye,3,DUPLICATE_PROTOCOL_REFERENCE,repeated for live/spoof balancing (official README)
source_SiW_Mv2/pro_3_text/trainlist_all.txt,Partial_Eye_13,YES,Partial_Eye,3,DUPLICATE_PROTOCOL_REFERENCE,repeated for live/spoof balancing (official README)
source_SiW_Mv2/pro_3_text/trainlist_all.txt,Partial_Eye_14,YES,Partial_Eye,3,DUPLICATE_PROTOCOL_REFERENCE,repeated for live/spoof balancing (official README)
source_SiW_Mv2/pro_3_text/trainlist_all.txt,Partial_Eye_17,YES,Partial_Eye,3,DUPLICATE_PROTOCOL_REFERENCE,repeated for live/spoof balancing (official README)
source_SiW_Mv2/pro_3_text/trainlist_all.txt,Partial_Eye_18,YES,Partial_Eye,3,DUPLICATE_PROTOCOL_REFERENCE,repeated for live/spoof balancing (official README)
source_SiW_Mv2/pro_3_text/trainlist_all.txt,Partial_Eye_2,YES,Partial_Eye,3,DUPLICATE_PROTOCOL_REFERENCE,repeated for live/spoof balancing (official README)
source_SiW_Mv2/pro_3_text/trainlist_all.txt,Partial_Eye_20,YES,Partial_Eye,3,DUPLICATE_PROTOCOL_REFERENCE,repeated for live/spoof balancing (official README)
source_SiW_Mv2/pro_3_text/trainlist_all.txt,Partial_Eye_21,YES,Partial_Eye,3,DUPLICATE_PROTOCOL_REFERENCE,repeated for live/spoof balancing (official README)
source_SiW_Mv2/pro_3_text/trainlist_all.txt,Partial_Eye_23,YES,Partial_Eye,3,DUPLICATE_PROTOCOL_REFERENCE,repeated for live/spoof balancing (official README)
source_SiW_Mv2/pro_3_text/trainlist_all.txt,Partial_Eye_24,YES,Partial_Eye,3,DUPLICATE_PROTOCOL_REFERENCE,repeated for live/spoof balancing (official README)
source_SiW_Mv2/pro_3_text/trainlist_all.txt,Partial_Eye_26,YES,Partial_Eye,3,DUPLICATE_PROTOCOL_REFERENCE,repeated for live/spoof balancing (official README)
source_SiW_Mv2/pro_3_text/trainlist_all.txt,Partial_Eye_27,YES,Partial_Eye,3,DUPLICATE_PROTOCOL_REFERENCE,repeated for live/spoof balancing (official README)
source_SiW_Mv2/pro_3_text/trainlist_all.txt,Partial_Eye_3,YES,Partial_Eye,3,DUPLICATE_PROTOCOL_REFERENCE,repeated for live/spoof balancing (official README)
source_SiW_Mv2/pro_3_text/trainlist_all.txt,Partial_Eye_31,YES,Partial_Eye,3,DUPLICATE_PROTOCOL_REFERENCE,repeated for live/spoof balancing (official README)
source_SiW_Mv2/pro_3_text/trainlist_all.txt,Partial_Eye_33,YES,Partial_Eye,3,DUPLICATE_PROTOCOL_REFERENCE,repeated for live/spoof balancing (official README)
source_SiW_Mv2/pro_3_text/trainlist_all.txt,Partial_Eye_34,YES,Partial_Eye,3,DUPLICATE_PROTOCOL_REFERENCE,repeated for live/spoof balancing (official README)
source_SiW_Mv2/pro_3_text/trainlist_all.txt,Partial_Eye_35,YES,Partial_Eye,3,DUPLICATE_PROTOCOL_REFERENCE,repeated for live/spoof balancing (official README)
source_SiW_Mv2/pro_3_text/trainlist_all.txt,Partial_Eye_37,YES,Partial_Eye,3,DUPLICATE_PROTOCOL_REFERENCE,repeated for live/spoof balancing (official README)
source_SiW_Mv2/pro_3_text/trainlist_all.txt,Partial_Eye_40,YES,Partial_Eye,3,DUPLICATE_PROTOCOL_REFERENCE,repeated for live/spoof balancing (official README)
source_SiW_Mv2/pro_3_text/trainlist_all.txt,Partial_Eye_41,YES,Partial_Eye,3,DUPLICATE_PROTOCOL_REFERENCE,repeated for live/spoof balancing (official README)
source_SiW_Mv2/pro_3_text/trainlist_all.txt,Partial_Eye_42,YES,Partial_Eye,3,DUPLICATE_PROTOCOL_REFERENCE,repeated for live/spoof balancing (official README)
source_SiW_Mv2/pro_3_text/trainlist_all.txt,Partial_Eye_43,YES,Partial_Eye,3,DUPLICATE_PROTOCOL_REFERENCE,repeated for live/spoof balancing (official README)
source_SiW_Mv2/pro_3_text/trainlist_all.txt,Partial_Eye_47,YES,Partial_Eye,3,DUPLICATE_PROTOCOL_REFERENCE,repeated for live/spoof balancing (official README)
source_SiW_Mv2/pro_3_text/trainlist_all.txt,Partial_Eye_48,YES,Partial_Eye,3,DUPLICATE_PROTOCOL_REFERENCE,repeated for live/spoof balancing (official README)
source_SiW_Mv2/pro_3_text/trainlist_all.txt,Partial_Eye_49,YES,Partial_Eye,3,DUPLICATE_PROTOCOL_REFERENCE,repeated for live/spoof balancing (official README)
source_SiW_Mv2/pro_3_text/trainlist_all.txt,Partial_Eye_5,YES,Partial_Eye,3,DUPLICATE_PROTOCOL_REFERENCE,repeated for live/spoof balancing (official README)
source_SiW_Mv2/pro_3_text/trainlist_all.txt,Partial_Eye_53,YES,Partial_Eye,3,DUPLICATE_PROTOCOL_REFERENCE,repeated for live/spoof balancing (official README)
source_SiW_Mv2/pro_3_text/trainlist_all.txt,Partial_Eye_55,YES,Partial_Eye,2,DUPLICATE_PROTOCOL_REFERENCE,repeated for live/spoof balancing (official README)
source_SiW_Mv2/pro_3_text/trainlist_all.txt,Partial_Eye_56,YES,Partial_Eye,2,DUPLICATE_PROTOCOL_REFERENCE,repeated for live/spoof balancing (official README)
source_SiW_Mv2/pro_3_text/trainlist_all.txt,Partial_Eye_6,YES,Partial_Eye,3,DUPLICATE_PROTOCOL_REFERENCE,repeated for live/spoof balancing (official README)
source_SiW_Mv2/pro_3_text/trainlist_all.txt,Partial_Eye_7,YES,Partial_Eye,3,DUPLICATE_PROTOCOL_REFERENCE,repeated for live/spoof balancing (official README)
source_SiW_Mv2/pro_3_text/trainlist_all.txt,Partial_Eye_8,YES,Partial_Eye,3,DUPLICATE_PROTOCOL_REFERENCE,repeated for live/spoof balancing (official README)
source_SiW_Mv2/pro_3_text/trainlist_all.txt,Partial_Eye_9,YES,Partial_Eye,3,DUPLICATE_PROTOCOL_REFERENCE,repeated for live/spoof balancing (official README)
source_SiW_Mv2/pro_3_text/trainlist_all.txt,Partial_Funnyeye_1,YES,Partial_FunnyeyeGlasses,2,DUPLICATE_PROTOCOL_REFERENCE,repeated for live/spoof balancing (official README)
source_SiW_Mv2/pro_3_text/trainlist_all.txt,Partial_Funnyeye_10,YES,Partial_FunnyeyeGlasses,2,DUPLICATE_PROTOCOL_REFERENCE,repeated for live/spoof balancing (official README)
source_SiW_Mv2/pro_3_text/trainlist_all.txt,Partial_Funnyeye_101,YES,Partial_FunnyeyeGlasses,1,PRESENT,
source_SiW_Mv2/pro_3_text/trainlist_all.txt,Partial_Funnyeye_103,YES,Partial_FunnyeyeGlasses,1,PRESENT,
source_SiW_Mv2/pro_3_text/trainlist_all.txt,Partial_Funnyeye_105,YES,Partial_FunnyeyeGlasses,1,PRESENT,
source_SiW_Mv2/pro_3_text/trainlist_all.txt,Partial_Funnyeye_106,YES,Partial_FunnyeyeGlasses,1,PRESENT,
source_SiW_Mv2/pro_3_text/trainlist_all.txt,Partial_Funnyeye_107,YES,Partial_FunnyeyeGlasses,1,PRESENT,
source_SiW_Mv2/pro_3_text/trainlist_all.txt,Partial_Funnyeye_11,YES,Partial_FunnyeyeGlasses,2,DUPLICATE_PROTOCOL_REFERENCE,repeated for live/spoof balancing (official README)
source_SiW_Mv2/pro_3_text/trainlist_all.txt,Partial_Funnyeye_110,YES,Partial_FunnyeyeGlasses,1,PRESENT,
source_SiW_Mv2/pro_3_text/trainlist_all.txt,Partial_Funnyeye_112,YES,Partial_FunnyeyeGlasses,1,PRESENT,
source_SiW_Mv2/pro_3_text/trainlist_all.txt,Partial_Funnyeye_113,YES,Partial_FunnyeyeGlasses,1,PRESENT,
source_SiW_Mv2/pro_3_text/trainlist_all.txt,Partial_Funnyeye_116,YES,Partial_FunnyeyeGlasses,1,PRESENT,
source_SiW_Mv2/pro_3_text/trainlist_all.txt,Partial_Funnyeye_117,YES,Partial_FunnyeyeGlasses,1,PRESENT,
source_SiW_Mv2/pro_3_text/trainlist_all.txt,Partial_Funnyeye_118,YES,Partial_FunnyeyeGlasses,1,PRESENT,
source_SiW_Mv2/pro_3_text/trainlist_all.txt,Partial_Funnyeye_119,YES,Partial_FunnyeyeGlasses,1,PRESENT,
source_SiW_Mv2/pro_3_text/trainlist_all.txt,Partial_Funnyeye_12,YES,Partial_FunnyeyeGlasses,1,PRESENT,
source_SiW_Mv2/pro_3_text/trainlist_all.txt,Partial_Funnyeye_120,YES,Partial_FunnyeyeGlasses,1,PRESENT,
source_SiW_Mv2/pro_3_text/trainlist_all.txt,Partial_Funnyeye_123,YES,Partial_FunnyeyeGlasses,1,PRESENT,
source_SiW_Mv2/pro_3_text/trainlist_all.txt,Partial_Funnyeye_124,YES,Partial_FunnyeyeGlasses,1,PRESENT,
source_SiW_Mv2/pro_3_text/trainlist_all.txt,Partial_Funnyeye_125,YES,Partial_FunnyeyeGlasses,1,PRESENT,
source_SiW_Mv2/pro_3_text/trainlist_all.txt,Partial_Funnyeye_126,YES,Partial_FunnyeyeGlasses,1,PRESENT,
source_SiW_Mv2/pro_3_text/trainlist_all.txt,Partial_Funnyeye_127,YES,Partial_FunnyeyeGlasses,1,PRESENT,
source_SiW_Mv2/pro_3_text/trainlist_all.txt,Partial_Funnyeye_128,YES,Partial_FunnyeyeGlasses,1,PRESENT,
source_SiW_Mv2/pro_3_text/trainlist_all.txt,Partial_Funnyeye_132,YES,Partial_FunnyeyeGlasses,1,PRESENT,
source_SiW_Mv2/pro_3_text/trainlist_all.txt,Partial_Funnyeye_133,YES,Partial_FunnyeyeGlasses,1,PRESENT,
source_SiW_Mv2/pro_3_text/trainlist_all.txt,Partial_Funnyeye_138,YES,Partial_FunnyeyeGlasses,1,PRESENT,
source_SiW_Mv2/pro_3_text/trainlist_all.txt,Partial_Funnyeye_140,YES,Partial_FunnyeyeGlasses,1,PRESENT,
source_SiW_Mv2/pro_3_text/trainlist_all.txt,Partial_Funnyeye_141,YES,Partial_FunnyeyeGlasses,1,PRESENT,
source_SiW_Mv2/pro_3_text/trainlist_all.txt,Partial_Funnyeye_142,YES,Partial_FunnyeyeGlasses,1,PRESENT,
source_SiW_Mv2/pro_3_text/trainlist_all.txt,Partial_Funnyeye_144,YES,Partial_FunnyeyeGlasses,1,PRESENT,
source_SiW_Mv2/pro_3_text/trainlist_all.txt,Partial_Funnyeye_145,YES,Partial_FunnyeyeGlasses,1,PRESENT,
source_SiW_Mv2/pro_3_text/trainlist_all.txt,Partial_Funnyeye_148,YES,Partial_FunnyeyeGlasses,1,PRESENT,
source_SiW_Mv2/pro_3_text/trainlist_all.txt,Partial_Funnyeye_150,YES,Partial_FunnyeyeGlasses,1,PRESENT,
source_SiW_Mv2/pro_3_text/trainlist_all.txt,Partial_Funnyeye_152,YES,Partial_FunnyeyeGlasses,1,PRESENT,
source_SiW_Mv2/pro_3_text/trainlist_all.txt,Partial_Funnyeye_154,YES,Partial_FunnyeyeGlasses,1,PRESENT,
source_SiW_Mv2/pro_3_text/trainlist_all.txt,Partial_Funnyeye_157,YES,Partial_FunnyeyeGlasses,1,PRESENT,
source_SiW_Mv2/pro_3_text/trainlist_all.txt,Partial_Funnyeye_158,YES,Partial_FunnyeyeGlasses,1,PRESENT,
source_SiW_Mv2/pro_3_text/trainlist_all.txt,Partial_Funnyeye_159,YES,Partial_FunnyeyeGlasses,1,PRESENT,
source_SiW_Mv2/pro_3_text/trainlist_all.txt,Partial_Funnyeye_16,YES,Partial_FunnyeyeGlasses,1,PRESENT,
source_SiW_Mv2/pro_3_text/trainlist_all.txt,Partial_Funnyeye_160,YES,Partial_FunnyeyeGlasses,1,PRESENT,
source_SiW_Mv2/pro_3_text/trainlist_all.txt,Partial_Funnyeye_17,YES,Partial_FunnyeyeGlasses,1,PRESENT,
source_SiW_Mv2/pro_3_text/trainlist_all.txt,Partial_Funnyeye_18,YES,Partial_FunnyeyeGlasses,1,PRESENT,
source_SiW_Mv2/pro_3_text/trainlist_all.txt,Partial_Funnyeye_20,YES,Partial_FunnyeyeGlasses,1,PRESENT,
source_SiW_Mv2/pro_3_text/trainlist_all.txt,Partial_Funnyeye_21,YES,Partial_FunnyeyeGlasses,1,PRESENT,
source_SiW_Mv2/pro_3_text/trainlist_all.txt,Partial_Funnyeye_23,YES,Partial_FunnyeyeGlasses,1,PRESENT,
source_SiW_Mv2/pro_3_text/trainlist_all.txt,Partial_Funnyeye_25,YES,Partial_FunnyeyeGlasses,1,PRESENT,
source_SiW_Mv2/pro_3_text/trainlist_all.txt,Partial_Funnyeye_26,YES,Partial_FunnyeyeGlasses,1,PRESENT,
source_SiW_Mv2/pro_3_text/trainlist_all.txt,Partial_Funnyeye_28,YES,Partial_FunnyeyeGlasses,1,PRESENT,
source_SiW_Mv2/pro_3_text/trainlist_all.txt,Partial_Funnyeye_29,YES,Partial_FunnyeyeGlasses,1,PRESENT,
source_SiW_Mv2/pro_3_text/trainlist_all.txt,Partial_Funnyeye_30,YES,Partial_FunnyeyeGlasses,1,PRESENT,
source_SiW_Mv2/pro_3_text/trainlist_all.txt,Partial_Funnyeye_31,YES,Partial_FunnyeyeGlasses,1,PRESENT,
source_SiW_Mv2/pro_3_text/trainlist_all.txt,Partial_Funnyeye_32,YES,Partial_FunnyeyeGlasses,1,PRESENT,
source_SiW_Mv2/pro_3_text/trainlist_all.txt,Partial_Funnyeye_33,YES,Partial_FunnyeyeGlasses,1,PRESENT,
source_SiW_Mv2/pro_3_text/trainlist_all.txt,Partial_Funnyeye_34,YES,Partial_FunnyeyeGlasses,1,PRESENT,
source_SiW_Mv2/pro_3_text/trainlist_all.txt,Partial_Funnyeye_35,YES,Partial_FunnyeyeGlasses,1,PRESENT,
source_SiW_Mv2/pro_3_text/trainlist_all.txt,Partial_Funnyeye_37,YES,Partial_FunnyeyeGlasses,1,PRESENT,
source_SiW_Mv2/pro_3_text/trainlist_all.txt,Partial_Funnyeye_40,YES,Partial_FunnyeyeGlasses,1,PRESENT,
source_SiW_Mv2/pro_3_text/trainlist_all.txt,Partial_Funnyeye_43,YES,Partial_FunnyeyeGlasses,1,PRESENT,
source_SiW_Mv2/pro_3_text/trainlist_all.txt,Partial_Funnyeye_45,YES,Partial_FunnyeyeGlasses,1,PRESENT,
source_SiW_Mv2/pro_3_text/trainlist_all.txt,Partial_Funnyeye_47,YES,Partial_FunnyeyeGlasses,1,PRESENT,
source_SiW_Mv2/pro_3_text/trainlist_all.txt,Partial_Funnyeye_48,YES,Partial_FunnyeyeGlasses,1,PRESENT,
source_SiW_Mv2/pro_3_text/trainlist_all.txt,Partial_Funnyeye_50,YES,Partial_FunnyeyeGlasses,1,PRESENT,
source_SiW_Mv2/pro_3_text/trainlist_all.txt,Partial_Funnyeye_52,YES,Partial_FunnyeyeGlasses,1,PRESENT,
source_SiW_Mv2/pro_3_text/trainlist_all.txt,Partial_Funnyeye_53,YES,Partial_FunnyeyeGlasses,1,PRESENT,
source_SiW_Mv2/pro_3_text/trainlist_all.txt,Partial_Funnyeye_54,YES,Partial_FunnyeyeGlasses,1,PRESENT,
source_SiW_Mv2/pro_3_text/trainlist_all.txt,Partial_Funnyeye_56,YES,Partial_FunnyeyeGlasses,1,PRESENT,
source_SiW_Mv2/pro_3_text/trainlist_all.txt,Partial_Funnyeye_57,YES,Partial_FunnyeyeGlasses,1,PRESENT,
source_SiW_Mv2/pro_3_text/trainlist_all.txt,Partial_Funnyeye_59,YES,Partial_FunnyeyeGlasses,1,PRESENT,
source_SiW_Mv2/pro_3_text/trainlist_all.txt,Partial_Funnyeye_6,YES,Partial_FunnyeyeGlasses,2,DUPLICATE_PROTOCOL_REFERENCE,repeated for live/spoof balancing (official README)
source_SiW_Mv2/pro_3_text/trainlist_all.txt,Partial_Funnyeye_60,YES,Partial_FunnyeyeGlasses,1,PRESENT,
source_SiW_Mv2/pro_3_text/trainlist_all.txt,Partial_Funnyeye_63,YES,Partial_FunnyeyeGlasses,1,PRESENT,
source_SiW_Mv2/pro_3_text/trainlist_all.txt,Partial_Funnyeye_64,YES,Partial_FunnyeyeGlasses,1,PRESENT,
source_SiW_Mv2/pro_3_text/trainlist_all.txt,Partial_Funnyeye_65,YES,Partial_FunnyeyeGlasses,1,PRESENT,
source_SiW_Mv2/pro_3_text/trainlist_all.txt,Partial_Funnyeye_66,YES,Partial_FunnyeyeGlasses,1,PRESENT,
source_SiW_Mv2/pro_3_text/trainlist_all.txt,Partial_Funnyeye_67,YES,Partial_FunnyeyeGlasses,1,PRESENT,
source_SiW_Mv2/pro_3_text/trainlist_all.txt,Partial_Funnyeye_70,YES,Partial_FunnyeyeGlasses,1,PRESENT,
source_SiW_Mv2/pro_3_text/trainlist_all.txt,Partial_Funnyeye_71,YES,Partial_FunnyeyeGlasses,1,PRESENT,
source_SiW_Mv2/pro_3_text/trainlist_all.txt,Partial_Funnyeye_73,YES,Partial_FunnyeyeGlasses,1,PRESENT,
source_SiW_Mv2/pro_3_text/trainlist_all.txt,Partial_Funnyeye_74,YES,Partial_FunnyeyeGlasses,1,PRESENT,
source_SiW_Mv2/pro_3_text/trainlist_all.txt,Partial_Funnyeye_75,YES,Partial_FunnyeyeGlasses,1,PRESENT,
source_SiW_Mv2/pro_3_text/trainlist_all.txt,Partial_Funnyeye_76,YES,Partial_FunnyeyeGlasses,1,PRESENT,
source_SiW_Mv2/pro_3_text/trainlist_all.txt,Partial_Funnyeye_77,YES,Partial_FunnyeyeGlasses,1,PRESENT,
source_SiW_Mv2/pro_3_text/trainlist_all.txt,Partial_Funnyeye_78,YES,Partial_FunnyeyeGlasses,1,PRESENT,
source_SiW_Mv2/pro_3_text/trainlist_all.txt,Partial_Funnyeye_79,YES,Partial_FunnyeyeGlasses,1,PRESENT,
source_SiW_Mv2/pro_3_text/trainlist_all.txt,Partial_Funnyeye_80,YES,Partial_FunnyeyeGlasses,1,PRESENT,
source_SiW_Mv2/pro_3_text/trainlist_all.txt,Partial_Funnyeye_81,YES,Partial_FunnyeyeGlasses,1,PRESENT,
source_SiW_Mv2/pro_3_text/trainlist_all.txt,Partial_Funnyeye_82,YES,Partial_FunnyeyeGlasses,1,PRESENT,
source_SiW_Mv2/pro_3_text/trainlist_all.txt,Partial_Funnyeye_86,YES,Partial_FunnyeyeGlasses,1,PRESENT,
source_SiW_Mv2/pro_3_text/trainlist_all.txt,Partial_Funnyeye_87,YES,Partial_FunnyeyeGlasses,1,PRESENT,
source_SiW_Mv2/pro_3_text/trainlist_all.txt,Partial_Funnyeye_88,YES,Partial_FunnyeyeGlasses,1,PRESENT,
source_SiW_Mv2/pro_3_text/trainlist_all.txt,Partial_Funnyeye_92,YES,Partial_FunnyeyeGlasses,1,PRESENT,
source_SiW_Mv2/pro_3_text/trainlist_all.txt,Partial_Funnyeye_93,YES,Partial_FunnyeyeGlasses,1,PRESENT,
source_SiW_Mv2/pro_3_text/trainlist_all.txt,Partial_Funnyeye_96,YES,Partial_FunnyeyeGlasses,1,PRESENT,
source_SiW_Mv2/pro_3_text/trainlist_all.txt,Partial_Funnyeye_97,YES,Partial_FunnyeyeGlasses,1,PRESENT,
source_SiW_Mv2/pro_3_text/trainlist_all.txt,Partial_Funnyeye_98,YES,Partial_FunnyeyeGlasses,1,PRESENT,
source_SiW_Mv2/pro_3_text/trainlist_all.txt,Partial_Funnyeye_99,YES,Partial_FunnyeyeGlasses,1,PRESENT,
source_SiW_Mv2/pro_3_text/trainlist_all.txt,Partial_Mouth_1,YES,Partial_Mouth,6,DUPLICATE_PROTOCOL_REFERENCE,repeated for live/spoof balancing (official README)
source_SiW_Mv2/pro_3_text/trainlist_all.txt,Partial_Mouth_12,YES,Partial_Mouth,6,DUPLICATE_PROTOCOL_REFERENCE,repeated for live/spoof balancing (official README)
source_SiW_Mv2/pro_3_text/trainlist_all.txt,Partial_Mouth_13,YES,Partial_Mouth,6,DUPLICATE_PROTOCOL_REFERENCE,repeated for live/spoof balancing (official README)
source_SiW_Mv2/pro_3_text/trainlist_all.txt,Partial_Mouth_14,YES,Partial_Mouth,6,DUPLICATE_PROTOCOL_REFERENCE,repeated for live/spoof balancing (official README)
source_SiW_Mv2/pro_3_text/trainlist_all.txt,Partial_Mouth_16,YES,Partial_Mouth,6,DUPLICATE_PROTOCOL_REFERENCE,repeated for live/spoof balancing (official README)
source_SiW_Mv2/pro_3_text/trainlist_all.txt,Partial_Mouth_17,YES,Partial_Mouth,6,DUPLICATE_PROTOCOL_REFERENCE,repeated for live/spoof balancing (official README)
source_SiW_Mv2/pro_3_text/trainlist_all.txt,Partial_Mouth_2,YES,Partial_Mouth,6,DUPLICATE_PROTOCOL_REFERENCE,repeated for live/spoof balancing (official README)
source_SiW_Mv2/pro_3_text/trainlist_all.txt,Partial_Mouth_21,YES,Partial_Mouth,6,DUPLICATE_PROTOCOL_REFERENCE,repeated for live/spoof balancing (official README)
source_SiW_Mv2/pro_3_text/trainlist_all.txt,Partial_Mouth_22,YES,Partial_Mouth,6,DUPLICATE_PROTOCOL_REFERENCE,repeated for live/spoof balancing (official README)
source_SiW_Mv2/pro_3_text/trainlist_all.txt,Partial_Mouth_23,YES,Partial_Mouth,6,DUPLICATE_PROTOCOL_REFERENCE,repeated for live/spoof balancing (official README)
source_SiW_Mv2/pro_3_text/trainlist_all.txt,Partial_Mouth_25,YES,Partial_Mouth,5,DUPLICATE_PROTOCOL_REFERENCE,repeated for live/spoof balancing (official README)
source_SiW_Mv2/pro_3_text/trainlist_all.txt,Partial_Mouth_29,YES,Partial_Mouth,5,DUPLICATE_PROTOCOL_REFERENCE,repeated for live/spoof balancing (official README)
source_SiW_Mv2/pro_3_text/trainlist_all.txt,Partial_Mouth_3,YES,Partial_Mouth,6,DUPLICATE_PROTOCOL_REFERENCE,repeated for live/spoof balancing (official README)
source_SiW_Mv2/pro_3_text/trainlist_all.txt,Partial_Mouth_4,YES,Partial_Mouth,6,DUPLICATE_PROTOCOL_REFERENCE,repeated for live/spoof balancing (official README)
source_SiW_Mv2/pro_3_text/trainlist_all.txt,Partial_Mouth_5,YES,Partial_Mouth,6,DUPLICATE_PROTOCOL_REFERENCE,repeated for live/spoof balancing (official README)
source_SiW_Mv2/pro_3_text/trainlist_all.txt,Partial_Mouth_7,YES,Partial_Mouth,6,DUPLICATE_PROTOCOL_REFERENCE,repeated for live/spoof balancing (official README)
source_SiW_Mv2/pro_3_text/trainlist_all.txt,Partial_Mouth_9,YES,Partial_Mouth,6,DUPLICATE_PROTOCOL_REFERENCE,repeated for live/spoof balancing (official README)
source_SiW_Mv2/pro_3_text/trainlist_all.txt,Partial_Paperglass_11,YES,Partial_PaperGlasses,3,DUPLICATE_PROTOCOL_REFERENCE,repeated for live/spoof balancing (official README)
source_SiW_Mv2/pro_3_text/trainlist_all.txt,Partial_Paperglass_12,YES,Partial_PaperGlasses,3,DUPLICATE_PROTOCOL_REFERENCE,repeated for live/spoof balancing (official README)
source_SiW_Mv2/pro_3_text/trainlist_all.txt,Partial_Paperglass_121,YES,Partial_PaperGlasses,1,PRESENT,
source_SiW_Mv2/pro_3_text/trainlist_all.txt,Partial_Paperglass_122,YES,Partial_PaperGlasses,1,PRESENT,
source_SiW_Mv2/pro_3_text/trainlist_all.txt,Partial_Paperglass_126,YES,Partial_PaperGlasses,1,PRESENT,
source_SiW_Mv2/pro_3_text/trainlist_all.txt,Partial_Paperglass_127,YES,Partial_PaperGlasses,1,PRESENT,
source_SiW_Mv2/pro_3_text/trainlist_all.txt,Partial_Paperglass_13,YES,Partial_PaperGlasses,3,DUPLICATE_PROTOCOL_REFERENCE,repeated for live/spoof balancing (official README)
source_SiW_Mv2/pro_3_text/trainlist_all.txt,Partial_Paperglass_14,YES,Partial_PaperGlasses,3,DUPLICATE_PROTOCOL_REFERENCE,repeated for live/spoof balancing (official README)
source_SiW_Mv2/pro_3_text/trainlist_all.txt,Partial_Paperglass_15,YES,Partial_PaperGlasses,2,DUPLICATE_PROTOCOL_REFERENCE,repeated for live/spoof balancing (official README)
source_SiW_Mv2/pro_3_text/trainlist_all.txt,Partial_Paperglass_16,YES,Partial_PaperGlasses,2,DUPLICATE_PROTOCOL_REFERENCE,repeated for live/spoof balancing (official README)
source_SiW_Mv2/pro_3_text/trainlist_all.txt,Partial_Paperglass_18,YES,Partial_PaperGlasses,2,DUPLICATE_PROTOCOL_REFERENCE,repeated for live/spoof balancing (official README)
source_SiW_Mv2/pro_3_text/trainlist_all.txt,Partial_Paperglass_21,YES,Partial_PaperGlasses,2,DUPLICATE_PROTOCOL_REFERENCE,repeated for live/spoof balancing (official README)
source_SiW_Mv2/pro_3_text/trainlist_all.txt,Partial_Paperglass_22,YES,Partial_PaperGlasses,2,DUPLICATE_PROTOCOL_REFERENCE,repeated for live/spoof balancing (official README)
source_SiW_Mv2/pro_3_text/trainlist_all.txt,Partial_Paperglass_24,YES,Partial_PaperGlasses,2,DUPLICATE_PROTOCOL_REFERENCE,repeated for live/spoof balancing (official README)
source_SiW_Mv2/pro_3_text/trainlist_all.txt,Partial_Paperglass_26,YES,Partial_PaperGlasses,2,DUPLICATE_PROTOCOL_REFERENCE,repeated for live/spoof balancing (official README)
source_SiW_Mv2/pro_3_text/trainlist_all.txt,Partial_Paperglass_27,YES,Partial_PaperGlasses,2,DUPLICATE_PROTOCOL_REFERENCE,repeated for live/spoof balancing (official README)
source_SiW_Mv2/pro_3_text/trainlist_all.txt,Partial_Paperglass_28,YES,Partial_PaperGlasses,2,DUPLICATE_PROTOCOL_REFERENCE,repeated for live/spoof balancing (official README)
source_SiW_Mv2/pro_3_text/trainlist_all.txt,Partial_Paperglass_3,YES,Partial_PaperGlasses,4,DUPLICATE_PROTOCOL_REFERENCE,repeated for live/spoof balancing (official README)
source_SiW_Mv2/pro_3_text/trainlist_all.txt,Partial_Paperglass_30,YES,Partial_PaperGlasses,2,DUPLICATE_PROTOCOL_REFERENCE,repeated for live/spoof balancing (official README)
source_SiW_Mv2/pro_3_text/trainlist_all.txt,Partial_Paperglass_31,YES,Partial_PaperGlasses,2,DUPLICATE_PROTOCOL_REFERENCE,repeated for live/spoof balancing (official README)
source_SiW_Mv2/pro_3_text/trainlist_all.txt,Partial_Paperglass_33,YES,Partial_PaperGlasses,2,DUPLICATE_PROTOCOL_REFERENCE,repeated for live/spoof balancing (official README)
source_SiW_Mv2/pro_3_text/trainlist_all.txt,Partial_Paperglass_35,YES,Partial_PaperGlasses,2,DUPLICATE_PROTOCOL_REFERENCE,repeated for live/spoof balancing (official README)
source_SiW_Mv2/pro_3_text/trainlist_all.txt,Partial_Paperglass_36,YES,Partial_PaperGlasses,2,DUPLICATE_PROTOCOL_REFERENCE,repeated for live/spoof balancing (official README)
source_SiW_Mv2/pro_3_text/trainlist_all.txt,Partial_Paperglass_37,YES,Partial_PaperGlasses,2,DUPLICATE_PROTOCOL_REFERENCE,repeated for live/spoof balancing (official README)
source_SiW_Mv2/pro_3_text/trainlist_all.txt,Partial_Paperglass_4,YES,Partial_PaperGlasses,3,DUPLICATE_PROTOCOL_REFERENCE,repeated for live/spoof balancing (official README)
source_SiW_Mv2/pro_3_text/trainlist_all.txt,Partial_Paperglass_42,YES,Partial_PaperGlasses,2,DUPLICATE_PROTOCOL_REFERENCE,repeated for live/spoof balancing (official README)
source_SiW_Mv2/pro_3_text/trainlist_all.txt,Partial_Paperglass_43,YES,Partial_PaperGlasses,2,DUPLICATE_PROTOCOL_REFERENCE,repeated for live/spoof balancing (official README)
source_SiW_Mv2/pro_3_text/trainlist_all.txt,Partial_Paperglass_44,YES,Partial_PaperGlasses,2,DUPLICATE_PROTOCOL_REFERENCE,repeated for live/spoof balancing (official README)
source_SiW_Mv2/pro_3_text/trainlist_all.txt,Partial_Paperglass_45,YES,Partial_PaperGlasses,2,DUPLICATE_PROTOCOL_REFERENCE,repeated for live/spoof balancing (official README)
source_SiW_Mv2/pro_3_text/trainlist_all.txt,Partial_Paperglass_46,YES,Partial_PaperGlasses,2,DUPLICATE_PROTOCOL_REFERENCE,repeated for live/spoof balancing (official README)
source_SiW_Mv2/pro_3_text/trainlist_all.txt,Partial_Paperglass_47,YES,Partial_PaperGlasses,2,DUPLICATE_PROTOCOL_REFERENCE,repeated for live/spoof balancing (official README)
source_SiW_Mv2/pro_3_text/trainlist_all.txt,Partial_Paperglass_48,YES,Partial_PaperGlasses,2,DUPLICATE_PROTOCOL_REFERENCE,repeated for live/spoof balancing (official README)
source_SiW_Mv2/pro_3_text/trainlist_all.txt,Partial_Paperglass_49,YES,Partial_PaperGlasses,2,DUPLICATE_PROTOCOL_REFERENCE,repeated for live/spoof balancing (official README)
source_SiW_Mv2/pro_3_text/trainlist_all.txt,Partial_Paperglass_52,YES,Partial_PaperGlasses,2,DUPLICATE_PROTOCOL_REFERENCE,repeated for live/spoof balancing (official README)
source_SiW_Mv2/pro_3_text/trainlist_all.txt,Partial_Paperglass_53,YES,Partial_PaperGlasses,2,DUPLICATE_PROTOCOL_REFERENCE,repeated for live/spoof balancing (official README)
source_SiW_Mv2/pro_3_text/trainlist_all.txt,Partial_Paperglass_54,YES,Partial_PaperGlasses,2,DUPLICATE_PROTOCOL_REFERENCE,repeated for live/spoof balancing (official README)
source_SiW_Mv2/pro_3_text/trainlist_all.txt,Partial_Paperglass_57,YES,Partial_PaperGlasses,2,DUPLICATE_PROTOCOL_REFERENCE,repeated for live/spoof balancing (official README)
source_SiW_Mv2/pro_3_text/trainlist_all.txt,Partial_Paperglass_59,YES,Partial_PaperGlasses,2,DUPLICATE_PROTOCOL_REFERENCE,repeated for live/spoof balancing (official README)
source_SiW_Mv2/pro_3_text/trainlist_all.txt,Partial_Paperglass_6,YES,Partial_PaperGlasses,3,DUPLICATE_PROTOCOL_REFERENCE,repeated for live/spoof balancing (official README)
source_SiW_Mv2/pro_3_text/trainlist_all.txt,Partial_Paperglass_62,YES,Partial_PaperGlasses,2,DUPLICATE_PROTOCOL_REFERENCE,repeated for live/spoof balancing (official README)
source_SiW_Mv2/pro_3_text/trainlist_all.txt,Partial_Paperglass_65,YES,Partial_PaperGlasses,2,DUPLICATE_PROTOCOL_REFERENCE,repeated for live/spoof balancing (official README)
source_SiW_Mv2/pro_3_text/trainlist_all.txt,Partial_Paperglass_66,YES,Partial_PaperGlasses,2,DUPLICATE_PROTOCOL_REFERENCE,repeated for live/spoof balancing (official README)
source_SiW_Mv2/pro_3_text/trainlist_all.txt,Partial_Paperglass_67,YES,Partial_PaperGlasses,2,DUPLICATE_PROTOCOL_REFERENCE,repeated for live/spoof balancing (official README)
source_SiW_Mv2/pro_3_text/trainlist_all.txt,Partial_Paperglass_68,YES,Partial_PaperGlasses,2,DUPLICATE_PROTOCOL_REFERENCE,repeated for live/spoof balancing (official README)
source_SiW_Mv2/pro_3_text/trainlist_all.txt,Partial_Paperglass_69,YES,Partial_PaperGlasses,2,DUPLICATE_PROTOCOL_REFERENCE,repeated for live/spoof balancing (official README)
source_SiW_Mv2/pro_3_text/trainlist_all.txt,Partial_Paperglass_7,YES,Partial_PaperGlasses,3,DUPLICATE_PROTOCOL_REFERENCE,repeated for live/spoof balancing (official README)
source_SiW_Mv2/pro_3_text/trainlist_all.txt,Partial_Paperglass_9,YES,Partial_PaperGlasses,3,DUPLICATE_PROTOCOL_REFERENCE,repeated for live/spoof balancing (official README)
source_SiW_Mv2/pro_3_text/trainlist_all.txt,Replay_1,YES,Replay,2,DUPLICATE_PROTOCOL_REFERENCE,repeated for live/spoof balancing (official README)
source_SiW_Mv2/pro_3_text/trainlist_all.txt,Replay_10,YES,Replay,2,DUPLICATE_PROTOCOL_REFERENCE,repeated for live/spoof balancing (official README)
source_SiW_Mv2/pro_3_text/trainlist_all.txt,Replay_12,YES,Replay,2,DUPLICATE_PROTOCOL_REFERENCE,repeated for live/spoof balancing (official README)
source_SiW_Mv2/pro_3_text/trainlist_all.txt,Replay_13,YES,Replay,2,DUPLICATE_PROTOCOL_REFERENCE,repeated for live/spoof balancing (official README)
source_SiW_Mv2/pro_3_text/trainlist_all.txt,Replay_14,YES,Replay,2,DUPLICATE_PROTOCOL_REFERENCE,repeated for live/spoof balancing (official README)
source_SiW_Mv2/pro_3_text/trainlist_all.txt,Replay_17,YES,Replay,2,DUPLICATE_PROTOCOL_REFERENCE,repeated for live/spoof balancing (official README)
source_SiW_Mv2/pro_3_text/trainlist_all.txt,Replay_2,YES,Replay,2,DUPLICATE_PROTOCOL_REFERENCE,repeated for live/spoof balancing (official README)
source_SiW_Mv2/pro_3_text/trainlist_all.txt,Replay_20,YES,Replay,2,DUPLICATE_PROTOCOL_REFERENCE,repeated for live/spoof balancing (official README)
source_SiW_Mv2/pro_3_text/trainlist_all.txt,Replay_21,YES,Replay,2,DUPLICATE_PROTOCOL_REFERENCE,repeated for live/spoof balancing (official README)
source_SiW_Mv2/pro_3_text/trainlist_all.txt,Replay_22,YES,Replay,2,DUPLICATE_PROTOCOL_REFERENCE,repeated for live/spoof balancing (official README)
source_SiW_Mv2/pro_3_text/trainlist_all.txt,Replay_23,YES,Replay,2,DUPLICATE_PROTOCOL_REFERENCE,repeated for live/spoof balancing (official README)
source_SiW_Mv2/pro_3_text/trainlist_all.txt,Replay_27,YES,Replay,2,DUPLICATE_PROTOCOL_REFERENCE,repeated for live/spoof balancing (official README)
source_SiW_Mv2/pro_3_text/trainlist_all.txt,Replay_28,YES,Replay,2,DUPLICATE_PROTOCOL_REFERENCE,repeated for live/spoof balancing (official README)
source_SiW_Mv2/pro_3_text/trainlist_all.txt,Replay_3,YES,Replay,2,DUPLICATE_PROTOCOL_REFERENCE,repeated for live/spoof balancing (official README)
source_SiW_Mv2/pro_3_text/trainlist_all.txt,Replay_31,YES,Replay,2,DUPLICATE_PROTOCOL_REFERENCE,repeated for live/spoof balancing (official README)
source_SiW_Mv2/pro_3_text/trainlist_all.txt,Replay_32,YES,Replay,2,DUPLICATE_PROTOCOL_REFERENCE,repeated for live/spoof balancing (official README)
source_SiW_Mv2/pro_3_text/trainlist_all.txt,Replay_36,YES,Replay,2,DUPLICATE_PROTOCOL_REFERENCE,repeated for live/spoof balancing (official README)
source_SiW_Mv2/pro_3_text/trainlist_all.txt,Replay_37,YES,Replay,2,DUPLICATE_PROTOCOL_REFERENCE,repeated for live/spoof balancing (official README)
source_SiW_Mv2/pro_3_text/trainlist_all.txt,Replay_38,YES,Replay,2,DUPLICATE_PROTOCOL_REFERENCE,repeated for live/spoof balancing (official README)
source_SiW_Mv2/pro_3_text/trainlist_all.txt,Replay_39,YES,Replay,2,DUPLICATE_PROTOCOL_REFERENCE,repeated for live/spoof balancing (official README)
source_SiW_Mv2/pro_3_text/trainlist_all.txt,Replay_4,YES,Replay,2,DUPLICATE_PROTOCOL_REFERENCE,repeated for live/spoof balancing (official README)
source_SiW_Mv2/pro_3_text/trainlist_all.txt,Replay_41,YES,Replay,2,DUPLICATE_PROTOCOL_REFERENCE,repeated for live/spoof balancing (official README)
source_SiW_Mv2/pro_3_text/trainlist_all.txt,Replay_42,YES,Replay,2,DUPLICATE_PROTOCOL_REFERENCE,repeated for live/spoof balancing (official README)
source_SiW_Mv2/pro_3_text/trainlist_all.txt,Replay_43,YES,Replay,2,DUPLICATE_PROTOCOL_REFERENCE,repeated for live/spoof balancing (official README)
source_SiW_Mv2/pro_3_text/trainlist_all.txt,Replay_44,YES,Replay,2,DUPLICATE_PROTOCOL_REFERENCE,repeated for live/spoof balancing (official README)
source_SiW_Mv2/pro_3_text/trainlist_all.txt,Replay_45,YES,Replay,2,DUPLICATE_PROTOCOL_REFERENCE,repeated for live/spoof balancing (official README)
source_SiW_Mv2/pro_3_text/trainlist_all.txt,Replay_46,YES,Replay,2,DUPLICATE_PROTOCOL_REFERENCE,repeated for live/spoof balancing (official README)
source_SiW_Mv2/pro_3_text/trainlist_all.txt,Replay_5,YES,Replay,2,DUPLICATE_PROTOCOL_REFERENCE,repeated for live/spoof balancing (official README)
source_SiW_Mv2/pro_3_text/trainlist_all.txt,Replay_50,YES,Replay,2,DUPLICATE_PROTOCOL_REFERENCE,repeated for live/spoof balancing (official README)
source_SiW_Mv2/pro_3_text/trainlist_all.txt,Replay_51,YES,Replay,2,DUPLICATE_PROTOCOL_REFERENCE,repeated for live/spoof balancing (official README)
source_SiW_Mv2/pro_3_text/trainlist_all.txt,Replay_52,YES,Replay,2,DUPLICATE_PROTOCOL_REFERENCE,repeated for live/spoof balancing (official README)
source_SiW_Mv2/pro_3_text/trainlist_all.txt,Replay_53,YES,Replay,2,DUPLICATE_PROTOCOL_REFERENCE,repeated for live/spoof balancing (official README)
source_SiW_Mv2/pro_3_text/trainlist_all.txt,Replay_56,YES,Replay,2,DUPLICATE_PROTOCOL_REFERENCE,repeated for live/spoof balancing (official README)
source_SiW_Mv2/pro_3_text/trainlist_all.txt,Replay_59,YES,Replay,2,DUPLICATE_PROTOCOL_REFERENCE,repeated for live/spoof balancing (official README)
source_SiW_Mv2/pro_3_text/trainlist_all.txt,Replay_6,YES,Replay,2,DUPLICATE_PROTOCOL_REFERENCE,repeated for live/spoof balancing (official README)
source_SiW_Mv2/pro_3_text/trainlist_all.txt,Replay_63,YES,Replay,2,DUPLICATE_PROTOCOL_REFERENCE,repeated for live/spoof balancing (official README)
source_SiW_Mv2/pro_3_text/trainlist_all.txt,Replay_65,YES,Replay,2,DUPLICATE_PROTOCOL_REFERENCE,repeated for live/spoof balancing (official README)
source_SiW_Mv2/pro_3_text/trainlist_all.txt,Replay_66,YES,Replay,2,DUPLICATE_PROTOCOL_REFERENCE,repeated for live/spoof balancing (official README)
source_SiW_Mv2/pro_3_text/trainlist_all.txt,Replay_67,YES,Replay,2,DUPLICATE_PROTOCOL_REFERENCE,repeated for live/spoof balancing (official README)
source_SiW_Mv2/pro_3_text/trainlist_all.txt,Replay_68,YES,Replay,1,PRESENT,
source_SiW_Mv2/pro_3_text/trainlist_all.txt,Replay_69,YES,Replay,1,PRESENT,
source_SiW_Mv2/pro_3_text/trainlist_all.txt,Replay_7,YES,Replay,2,DUPLICATE_PROTOCOL_REFERENCE,repeated for live/spoof balancing (official README)
source_SiW_Mv2/pro_3_text/trainlist_all.txt,Replay_70,YES,Replay,1,PRESENT,
source_SiW_Mv2/pro_3_text/trainlist_all.txt,Replay_74,YES,Replay,1,PRESENT,
source_SiW_Mv2/pro_3_text/trainlist_all.txt,Replay_75,YES,Replay,1,PRESENT,
source_SiW_Mv2/pro_3_text/trainlist_all.txt,Replay_78,YES,Replay,1,PRESENT,
source_SiW_Mv2/pro_3_text/trainlist_all.txt,Replay_79,YES,Replay,1,PRESENT,
source_SiW_Mv2/pro_3_text/trainlist_all.txt,Replay_8,YES,Replay,2,DUPLICATE_PROTOCOL_REFERENCE,repeated for live/spoof balancing (official README)
source_SiW_Mv2/pro_3_text/trainlist_all.txt,Replay_80,YES,Replay,1,PRESENT,
source_SiW_Mv2/pro_3_text/trainlist_all.txt,Replay_81,YES,Replay,1,PRESENT,
source_SiW_Mv2/pro_3_text/trainlist_all.txt,Replay_82,YES,Replay,1,PRESENT,
source_SiW_Mv2/pro_3_text/trainlist_all.txt,Replay_83,YES,Replay,1,PRESENT,
source_SiW_Mv2/pro_3_text/trainlist_all.txt,Replay_86,YES,Replay,1,PRESENT,
source_SiW_Mv2/pro_3_text/trainlist_all.txt,Replay_88,YES,Replay,1,PRESENT,
source_SiW_Mv2/pro_3_text/trainlist_all.txt,Replay_92,YES,Replay,1,PRESENT,
source_SiW_Mv2/pro_3_text/trainlist_all.txt,Replay_93,YES,Replay,1,PRESENT,
source_SiW_Mv2/pro_3_text/trainlist_all.txt,Replay_94,YES,Replay,1,PRESENT,
source_SiW_Mv2/pro_3_text/trainlist_all.txt,Replay_98,YES,Replay,1,PRESENT,
source_SiW_Mv2/pro_3_text/trainlist_all.txt,Replay_99,YES,Replay,1,PRESENT,
source_SiW_Mv2/pro_3_text/trainlist_live.txt,Live_1,YES,Live,1,PRESENT,
source_SiW_Mv2/pro_3_text/trainlist_live.txt,Live_100,YES,Live,1,PRESENT,
source_SiW_Mv2/pro_3_text/trainlist_live.txt,Live_101,YES,Live,1,PRESENT,
source_SiW_Mv2/pro_3_text/trainlist_live.txt,Live_103,YES,Live,1,PRESENT,
source_SiW_Mv2/pro_3_text/trainlist_live.txt,Live_105,YES,Live,1,PRESENT,
source_SiW_Mv2/pro_3_text/trainlist_live.txt,Live_107,YES,Live,1,PRESENT,
source_SiW_Mv2/pro_3_text/trainlist_live.txt,Live_108,YES,Live,1,PRESENT,
source_SiW_Mv2/pro_3_text/trainlist_live.txt,Live_11,YES,Live,1,PRESENT,
source_SiW_Mv2/pro_3_text/trainlist_live.txt,Live_110,YES,Live,1,PRESENT,
source_SiW_Mv2/pro_3_text/trainlist_live.txt,Live_112,YES,Live,1,PRESENT,
source_SiW_Mv2/pro_3_text/trainlist_live.txt,Live_113,YES,Live,1,PRESENT,
source_SiW_Mv2/pro_3_text/trainlist_live.txt,Live_115,YES,Live,1,PRESENT,
source_SiW_Mv2/pro_3_text/trainlist_live.txt,Live_116,YES,Live,1,PRESENT,
source_SiW_Mv2/pro_3_text/trainlist_live.txt,Live_118,YES,Live,1,PRESENT,
source_SiW_Mv2/pro_3_text/trainlist_live.txt,Live_119,YES,Live,1,PRESENT,
source_SiW_Mv2/pro_3_text/trainlist_live.txt,Live_120,YES,Live,1,PRESENT,
source_SiW_Mv2/pro_3_text/trainlist_live.txt,Live_121,YES,Live,1,PRESENT,
source_SiW_Mv2/pro_3_text/trainlist_live.txt,Live_123,YES,Live,1,PRESENT,
source_SiW_Mv2/pro_3_text/trainlist_live.txt,Live_124,YES,Live,1,PRESENT,
source_SiW_Mv2/pro_3_text/trainlist_live.txt,Live_126,YES,Live,1,PRESENT,
source_SiW_Mv2/pro_3_text/trainlist_live.txt,Live_127,YES,Live,1,PRESENT,
source_SiW_Mv2/pro_3_text/trainlist_live.txt,Live_129,YES,Live,1,PRESENT,
source_SiW_Mv2/pro_3_text/trainlist_live.txt,Live_13,YES,Live,1,PRESENT,
source_SiW_Mv2/pro_3_text/trainlist_live.txt,Live_131,YES,Live,1,PRESENT,
source_SiW_Mv2/pro_3_text/trainlist_live.txt,Live_132,YES,Live,1,PRESENT,
source_SiW_Mv2/pro_3_text/trainlist_live.txt,Live_134,YES,Live,1,PRESENT,
source_SiW_Mv2/pro_3_text/trainlist_live.txt,Live_135,YES,Live,1,PRESENT,
source_SiW_Mv2/pro_3_text/trainlist_live.txt,Live_137,YES,Live,1,PRESENT,
source_SiW_Mv2/pro_3_text/trainlist_live.txt,Live_138,YES,Live,1,PRESENT,
source_SiW_Mv2/pro_3_text/trainlist_live.txt,Live_14,YES,Live,1,PRESENT,
source_SiW_Mv2/pro_3_text/trainlist_live.txt,Live_140,YES,Live,1,PRESENT,
source_SiW_Mv2/pro_3_text/trainlist_live.txt,Live_142,YES,Live,1,PRESENT,
source_SiW_Mv2/pro_3_text/trainlist_live.txt,Live_143,YES,Live,1,PRESENT,
source_SiW_Mv2/pro_3_text/trainlist_live.txt,Live_145,YES,Live,1,PRESENT,
source_SiW_Mv2/pro_3_text/trainlist_live.txt,Live_146,YES,Live,1,PRESENT,
source_SiW_Mv2/pro_3_text/trainlist_live.txt,Live_148,YES,Live,1,PRESENT,
source_SiW_Mv2/pro_3_text/trainlist_live.txt,Live_149,YES,Live,1,PRESENT,
source_SiW_Mv2/pro_3_text/trainlist_live.txt,Live_150,YES,Live,1,PRESENT,
source_SiW_Mv2/pro_3_text/trainlist_live.txt,Live_151,YES,Live,1,PRESENT,
source_SiW_Mv2/pro_3_text/trainlist_live.txt,Live_153,YES,Live,1,PRESENT,
source_SiW_Mv2/pro_3_text/trainlist_live.txt,Live_154,YES,Live,1,PRESENT,
source_SiW_Mv2/pro_3_text/trainlist_live.txt,Live_156,YES,Live,1,PRESENT,
source_SiW_Mv2/pro_3_text/trainlist_live.txt,Live_157,YES,Live,1,PRESENT,
source_SiW_Mv2/pro_3_text/trainlist_live.txt,Live_159,YES,Live,1,PRESENT,
source_SiW_Mv2/pro_3_text/trainlist_live.txt,Live_16,YES,Live,1,PRESENT,
source_SiW_Mv2/pro_3_text/trainlist_live.txt,Live_161,YES,Live,1,PRESENT,
source_SiW_Mv2/pro_3_text/trainlist_live.txt,Live_162,YES,Live,1,PRESENT,
source_SiW_Mv2/pro_3_text/trainlist_live.txt,Live_164,YES,Live,1,PRESENT,
source_SiW_Mv2/pro_3_text/trainlist_live.txt,Live_165,YES,Live,1,PRESENT,
source_SiW_Mv2/pro_3_text/trainlist_live.txt,Live_167,YES,Live,1,PRESENT,
source_SiW_Mv2/pro_3_text/trainlist_live.txt,Live_168,YES,Live,1,PRESENT,
source_SiW_Mv2/pro_3_text/trainlist_live.txt,Live_17,YES,Live,1,PRESENT,
source_SiW_Mv2/pro_3_text/trainlist_live.txt,Live_170,YES,Live,1,PRESENT,
source_SiW_Mv2/pro_3_text/trainlist_live.txt,Live_172,YES,Live,1,PRESENT,
source_SiW_Mv2/pro_3_text/trainlist_live.txt,Live_173,YES,Live,1,PRESENT,
source_SiW_Mv2/pro_3_text/trainlist_live.txt,Live_175,YES,Live,1,PRESENT,
source_SiW_Mv2/pro_3_text/trainlist_live.txt,Live_176,YES,Live,1,PRESENT,
source_SiW_Mv2/pro_3_text/trainlist_live.txt,Live_178,YES,Live,1,PRESENT,
source_SiW_Mv2/pro_3_text/trainlist_live.txt,Live_179,YES,Live,1,PRESENT,
source_SiW_Mv2/pro_3_text/trainlist_live.txt,Live_180,YES,Live,1,PRESENT,
source_SiW_Mv2/pro_3_text/trainlist_live.txt,Live_181,YES,Live,1,PRESENT,
source_SiW_Mv2/pro_3_text/trainlist_live.txt,Live_183,YES,Live,1,PRESENT,
source_SiW_Mv2/pro_3_text/trainlist_live.txt,Live_184,YES,Live,1,PRESENT,
source_SiW_Mv2/pro_3_text/trainlist_live.txt,Live_186,YES,Live,1,PRESENT,
source_SiW_Mv2/pro_3_text/trainlist_live.txt,Live_187,YES,Live,1,PRESENT,
source_SiW_Mv2/pro_3_text/trainlist_live.txt,Live_189,YES,Live,1,PRESENT,
source_SiW_Mv2/pro_3_text/trainlist_live.txt,Live_19,YES,Live,1,PRESENT,
source_SiW_Mv2/pro_3_text/trainlist_live.txt,Live_191,YES,Live,1,PRESENT,
source_SiW_Mv2/pro_3_text/trainlist_live.txt,Live_192,YES,Live,1,PRESENT,
source_SiW_Mv2/pro_3_text/trainlist_live.txt,Live_194,YES,Live,1,PRESENT,
source_SiW_Mv2/pro_3_text/trainlist_live.txt,Live_195,YES,Live,1,PRESENT,
source_SiW_Mv2/pro_3_text/trainlist_live.txt,Live_197,YES,Live,1,PRESENT,
source_SiW_Mv2/pro_3_text/trainlist_live.txt,Live_198,YES,Live,1,PRESENT,
source_SiW_Mv2/pro_3_text/trainlist_live.txt,Live_2,YES,Live,1,PRESENT,
source_SiW_Mv2/pro_3_text/trainlist_live.txt,Live_20,YES,Live,1,PRESENT,
source_SiW_Mv2/pro_3_text/trainlist_live.txt,Live_201,YES,Live,1,PRESENT,
source_SiW_Mv2/pro_3_text/trainlist_live.txt,Live_202,YES,Live,1,PRESENT,
source_SiW_Mv2/pro_3_text/trainlist_live.txt,Live_204,YES,Live,1,PRESENT,
source_SiW_Mv2/pro_3_text/trainlist_live.txt,Live_205,YES,Live,1,PRESENT,
source_SiW_Mv2/pro_3_text/trainlist_live.txt,Live_207,YES,Live,1,PRESENT,
source_SiW_Mv2/pro_3_text/trainlist_live.txt,Live_208,YES,Live,1,PRESENT,
source_SiW_Mv2/pro_3_text/trainlist_live.txt,Live_21,YES,Live,1,PRESENT,
source_SiW_Mv2/pro_3_text/trainlist_live.txt,Live_210,YES,Live,1,PRESENT,
source_SiW_Mv2/pro_3_text/trainlist_live.txt,Live_212,YES,Live,1,PRESENT,
source_SiW_Mv2/pro_3_text/trainlist_live.txt,Live_213,YES,Live,1,PRESENT,
source_SiW_Mv2/pro_3_text/trainlist_live.txt,Live_215,YES,Live,1,PRESENT,
source_SiW_Mv2/pro_3_text/trainlist_live.txt,Live_216,YES,Live,1,PRESENT,
source_SiW_Mv2/pro_3_text/trainlist_live.txt,Live_218,YES,Live,1,PRESENT,
source_SiW_Mv2/pro_3_text/trainlist_live.txt,Live_219,YES,Live,1,PRESENT,
source_SiW_Mv2/pro_3_text/trainlist_live.txt,Live_220,YES,Live,1,PRESENT,
source_SiW_Mv2/pro_3_text/trainlist_live.txt,Live_221,YES,Live,1,PRESENT,
source_SiW_Mv2/pro_3_text/trainlist_live.txt,Live_223,YES,Live,1,PRESENT,
source_SiW_Mv2/pro_3_text/trainlist_live.txt,Live_224,YES,Live,1,PRESENT,
source_SiW_Mv2/pro_3_text/trainlist_live.txt,Live_226,YES,Live,1,PRESENT,
source_SiW_Mv2/pro_3_text/trainlist_live.txt,Live_227,YES,Live,1,PRESENT,
source_SiW_Mv2/pro_3_text/trainlist_live.txt,Live_229,YES,Live,1,PRESENT,
source_SiW_Mv2/pro_3_text/trainlist_live.txt,Live_23,YES,Live,1,PRESENT,
source_SiW_Mv2/pro_3_text/trainlist_live.txt,Live_231,YES,Live,1,PRESENT,
source_SiW_Mv2/pro_3_text/trainlist_live.txt,Live_232,YES,Live,1,PRESENT,
source_SiW_Mv2/pro_3_text/trainlist_live.txt,Live_234,YES,Live,1,PRESENT,
source_SiW_Mv2/pro_3_text/trainlist_live.txt,Live_235,YES,Live,1,PRESENT,
source_SiW_Mv2/pro_3_text/trainlist_live.txt,Live_237,YES,Live,1,PRESENT,
source_SiW_Mv2/pro_3_text/trainlist_live.txt,Live_238,YES,Live,1,PRESENT,
source_SiW_Mv2/pro_3_text/trainlist_live.txt,Live_24,YES,Live,1,PRESENT,
source_SiW_Mv2/pro_3_text/trainlist_live.txt,Live_240,YES,Live,1,PRESENT,
source_SiW_Mv2/pro_3_text/trainlist_live.txt,Live_242,YES,Live,1,PRESENT,
source_SiW_Mv2/pro_3_text/trainlist_live.txt,Live_243,YES,Live,1,PRESENT,
source_SiW_Mv2/pro_3_text/trainlist_live.txt,Live_245,YES,Live,1,PRESENT,
source_SiW_Mv2/pro_3_text/trainlist_live.txt,Live_246,YES,Live,1,PRESENT,
source_SiW_Mv2/pro_3_text/trainlist_live.txt,Live_248,YES,Live,1,PRESENT,
source_SiW_Mv2/pro_3_text/trainlist_live.txt,Live_249,YES,Live,1,PRESENT,
source_SiW_Mv2/pro_3_text/trainlist_live.txt,Live_250,YES,Live,1,PRESENT,
source_SiW_Mv2/pro_3_text/trainlist_live.txt,Live_251,YES,Live,1,PRESENT,
source_SiW_Mv2/pro_3_text/trainlist_live.txt,Live_253,YES,Live,1,PRESENT,
source_SiW_Mv2/pro_3_text/trainlist_live.txt,Live_254,YES,Live,1,PRESENT,
source_SiW_Mv2/pro_3_text/trainlist_live.txt,Live_256,YES,Live,1,PRESENT,
source_SiW_Mv2/pro_3_text/trainlist_live.txt,Live_257,YES,Live,1,PRESENT,
source_SiW_Mv2/pro_3_text/trainlist_live.txt,Live_259,YES,Live,1,PRESENT,
source_SiW_Mv2/pro_3_text/trainlist_live.txt,Live_26,YES,Live,1,PRESENT,
source_SiW_Mv2/pro_3_text/trainlist_live.txt,Live_261,YES,Live,1,PRESENT,
source_SiW_Mv2/pro_3_text/trainlist_live.txt,Live_262,YES,Live,1,PRESENT,
source_SiW_Mv2/pro_3_text/trainlist_live.txt,Live_264,YES,Live,1,PRESENT,
source_SiW_Mv2/pro_3_text/trainlist_live.txt,Live_265,YES,Live,1,PRESENT,
source_SiW_Mv2/pro_3_text/trainlist_live.txt,Live_267,YES,Live,1,PRESENT,
source_SiW_Mv2/pro_3_text/trainlist_live.txt,Live_268,YES,Live,1,PRESENT,
source_SiW_Mv2/pro_3_text/trainlist_live.txt,Live_27,YES,Live,1,PRESENT,
source_SiW_Mv2/pro_3_text/trainlist_live.txt,Live_270,YES,Live,1,PRESENT,
source_SiW_Mv2/pro_3_text/trainlist_live.txt,Live_272,YES,Live,1,PRESENT,
source_SiW_Mv2/pro_3_text/trainlist_live.txt,Live_273,YES,Live,1,PRESENT,
source_SiW_Mv2/pro_3_text/trainlist_live.txt,Live_275,YES,Live,1,PRESENT,
source_SiW_Mv2/pro_3_text/trainlist_live.txt,Live_276,YES,Live,1,PRESENT,
source_SiW_Mv2/pro_3_text/trainlist_live.txt,Live_278,YES,Live,1,PRESENT,
source_SiW_Mv2/pro_3_text/trainlist_live.txt,Live_279,YES,Live,1,PRESENT,
source_SiW_Mv2/pro_3_text/trainlist_live.txt,Live_280,YES,Live,1,PRESENT,
source_SiW_Mv2/pro_3_text/trainlist_live.txt,Live_281,YES,Live,1,PRESENT,
source_SiW_Mv2/pro_3_text/trainlist_live.txt,Live_283,YES,Live,1,PRESENT,
source_SiW_Mv2/pro_3_text/trainlist_live.txt,Live_284,YES,Live,1,PRESENT,
source_SiW_Mv2/pro_3_text/trainlist_live.txt,Live_286,YES,Live,1,PRESENT,
source_SiW_Mv2/pro_3_text/trainlist_live.txt,Live_287,YES,Live,1,PRESENT,
source_SiW_Mv2/pro_3_text/trainlist_live.txt,Live_289,YES,Live,1,PRESENT,
source_SiW_Mv2/pro_3_text/trainlist_live.txt,Live_29,YES,Live,1,PRESENT,
source_SiW_Mv2/pro_3_text/trainlist_live.txt,Live_291,YES,Live,1,PRESENT,
source_SiW_Mv2/pro_3_text/trainlist_live.txt,Live_292,YES,Live,1,PRESENT,
source_SiW_Mv2/pro_3_text/trainlist_live.txt,Live_294,YES,Live,1,PRESENT,
source_SiW_Mv2/pro_3_text/trainlist_live.txt,Live_295,YES,Live,1,PRESENT,
source_SiW_Mv2/pro_3_text/trainlist_live.txt,Live_297,YES,Live,1,PRESENT,
source_SiW_Mv2/pro_3_text/trainlist_live.txt,Live_298,YES,Live,1,PRESENT,
source_SiW_Mv2/pro_3_text/trainlist_live.txt,Live_3,YES,Live,1,PRESENT,
source_SiW_Mv2/pro_3_text/trainlist_live.txt,Live_30,YES,Live,1,PRESENT,
source_SiW_Mv2/pro_3_text/trainlist_live.txt,Live_301,YES,Live,1,PRESENT,
source_SiW_Mv2/pro_3_text/trainlist_live.txt,Live_302,YES,Live,1,PRESENT,
source_SiW_Mv2/pro_3_text/trainlist_live.txt,Live_304,YES,Live,1,PRESENT,
source_SiW_Mv2/pro_3_text/trainlist_live.txt,Live_305,YES,Live,1,PRESENT,
source_SiW_Mv2/pro_3_text/trainlist_live.txt,Live_307,YES,Live,1,PRESENT,
source_SiW_Mv2/pro_3_text/trainlist_live.txt,Live_308,YES,Live,1,PRESENT,
source_SiW_Mv2/pro_3_text/trainlist_live.txt,Live_31,YES,Live,1,PRESENT,
source_SiW_Mv2/pro_3_text/trainlist_live.txt,Live_310,YES,Live,1,PRESENT,
source_SiW_Mv2/pro_3_text/trainlist_live.txt,Live_312,YES,Live,1,PRESENT,
source_SiW_Mv2/pro_3_text/trainlist_live.txt,Live_313,YES,Live,1,PRESENT,
source_SiW_Mv2/pro_3_text/trainlist_live.txt,Live_315,YES,Live,1,PRESENT,
source_SiW_Mv2/pro_3_text/trainlist_live.txt,Live_316,YES,Live,1,PRESENT,
source_SiW_Mv2/pro_3_text/trainlist_live.txt,Live_318,YES,Live,1,PRESENT,
source_SiW_Mv2/pro_3_text/trainlist_live.txt,Live_319,YES,Live,1,PRESENT,
source_SiW_Mv2/pro_3_text/trainlist_live.txt,Live_320,YES,Live,1,PRESENT,
source_SiW_Mv2/pro_3_text/trainlist_live.txt,Live_321,YES,Live,1,PRESENT,
source_SiW_Mv2/pro_3_text/trainlist_live.txt,Live_323,YES,Live,1,PRESENT,
source_SiW_Mv2/pro_3_text/trainlist_live.txt,Live_324,YES,Live,1,PRESENT,
source_SiW_Mv2/pro_3_text/trainlist_live.txt,Live_326,YES,Live,1,PRESENT,
source_SiW_Mv2/pro_3_text/trainlist_live.txt,Live_327,YES,Live,1,PRESENT,
source_SiW_Mv2/pro_3_text/trainlist_live.txt,Live_329,YES,Live,1,PRESENT,
source_SiW_Mv2/pro_3_text/trainlist_live.txt,Live_33,YES,Live,1,PRESENT,
source_SiW_Mv2/pro_3_text/trainlist_live.txt,Live_331,YES,Live,1,PRESENT,
source_SiW_Mv2/pro_3_text/trainlist_live.txt,Live_332,YES,Live,1,PRESENT,
source_SiW_Mv2/pro_3_text/trainlist_live.txt,Live_334,YES,Live,1,PRESENT,
source_SiW_Mv2/pro_3_text/trainlist_live.txt,Live_335,YES,Live,1,PRESENT,
source_SiW_Mv2/pro_3_text/trainlist_live.txt,Live_337,YES,Live,1,PRESENT,
source_SiW_Mv2/pro_3_text/trainlist_live.txt,Live_338,YES,Live,1,PRESENT,
source_SiW_Mv2/pro_3_text/trainlist_live.txt,Live_34,YES,Live,1,PRESENT,
source_SiW_Mv2/pro_3_text/trainlist_live.txt,Live_340,YES,Live,1,PRESENT,
source_SiW_Mv2/pro_3_text/trainlist_live.txt,Live_342,YES,Live,1,PRESENT,
source_SiW_Mv2/pro_3_text/trainlist_live.txt,Live_343,YES,Live,1,PRESENT,
source_SiW_Mv2/pro_3_text/trainlist_live.txt,Live_345,YES,Live,1,PRESENT,
source_SiW_Mv2/pro_3_text/trainlist_live.txt,Live_346,YES,Live,1,PRESENT,
source_SiW_Mv2/pro_3_text/trainlist_live.txt,Live_348,YES,Live,1,PRESENT,
source_SiW_Mv2/pro_3_text/trainlist_live.txt,Live_349,YES,Live,1,PRESENT,
source_SiW_Mv2/pro_3_text/trainlist_live.txt,Live_350,YES,Live,1,PRESENT,
source_SiW_Mv2/pro_3_text/trainlist_live.txt,Live_351,YES,Live,1,PRESENT,
source_SiW_Mv2/pro_3_text/trainlist_live.txt,Live_353,YES,Live,1,PRESENT,
source_SiW_Mv2/pro_3_text/trainlist_live.txt,Live_354,YES,Live,1,PRESENT,
source_SiW_Mv2/pro_3_text/trainlist_live.txt,Live_356,YES,Live,1,PRESENT,
source_SiW_Mv2/pro_3_text/trainlist_live.txt,Live_357,YES,Live,1,PRESENT,
source_SiW_Mv2/pro_3_text/trainlist_live.txt,Live_359,YES,Live,1,PRESENT,
source_SiW_Mv2/pro_3_text/trainlist_live.txt,Live_36,YES,Live,1,PRESENT,
source_SiW_Mv2/pro_3_text/trainlist_live.txt,Live_361,YES,Live,1,PRESENT,
source_SiW_Mv2/pro_3_text/trainlist_live.txt,Live_362,YES,Live,1,PRESENT,
source_SiW_Mv2/pro_3_text/trainlist_live.txt,Live_364,YES,Live,1,PRESENT,
source_SiW_Mv2/pro_3_text/trainlist_live.txt,Live_365,YES,Live,1,PRESENT,
source_SiW_Mv2/pro_3_text/trainlist_live.txt,Live_367,YES,Live,1,PRESENT,
source_SiW_Mv2/pro_3_text/trainlist_live.txt,Live_368,YES,Live,1,PRESENT,
source_SiW_Mv2/pro_3_text/trainlist_live.txt,Live_37,YES,Live,1,PRESENT,
source_SiW_Mv2/pro_3_text/trainlist_live.txt,Live_370,YES,Live,1,PRESENT,
source_SiW_Mv2/pro_3_text/trainlist_live.txt,Live_372,YES,Live,1,PRESENT,
source_SiW_Mv2/pro_3_text/trainlist_live.txt,Live_373,YES,Live,1,PRESENT,
source_SiW_Mv2/pro_3_text/trainlist_live.txt,Live_375,YES,Live,1,PRESENT,
source_SiW_Mv2/pro_3_text/trainlist_live.txt,Live_376,YES,Live,1,PRESENT,
source_SiW_Mv2/pro_3_text/trainlist_live.txt,Live_378,YES,Live,1,PRESENT,
source_SiW_Mv2/pro_3_text/trainlist_live.txt,Live_379,YES,Live,1,PRESENT,
source_SiW_Mv2/pro_3_text/trainlist_live.txt,Live_380,YES,Live,1,PRESENT,
source_SiW_Mv2/pro_3_text/trainlist_live.txt,Live_381,YES,Live,1,PRESENT,
source_SiW_Mv2/pro_3_text/trainlist_live.txt,Live_383,YES,Live,1,PRESENT,
source_SiW_Mv2/pro_3_text/trainlist_live.txt,Live_384,YES,Live,1,PRESENT,
source_SiW_Mv2/pro_3_text/trainlist_live.txt,Live_386,YES,Live,1,PRESENT,
source_SiW_Mv2/pro_3_text/trainlist_live.txt,Live_387,YES,Live,1,PRESENT,
source_SiW_Mv2/pro_3_text/trainlist_live.txt,Live_389,YES,Live,1,PRESENT,
source_SiW_Mv2/pro_3_text/trainlist_live.txt,Live_39,YES,Live,1,PRESENT,
source_SiW_Mv2/pro_3_text/trainlist_live.txt,Live_391,YES,Live,1,PRESENT,
source_SiW_Mv2/pro_3_text/trainlist_live.txt,Live_392,YES,Live,1,PRESENT,
source_SiW_Mv2/pro_3_text/trainlist_live.txt,Live_394,YES,Live,1,PRESENT,
source_SiW_Mv2/pro_3_text/trainlist_live.txt,Live_395,YES,Live,1,PRESENT,
source_SiW_Mv2/pro_3_text/trainlist_live.txt,Live_397,YES,Live,1,PRESENT,
source_SiW_Mv2/pro_3_text/trainlist_live.txt,Live_398,YES,Live,1,PRESENT,
source_SiW_Mv2/pro_3_text/trainlist_live.txt,Live_4,YES,Live,1,PRESENT,
source_SiW_Mv2/pro_3_text/trainlist_live.txt,Live_40,YES,Live,1,PRESENT,
source_SiW_Mv2/pro_3_text/trainlist_live.txt,Live_401,YES,Live,1,PRESENT,
source_SiW_Mv2/pro_3_text/trainlist_live.txt,Live_402,YES,Live,1,PRESENT,
source_SiW_Mv2/pro_3_text/trainlist_live.txt,Live_404,YES,Live,1,PRESENT,
source_SiW_Mv2/pro_3_text/trainlist_live.txt,Live_405,YES,Live,1,PRESENT,
source_SiW_Mv2/pro_3_text/trainlist_live.txt,Live_407,YES,Live,1,PRESENT,
source_SiW_Mv2/pro_3_text/trainlist_live.txt,Live_408,YES,Live,1,PRESENT,
source_SiW_Mv2/pro_3_text/trainlist_live.txt,Live_41,YES,Live,1,PRESENT,
source_SiW_Mv2/pro_3_text/trainlist_live.txt,Live_410,YES,Live,1,PRESENT,
source_SiW_Mv2/pro_3_text/trainlist_live.txt,Live_412,YES,Live,1,PRESENT,
source_SiW_Mv2/pro_3_text/trainlist_live.txt,Live_413,YES,Live,1,PRESENT,
source_SiW_Mv2/pro_3_text/trainlist_live.txt,Live_415,YES,Live,1,PRESENT,
source_SiW_Mv2/pro_3_text/trainlist_live.txt,Live_416,YES,Live,1,PRESENT,
source_SiW_Mv2/pro_3_text/trainlist_live.txt,Live_418,YES,Live,1,PRESENT,
source_SiW_Mv2/pro_3_text/trainlist_live.txt,Live_419,YES,Live,1,PRESENT,
source_SiW_Mv2/pro_3_text/trainlist_live.txt,Live_420,YES,Live,1,PRESENT,
source_SiW_Mv2/pro_3_text/trainlist_live.txt,Live_421,YES,Live,1,PRESENT,
source_SiW_Mv2/pro_3_text/trainlist_live.txt,Live_423,YES,Live,1,PRESENT,
source_SiW_Mv2/pro_3_text/trainlist_live.txt,Live_424,YES,Live,1,PRESENT,
source_SiW_Mv2/pro_3_text/trainlist_live.txt,Live_426,YES,Live,1,PRESENT,
source_SiW_Mv2/pro_3_text/trainlist_live.txt,Live_427,YES,Live,1,PRESENT,
source_SiW_Mv2/pro_3_text/trainlist_live.txt,Live_429,YES,Live,1,PRESENT,
source_SiW_Mv2/pro_3_text/trainlist_live.txt,Live_43,YES,Live,1,PRESENT,
source_SiW_Mv2/pro_3_text/trainlist_live.txt,Live_431,YES,Live,1,PRESENT,
source_SiW_Mv2/pro_3_text/trainlist_live.txt,Live_432,YES,Live,1,PRESENT,
source_SiW_Mv2/pro_3_text/trainlist_live.txt,Live_434,YES,Live,1,PRESENT,
source_SiW_Mv2/pro_3_text/trainlist_live.txt,Live_435,YES,Live,1,PRESENT,
source_SiW_Mv2/pro_3_text/trainlist_live.txt,Live_437,YES,Live,1,PRESENT,
source_SiW_Mv2/pro_3_text/trainlist_live.txt,Live_438,YES,Live,1,PRESENT,
source_SiW_Mv2/pro_3_text/trainlist_live.txt,Live_44,YES,Live,1,PRESENT,
source_SiW_Mv2/pro_3_text/trainlist_live.txt,Live_440,YES,Live,1,PRESENT,
source_SiW_Mv2/pro_3_text/trainlist_live.txt,Live_442,YES,Live,1,PRESENT,
source_SiW_Mv2/pro_3_text/trainlist_live.txt,Live_443,YES,Live,1,PRESENT,
source_SiW_Mv2/pro_3_text/trainlist_live.txt,Live_445,YES,Live,1,PRESENT,
source_SiW_Mv2/pro_3_text/trainlist_live.txt,Live_446,YES,Live,1,PRESENT,
source_SiW_Mv2/pro_3_text/trainlist_live.txt,Live_448,YES,Live,1,PRESENT,
source_SiW_Mv2/pro_3_text/trainlist_live.txt,Live_449,YES,Live,1,PRESENT,
source_SiW_Mv2/pro_3_text/trainlist_live.txt,Live_450,YES,Live,1,PRESENT,
source_SiW_Mv2/pro_3_text/trainlist_live.txt,Live_451,YES,Live,1,PRESENT,
source_SiW_Mv2/pro_3_text/trainlist_live.txt,Live_453,YES,Live,1,PRESENT,
source_SiW_Mv2/pro_3_text/trainlist_live.txt,Live_454,YES,Live,1,PRESENT,
source_SiW_Mv2/pro_3_text/trainlist_live.txt,Live_456,YES,Live,1,PRESENT,
source_SiW_Mv2/pro_3_text/trainlist_live.txt,Live_457,YES,Live,1,PRESENT,
source_SiW_Mv2/pro_3_text/trainlist_live.txt,Live_459,YES,Live,1,PRESENT,
source_SiW_Mv2/pro_3_text/trainlist_live.txt,Live_46,YES,Live,1,PRESENT,
source_SiW_Mv2/pro_3_text/trainlist_live.txt,Live_461,YES,Live,1,PRESENT,
source_SiW_Mv2/pro_3_text/trainlist_live.txt,Live_462,YES,Live,1,PRESENT,
source_SiW_Mv2/pro_3_text/trainlist_live.txt,Live_464,YES,Live,1,PRESENT,
source_SiW_Mv2/pro_3_text/trainlist_live.txt,Live_465,YES,Live,1,PRESENT,
source_SiW_Mv2/pro_3_text/trainlist_live.txt,Live_467,YES,Live,1,PRESENT,
source_SiW_Mv2/pro_3_text/trainlist_live.txt,Live_468,YES,Live,1,PRESENT,
source_SiW_Mv2/pro_3_text/trainlist_live.txt,Live_47,YES,Live,1,PRESENT,
source_SiW_Mv2/pro_3_text/trainlist_live.txt,Live_470,YES,Live,1,PRESENT,
source_SiW_Mv2/pro_3_text/trainlist_live.txt,Live_472,YES,Live,1,PRESENT,
source_SiW_Mv2/pro_3_text/trainlist_live.txt,Live_473,YES,Live,1,PRESENT,
source_SiW_Mv2/pro_3_text/trainlist_live.txt,Live_475,YES,Live,1,PRESENT,
source_SiW_Mv2/pro_3_text/trainlist_live.txt,Live_476,YES,Live,1,PRESENT,
source_SiW_Mv2/pro_3_text/trainlist_live.txt,Live_478,YES,Live,1,PRESENT,
source_SiW_Mv2/pro_3_text/trainlist_live.txt,Live_479,YES,Live,1,PRESENT,
source_SiW_Mv2/pro_3_text/trainlist_live.txt,Live_480,YES,Live,1,PRESENT,
source_SiW_Mv2/pro_3_text/trainlist_live.txt,Live_481,YES,Live,1,PRESENT,
source_SiW_Mv2/pro_3_text/trainlist_live.txt,Live_483,YES,Live,1,PRESENT,
source_SiW_Mv2/pro_3_text/trainlist_live.txt,Live_484,YES,Live,1,PRESENT,
source_SiW_Mv2/pro_3_text/trainlist_live.txt,Live_486,YES,Live,1,PRESENT,
source_SiW_Mv2/pro_3_text/trainlist_live.txt,Live_487,YES,Live,1,PRESENT,
source_SiW_Mv2/pro_3_text/trainlist_live.txt,Live_489,YES,Live,1,PRESENT,
source_SiW_Mv2/pro_3_text/trainlist_live.txt,Live_49,YES,Live,1,PRESENT,
source_SiW_Mv2/pro_3_text/trainlist_live.txt,Live_491,YES,Live,1,PRESENT,
source_SiW_Mv2/pro_3_text/trainlist_live.txt,Live_492,YES,Live,1,PRESENT,
source_SiW_Mv2/pro_3_text/trainlist_live.txt,Live_494,YES,Live,1,PRESENT,
source_SiW_Mv2/pro_3_text/trainlist_live.txt,Live_495,YES,Live,1,PRESENT,
source_SiW_Mv2/pro_3_text/trainlist_live.txt,Live_497,YES,Live,1,PRESENT,
source_SiW_Mv2/pro_3_text/trainlist_live.txt,Live_498,YES,Live,1,PRESENT,
source_SiW_Mv2/pro_3_text/trainlist_live.txt,Live_5,YES,Live,1,PRESENT,
source_SiW_Mv2/pro_3_text/trainlist_live.txt,Live_50,YES,Live,1,PRESENT,
source_SiW_Mv2/pro_3_text/trainlist_live.txt,Live_501,YES,Live,1,PRESENT,
source_SiW_Mv2/pro_3_text/trainlist_live.txt,Live_502,YES,Live,1,PRESENT,
source_SiW_Mv2/pro_3_text/trainlist_live.txt,Live_504,YES,Live,1,PRESENT,
source_SiW_Mv2/pro_3_text/trainlist_live.txt,Live_51,YES,Live,1,PRESENT,
source_SiW_Mv2/pro_3_text/trainlist_live.txt,Live_53,YES,Live,1,PRESENT,
source_SiW_Mv2/pro_3_text/trainlist_live.txt,Live_54,YES,Live,1,PRESENT,
source_SiW_Mv2/pro_3_text/trainlist_live.txt,Live_56,YES,Live,1,PRESENT,
source_SiW_Mv2/pro_3_text/trainlist_live.txt,Live_57,YES,Live,1,PRESENT,
source_SiW_Mv2/pro_3_text/trainlist_live.txt,Live_59,YES,Live,1,PRESENT,
source_SiW_Mv2/pro_3_text/trainlist_live.txt,Live_6,YES,Live,1,PRESENT,
source_SiW_Mv2/pro_3_text/trainlist_live.txt,Live_61,YES,Live,1,PRESENT,
source_SiW_Mv2/pro_3_text/trainlist_live.txt,Live_610,YES,Live,1,PRESENT,
source_SiW_Mv2/pro_3_text/trainlist_live.txt,Live_612,YES,Live,1,PRESENT,
source_SiW_Mv2/pro_3_text/trainlist_live.txt,Live_613,YES,Live,1,PRESENT,
source_SiW_Mv2/pro_3_text/trainlist_live.txt,Live_615,YES,Live,1,PRESENT,
source_SiW_Mv2/pro_3_text/trainlist_live.txt,Live_616,YES,Live,1,PRESENT,
source_SiW_Mv2/pro_3_text/trainlist_live.txt,Live_618,YES,Live,1,PRESENT,
source_SiW_Mv2/pro_3_text/trainlist_live.txt,Live_619,YES,Live,1,PRESENT,
source_SiW_Mv2/pro_3_text/trainlist_live.txt,Live_620,YES,Live,1,PRESENT,
source_SiW_Mv2/pro_3_text/trainlist_live.txt,Live_621,YES,Live,1,PRESENT,
source_SiW_Mv2/pro_3_text/trainlist_live.txt,Live_623,YES,Live,1,PRESENT,
source_SiW_Mv2/pro_3_text/trainlist_live.txt,Live_624,YES,Live,1,PRESENT,
source_SiW_Mv2/pro_3_text/trainlist_live.txt,Live_626,YES,Live,1,PRESENT,
source_SiW_Mv2/pro_3_text/trainlist_live.txt,Live_627,YES,Live,1,PRESENT,
source_SiW_Mv2/pro_3_text/trainlist_live.txt,Live_629,YES,Live,1,PRESENT,
source_SiW_Mv2/pro_3_text/trainlist_live.txt,Live_63,YES,Live,1,PRESENT,
source_SiW_Mv2/pro_3_text/trainlist_live.txt,Live_631,YES,Live,1,PRESENT,
source_SiW_Mv2/pro_3_text/trainlist_live.txt,Live_632,YES,Live,1,PRESENT,
source_SiW_Mv2/pro_3_text/trainlist_live.txt,Live_634,YES,Live,1,PRESENT,
source_SiW_Mv2/pro_3_text/trainlist_live.txt,Live_635,YES,Live,1,PRESENT,
source_SiW_Mv2/pro_3_text/trainlist_live.txt,Live_637,YES,Live,1,PRESENT,
source_SiW_Mv2/pro_3_text/trainlist_live.txt,Live_638,YES,Live,1,PRESENT,
source_SiW_Mv2/pro_3_text/trainlist_live.txt,Live_64,YES,Live,1,PRESENT,
source_SiW_Mv2/pro_3_text/trainlist_live.txt,Live_640,YES,Live,1,PRESENT,
source_SiW_Mv2/pro_3_text/trainlist_live.txt,Live_642,YES,Live,1,PRESENT,
source_SiW_Mv2/pro_3_text/trainlist_live.txt,Live_643,YES,Live,1,PRESENT,
source_SiW_Mv2/pro_3_text/trainlist_live.txt,Live_645,YES,Live,1,PRESENT,
source_SiW_Mv2/pro_3_text/trainlist_live.txt,Live_646,YES,Live,1,PRESENT,
source_SiW_Mv2/pro_3_text/trainlist_live.txt,Live_648,YES,Live,1,PRESENT,
source_SiW_Mv2/pro_3_text/trainlist_live.txt,Live_649,YES,Live,1,PRESENT,
source_SiW_Mv2/pro_3_text/trainlist_live.txt,Live_650,YES,Live,1,PRESENT,
source_SiW_Mv2/pro_3_text/trainlist_live.txt,Live_651,YES,Live,1,PRESENT,
source_SiW_Mv2/pro_3_text/trainlist_live.txt,Live_653,YES,Live,1,PRESENT,
source_SiW_Mv2/pro_3_text/trainlist_live.txt,Live_654,YES,Live,1,PRESENT,
source_SiW_Mv2/pro_3_text/trainlist_live.txt,Live_656,YES,Live,1,PRESENT,
source_SiW_Mv2/pro_3_text/trainlist_live.txt,Live_657,YES,Live,1,PRESENT,
source_SiW_Mv2/pro_3_text/trainlist_live.txt,Live_659,YES,Live,1,PRESENT,
source_SiW_Mv2/pro_3_text/trainlist_live.txt,Live_66,YES,Live,1,PRESENT,
source_SiW_Mv2/pro_3_text/trainlist_live.txt,Live_661,YES,Live,1,PRESENT,
source_SiW_Mv2/pro_3_text/trainlist_live.txt,Live_662,YES,Live,1,PRESENT,
source_SiW_Mv2/pro_3_text/trainlist_live.txt,Live_664,YES,Live,1,PRESENT,
source_SiW_Mv2/pro_3_text/trainlist_live.txt,Live_665,YES,Live,1,PRESENT,
source_SiW_Mv2/pro_3_text/trainlist_live.txt,Live_667,YES,Live,1,PRESENT,
source_SiW_Mv2/pro_3_text/trainlist_live.txt,Live_668,YES,Live,1,PRESENT,
source_SiW_Mv2/pro_3_text/trainlist_live.txt,Live_67,YES,Live,1,PRESENT,
source_SiW_Mv2/pro_3_text/trainlist_live.txt,Live_670,YES,Live,1,PRESENT,
source_SiW_Mv2/pro_3_text/trainlist_live.txt,Live_672,YES,Live,1,PRESENT,
source_SiW_Mv2/pro_3_text/trainlist_live.txt,Live_673,YES,Live,1,PRESENT,
source_SiW_Mv2/pro_3_text/trainlist_live.txt,Live_675,YES,Live,1,PRESENT,
source_SiW_Mv2/pro_3_text/trainlist_live.txt,Live_676,YES,Live,1,PRESENT,
source_SiW_Mv2/pro_3_text/trainlist_live.txt,Live_678,YES,Live,1,PRESENT,
source_SiW_Mv2/pro_3_text/trainlist_live.txt,Live_679,YES,Live,1,PRESENT,
source_SiW_Mv2/pro_3_text/trainlist_live.txt,Live_680,YES,Live,1,PRESENT,
source_SiW_Mv2/pro_3_text/trainlist_live.txt,Live_681,YES,Live,1,PRESENT,
source_SiW_Mv2/pro_3_text/trainlist_live.txt,Live_683,YES,Live,1,PRESENT,
source_SiW_Mv2/pro_3_text/trainlist_live.txt,Live_684,YES,Live,1,PRESENT,
source_SiW_Mv2/pro_3_text/trainlist_live.txt,Live_686,YES,Live,1,PRESENT,
source_SiW_Mv2/pro_3_text/trainlist_live.txt,Live_687,YES,Live,1,PRESENT,
source_SiW_Mv2/pro_3_text/trainlist_live.txt,Live_689,YES,Live,1,PRESENT,
source_SiW_Mv2/pro_3_text/trainlist_live.txt,Live_69,YES,Live,1,PRESENT,
source_SiW_Mv2/pro_3_text/trainlist_live.txt,Live_691,YES,Live,1,PRESENT,
source_SiW_Mv2/pro_3_text/trainlist_live.txt,Live_692,YES,Live,1,PRESENT,
source_SiW_Mv2/pro_3_text/trainlist_live.txt,Live_694,YES,Live,1,PRESENT,
source_SiW_Mv2/pro_3_text/trainlist_live.txt,Live_695,YES,Live,1,PRESENT,
source_SiW_Mv2/pro_3_text/trainlist_live.txt,Live_697,YES,Live,1,PRESENT,
source_SiW_Mv2/pro_3_text/trainlist_live.txt,Live_698,YES,Live,1,PRESENT,
source_SiW_Mv2/pro_3_text/trainlist_live.txt,Live_7,YES,Live,1,PRESENT,
source_SiW_Mv2/pro_3_text/trainlist_live.txt,Live_70,YES,Live,1,PRESENT,
source_SiW_Mv2/pro_3_text/trainlist_live.txt,Live_701,YES,Live,1,PRESENT,
source_SiW_Mv2/pro_3_text/trainlist_live.txt,Live_702,YES,Live,1,PRESENT,
source_SiW_Mv2/pro_3_text/trainlist_live.txt,Live_704,YES,Live,1,PRESENT,
source_SiW_Mv2/pro_3_text/trainlist_live.txt,Live_705,YES,Live,1,PRESENT,
source_SiW_Mv2/pro_3_text/trainlist_live.txt,Live_707,YES,Live,1,PRESENT,
source_SiW_Mv2/pro_3_text/trainlist_live.txt,Live_708,YES,Live,1,PRESENT,
source_SiW_Mv2/pro_3_text/trainlist_live.txt,Live_71,YES,Live,1,PRESENT,
source_SiW_Mv2/pro_3_text/trainlist_live.txt,Live_710,YES,Live,1,PRESENT,
source_SiW_Mv2/pro_3_text/trainlist_live.txt,Live_712,YES,Live,1,PRESENT,
source_SiW_Mv2/pro_3_text/trainlist_live.txt,Live_713,YES,Live,1,PRESENT,
source_SiW_Mv2/pro_3_text/trainlist_live.txt,Live_715,YES,Live,1,PRESENT,
source_SiW_Mv2/pro_3_text/trainlist_live.txt,Live_716,YES,Live,1,PRESENT,
source_SiW_Mv2/pro_3_text/trainlist_live.txt,Live_718,YES,Live,1,PRESENT,
source_SiW_Mv2/pro_3_text/trainlist_live.txt,Live_719,YES,Live,1,PRESENT,
source_SiW_Mv2/pro_3_text/trainlist_live.txt,Live_720,YES,Live,1,PRESENT,
source_SiW_Mv2/pro_3_text/trainlist_live.txt,Live_721,YES,Live,1,PRESENT,
source_SiW_Mv2/pro_3_text/trainlist_live.txt,Live_723,YES,Live,1,PRESENT,
source_SiW_Mv2/pro_3_text/trainlist_live.txt,Live_724,YES,Live,1,PRESENT,
source_SiW_Mv2/pro_3_text/trainlist_live.txt,Live_726,YES,Live,1,PRESENT,
source_SiW_Mv2/pro_3_text/trainlist_live.txt,Live_727,YES,Live,1,PRESENT,
source_SiW_Mv2/pro_3_text/trainlist_live.txt,Live_729,YES,Live,1,PRESENT,
source_SiW_Mv2/pro_3_text/trainlist_live.txt,Live_73,YES,Live,1,PRESENT,
source_SiW_Mv2/pro_3_text/trainlist_live.txt,Live_731,YES,Live,1,PRESENT,
source_SiW_Mv2/pro_3_text/trainlist_live.txt,Live_732,YES,Live,1,PRESENT,
source_SiW_Mv2/pro_3_text/trainlist_live.txt,Live_734,YES,Live,1,PRESENT,
source_SiW_Mv2/pro_3_text/trainlist_live.txt,Live_735,YES,Live,1,PRESENT,
source_SiW_Mv2/pro_3_text/trainlist_live.txt,Live_737,YES,Live,1,PRESENT,
source_SiW_Mv2/pro_3_text/trainlist_live.txt,Live_738,YES,Live,1,PRESENT,
source_SiW_Mv2/pro_3_text/trainlist_live.txt,Live_74,YES,Live,1,PRESENT,
source_SiW_Mv2/pro_3_text/trainlist_live.txt,Live_740,YES,Live,1,PRESENT,
source_SiW_Mv2/pro_3_text/trainlist_live.txt,Live_742,YES,Live,1,PRESENT,
source_SiW_Mv2/pro_3_text/trainlist_live.txt,Live_743,YES,Live,1,PRESENT,
source_SiW_Mv2/pro_3_text/trainlist_live.txt,Live_745,YES,Live,1,PRESENT,
source_SiW_Mv2/pro_3_text/trainlist_live.txt,Live_746,YES,Live,1,PRESENT,
source_SiW_Mv2/pro_3_text/trainlist_live.txt,Live_748,YES,Live,1,PRESENT,
source_SiW_Mv2/pro_3_text/trainlist_live.txt,Live_749,YES,Live,1,PRESENT,
source_SiW_Mv2/pro_3_text/trainlist_live.txt,Live_750,YES,Live,1,PRESENT,
source_SiW_Mv2/pro_3_text/trainlist_live.txt,Live_751,YES,Live,1,PRESENT,
source_SiW_Mv2/pro_3_text/trainlist_live.txt,Live_753,YES,Live,1,PRESENT,
source_SiW_Mv2/pro_3_text/trainlist_live.txt,Live_754,YES,Live,1,PRESENT,
source_SiW_Mv2/pro_3_text/trainlist_live.txt,Live_756,YES,Live,1,PRESENT,
source_SiW_Mv2/pro_3_text/trainlist_live.txt,Live_757,YES,Live,1,PRESENT,
source_SiW_Mv2/pro_3_text/trainlist_live.txt,Live_759,YES,Live,1,PRESENT,
source_SiW_Mv2/pro_3_text/trainlist_live.txt,Live_76,YES,Live,1,PRESENT,
source_SiW_Mv2/pro_3_text/trainlist_live.txt,Live_761,YES,Live,1,PRESENT,
source_SiW_Mv2/pro_3_text/trainlist_live.txt,Live_762,YES,Live,1,PRESENT,
source_SiW_Mv2/pro_3_text/trainlist_live.txt,Live_764,YES,Live,1,PRESENT,
source_SiW_Mv2/pro_3_text/trainlist_live.txt,Live_765,YES,Live,1,PRESENT,
source_SiW_Mv2/pro_3_text/trainlist_live.txt,Live_767,YES,Live,1,PRESENT,
source_SiW_Mv2/pro_3_text/trainlist_live.txt,Live_768,YES,Live,1,PRESENT,
source_SiW_Mv2/pro_3_text/trainlist_live.txt,Live_77,YES,Live,1,PRESENT,
source_SiW_Mv2/pro_3_text/trainlist_live.txt,Live_770,YES,Live,1,PRESENT,
source_SiW_Mv2/pro_3_text/trainlist_live.txt,Live_772,YES,Live,1,PRESENT,
source_SiW_Mv2/pro_3_text/trainlist_live.txt,Live_773,YES,Live,1,PRESENT,
source_SiW_Mv2/pro_3_text/trainlist_live.txt,Live_775,YES,Live,1,PRESENT,
source_SiW_Mv2/pro_3_text/trainlist_live.txt,Live_776,YES,Live,1,PRESENT,
source_SiW_Mv2/pro_3_text/trainlist_live.txt,Live_778,YES,Live,1,PRESENT,
source_SiW_Mv2/pro_3_text/trainlist_live.txt,Live_779,YES,Live,1,PRESENT,
source_SiW_Mv2/pro_3_text/trainlist_live.txt,Live_780,YES,Live,1,PRESENT,
source_SiW_Mv2/pro_3_text/trainlist_live.txt,Live_781,YES,Live,1,PRESENT,
source_SiW_Mv2/pro_3_text/trainlist_live.txt,Live_783,YES,Live,1,PRESENT,
source_SiW_Mv2/pro_3_text/trainlist_live.txt,Live_784,YES,Live,1,PRESENT,
source_SiW_Mv2/pro_3_text/trainlist_live.txt,Live_786,YES,Live,1,PRESENT,
source_SiW_Mv2/pro_3_text/trainlist_live.txt,Live_787,YES,Live,1,PRESENT,
source_SiW_Mv2/pro_3_text/trainlist_live.txt,Live_789,YES,Live,1,PRESENT,
source_SiW_Mv2/pro_3_text/trainlist_live.txt,Live_79,YES,Live,1,PRESENT,
source_SiW_Mv2/pro_3_text/trainlist_live.txt,Live_791,YES,Live,1,PRESENT,
source_SiW_Mv2/pro_3_text/trainlist_live.txt,Live_792,YES,Live,1,PRESENT,
source_SiW_Mv2/pro_3_text/trainlist_live.txt,Live_794,YES,Live,1,PRESENT,
source_SiW_Mv2/pro_3_text/trainlist_live.txt,Live_795,YES,Live,1,PRESENT,
source_SiW_Mv2/pro_3_text/trainlist_live.txt,Live_797,YES,Live,1,PRESENT,
source_SiW_Mv2/pro_3_text/trainlist_live.txt,Live_798,YES,Live,1,PRESENT,
source_SiW_Mv2/pro_3_text/trainlist_live.txt,Live_8,YES,Live,1,PRESENT,
source_SiW_Mv2/pro_3_text/trainlist_live.txt,Live_80,YES,Live,1,PRESENT,
source_SiW_Mv2/pro_3_text/trainlist_live.txt,Live_801,YES,Live,1,PRESENT,
source_SiW_Mv2/pro_3_text/trainlist_live.txt,Live_802,YES,Live,1,PRESENT,
source_SiW_Mv2/pro_3_text/trainlist_live.txt,Live_804,YES,Live,1,PRESENT,
source_SiW_Mv2/pro_3_text/trainlist_live.txt,Live_805,YES,Live,1,PRESENT,
source_SiW_Mv2/pro_3_text/trainlist_live.txt,Live_807,YES,Live,1,PRESENT,
source_SiW_Mv2/pro_3_text/trainlist_live.txt,Live_808,YES,Live,1,PRESENT,
source_SiW_Mv2/pro_3_text/trainlist_live.txt,Live_81,YES,Live,1,PRESENT,
source_SiW_Mv2/pro_3_text/trainlist_live.txt,Live_810,YES,Live,1,PRESENT,
source_SiW_Mv2/pro_3_text/trainlist_live.txt,Live_812,YES,Live,1,PRESENT,
source_SiW_Mv2/pro_3_text/trainlist_live.txt,Live_813,YES,Live,1,PRESENT,
source_SiW_Mv2/pro_3_text/trainlist_live.txt,Live_815,YES,Live,1,PRESENT,
source_SiW_Mv2/pro_3_text/trainlist_live.txt,Live_816,YES,Live,1,PRESENT,
source_SiW_Mv2/pro_3_text/trainlist_live.txt,Live_818,YES,Live,1,PRESENT,
source_SiW_Mv2/pro_3_text/trainlist_live.txt,Live_819,YES,Live,1,PRESENT,
source_SiW_Mv2/pro_3_text/trainlist_live.txt,Live_820,YES,Live,1,PRESENT,
source_SiW_Mv2/pro_3_text/trainlist_live.txt,Live_821,YES,Live,1,PRESENT,
source_SiW_Mv2/pro_3_text/trainlist_live.txt,Live_823,YES,Live,1,PRESENT,
source_SiW_Mv2/pro_3_text/trainlist_live.txt,Live_824,YES,Live,1,PRESENT,
source_SiW_Mv2/pro_3_text/trainlist_live.txt,Live_826,YES,Live,1,PRESENT,
source_SiW_Mv2/pro_3_text/trainlist_live.txt,Live_827,YES,Live,1,PRESENT,
source_SiW_Mv2/pro_3_text/trainlist_live.txt,Live_829,YES,Live,1,PRESENT,
source_SiW_Mv2/pro_3_text/trainlist_live.txt,Live_83,YES,Live,1,PRESENT,
source_SiW_Mv2/pro_3_text/trainlist_live.txt,Live_831,YES,Live,1,PRESENT,
source_SiW_Mv2/pro_3_text/trainlist_live.txt,Live_832,YES,Live,1,PRESENT,
source_SiW_Mv2/pro_3_text/trainlist_live.txt,Live_834,YES,Live,1,PRESENT,
source_SiW_Mv2/pro_3_text/trainlist_live.txt,Live_835,YES,Live,1,PRESENT,
source_SiW_Mv2/pro_3_text/trainlist_live.txt,Live_837,YES,Live,1,PRESENT,
source_SiW_Mv2/pro_3_text/trainlist_live.txt,Live_838,YES,Live,1,PRESENT,
source_SiW_Mv2/pro_3_text/trainlist_live.txt,Live_84,YES,Live,1,PRESENT,
source_SiW_Mv2/pro_3_text/trainlist_live.txt,Live_840,YES,Live,1,PRESENT,
source_SiW_Mv2/pro_3_text/trainlist_live.txt,Live_842,YES,Live,1,PRESENT,
source_SiW_Mv2/pro_3_text/trainlist_live.txt,Live_843,YES,Live,1,PRESENT,
source_SiW_Mv2/pro_3_text/trainlist_live.txt,Live_845,YES,Live,1,PRESENT,
source_SiW_Mv2/pro_3_text/trainlist_live.txt,Live_846,YES,Live,1,PRESENT,
source_SiW_Mv2/pro_3_text/trainlist_live.txt,Live_848,YES,Live,1,PRESENT,
source_SiW_Mv2/pro_3_text/trainlist_live.txt,Live_849,YES,Live,1,PRESENT,
source_SiW_Mv2/pro_3_text/trainlist_live.txt,Live_850,YES,Live,1,PRESENT,
source_SiW_Mv2/pro_3_text/trainlist_live.txt,Live_851,YES,Live,1,PRESENT,
source_SiW_Mv2/pro_3_text/trainlist_live.txt,Live_853,YES,Live,1,PRESENT,
source_SiW_Mv2/pro_3_text/trainlist_live.txt,Live_854,YES,Live,1,PRESENT,
source_SiW_Mv2/pro_3_text/trainlist_live.txt,Live_856,YES,Live,1,PRESENT,
source_SiW_Mv2/pro_3_text/trainlist_live.txt,Live_857,YES,Live,1,PRESENT,
source_SiW_Mv2/pro_3_text/trainlist_live.txt,Live_859,YES,Live,1,PRESENT,
source_SiW_Mv2/pro_3_text/trainlist_live.txt,Live_86,YES,Live,1,PRESENT,
source_SiW_Mv2/pro_3_text/trainlist_live.txt,Live_861,YES,Live,1,PRESENT,
source_SiW_Mv2/pro_3_text/trainlist_live.txt,Live_862,YES,Live,1,PRESENT,
source_SiW_Mv2/pro_3_text/trainlist_live.txt,Live_864,YES,Live,1,PRESENT,
source_SiW_Mv2/pro_3_text/trainlist_live.txt,Live_865,YES,Live,1,PRESENT,
source_SiW_Mv2/pro_3_text/trainlist_live.txt,Live_867,YES,Live,1,PRESENT,
source_SiW_Mv2/pro_3_text/trainlist_live.txt,Live_868,YES,Live,1,PRESENT,
source_SiW_Mv2/pro_3_text/trainlist_live.txt,Live_87,YES,Live,1,PRESENT,
source_SiW_Mv2/pro_3_text/trainlist_live.txt,Live_870,YES,Live,1,PRESENT,
source_SiW_Mv2/pro_3_text/trainlist_live.txt,Live_872,YES,Live,1,PRESENT,
source_SiW_Mv2/pro_3_text/trainlist_live.txt,Live_873,YES,Live,1,PRESENT,
source_SiW_Mv2/pro_3_text/trainlist_live.txt,Live_875,YES,Live,1,PRESENT,
source_SiW_Mv2/pro_3_text/trainlist_live.txt,Live_876,YES,Live,1,PRESENT,
source_SiW_Mv2/pro_3_text/trainlist_live.txt,Live_878,YES,Live,1,PRESENT,
source_SiW_Mv2/pro_3_text/trainlist_live.txt,Live_879,YES,Live,1,PRESENT,
source_SiW_Mv2/pro_3_text/trainlist_live.txt,Live_880,YES,Live,1,PRESENT,
source_SiW_Mv2/pro_3_text/trainlist_live.txt,Live_881,YES,Live,1,PRESENT,
source_SiW_Mv2/pro_3_text/trainlist_live.txt,Live_883,YES,Live,1,PRESENT,
source_SiW_Mv2/pro_3_text/trainlist_live.txt,Live_884,YES,Live,1,PRESENT,
source_SiW_Mv2/pro_3_text/trainlist_live.txt,Live_886,YES,Live,1,PRESENT,
source_SiW_Mv2/pro_3_text/trainlist_live.txt,Live_887,YES,Live,1,PRESENT,
source_SiW_Mv2/pro_3_text/trainlist_live.txt,Live_889,YES,Live,1,PRESENT,
source_SiW_Mv2/pro_3_text/trainlist_live.txt,Live_89,YES,Live,1,PRESENT,
source_SiW_Mv2/pro_3_text/trainlist_live.txt,Live_891,YES,Live,1,PRESENT,
source_SiW_Mv2/pro_3_text/trainlist_live.txt,Live_892,NO,Live,1,MISSING_FROM_LOCAL_RELEASE,; not in local release
source_SiW_Mv2/pro_3_text/trainlist_live.txt,Live_894,NO,Live,1,MISSING_FROM_LOCAL_RELEASE,; not in local release
source_SiW_Mv2/pro_3_text/trainlist_live.txt,Live_895,NO,Live,1,MISSING_FROM_LOCAL_RELEASE,; not in local release
source_SiW_Mv2/pro_3_text/trainlist_live.txt,Live_897,NO,Live,1,MISSING_FROM_LOCAL_RELEASE,; not in local release
source_SiW_Mv2/pro_3_text/trainlist_live.txt,Live_898,NO,Live,1,MISSING_FROM_LOCAL_RELEASE,; not in local release
source_SiW_Mv2/pro_3_text/trainlist_live.txt,Live_9,YES,Live,1,PRESENT,
source_SiW_Mv2/pro_3_text/trainlist_live.txt,Live_90,YES,Live,1,PRESENT,
source_SiW_Mv2/pro_3_text/trainlist_live.txt,Live_901,NO,Live,1,MISSING_FROM_LOCAL_RELEASE,; not in local release
source_SiW_Mv2/pro_3_text/trainlist_live.txt,Live_902,NO,Live,1,MISSING_FROM_LOCAL_RELEASE,; not in local release
source_SiW_Mv2/pro_3_text/trainlist_live.txt,Live_92,YES,Live,1,PRESENT,
source_SiW_Mv2/pro_3_text/trainlist_live.txt,Live_93,YES,Live,1,PRESENT,
source_SiW_Mv2/pro_3_text/trainlist_live.txt,Live_95,YES,Live,1,PRESENT,
source_SiW_Mv2/pro_3_text/trainlist_live.txt,Live_96,YES,Live,1,PRESENT,
source_SiW_Mv2/pro_3_text/trainlist_live.txt,Live_98,YES,Live,1,PRESENT,
source_SiW_Mv2/pro_3_text/trainlist_live.txt,Live_99,YES,Live,1,PRESENT,
source_SiW_Mv2/pro_3_text/testlist_all.txt,Makeup_Co_10,YES,Makeup_Cosmetic,1,PRESENT,
source_SiW_Mv2/pro_3_text/testlist_all.txt,Makeup_Co_13,YES,Makeup_Cosmetic,1,PRESENT,
source_SiW_Mv2/pro_3_text/testlist_all.txt,Makeup_Co_19,YES,Makeup_Cosmetic,1,PRESENT,
source_SiW_Mv2/pro_3_text/testlist_all.txt,Makeup_Co_20,YES,Makeup_Cosmetic,1,PRESENT,
source_SiW_Mv2/pro_3_text/testlist_all.txt,Makeup_Co_24,YES,Makeup_Cosmetic,1,PRESENT,
source_SiW_Mv2/pro_3_text/testlist_all.txt,Makeup_Co_28,YES,Makeup_Cosmetic,1,PRESENT,
source_SiW_Mv2/pro_3_text/testlist_all.txt,Makeup_Co_29,YES,Makeup_Cosmetic,1,PRESENT,
source_SiW_Mv2/pro_3_text/testlist_all.txt,Makeup_Co_32,YES,Makeup_Cosmetic,1,PRESENT,
source_SiW_Mv2/pro_3_text/testlist_all.txt,Makeup_Co_35,YES,Makeup_Cosmetic,1,PRESENT,
source_SiW_Mv2/pro_3_text/testlist_all.txt,Makeup_Co_36,YES,Makeup_Cosmetic,1,PRESENT,
source_SiW_Mv2/pro_3_text/testlist_all.txt,Makeup_Co_37,YES,Makeup_Cosmetic,1,PRESENT,
source_SiW_Mv2/pro_3_text/testlist_all.txt,Makeup_Co_38,YES,Makeup_Cosmetic,1,PRESENT,
source_SiW_Mv2/pro_3_text/testlist_all.txt,Makeup_Co_39,YES,Makeup_Cosmetic,1,PRESENT,
source_SiW_Mv2/pro_3_text/testlist_all.txt,Makeup_Co_40,YES,Makeup_Cosmetic,1,PRESENT,
source_SiW_Mv2/pro_3_text/testlist_all.txt,Makeup_Co_46,YES,Makeup_Cosmetic,1,PRESENT,
source_SiW_Mv2/pro_3_text/testlist_all.txt,Makeup_Co_47,YES,Makeup_Cosmetic,1,PRESENT,
source_SiW_Mv2/pro_3_text/testlist_all.txt,Makeup_Co_49,YES,Makeup_Cosmetic,1,PRESENT,
source_SiW_Mv2/pro_3_text/testlist_all.txt,Makeup_Co_50,YES,Makeup_Cosmetic,1,PRESENT,
source_SiW_Mv2/pro_3_text/testlist_all.txt,Makeup_Co_51,YES,Makeup_Cosmetic,1,PRESENT,
source_SiW_Mv2/pro_3_text/testlist_all.txt,Makeup_Co_52,YES,Makeup_Cosmetic,1,PRESENT,
source_SiW_Mv2/pro_3_text/testlist_all.txt,Makeup_Co_53,YES,Makeup_Cosmetic,1,PRESENT,
source_SiW_Mv2/pro_3_text/testlist_all.txt,Makeup_Co_54,YES,Makeup_Cosmetic,1,PRESENT,
source_SiW_Mv2/pro_3_text/testlist_all.txt,Makeup_Co_7,YES,Makeup_Cosmetic,1,PRESENT,
source_SiW_Mv2/pro_3_text/testlist_all.txt,Makeup_Co_9,YES,Makeup_Cosmetic,1,PRESENT,
source_SiW_Mv2/pro_3_text/testlist_all.txt,Makeup_Im_40,YES,Makeup_Impersonation,1,PRESENT,
source_SiW_Mv2/pro_3_text/testlist_all.txt,Makeup_Im_41,YES,Makeup_Impersonation,1,PRESENT,
source_SiW_Mv2/pro_3_text/testlist_all.txt,Makeup_Im_42,YES,Makeup_Impersonation,1,PRESENT,
source_SiW_Mv2/pro_3_text/testlist_all.txt,Makeup_Im_43,YES,Makeup_Impersonation,1,PRESENT,
source_SiW_Mv2/pro_3_text/testlist_all.txt,Makeup_Im_44,YES,Makeup_Impersonation,1,PRESENT,
source_SiW_Mv2/pro_3_text/testlist_all.txt,Makeup_Im_45,YES,Makeup_Impersonation,1,PRESENT,
source_SiW_Mv2/pro_3_text/testlist_all.txt,Makeup_Im_46,YES,Makeup_Impersonation,1,PRESENT,
source_SiW_Mv2/pro_3_text/testlist_all.txt,Makeup_Im_47,YES,Makeup_Impersonation,1,PRESENT,
source_SiW_Mv2/pro_3_text/testlist_all.txt,Makeup_Im_48,YES,Makeup_Impersonation,1,PRESENT,
source_SiW_Mv2/pro_3_text/testlist_all.txt,Makeup_Im_49,YES,Makeup_Impersonation,1,PRESENT,
source_SiW_Mv2/pro_3_text/testlist_all.txt,Makeup_Im_50,YES,Makeup_Impersonation,1,PRESENT,
source_SiW_Mv2/pro_3_text/testlist_all.txt,Makeup_Im_51,YES,Makeup_Impersonation,1,PRESENT,
source_SiW_Mv2/pro_3_text/testlist_all.txt,Makeup_Im_52,YES,Makeup_Impersonation,1,PRESENT,
source_SiW_Mv2/pro_3_text/testlist_all.txt,Makeup_Im_53,YES,Makeup_Impersonation,1,PRESENT,
source_SiW_Mv2/pro_3_text/testlist_all.txt,Makeup_Im_56,YES,Makeup_Impersonation,1,PRESENT,
source_SiW_Mv2/pro_3_text/testlist_all.txt,Makeup_Im_57,YES,Makeup_Impersonation,1,PRESENT,
source_SiW_Mv2/pro_3_text/testlist_all.txt,Makeup_Im_58,YES,Makeup_Impersonation,1,PRESENT,
source_SiW_Mv2/pro_3_text/testlist_all.txt,Makeup_Im_59,YES,Makeup_Impersonation,1,PRESENT,
source_SiW_Mv2/pro_3_text/testlist_all.txt,Makeup_Im_60,YES,Makeup_Impersonation,1,PRESENT,
source_SiW_Mv2/pro_3_text/testlist_all.txt,Makeup_Im_61,YES,Makeup_Impersonation,1,PRESENT,
source_SiW_Mv2/pro_3_text/testlist_all.txt,Makeup_Im_62,YES,Makeup_Impersonation,1,PRESENT,
source_SiW_Mv2/pro_3_text/testlist_all.txt,Makeup_Im_63,YES,Makeup_Impersonation,1,PRESENT,
source_SiW_Mv2/pro_3_text/testlist_all.txt,Makeup_Ob_1,YES,Makeup_Obfuscation,1,PRESENT,
source_SiW_Mv2/pro_3_text/testlist_all.txt,Makeup_Ob_15,YES,Makeup_Obfuscation,1,PRESENT,
source_SiW_Mv2/pro_3_text/testlist_all.txt,Makeup_Ob_16,YES,Makeup_Obfuscation,1,PRESENT,
source_SiW_Mv2/pro_3_text/testlist_all.txt,Makeup_Ob_17,YES,Makeup_Obfuscation,1,PRESENT,
source_SiW_Mv2/pro_3_text/testlist_all.txt,Makeup_Ob_18,YES,Makeup_Obfuscation,1,PRESENT,
source_SiW_Mv2/pro_3_text/testlist_all.txt,Makeup_Ob_2,YES,Makeup_Obfuscation,1,PRESENT,
source_SiW_Mv2/pro_3_text/testlist_all.txt,Makeup_Ob_3,YES,Makeup_Obfuscation,1,PRESENT,
source_SiW_Mv2/pro_3_text/testlist_all.txt,Makeup_Ob_4,YES,Makeup_Obfuscation,1,PRESENT,
source_SiW_Mv2/pro_3_text/testlist_all.txt,Makeup_Ob_6,YES,Makeup_Obfuscation,1,PRESENT,
source_SiW_Mv2/pro_3_text/testlist_all.txt,Makeup_Ob_8,YES,Makeup_Obfuscation,1,PRESENT,
source_SiW_Mv2/pro_3_text/testlist_all.txt,Mask_Half_1,YES,Mask_HalfMask,1,PRESENT,
source_SiW_Mv2/pro_3_text/testlist_all.txt,Mask_Half_10,YES,Mask_HalfMask,1,PRESENT,
source_SiW_Mv2/pro_3_text/testlist_all.txt,Mask_Half_11,YES,Mask_HalfMask,1,PRESENT,
source_SiW_Mv2/pro_3_text/testlist_all.txt,Mask_Half_12,YES,Mask_HalfMask,1,PRESENT,
source_SiW_Mv2/pro_3_text/testlist_all.txt,Mask_Half_14,YES,Mask_HalfMask,1,PRESENT,
source_SiW_Mv2/pro_3_text/testlist_all.txt,Mask_Half_18,YES,Mask_HalfMask,1,PRESENT,
source_SiW_Mv2/pro_3_text/testlist_all.txt,Mask_Half_25,YES,Mask_HalfMask,1,PRESENT,
source_SiW_Mv2/pro_3_text/testlist_all.txt,Mask_Half_27,YES,Mask_HalfMask,1,PRESENT,
source_SiW_Mv2/pro_3_text/testlist_all.txt,Mask_Half_28,YES,Mask_HalfMask,1,PRESENT,
source_SiW_Mv2/pro_3_text/testlist_all.txt,Mask_Half_3,YES,Mask_HalfMask,1,PRESENT,
source_SiW_Mv2/pro_3_text/testlist_all.txt,Mask_Half_31,YES,Mask_HalfMask,1,PRESENT,
source_SiW_Mv2/pro_3_text/testlist_all.txt,Mask_Half_32,YES,Mask_HalfMask,1,PRESENT,
source_SiW_Mv2/pro_3_text/testlist_all.txt,Mask_Half_33,YES,Mask_HalfMask,1,PRESENT,
source_SiW_Mv2/pro_3_text/testlist_all.txt,Mask_Half_4,YES,Mask_HalfMask,1,PRESENT,
source_SiW_Mv2/pro_3_text/testlist_all.txt,Mask_Half_40,YES,Mask_HalfMask,1,PRESENT,
source_SiW_Mv2/pro_3_text/testlist_all.txt,Mask_Half_50,YES,Mask_HalfMask,1,PRESENT,
source_SiW_Mv2/pro_3_text/testlist_all.txt,Mask_Half_56,YES,Mask_HalfMask,1,PRESENT,
source_SiW_Mv2/pro_3_text/testlist_all.txt,Mask_Half_7,YES,Mask_HalfMask,1,PRESENT,
source_SiW_Mv2/pro_3_text/testlist_all.txt,Mask_Half_8,YES,Mask_HalfMask,1,PRESENT,
source_SiW_Mv2/pro_3_text/testlist_all.txt,Mask_Half_9,YES,Mask_HalfMask,1,PRESENT,
source_SiW_Mv2/pro_3_text/testlist_all.txt,Mask_Mann_11,YES,Mannequin,1,PRESENT,
source_SiW_Mv2/pro_3_text/testlist_all.txt,Mask_Mann_13,YES,Mannequin,1,PRESENT,
source_SiW_Mv2/pro_3_text/testlist_all.txt,Mask_Mann_14,YES,Mannequin,1,PRESENT,
source_SiW_Mv2/pro_3_text/testlist_all.txt,Mask_Mann_15,YES,Mannequin,1,PRESENT,
source_SiW_Mv2/pro_3_text/testlist_all.txt,Mask_Mann_25,YES,Mannequin,1,PRESENT,
source_SiW_Mv2/pro_3_text/testlist_all.txt,Mask_Mann_26,YES,Mannequin,1,PRESENT,
source_SiW_Mv2/pro_3_text/testlist_all.txt,Mask_Mann_28,YES,Mannequin,1,PRESENT,
source_SiW_Mv2/pro_3_text/testlist_all.txt,Mask_Mann_30,YES,Mannequin,1,PRESENT,
source_SiW_Mv2/pro_3_text/testlist_all.txt,Mask_Mann_32,YES,Mannequin,1,PRESENT,
source_SiW_Mv2/pro_3_text/testlist_all.txt,Mask_Mann_33,YES,Mannequin,1,PRESENT,
source_SiW_Mv2/pro_3_text/testlist_all.txt,Mask_Mann_40,YES,Mannequin,1,PRESENT,
source_SiW_Mv2/pro_3_text/testlist_all.txt,Mask_Mann_6,YES,Mannequin,1,PRESENT,
source_SiW_Mv2/pro_3_text/testlist_all.txt,Mask_Mann_7,YES,Mannequin,1,PRESENT,
source_SiW_Mv2/pro_3_text/testlist_all.txt,Mask_Mann_9,YES,Mannequin,1,PRESENT,
source_SiW_Mv2/pro_3_text/testlist_all.txt,Mask_Paper_10,YES,Mask_PaperMask,1,PRESENT,
source_SiW_Mv2/pro_3_text/testlist_all.txt,Mask_Paper_12,YES,Mask_PaperMask,1,PRESENT,
source_SiW_Mv2/pro_3_text/testlist_all.txt,Mask_Paper_2,YES,Mask_PaperMask,1,PRESENT,
source_SiW_Mv2/pro_3_text/testlist_all.txt,Mask_Paper_4,YES,Mask_PaperMask,1,PRESENT,
source_SiW_Mv2/pro_3_text/testlist_all.txt,Mask_Paper_6,YES,Mask_PaperMask,1,PRESENT,
source_SiW_Mv2/pro_3_text/testlist_all.txt,Mask_Paper_8,YES,Mask_PaperMask,1,PRESENT,
source_SiW_Mv2/pro_3_text/testlist_all.txt,Mask_Silicone_1,YES,Silicone,1,PRESENT,
source_SiW_Mv2/pro_3_text/testlist_all.txt,Mask_Silicone_13,YES,Silicone,1,PRESENT,
source_SiW_Mv2/pro_3_text/testlist_all.txt,Mask_Silicone_14,YES,Silicone,1,PRESENT,
source_SiW_Mv2/pro_3_text/testlist_all.txt,Mask_Silicone_15,YES,Silicone,1,PRESENT,
source_SiW_Mv2/pro_3_text/testlist_all.txt,Mask_Silicone_16,YES,Silicone,1,PRESENT,
source_SiW_Mv2/pro_3_text/testlist_all.txt,Mask_Silicone_4,YES,Silicone,1,PRESENT,
source_SiW_Mv2/pro_3_text/testlist_all.txt,Mask_Silicone_5,YES,Silicone,1,PRESENT,
source_SiW_Mv2/pro_3_text/testlist_all.txt,Mask_Silicone_6,YES,Silicone,1,PRESENT,
source_SiW_Mv2/pro_3_text/testlist_all.txt,Mask_Trans_18,YES,Mask_TransparentMask,1,PRESENT,
source_SiW_Mv2/pro_3_text/testlist_all.txt,Mask_Trans_24,YES,Mask_TransparentMask,1,PRESENT,
source_SiW_Mv2/pro_3_text/testlist_all.txt,Mask_Trans_25,YES,Mask_TransparentMask,1,PRESENT,
source_SiW_Mv2/pro_3_text/testlist_all.txt,Mask_Trans_26,YES,Mask_TransparentMask,1,PRESENT,
source_SiW_Mv2/pro_3_text/testlist_all.txt,Mask_Trans_27,YES,Mask_TransparentMask,1,PRESENT,
source_SiW_Mv2/pro_3_text/testlist_all.txt,Mask_Trans_28,YES,Mask_TransparentMask,1,PRESENT,
source_SiW_Mv2/pro_3_text/testlist_all.txt,Mask_Trans_29,YES,Mask_TransparentMask,1,PRESENT,
source_SiW_Mv2/pro_3_text/testlist_all.txt,Mask_Trans_30,YES,Mask_TransparentMask,1,PRESENT,
source_SiW_Mv2/pro_3_text/testlist_all.txt,Mask_Trans_31,YES,Mask_TransparentMask,1,PRESENT,
source_SiW_Mv2/pro_3_text/testlist_all.txt,Mask_Trans_32,YES,Mask_TransparentMask,1,PRESENT,
source_SiW_Mv2/pro_3_text/testlist_all.txt,Mask_Trans_33,YES,Mask_TransparentMask,1,PRESENT,
source_SiW_Mv2/pro_3_text/testlist_all.txt,Mask_Trans_34,YES,Mask_TransparentMask,1,PRESENT,
source_SiW_Mv2/pro_3_text/testlist_all.txt,Mask_Trans_35,YES,Mask_TransparentMask,1,PRESENT,
source_SiW_Mv2/pro_3_text/testlist_all.txt,Mask_Trans_36,YES,Mask_TransparentMask,1,PRESENT,
source_SiW_Mv2/pro_3_text/testlist_all.txt,Mask_Trans_37,YES,Mask_TransparentMask,1,PRESENT,
source_SiW_Mv2/pro_3_text/testlist_all.txt,Mask_Trans_38,YES,Mask_TransparentMask,1,PRESENT,
source_SiW_Mv2/pro_3_text/testlist_all.txt,Mask_Trans_39,YES,Mask_TransparentMask,1,PRESENT,
source_SiW_Mv2/pro_3_text/testlist_all.txt,Mask_Trans_4,YES,Mask_TransparentMask,1,PRESENT,
source_SiW_Mv2/pro_3_text/testlist_all.txt,Mask_Trans_40,YES,Mask_TransparentMask,1,PRESENT,
source_SiW_Mv2/pro_3_text/testlist_all.txt,Mask_Trans_41,YES,Mask_TransparentMask,1,PRESENT,
source_SiW_Mv2/pro_3_text/testlist_all.txt,Mask_Trans_42,YES,Mask_TransparentMask,1,PRESENT,
source_SiW_Mv2/pro_3_text/testlist_all.txt,Mask_Trans_43,YES,Mask_TransparentMask,1,PRESENT,
source_SiW_Mv2/pro_3_text/testlist_all.txt,Mask_Trans_44,YES,Mask_TransparentMask,1,PRESENT,
source_SiW_Mv2/pro_3_text/testlist_all.txt,Mask_Trans_45,YES,Mask_TransparentMask,1,PRESENT,
source_SiW_Mv2/pro_3_text/testlist_all.txt,Mask_Trans_46,YES,Mask_TransparentMask,1,PRESENT,
source_SiW_Mv2/pro_3_text/testlist_all.txt,Mask_Trans_47,YES,Mask_TransparentMask,1,PRESENT,
source_SiW_Mv2/pro_3_text/testlist_all.txt,Mask_Trans_48,YES,Mask_TransparentMask,1,PRESENT,
source_SiW_Mv2/pro_3_text/testlist_all.txt,Mask_Trans_49,YES,Mask_TransparentMask,1,PRESENT,
source_SiW_Mv2/pro_3_text/testlist_all.txt,Mask_Trans_50,YES,Mask_TransparentMask,1,PRESENT,
source_SiW_Mv2/pro_3_text/testlist_all.txt,Mask_Trans_52,YES,Mask_TransparentMask,1,PRESENT,
source_SiW_Mv2/pro_3_text/testlist_all.txt,Mask_Trans_53,YES,Mask_TransparentMask,1,PRESENT,
source_SiW_Mv2/pro_3_text/testlist_all.txt,Mask_Trans_54,YES,Mask_TransparentMask,1,PRESENT,
source_SiW_Mv2/pro_3_text/testlist_all.txt,Mask_Trans_55,YES,Mask_TransparentMask,1,PRESENT,
source_SiW_Mv2/pro_3_text/testlist_all.txt,Mask_Trans_57,YES,Mask_TransparentMask,1,PRESENT,
source_SiW_Mv2/pro_3_text/testlist_all.txt,Mask_Trans_6,YES,Mask_TransparentMask,1,PRESENT,
source_SiW_Mv2/pro_3_text/testlist_all.txt,Paper_1,YES,Paper,1,PRESENT,
source_SiW_Mv2/pro_3_text/testlist_all.txt,Paper_10,YES,Paper,1,PRESENT,
source_SiW_Mv2/pro_3_text/testlist_all.txt,Paper_100,YES,Paper,1,PRESENT,
source_SiW_Mv2/pro_3_text/testlist_all.txt,Paper_102,YES,Paper,1,PRESENT,
source_SiW_Mv2/pro_3_text/testlist_all.txt,Paper_103,YES,Paper,1,PRESENT,
source_SiW_Mv2/pro_3_text/testlist_all.txt,Paper_104,YES,Paper,1,PRESENT,
source_SiW_Mv2/pro_3_text/testlist_all.txt,Paper_106,YES,Paper,1,PRESENT,
source_SiW_Mv2/pro_3_text/testlist_all.txt,Paper_11,YES,Paper,1,PRESENT,
source_SiW_Mv2/pro_3_text/testlist_all.txt,Paper_110,YES,Paper,1,PRESENT,
source_SiW_Mv2/pro_3_text/testlist_all.txt,Paper_116,YES,Paper,1,PRESENT,
source_SiW_Mv2/pro_3_text/testlist_all.txt,Paper_127,YES,Paper,1,PRESENT,
source_SiW_Mv2/pro_3_text/testlist_all.txt,Paper_128,YES,Paper,1,PRESENT,
source_SiW_Mv2/pro_3_text/testlist_all.txt,Paper_129,YES,Paper,1,PRESENT,
source_SiW_Mv2/pro_3_text/testlist_all.txt,Paper_13,YES,Paper,1,PRESENT,
source_SiW_Mv2/pro_3_text/testlist_all.txt,Paper_130,YES,Paper,1,PRESENT,
source_SiW_Mv2/pro_3_text/testlist_all.txt,Paper_131,YES,Paper,1,PRESENT,
source_SiW_Mv2/pro_3_text/testlist_all.txt,Paper_132,YES,Paper,1,PRESENT,
source_SiW_Mv2/pro_3_text/testlist_all.txt,Paper_133,YES,Paper,1,PRESENT,
source_SiW_Mv2/pro_3_text/testlist_all.txt,Paper_134,YES,Paper,1,PRESENT,
source_SiW_Mv2/pro_3_text/testlist_all.txt,Paper_135,YES,Paper,1,PRESENT,
source_SiW_Mv2/pro_3_text/testlist_all.txt,Paper_136,YES,Paper,1,PRESENT,
source_SiW_Mv2/pro_3_text/testlist_all.txt,Paper_2,YES,Paper,1,PRESENT,
source_SiW_Mv2/pro_3_text/testlist_all.txt,Paper_23,YES,Paper,1,PRESENT,
source_SiW_Mv2/pro_3_text/testlist_all.txt,Paper_26,YES,Paper,1,PRESENT,
source_SiW_Mv2/pro_3_text/testlist_all.txt,Paper_3,YES,Paper,1,PRESENT,
source_SiW_Mv2/pro_3_text/testlist_all.txt,Paper_32,YES,Paper,1,PRESENT,
source_SiW_Mv2/pro_3_text/testlist_all.txt,Paper_33,YES,Paper,1,PRESENT,
source_SiW_Mv2/pro_3_text/testlist_all.txt,Paper_36,YES,Paper,1,PRESENT,
source_SiW_Mv2/pro_3_text/testlist_all.txt,Paper_37,YES,Paper,1,PRESENT,
source_SiW_Mv2/pro_3_text/testlist_all.txt,Paper_40,YES,Paper,1,PRESENT,
source_SiW_Mv2/pro_3_text/testlist_all.txt,Paper_45,YES,Paper,1,PRESENT,
source_SiW_Mv2/pro_3_text/testlist_all.txt,Paper_46,YES,Paper,1,PRESENT,
source_SiW_Mv2/pro_3_text/testlist_all.txt,Paper_48,YES,Paper,1,PRESENT,
source_SiW_Mv2/pro_3_text/testlist_all.txt,Paper_49,YES,Paper,1,PRESENT,
source_SiW_Mv2/pro_3_text/testlist_all.txt,Paper_50,YES,Paper,1,PRESENT,
source_SiW_Mv2/pro_3_text/testlist_all.txt,Paper_52,YES,Paper,1,PRESENT,
source_SiW_Mv2/pro_3_text/testlist_all.txt,Paper_53,YES,Paper,1,PRESENT,
source_SiW_Mv2/pro_3_text/testlist_all.txt,Paper_54,YES,Paper,1,PRESENT,
source_SiW_Mv2/pro_3_text/testlist_all.txt,Paper_55,YES,Paper,1,PRESENT,
source_SiW_Mv2/pro_3_text/testlist_all.txt,Paper_56,YES,Paper,1,PRESENT,
source_SiW_Mv2/pro_3_text/testlist_all.txt,Paper_6,YES,Paper,1,PRESENT,
source_SiW_Mv2/pro_3_text/testlist_all.txt,Paper_62,YES,Paper,1,PRESENT,
source_SiW_Mv2/pro_3_text/testlist_all.txt,Paper_67,YES,Paper,1,PRESENT,
source_SiW_Mv2/pro_3_text/testlist_all.txt,Paper_69,YES,Paper,1,PRESENT,
source_SiW_Mv2/pro_3_text/testlist_all.txt,Paper_70,YES,Paper,1,PRESENT,
source_SiW_Mv2/pro_3_text/testlist_all.txt,Paper_71,YES,Paper,1,PRESENT,
source_SiW_Mv2/pro_3_text/testlist_all.txt,Paper_76,YES,Paper,1,PRESENT,
source_SiW_Mv2/pro_3_text/testlist_all.txt,Paper_78,YES,Paper,1,PRESENT,
source_SiW_Mv2/pro_3_text/testlist_all.txt,Paper_8,YES,Paper,1,PRESENT,
source_SiW_Mv2/pro_3_text/testlist_all.txt,Paper_80,YES,Paper,1,PRESENT,
source_SiW_Mv2/pro_3_text/testlist_all.txt,Paper_82,YES,Paper,1,PRESENT,
source_SiW_Mv2/pro_3_text/testlist_all.txt,Paper_83,YES,Paper,1,PRESENT,
source_SiW_Mv2/pro_3_text/testlist_all.txt,Paper_87,YES,Paper,1,PRESENT,
source_SiW_Mv2/pro_3_text/testlist_all.txt,Paper_88,YES,Paper,1,PRESENT,
source_SiW_Mv2/pro_3_text/testlist_all.txt,Paper_97,YES,Paper,1,PRESENT,
source_SiW_Mv2/pro_3_text/testlist_all.txt,Paper_98,YES,Paper,1,PRESENT,
source_SiW_Mv2/pro_3_text/testlist_all.txt,Partial_Eye_11,YES,Partial_Eye,1,PRESENT,
source_SiW_Mv2/pro_3_text/testlist_all.txt,Partial_Eye_12,YES,Partial_Eye,1,PRESENT,
source_SiW_Mv2/pro_3_text/testlist_all.txt,Partial_Eye_15,YES,Partial_Eye,1,PRESENT,
source_SiW_Mv2/pro_3_text/testlist_all.txt,Partial_Eye_16,YES,Partial_Eye,1,PRESENT,
source_SiW_Mv2/pro_3_text/testlist_all.txt,Partial_Eye_19,YES,Partial_Eye,1,PRESENT,
source_SiW_Mv2/pro_3_text/testlist_all.txt,Partial_Eye_22,YES,Partial_Eye,1,PRESENT,
source_SiW_Mv2/pro_3_text/testlist_all.txt,Partial_Eye_25,YES,Partial_Eye,1,PRESENT,
source_SiW_Mv2/pro_3_text/testlist_all.txt,Partial_Eye_28,YES,Partial_Eye,1,PRESENT,
source_SiW_Mv2/pro_3_text/testlist_all.txt,Partial_Eye_29,YES,Partial_Eye,1,PRESENT,
source_SiW_Mv2/pro_3_text/testlist_all.txt,Partial_Eye_30,YES,Partial_Eye,1,PRESENT,
source_SiW_Mv2/pro_3_text/testlist_all.txt,Partial_Eye_32,YES,Partial_Eye,1,PRESENT,
source_SiW_Mv2/pro_3_text/testlist_all.txt,Partial_Eye_36,YES,Partial_Eye,1,PRESENT,
source_SiW_Mv2/pro_3_text/testlist_all.txt,Partial_Eye_38,YES,Partial_Eye,1,PRESENT,
source_SiW_Mv2/pro_3_text/testlist_all.txt,Partial_Eye_39,YES,Partial_Eye,1,PRESENT,
source_SiW_Mv2/pro_3_text/testlist_all.txt,Partial_Eye_4,YES,Partial_Eye,1,PRESENT,
source_SiW_Mv2/pro_3_text/testlist_all.txt,Partial_Eye_44,YES,Partial_Eye,1,PRESENT,
source_SiW_Mv2/pro_3_text/testlist_all.txt,Partial_Eye_45,YES,Partial_Eye,1,PRESENT,
source_SiW_Mv2/pro_3_text/testlist_all.txt,Partial_Eye_46,YES,Partial_Eye,1,PRESENT,
source_SiW_Mv2/pro_3_text/testlist_all.txt,Partial_Eye_50,YES,Partial_Eye,1,PRESENT,
source_SiW_Mv2/pro_3_text/testlist_all.txt,Partial_Eye_51,YES,Partial_Eye,1,PRESENT,
source_SiW_Mv2/pro_3_text/testlist_all.txt,Partial_Eye_52,YES,Partial_Eye,1,PRESENT,
source_SiW_Mv2/pro_3_text/testlist_all.txt,Partial_Eye_54,YES,Partial_Eye,1,PRESENT,
source_SiW_Mv2/pro_3_text/testlist_all.txt,Partial_Eye_57,YES,Partial_Eye,1,PRESENT,
source_SiW_Mv2/pro_3_text/testlist_all.txt,Partial_Funnyeye_100,YES,Partial_FunnyeyeGlasses,1,PRESENT,
source_SiW_Mv2/pro_3_text/testlist_all.txt,Partial_Funnyeye_102,YES,Partial_FunnyeyeGlasses,1,PRESENT,
source_SiW_Mv2/pro_3_text/testlist_all.txt,Partial_Funnyeye_104,YES,Partial_FunnyeyeGlasses,1,PRESENT,
source_SiW_Mv2/pro_3_text/testlist_all.txt,Partial_Funnyeye_108,YES,Partial_FunnyeyeGlasses,1,PRESENT,
source_SiW_Mv2/pro_3_text/testlist_all.txt,Partial_Funnyeye_109,YES,Partial_FunnyeyeGlasses,1,PRESENT,
source_SiW_Mv2/pro_3_text/testlist_all.txt,Partial_Funnyeye_111,YES,Partial_FunnyeyeGlasses,1,PRESENT,
source_SiW_Mv2/pro_3_text/testlist_all.txt,Partial_Funnyeye_114,YES,Partial_FunnyeyeGlasses,1,PRESENT,
source_SiW_Mv2/pro_3_text/testlist_all.txt,Partial_Funnyeye_115,YES,Partial_FunnyeyeGlasses,1,PRESENT,
source_SiW_Mv2/pro_3_text/testlist_all.txt,Partial_Funnyeye_121,YES,Partial_FunnyeyeGlasses,1,PRESENT,
source_SiW_Mv2/pro_3_text/testlist_all.txt,Partial_Funnyeye_122,YES,Partial_FunnyeyeGlasses,1,PRESENT,
source_SiW_Mv2/pro_3_text/testlist_all.txt,Partial_Funnyeye_129,YES,Partial_FunnyeyeGlasses,1,PRESENT,
source_SiW_Mv2/pro_3_text/testlist_all.txt,Partial_Funnyeye_13,YES,Partial_FunnyeyeGlasses,1,PRESENT,
source_SiW_Mv2/pro_3_text/testlist_all.txt,Partial_Funnyeye_130,YES,Partial_FunnyeyeGlasses,1,PRESENT,
source_SiW_Mv2/pro_3_text/testlist_all.txt,Partial_Funnyeye_131,YES,Partial_FunnyeyeGlasses,1,PRESENT,
source_SiW_Mv2/pro_3_text/testlist_all.txt,Partial_Funnyeye_134,YES,Partial_FunnyeyeGlasses,1,PRESENT,
source_SiW_Mv2/pro_3_text/testlist_all.txt,Partial_Funnyeye_135,YES,Partial_FunnyeyeGlasses,1,PRESENT,
source_SiW_Mv2/pro_3_text/testlist_all.txt,Partial_Funnyeye_136,YES,Partial_FunnyeyeGlasses,1,PRESENT,
source_SiW_Mv2/pro_3_text/testlist_all.txt,Partial_Funnyeye_137,YES,Partial_FunnyeyeGlasses,1,PRESENT,
source_SiW_Mv2/pro_3_text/testlist_all.txt,Partial_Funnyeye_139,YES,Partial_FunnyeyeGlasses,1,PRESENT,
source_SiW_Mv2/pro_3_text/testlist_all.txt,Partial_Funnyeye_14,YES,Partial_FunnyeyeGlasses,1,PRESENT,
source_SiW_Mv2/pro_3_text/testlist_all.txt,Partial_Funnyeye_143,YES,Partial_FunnyeyeGlasses,1,PRESENT,
source_SiW_Mv2/pro_3_text/testlist_all.txt,Partial_Funnyeye_146,YES,Partial_FunnyeyeGlasses,1,PRESENT,
source_SiW_Mv2/pro_3_text/testlist_all.txt,Partial_Funnyeye_147,YES,Partial_FunnyeyeGlasses,1,PRESENT,
source_SiW_Mv2/pro_3_text/testlist_all.txt,Partial_Funnyeye_149,YES,Partial_FunnyeyeGlasses,1,PRESENT,
source_SiW_Mv2/pro_3_text/testlist_all.txt,Partial_Funnyeye_15,YES,Partial_FunnyeyeGlasses,1,PRESENT,
source_SiW_Mv2/pro_3_text/testlist_all.txt,Partial_Funnyeye_151,YES,Partial_FunnyeyeGlasses,1,PRESENT,
source_SiW_Mv2/pro_3_text/testlist_all.txt,Partial_Funnyeye_153,YES,Partial_FunnyeyeGlasses,1,PRESENT,
source_SiW_Mv2/pro_3_text/testlist_all.txt,Partial_Funnyeye_155,YES,Partial_FunnyeyeGlasses,1,PRESENT,
source_SiW_Mv2/pro_3_text/testlist_all.txt,Partial_Funnyeye_156,YES,Partial_FunnyeyeGlasses,1,PRESENT,
source_SiW_Mv2/pro_3_text/testlist_all.txt,Partial_Funnyeye_19,YES,Partial_FunnyeyeGlasses,1,PRESENT,
source_SiW_Mv2/pro_3_text/testlist_all.txt,Partial_Funnyeye_2,YES,Partial_FunnyeyeGlasses,1,PRESENT,
source_SiW_Mv2/pro_3_text/testlist_all.txt,Partial_Funnyeye_22,YES,Partial_FunnyeyeGlasses,1,PRESENT,
source_SiW_Mv2/pro_3_text/testlist_all.txt,Partial_Funnyeye_24,YES,Partial_FunnyeyeGlasses,1,PRESENT,
source_SiW_Mv2/pro_3_text/testlist_all.txt,Partial_Funnyeye_27,YES,Partial_FunnyeyeGlasses,1,PRESENT,
source_SiW_Mv2/pro_3_text/testlist_all.txt,Partial_Funnyeye_3,YES,Partial_FunnyeyeGlasses,1,PRESENT,
source_SiW_Mv2/pro_3_text/testlist_all.txt,Partial_Funnyeye_36,YES,Partial_FunnyeyeGlasses,1,PRESENT,
source_SiW_Mv2/pro_3_text/testlist_all.txt,Partial_Funnyeye_38,YES,Partial_FunnyeyeGlasses,1,PRESENT,
source_SiW_Mv2/pro_3_text/testlist_all.txt,Partial_Funnyeye_39,YES,Partial_FunnyeyeGlasses,1,PRESENT,
source_SiW_Mv2/pro_3_text/testlist_all.txt,Partial_Funnyeye_4,YES,Partial_FunnyeyeGlasses,1,PRESENT,
source_SiW_Mv2/pro_3_text/testlist_all.txt,Partial_Funnyeye_41,YES,Partial_FunnyeyeGlasses,1,PRESENT,
source_SiW_Mv2/pro_3_text/testlist_all.txt,Partial_Funnyeye_42,YES,Partial_FunnyeyeGlasses,1,PRESENT,
source_SiW_Mv2/pro_3_text/testlist_all.txt,Partial_Funnyeye_44,YES,Partial_FunnyeyeGlasses,1,PRESENT,
source_SiW_Mv2/pro_3_text/testlist_all.txt,Partial_Funnyeye_46,YES,Partial_FunnyeyeGlasses,1,PRESENT,
source_SiW_Mv2/pro_3_text/testlist_all.txt,Partial_Funnyeye_49,YES,Partial_FunnyeyeGlasses,1,PRESENT,
source_SiW_Mv2/pro_3_text/testlist_all.txt,Partial_Funnyeye_5,YES,Partial_FunnyeyeGlasses,1,PRESENT,
source_SiW_Mv2/pro_3_text/testlist_all.txt,Partial_Funnyeye_51,YES,Partial_FunnyeyeGlasses,1,PRESENT,
source_SiW_Mv2/pro_3_text/testlist_all.txt,Partial_Funnyeye_55,YES,Partial_FunnyeyeGlasses,1,PRESENT,
source_SiW_Mv2/pro_3_text/testlist_all.txt,Partial_Funnyeye_58,YES,Partial_FunnyeyeGlasses,1,PRESENT,
source_SiW_Mv2/pro_3_text/testlist_all.txt,Partial_Funnyeye_61,YES,Partial_FunnyeyeGlasses,1,PRESENT,
source_SiW_Mv2/pro_3_text/testlist_all.txt,Partial_Funnyeye_62,YES,Partial_FunnyeyeGlasses,1,PRESENT,
source_SiW_Mv2/pro_3_text/testlist_all.txt,Partial_Funnyeye_68,YES,Partial_FunnyeyeGlasses,1,PRESENT,
source_SiW_Mv2/pro_3_text/testlist_all.txt,Partial_Funnyeye_69,YES,Partial_FunnyeyeGlasses,1,PRESENT,
source_SiW_Mv2/pro_3_text/testlist_all.txt,Partial_Funnyeye_7,YES,Partial_FunnyeyeGlasses,1,PRESENT,
source_SiW_Mv2/pro_3_text/testlist_all.txt,Partial_Funnyeye_72,YES,Partial_FunnyeyeGlasses,1,PRESENT,
source_SiW_Mv2/pro_3_text/testlist_all.txt,Partial_Funnyeye_8,YES,Partial_FunnyeyeGlasses,1,PRESENT,
source_SiW_Mv2/pro_3_text/testlist_all.txt,Partial_Funnyeye_83,YES,Partial_FunnyeyeGlasses,1,PRESENT,
source_SiW_Mv2/pro_3_text/testlist_all.txt,Partial_Funnyeye_84,YES,Partial_FunnyeyeGlasses,1,PRESENT,
source_SiW_Mv2/pro_3_text/testlist_all.txt,Partial_Funnyeye_85,YES,Partial_FunnyeyeGlasses,1,PRESENT,
source_SiW_Mv2/pro_3_text/testlist_all.txt,Partial_Funnyeye_89,YES,Partial_FunnyeyeGlasses,1,PRESENT,
source_SiW_Mv2/pro_3_text/testlist_all.txt,Partial_Funnyeye_9,YES,Partial_FunnyeyeGlasses,1,PRESENT,
source_SiW_Mv2/pro_3_text/testlist_all.txt,Partial_Funnyeye_90,YES,Partial_FunnyeyeGlasses,1,PRESENT,
source_SiW_Mv2/pro_3_text/testlist_all.txt,Partial_Funnyeye_91,YES,Partial_FunnyeyeGlasses,1,PRESENT,
source_SiW_Mv2/pro_3_text/testlist_all.txt,Partial_Funnyeye_94,YES,Partial_FunnyeyeGlasses,1,PRESENT,
source_SiW_Mv2/pro_3_text/testlist_all.txt,Partial_Funnyeye_95,YES,Partial_FunnyeyeGlasses,1,PRESENT,
source_SiW_Mv2/pro_3_text/testlist_all.txt,Partial_Mouth_10,YES,Partial_Mouth,1,PRESENT,
source_SiW_Mv2/pro_3_text/testlist_all.txt,Partial_Mouth_11,YES,Partial_Mouth,1,PRESENT,
source_SiW_Mv2/pro_3_text/testlist_all.txt,Partial_Mouth_15,YES,Partial_Mouth,1,PRESENT,
source_SiW_Mv2/pro_3_text/testlist_all.txt,Partial_Mouth_18,YES,Partial_Mouth,1,PRESENT,
source_SiW_Mv2/pro_3_text/testlist_all.txt,Partial_Mouth_19,YES,Partial_Mouth,1,PRESENT,
source_SiW_Mv2/pro_3_text/testlist_all.txt,Partial_Mouth_20,YES,Partial_Mouth,1,PRESENT,
source_SiW_Mv2/pro_3_text/testlist_all.txt,Partial_Mouth_24,YES,Partial_Mouth,1,PRESENT,
source_SiW_Mv2/pro_3_text/testlist_all.txt,Partial_Mouth_26,YES,Partial_Mouth,1,PRESENT,
source_SiW_Mv2/pro_3_text/testlist_all.txt,Partial_Mouth_27,YES,Partial_Mouth,1,PRESENT,
source_SiW_Mv2/pro_3_text/testlist_all.txt,Partial_Mouth_28,YES,Partial_Mouth,1,PRESENT,
source_SiW_Mv2/pro_3_text/testlist_all.txt,Partial_Mouth_6,YES,Partial_Mouth,1,PRESENT,
source_SiW_Mv2/pro_3_text/testlist_all.txt,Partial_Mouth_8,YES,Partial_Mouth,1,PRESENT,
source_SiW_Mv2/pro_3_text/testlist_all.txt,Partial_Paperglass_1,YES,Partial_PaperGlasses,1,PRESENT,
source_SiW_Mv2/pro_3_text/testlist_all.txt,Partial_Paperglass_10,YES,Partial_PaperGlasses,1,PRESENT,
source_SiW_Mv2/pro_3_text/testlist_all.txt,Partial_Paperglass_123,YES,Partial_PaperGlasses,1,PRESENT,
source_SiW_Mv2/pro_3_text/testlist_all.txt,Partial_Paperglass_124,YES,Partial_PaperGlasses,1,PRESENT,
source_SiW_Mv2/pro_3_text/testlist_all.txt,Partial_Paperglass_125,YES,Partial_PaperGlasses,1,PRESENT,
source_SiW_Mv2/pro_3_text/testlist_all.txt,Partial_Paperglass_17,YES,Partial_PaperGlasses,1,PRESENT,
source_SiW_Mv2/pro_3_text/testlist_all.txt,Partial_Paperglass_19,YES,Partial_PaperGlasses,1,PRESENT,
source_SiW_Mv2/pro_3_text/testlist_all.txt,Partial_Paperglass_2,YES,Partial_PaperGlasses,1,PRESENT,
source_SiW_Mv2/pro_3_text/testlist_all.txt,Partial_Paperglass_20,YES,Partial_PaperGlasses,1,PRESENT,
source_SiW_Mv2/pro_3_text/testlist_all.txt,Partial_Paperglass_23,YES,Partial_PaperGlasses,1,PRESENT,
source_SiW_Mv2/pro_3_text/testlist_all.txt,Partial_Paperglass_25,YES,Partial_PaperGlasses,1,PRESENT,
source_SiW_Mv2/pro_3_text/testlist_all.txt,Partial_Paperglass_29,YES,Partial_PaperGlasses,1,PRESENT,
source_SiW_Mv2/pro_3_text/testlist_all.txt,Partial_Paperglass_32,YES,Partial_PaperGlasses,1,PRESENT,
source_SiW_Mv2/pro_3_text/testlist_all.txt,Partial_Paperglass_34,YES,Partial_PaperGlasses,1,PRESENT,
source_SiW_Mv2/pro_3_text/testlist_all.txt,Partial_Paperglass_38,YES,Partial_PaperGlasses,1,PRESENT,
source_SiW_Mv2/pro_3_text/testlist_all.txt,Partial_Paperglass_39,YES,Partial_PaperGlasses,1,PRESENT,
source_SiW_Mv2/pro_3_text/testlist_all.txt,Partial_Paperglass_40,YES,Partial_PaperGlasses,1,PRESENT,
source_SiW_Mv2/pro_3_text/testlist_all.txt,Partial_Paperglass_41,YES,Partial_PaperGlasses,1,PRESENT,
source_SiW_Mv2/pro_3_text/testlist_all.txt,Partial_Paperglass_5,YES,Partial_PaperGlasses,1,PRESENT,
source_SiW_Mv2/pro_3_text/testlist_all.txt,Partial_Paperglass_50,YES,Partial_PaperGlasses,1,PRESENT,
source_SiW_Mv2/pro_3_text/testlist_all.txt,Partial_Paperglass_51,YES,Partial_PaperGlasses,1,PRESENT,
source_SiW_Mv2/pro_3_text/testlist_all.txt,Partial_Paperglass_55,YES,Partial_PaperGlasses,1,PRESENT,
source_SiW_Mv2/pro_3_text/testlist_all.txt,Partial_Paperglass_56,YES,Partial_PaperGlasses,1,PRESENT,
source_SiW_Mv2/pro_3_text/testlist_all.txt,Partial_Paperglass_58,YES,Partial_PaperGlasses,1,PRESENT,
source_SiW_Mv2/pro_3_text/testlist_all.txt,Partial_Paperglass_60,YES,Partial_PaperGlasses,1,PRESENT,
source_SiW_Mv2/pro_3_text/testlist_all.txt,Partial_Paperglass_61,YES,Partial_PaperGlasses,1,PRESENT,
source_SiW_Mv2/pro_3_text/testlist_all.txt,Partial_Paperglass_63,YES,Partial_PaperGlasses,1,PRESENT,
source_SiW_Mv2/pro_3_text/testlist_all.txt,Partial_Paperglass_64,YES,Partial_PaperGlasses,1,PRESENT,
source_SiW_Mv2/pro_3_text/testlist_all.txt,Partial_Paperglass_8,YES,Partial_PaperGlasses,1,PRESENT,
source_SiW_Mv2/pro_3_text/testlist_all.txt,Replay_11,YES,Replay,1,PRESENT,
source_SiW_Mv2/pro_3_text/testlist_all.txt,Replay_15,YES,Replay,1,PRESENT,
source_SiW_Mv2/pro_3_text/testlist_all.txt,Replay_16,YES,Replay,1,PRESENT,
source_SiW_Mv2/pro_3_text/testlist_all.txt,Replay_18,YES,Replay,1,PRESENT,
source_SiW_Mv2/pro_3_text/testlist_all.txt,Replay_19,YES,Replay,1,PRESENT,
source_SiW_Mv2/pro_3_text/testlist_all.txt,Replay_24,YES,Replay,1,PRESENT,
source_SiW_Mv2/pro_3_text/testlist_all.txt,Replay_25,YES,Replay,1,PRESENT,
source_SiW_Mv2/pro_3_text/testlist_all.txt,Replay_26,YES,Replay,1,PRESENT,
source_SiW_Mv2/pro_3_text/testlist_all.txt,Replay_29,YES,Replay,1,PRESENT,
source_SiW_Mv2/pro_3_text/testlist_all.txt,Replay_30,YES,Replay,1,PRESENT,
source_SiW_Mv2/pro_3_text/testlist_all.txt,Replay_33,YES,Replay,1,PRESENT,
source_SiW_Mv2/pro_3_text/testlist_all.txt,Replay_34,YES,Replay,1,PRESENT,
source_SiW_Mv2/pro_3_text/testlist_all.txt,Replay_35,YES,Replay,1,PRESENT,
source_SiW_Mv2/pro_3_text/testlist_all.txt,Replay_40,YES,Replay,1,PRESENT,
source_SiW_Mv2/pro_3_text/testlist_all.txt,Replay_47,YES,Replay,1,PRESENT,
source_SiW_Mv2/pro_3_text/testlist_all.txt,Replay_48,YES,Replay,1,PRESENT,
source_SiW_Mv2/pro_3_text/testlist_all.txt,Replay_49,YES,Replay,1,PRESENT,
source_SiW_Mv2/pro_3_text/testlist_all.txt,Replay_54,YES,Replay,1,PRESENT,
source_SiW_Mv2/pro_3_text/testlist_all.txt,Replay_55,YES,Replay,1,PRESENT,
source_SiW_Mv2/pro_3_text/testlist_all.txt,Replay_57,YES,Replay,1,PRESENT,
source_SiW_Mv2/pro_3_text/testlist_all.txt,Replay_58,YES,Replay,1,PRESENT,
source_SiW_Mv2/pro_3_text/testlist_all.txt,Replay_60,YES,Replay,1,PRESENT,
source_SiW_Mv2/pro_3_text/testlist_all.txt,Replay_61,YES,Replay,1,PRESENT,
source_SiW_Mv2/pro_3_text/testlist_all.txt,Replay_64,YES,Replay,1,PRESENT,
source_SiW_Mv2/pro_3_text/testlist_all.txt,Replay_71,YES,Replay,1,PRESENT,
source_SiW_Mv2/pro_3_text/testlist_all.txt,Replay_72,YES,Replay,1,PRESENT,
source_SiW_Mv2/pro_3_text/testlist_all.txt,Replay_73,YES,Replay,1,PRESENT,
source_SiW_Mv2/pro_3_text/testlist_all.txt,Replay_76,YES,Replay,1,PRESENT,
source_SiW_Mv2/pro_3_text/testlist_all.txt,Replay_77,YES,Replay,1,PRESENT,
source_SiW_Mv2/pro_3_text/testlist_all.txt,Replay_84,YES,Replay,1,PRESENT,
source_SiW_Mv2/pro_3_text/testlist_all.txt,Replay_85,YES,Replay,1,PRESENT,
source_SiW_Mv2/pro_3_text/testlist_all.txt,Replay_87,YES,Replay,1,PRESENT,
source_SiW_Mv2/pro_3_text/testlist_all.txt,Replay_89,YES,Replay,1,PRESENT,
source_SiW_Mv2/pro_3_text/testlist_all.txt,Replay_9,YES,Replay,1,PRESENT,
source_SiW_Mv2/pro_3_text/testlist_all.txt,Replay_90,YES,Replay,1,PRESENT,
source_SiW_Mv2/pro_3_text/testlist_all.txt,Replay_91,YES,Replay,1,PRESENT,
source_SiW_Mv2/pro_3_text/testlist_all.txt,Replay_95,YES,Replay,1,PRESENT,
source_SiW_Mv2/pro_3_text/testlist_all.txt,Replay_96,YES,Replay,1,PRESENT,
source_SiW_Mv2/pro_3_text/testlist_all.txt,Replay_97,YES,Replay,1,PRESENT,
source_SiW_Mv2/pro_3_text/testlist_live.txt,Live_10,YES,Live,1,PRESENT,
source_SiW_Mv2/pro_3_text/testlist_live.txt,Live_102,YES,Live,1,PRESENT,
source_SiW_Mv2/pro_3_text/testlist_live.txt,Live_106,YES,Live,1,PRESENT,
source_SiW_Mv2/pro_3_text/testlist_live.txt,Live_109,YES,Live,1,PRESENT,
source_SiW_Mv2/pro_3_text/testlist_live.txt,Live_111,YES,Live,1,PRESENT,
source_SiW_Mv2/pro_3_text/testlist_live.txt,Live_114,YES,Live,1,PRESENT,
source_SiW_Mv2/pro_3_text/testlist_live.txt,Live_117,YES,Live,1,PRESENT,
source_SiW_Mv2/pro_3_text/testlist_live.txt,Live_12,YES,Live,1,PRESENT,
source_SiW_Mv2/pro_3_text/testlist_live.txt,Live_122,YES,Live,1,PRESENT,
source_SiW_Mv2/pro_3_text/testlist_live.txt,Live_125,YES,Live,1,PRESENT,
source_SiW_Mv2/pro_3_text/testlist_live.txt,Live_128,YES,Live,1,PRESENT,
source_SiW_Mv2/pro_3_text/testlist_live.txt,Live_130,YES,Live,1,PRESENT,
source_SiW_Mv2/pro_3_text/testlist_live.txt,Live_133,YES,Live,1,PRESENT,
source_SiW_Mv2/pro_3_text/testlist_live.txt,Live_136,YES,Live,1,PRESENT,
source_SiW_Mv2/pro_3_text/testlist_live.txt,Live_139,YES,Live,1,PRESENT,
source_SiW_Mv2/pro_3_text/testlist_live.txt,Live_141,YES,Live,1,PRESENT,
source_SiW_Mv2/pro_3_text/testlist_live.txt,Live_144,YES,Live,1,PRESENT,
source_SiW_Mv2/pro_3_text/testlist_live.txt,Live_147,YES,Live,1,PRESENT,
source_SiW_Mv2/pro_3_text/testlist_live.txt,Live_15,YES,Live,1,PRESENT,
source_SiW_Mv2/pro_3_text/testlist_live.txt,Live_152,YES,Live,1,PRESENT,
source_SiW_Mv2/pro_3_text/testlist_live.txt,Live_155,YES,Live,1,PRESENT,
source_SiW_Mv2/pro_3_text/testlist_live.txt,Live_158,YES,Live,1,PRESENT,
source_SiW_Mv2/pro_3_text/testlist_live.txt,Live_160,YES,Live,1,PRESENT,
source_SiW_Mv2/pro_3_text/testlist_live.txt,Live_163,YES,Live,1,PRESENT,
source_SiW_Mv2/pro_3_text/testlist_live.txt,Live_166,YES,Live,1,PRESENT,
source_SiW_Mv2/pro_3_text/testlist_live.txt,Live_169,YES,Live,1,PRESENT,
source_SiW_Mv2/pro_3_text/testlist_live.txt,Live_171,YES,Live,1,PRESENT,
source_SiW_Mv2/pro_3_text/testlist_live.txt,Live_174,YES,Live,1,PRESENT,
source_SiW_Mv2/pro_3_text/testlist_live.txt,Live_177,YES,Live,1,PRESENT,
source_SiW_Mv2/pro_3_text/testlist_live.txt,Live_18,YES,Live,1,PRESENT,
source_SiW_Mv2/pro_3_text/testlist_live.txt,Live_182,YES,Live,1,PRESENT,
source_SiW_Mv2/pro_3_text/testlist_live.txt,Live_185,YES,Live,1,PRESENT,
source_SiW_Mv2/pro_3_text/testlist_live.txt,Live_188,YES,Live,1,PRESENT,
source_SiW_Mv2/pro_3_text/testlist_live.txt,Live_190,YES,Live,1,PRESENT,
source_SiW_Mv2/pro_3_text/testlist_live.txt,Live_193,YES,Live,1,PRESENT,
source_SiW_Mv2/pro_3_text/testlist_live.txt,Live_196,YES,Live,1,PRESENT,
source_SiW_Mv2/pro_3_text/testlist_live.txt,Live_199,YES,Live,1,PRESENT,
source_SiW_Mv2/pro_3_text/testlist_live.txt,Live_200,YES,Live,1,PRESENT,
source_SiW_Mv2/pro_3_text/testlist_live.txt,Live_203,YES,Live,1,PRESENT,
source_SiW_Mv2/pro_3_text/testlist_live.txt,Live_206,YES,Live,1,PRESENT,
source_SiW_Mv2/pro_3_text/testlist_live.txt,Live_209,YES,Live,1,PRESENT,
source_SiW_Mv2/pro_3_text/testlist_live.txt,Live_211,YES,Live,1,PRESENT,
source_SiW_Mv2/pro_3_text/testlist_live.txt,Live_214,YES,Live,1,PRESENT,
source_SiW_Mv2/pro_3_text/testlist_live.txt,Live_217,YES,Live,1,PRESENT,
source_SiW_Mv2/pro_3_text/testlist_live.txt,Live_22,YES,Live,1,PRESENT,
source_SiW_Mv2/pro_3_text/testlist_live.txt,Live_222,YES,Live,1,PRESENT,
source_SiW_Mv2/pro_3_text/testlist_live.txt,Live_225,YES,Live,1,PRESENT,
source_SiW_Mv2/pro_3_text/testlist_live.txt,Live_228,YES,Live,1,PRESENT,
source_SiW_Mv2/pro_3_text/testlist_live.txt,Live_230,YES,Live,1,PRESENT,
source_SiW_Mv2/pro_3_text/testlist_live.txt,Live_233,YES,Live,1,PRESENT,
source_SiW_Mv2/pro_3_text/testlist_live.txt,Live_236,YES,Live,1,PRESENT,
source_SiW_Mv2/pro_3_text/testlist_live.txt,Live_239,YES,Live,1,PRESENT,
source_SiW_Mv2/pro_3_text/testlist_live.txt,Live_241,YES,Live,1,PRESENT,
source_SiW_Mv2/pro_3_text/testlist_live.txt,Live_244,YES,Live,1,PRESENT,
source_SiW_Mv2/pro_3_text/testlist_live.txt,Live_247,YES,Live,1,PRESENT,
source_SiW_Mv2/pro_3_text/testlist_live.txt,Live_25,YES,Live,1,PRESENT,
source_SiW_Mv2/pro_3_text/testlist_live.txt,Live_252,YES,Live,1,PRESENT,
source_SiW_Mv2/pro_3_text/testlist_live.txt,Live_255,YES,Live,1,PRESENT,
source_SiW_Mv2/pro_3_text/testlist_live.txt,Live_258,YES,Live,1,PRESENT,
source_SiW_Mv2/pro_3_text/testlist_live.txt,Live_260,YES,Live,1,PRESENT,
source_SiW_Mv2/pro_3_text/testlist_live.txt,Live_263,YES,Live,1,PRESENT,
source_SiW_Mv2/pro_3_text/testlist_live.txt,Live_266,YES,Live,1,PRESENT,
source_SiW_Mv2/pro_3_text/testlist_live.txt,Live_269,YES,Live,1,PRESENT,
source_SiW_Mv2/pro_3_text/testlist_live.txt,Live_271,YES,Live,1,PRESENT,
source_SiW_Mv2/pro_3_text/testlist_live.txt,Live_274,YES,Live,1,PRESENT,
source_SiW_Mv2/pro_3_text/testlist_live.txt,Live_277,YES,Live,1,PRESENT,
source_SiW_Mv2/pro_3_text/testlist_live.txt,Live_28,YES,Live,1,PRESENT,
source_SiW_Mv2/pro_3_text/testlist_live.txt,Live_282,YES,Live,1,PRESENT,
source_SiW_Mv2/pro_3_text/testlist_live.txt,Live_285,YES,Live,1,PRESENT,
source_SiW_Mv2/pro_3_text/testlist_live.txt,Live_288,YES,Live,1,PRESENT,
source_SiW_Mv2/pro_3_text/testlist_live.txt,Live_290,YES,Live,1,PRESENT,
source_SiW_Mv2/pro_3_text/testlist_live.txt,Live_293,YES,Live,1,PRESENT,
source_SiW_Mv2/pro_3_text/testlist_live.txt,Live_296,YES,Live,1,PRESENT,
source_SiW_Mv2/pro_3_text/testlist_live.txt,Live_299,YES,Live,1,PRESENT,
source_SiW_Mv2/pro_3_text/testlist_live.txt,Live_300,YES,Live,1,PRESENT,
source_SiW_Mv2/pro_3_text/testlist_live.txt,Live_303,YES,Live,1,PRESENT,
source_SiW_Mv2/pro_3_text/testlist_live.txt,Live_306,YES,Live,1,PRESENT,
source_SiW_Mv2/pro_3_text/testlist_live.txt,Live_309,YES,Live,1,PRESENT,
source_SiW_Mv2/pro_3_text/testlist_live.txt,Live_311,YES,Live,1,PRESENT,
source_SiW_Mv2/pro_3_text/testlist_live.txt,Live_314,YES,Live,1,PRESENT,
source_SiW_Mv2/pro_3_text/testlist_live.txt,Live_317,YES,Live,1,PRESENT,
source_SiW_Mv2/pro_3_text/testlist_live.txt,Live_32,YES,Live,1,PRESENT,
source_SiW_Mv2/pro_3_text/testlist_live.txt,Live_322,YES,Live,1,PRESENT,
source_SiW_Mv2/pro_3_text/testlist_live.txt,Live_325,YES,Live,1,PRESENT,
source_SiW_Mv2/pro_3_text/testlist_live.txt,Live_328,YES,Live,1,PRESENT,
source_SiW_Mv2/pro_3_text/testlist_live.txt,Live_330,YES,Live,1,PRESENT,
source_SiW_Mv2/pro_3_text/testlist_live.txt,Live_333,YES,Live,1,PRESENT,
source_SiW_Mv2/pro_3_text/testlist_live.txt,Live_336,YES,Live,1,PRESENT,
source_SiW_Mv2/pro_3_text/testlist_live.txt,Live_339,YES,Live,1,PRESENT,
source_SiW_Mv2/pro_3_text/testlist_live.txt,Live_341,YES,Live,1,PRESENT,
source_SiW_Mv2/pro_3_text/testlist_live.txt,Live_344,YES,Live,1,PRESENT,
source_SiW_Mv2/pro_3_text/testlist_live.txt,Live_347,YES,Live,1,PRESENT,
source_SiW_Mv2/pro_3_text/testlist_live.txt,Live_35,YES,Live,1,PRESENT,
source_SiW_Mv2/pro_3_text/testlist_live.txt,Live_352,YES,Live,1,PRESENT,
source_SiW_Mv2/pro_3_text/testlist_live.txt,Live_355,YES,Live,1,PRESENT,
source_SiW_Mv2/pro_3_text/testlist_live.txt,Live_358,YES,Live,1,PRESENT,
source_SiW_Mv2/pro_3_text/testlist_live.txt,Live_360,YES,Live,1,PRESENT,
source_SiW_Mv2/pro_3_text/testlist_live.txt,Live_363,YES,Live,1,PRESENT,
source_SiW_Mv2/pro_3_text/testlist_live.txt,Live_366,YES,Live,1,PRESENT,
source_SiW_Mv2/pro_3_text/testlist_live.txt,Live_369,YES,Live,1,PRESENT,
source_SiW_Mv2/pro_3_text/testlist_live.txt,Live_371,YES,Live,1,PRESENT,
source_SiW_Mv2/pro_3_text/testlist_live.txt,Live_374,YES,Live,1,PRESENT,
source_SiW_Mv2/pro_3_text/testlist_live.txt,Live_377,YES,Live,1,PRESENT,
source_SiW_Mv2/pro_3_text/testlist_live.txt,Live_38,YES,Live,1,PRESENT,
source_SiW_Mv2/pro_3_text/testlist_live.txt,Live_382,YES,Live,1,PRESENT,
source_SiW_Mv2/pro_3_text/testlist_live.txt,Live_385,YES,Live,1,PRESENT,
source_SiW_Mv2/pro_3_text/testlist_live.txt,Live_388,YES,Live,1,PRESENT,
source_SiW_Mv2/pro_3_text/testlist_live.txt,Live_390,YES,Live,1,PRESENT,
source_SiW_Mv2/pro_3_text/testlist_live.txt,Live_393,YES,Live,1,PRESENT,
source_SiW_Mv2/pro_3_text/testlist_live.txt,Live_396,YES,Live,1,PRESENT,
source_SiW_Mv2/pro_3_text/testlist_live.txt,Live_399,YES,Live,1,PRESENT,
source_SiW_Mv2/pro_3_text/testlist_live.txt,Live_400,YES,Live,1,PRESENT,
source_SiW_Mv2/pro_3_text/testlist_live.txt,Live_403,YES,Live,1,PRESENT,
source_SiW_Mv2/pro_3_text/testlist_live.txt,Live_406,YES,Live,1,PRESENT,
source_SiW_Mv2/pro_3_text/testlist_live.txt,Live_409,YES,Live,1,PRESENT,
source_SiW_Mv2/pro_3_text/testlist_live.txt,Live_411,YES,Live,1,PRESENT,
source_SiW_Mv2/pro_3_text/testlist_live.txt,Live_414,YES,Live,1,PRESENT,
source_SiW_Mv2/pro_3_text/testlist_live.txt,Live_417,YES,Live,1,PRESENT,
source_SiW_Mv2/pro_3_text/testlist_live.txt,Live_42,YES,Live,1,PRESENT,
source_SiW_Mv2/pro_3_text/testlist_live.txt,Live_422,YES,Live,1,PRESENT,
source_SiW_Mv2/pro_3_text/testlist_live.txt,Live_425,YES,Live,1,PRESENT,
source_SiW_Mv2/pro_3_text/testlist_live.txt,Live_428,YES,Live,1,PRESENT,
source_SiW_Mv2/pro_3_text/testlist_live.txt,Live_430,YES,Live,1,PRESENT,
source_SiW_Mv2/pro_3_text/testlist_live.txt,Live_433,YES,Live,1,PRESENT,
source_SiW_Mv2/pro_3_text/testlist_live.txt,Live_436,YES,Live,1,PRESENT,
source_SiW_Mv2/pro_3_text/testlist_live.txt,Live_439,YES,Live,1,PRESENT,
source_SiW_Mv2/pro_3_text/testlist_live.txt,Live_441,YES,Live,1,PRESENT,
source_SiW_Mv2/pro_3_text/testlist_live.txt,Live_444,YES,Live,1,PRESENT,
source_SiW_Mv2/pro_3_text/testlist_live.txt,Live_447,YES,Live,1,PRESENT,
source_SiW_Mv2/pro_3_text/testlist_live.txt,Live_45,YES,Live,1,PRESENT,
source_SiW_Mv2/pro_3_text/testlist_live.txt,Live_452,YES,Live,1,PRESENT,
source_SiW_Mv2/pro_3_text/testlist_live.txt,Live_455,YES,Live,1,PRESENT,
source_SiW_Mv2/pro_3_text/testlist_live.txt,Live_458,YES,Live,1,PRESENT,
source_SiW_Mv2/pro_3_text/testlist_live.txt,Live_460,YES,Live,1,PRESENT,
source_SiW_Mv2/pro_3_text/testlist_live.txt,Live_463,YES,Live,1,PRESENT,
source_SiW_Mv2/pro_3_text/testlist_live.txt,Live_466,YES,Live,1,PRESENT,
source_SiW_Mv2/pro_3_text/testlist_live.txt,Live_469,YES,Live,1,PRESENT,
source_SiW_Mv2/pro_3_text/testlist_live.txt,Live_471,YES,Live,1,PRESENT,
source_SiW_Mv2/pro_3_text/testlist_live.txt,Live_474,YES,Live,1,PRESENT,
source_SiW_Mv2/pro_3_text/testlist_live.txt,Live_477,YES,Live,1,PRESENT,
source_SiW_Mv2/pro_3_text/testlist_live.txt,Live_48,YES,Live,1,PRESENT,
source_SiW_Mv2/pro_3_text/testlist_live.txt,Live_482,YES,Live,1,PRESENT,
source_SiW_Mv2/pro_3_text/testlist_live.txt,Live_485,YES,Live,1,PRESENT,
source_SiW_Mv2/pro_3_text/testlist_live.txt,Live_488,YES,Live,1,PRESENT,
source_SiW_Mv2/pro_3_text/testlist_live.txt,Live_490,YES,Live,1,PRESENT,
source_SiW_Mv2/pro_3_text/testlist_live.txt,Live_493,YES,Live,1,PRESENT,
source_SiW_Mv2/pro_3_text/testlist_live.txt,Live_496,YES,Live,1,PRESENT,
source_SiW_Mv2/pro_3_text/testlist_live.txt,Live_499,YES,Live,1,PRESENT,
source_SiW_Mv2/pro_3_text/testlist_live.txt,Live_500,YES,Live,1,PRESENT,
source_SiW_Mv2/pro_3_text/testlist_live.txt,Live_503,YES,Live,1,PRESENT,
source_SiW_Mv2/pro_3_text/testlist_live.txt,Live_52,YES,Live,1,PRESENT,
source_SiW_Mv2/pro_3_text/testlist_live.txt,Live_55,YES,Live,1,PRESENT,
source_SiW_Mv2/pro_3_text/testlist_live.txt,Live_58,YES,Live,1,PRESENT,
source_SiW_Mv2/pro_3_text/testlist_live.txt,Live_60,YES,Live,1,PRESENT,
source_SiW_Mv2/pro_3_text/testlist_live.txt,Live_611,YES,Live,1,PRESENT,
source_SiW_Mv2/pro_3_text/testlist_live.txt,Live_614,YES,Live,1,PRESENT,
source_SiW_Mv2/pro_3_text/testlist_live.txt,Live_617,YES,Live,1,PRESENT,
source_SiW_Mv2/pro_3_text/testlist_live.txt,Live_62,YES,Live,1,PRESENT,
source_SiW_Mv2/pro_3_text/testlist_live.txt,Live_622,YES,Live,1,PRESENT,
source_SiW_Mv2/pro_3_text/testlist_live.txt,Live_625,YES,Live,1,PRESENT,
source_SiW_Mv2/pro_3_text/testlist_live.txt,Live_628,YES,Live,1,PRESENT,
source_SiW_Mv2/pro_3_text/testlist_live.txt,Live_630,YES,Live,1,PRESENT,
source_SiW_Mv2/pro_3_text/testlist_live.txt,Live_633,YES,Live,1,PRESENT,
source_SiW_Mv2/pro_3_text/testlist_live.txt,Live_636,YES,Live,1,PRESENT,
source_SiW_Mv2/pro_3_text/testlist_live.txt,Live_639,YES,Live,1,PRESENT,
source_SiW_Mv2/pro_3_text/testlist_live.txt,Live_641,YES,Live,1,PRESENT,
source_SiW_Mv2/pro_3_text/testlist_live.txt,Live_644,YES,Live,1,PRESENT,
source_SiW_Mv2/pro_3_text/testlist_live.txt,Live_647,YES,Live,1,PRESENT,
source_SiW_Mv2/pro_3_text/testlist_live.txt,Live_65,YES,Live,1,PRESENT,
source_SiW_Mv2/pro_3_text/testlist_live.txt,Live_652,YES,Live,1,PRESENT,
source_SiW_Mv2/pro_3_text/testlist_live.txt,Live_655,YES,Live,1,PRESENT,
source_SiW_Mv2/pro_3_text/testlist_live.txt,Live_658,YES,Live,1,PRESENT,
source_SiW_Mv2/pro_3_text/testlist_live.txt,Live_660,YES,Live,1,PRESENT,
source_SiW_Mv2/pro_3_text/testlist_live.txt,Live_663,YES,Live,1,PRESENT,
source_SiW_Mv2/pro_3_text/testlist_live.txt,Live_666,YES,Live,1,PRESENT,
source_SiW_Mv2/pro_3_text/testlist_live.txt,Live_669,YES,Live,1,PRESENT,
source_SiW_Mv2/pro_3_text/testlist_live.txt,Live_671,YES,Live,1,PRESENT,
source_SiW_Mv2/pro_3_text/testlist_live.txt,Live_674,YES,Live,1,PRESENT,
source_SiW_Mv2/pro_3_text/testlist_live.txt,Live_677,YES,Live,1,PRESENT,
source_SiW_Mv2/pro_3_text/testlist_live.txt,Live_68,YES,Live,1,PRESENT,
source_SiW_Mv2/pro_3_text/testlist_live.txt,Live_682,YES,Live,1,PRESENT,
source_SiW_Mv2/pro_3_text/testlist_live.txt,Live_685,YES,Live,1,PRESENT,
source_SiW_Mv2/pro_3_text/testlist_live.txt,Live_688,YES,Live,1,PRESENT,
source_SiW_Mv2/pro_3_text/testlist_live.txt,Live_690,YES,Live,1,PRESENT,
source_SiW_Mv2/pro_3_text/testlist_live.txt,Live_693,YES,Live,1,PRESENT,
source_SiW_Mv2/pro_3_text/testlist_live.txt,Live_696,YES,Live,1,PRESENT,
source_SiW_Mv2/pro_3_text/testlist_live.txt,Live_699,YES,Live,1,PRESENT,
source_SiW_Mv2/pro_3_text/testlist_live.txt,Live_700,YES,Live,1,PRESENT,
source_SiW_Mv2/pro_3_text/testlist_live.txt,Live_703,YES,Live,1,PRESENT,
source_SiW_Mv2/pro_3_text/testlist_live.txt,Live_706,YES,Live,1,PRESENT,
source_SiW_Mv2/pro_3_text/testlist_live.txt,Live_709,YES,Live,1,PRESENT,
source_SiW_Mv2/pro_3_text/testlist_live.txt,Live_711,YES,Live,1,PRESENT,
source_SiW_Mv2/pro_3_text/testlist_live.txt,Live_714,YES,Live,1,PRESENT,
source_SiW_Mv2/pro_3_text/testlist_live.txt,Live_717,YES,Live,1,PRESENT,
source_SiW_Mv2/pro_3_text/testlist_live.txt,Live_72,YES,Live,1,PRESENT,
source_SiW_Mv2/pro_3_text/testlist_live.txt,Live_722,YES,Live,1,PRESENT,
source_SiW_Mv2/pro_3_text/testlist_live.txt,Live_725,YES,Live,1,PRESENT,
source_SiW_Mv2/pro_3_text/testlist_live.txt,Live_728,YES,Live,1,PRESENT,
source_SiW_Mv2/pro_3_text/testlist_live.txt,Live_730,YES,Live,1,PRESENT,
source_SiW_Mv2/pro_3_text/testlist_live.txt,Live_733,YES,Live,1,PRESENT,
source_SiW_Mv2/pro_3_text/testlist_live.txt,Live_736,YES,Live,1,PRESENT,
source_SiW_Mv2/pro_3_text/testlist_live.txt,Live_739,YES,Live,1,PRESENT,
source_SiW_Mv2/pro_3_text/testlist_live.txt,Live_741,YES,Live,1,PRESENT,
source_SiW_Mv2/pro_3_text/testlist_live.txt,Live_744,YES,Live,1,PRESENT,
source_SiW_Mv2/pro_3_text/testlist_live.txt,Live_747,YES,Live,1,PRESENT,
source_SiW_Mv2/pro_3_text/testlist_live.txt,Live_75,YES,Live,1,PRESENT,
source_SiW_Mv2/pro_3_text/testlist_live.txt,Live_752,YES,Live,1,PRESENT,
source_SiW_Mv2/pro_3_text/testlist_live.txt,Live_755,YES,Live,1,PRESENT,
source_SiW_Mv2/pro_3_text/testlist_live.txt,Live_758,YES,Live,1,PRESENT,
source_SiW_Mv2/pro_3_text/testlist_live.txt,Live_760,YES,Live,1,PRESENT,
source_SiW_Mv2/pro_3_text/testlist_live.txt,Live_763,YES,Live,1,PRESENT,
source_SiW_Mv2/pro_3_text/testlist_live.txt,Live_766,YES,Live,1,PRESENT,
source_SiW_Mv2/pro_3_text/testlist_live.txt,Live_769,YES,Live,1,PRESENT,
source_SiW_Mv2/pro_3_text/testlist_live.txt,Live_771,YES,Live,1,PRESENT,
source_SiW_Mv2/pro_3_text/testlist_live.txt,Live_774,YES,Live,1,PRESENT,
source_SiW_Mv2/pro_3_text/testlist_live.txt,Live_777,YES,Live,1,PRESENT,
source_SiW_Mv2/pro_3_text/testlist_live.txt,Live_78,YES,Live,1,PRESENT,
source_SiW_Mv2/pro_3_text/testlist_live.txt,Live_782,YES,Live,1,PRESENT,
source_SiW_Mv2/pro_3_text/testlist_live.txt,Live_785,YES,Live,1,PRESENT,
source_SiW_Mv2/pro_3_text/testlist_live.txt,Live_788,YES,Live,1,PRESENT,
source_SiW_Mv2/pro_3_text/testlist_live.txt,Live_790,YES,Live,1,PRESENT,
source_SiW_Mv2/pro_3_text/testlist_live.txt,Live_793,YES,Live,1,PRESENT,
source_SiW_Mv2/pro_3_text/testlist_live.txt,Live_796,YES,Live,1,PRESENT,
source_SiW_Mv2/pro_3_text/testlist_live.txt,Live_799,YES,Live,1,PRESENT,
source_SiW_Mv2/pro_3_text/testlist_live.txt,Live_800,YES,Live,1,PRESENT,
source_SiW_Mv2/pro_3_text/testlist_live.txt,Live_803,YES,Live,1,PRESENT,
source_SiW_Mv2/pro_3_text/testlist_live.txt,Live_806,YES,Live,1,PRESENT,
source_SiW_Mv2/pro_3_text/testlist_live.txt,Live_809,YES,Live,1,PRESENT,
source_SiW_Mv2/pro_3_text/testlist_live.txt,Live_811,YES,Live,1,PRESENT,
source_SiW_Mv2/pro_3_text/testlist_live.txt,Live_814,YES,Live,1,PRESENT,
source_SiW_Mv2/pro_3_text/testlist_live.txt,Live_817,YES,Live,1,PRESENT,
source_SiW_Mv2/pro_3_text/testlist_live.txt,Live_82,YES,Live,1,PRESENT,
source_SiW_Mv2/pro_3_text/testlist_live.txt,Live_822,YES,Live,1,PRESENT,
source_SiW_Mv2/pro_3_text/testlist_live.txt,Live_825,YES,Live,1,PRESENT,
source_SiW_Mv2/pro_3_text/testlist_live.txt,Live_828,YES,Live,1,PRESENT,
source_SiW_Mv2/pro_3_text/testlist_live.txt,Live_830,YES,Live,1,PRESENT,
source_SiW_Mv2/pro_3_text/testlist_live.txt,Live_833,YES,Live,1,PRESENT,
source_SiW_Mv2/pro_3_text/testlist_live.txt,Live_836,YES,Live,1,PRESENT,
source_SiW_Mv2/pro_3_text/testlist_live.txt,Live_839,YES,Live,1,PRESENT,
source_SiW_Mv2/pro_3_text/testlist_live.txt,Live_841,YES,Live,1,PRESENT,
source_SiW_Mv2/pro_3_text/testlist_live.txt,Live_844,YES,Live,1,PRESENT,
source_SiW_Mv2/pro_3_text/testlist_live.txt,Live_847,YES,Live,1,PRESENT,
source_SiW_Mv2/pro_3_text/testlist_live.txt,Live_85,YES,Live,1,PRESENT,
source_SiW_Mv2/pro_3_text/testlist_live.txt,Live_852,YES,Live,1,PRESENT,
source_SiW_Mv2/pro_3_text/testlist_live.txt,Live_855,YES,Live,1,PRESENT,
source_SiW_Mv2/pro_3_text/testlist_live.txt,Live_858,YES,Live,1,PRESENT,
source_SiW_Mv2/pro_3_text/testlist_live.txt,Live_860,YES,Live,1,PRESENT,
source_SiW_Mv2/pro_3_text/testlist_live.txt,Live_863,YES,Live,1,PRESENT,
source_SiW_Mv2/pro_3_text/testlist_live.txt,Live_866,YES,Live,1,PRESENT,
source_SiW_Mv2/pro_3_text/testlist_live.txt,Live_869,YES,Live,1,PRESENT,
source_SiW_Mv2/pro_3_text/testlist_live.txt,Live_871,YES,Live,1,PRESENT,
source_SiW_Mv2/pro_3_text/testlist_live.txt,Live_874,YES,Live,1,PRESENT,
source_SiW_Mv2/pro_3_text/testlist_live.txt,Live_877,YES,Live,1,PRESENT,
source_SiW_Mv2/pro_3_text/testlist_live.txt,Live_88,YES,Live,1,PRESENT,
source_SiW_Mv2/pro_3_text/testlist_live.txt,Live_882,YES,Live,1,PRESENT,
source_SiW_Mv2/pro_3_text/testlist_live.txt,Live_885,YES,Live,1,PRESENT,
source_SiW_Mv2/pro_3_text/testlist_live.txt,Live_888,YES,Live,1,PRESENT,
source_SiW_Mv2/pro_3_text/testlist_live.txt,Live_890,YES,Live,1,PRESENT,
source_SiW_Mv2/pro_3_text/testlist_live.txt,Live_893,NO,Live,1,MISSING_FROM_LOCAL_RELEASE,; not in local release
source_SiW_Mv2/pro_3_text/testlist_live.txt,Live_896,NO,Live,1,MISSING_FROM_LOCAL_RELEASE,; not in local release
source_SiW_Mv2/pro_3_text/testlist_live.txt,Live_899,NO,Live,1,MISSING_FROM_LOCAL_RELEASE,; not in local release
source_SiW_Mv2/pro_3_text/testlist_live.txt,Live_900,NO,Live,1,MISSING_FROM_LOCAL_RELEASE,; not in local release
source_SiW_Mv2/pro_3_text/testlist_live.txt,Live_91,YES,Live,1,PRESENT,
source_SiW_Mv2/pro_3_text/testlist_live.txt,Live_94,YES,Live,1,PRESENT,
source_SiW_Mv2/pro_3_text/testlist_live.txt,Live_97,YES,Live,1,PRESENT,
source_SiW_Mv2/pro_3_text/train_A_pretrain.txt,Live_100,YES,Live,1,PRESENT,
source_SiW_Mv2/pro_3_text/train_A_pretrain.txt,Live_102,YES,Live,1,PRESENT,
source_SiW_Mv2/pro_3_text/train_A_pretrain.txt,Live_105,YES,Live,1,PRESENT,
source_SiW_Mv2/pro_3_text/train_A_pretrain.txt,Live_108,YES,Live,1,PRESENT,
source_SiW_Mv2/pro_3_text/train_A_pretrain.txt,Live_110,YES,Live,1,PRESENT,
source_SiW_Mv2/pro_3_text/train_A_pretrain.txt,Live_111,YES,Live,1,PRESENT,
source_SiW_Mv2/pro_3_text/train_A_pretrain.txt,Live_112,YES,Live,1,PRESENT,
source_SiW_Mv2/pro_3_text/train_A_pretrain.txt,Live_113,YES,Live,1,PRESENT,
source_SiW_Mv2/pro_3_text/train_A_pretrain.txt,Live_115,YES,Live,1,PRESENT,
source_SiW_Mv2/pro_3_text/train_A_pretrain.txt,Live_116,YES,Live,1,PRESENT,
source_SiW_Mv2/pro_3_text/train_A_pretrain.txt,Live_12,YES,Live,1,PRESENT,
source_SiW_Mv2/pro_3_text/train_A_pretrain.txt,Live_121,YES,Live,1,PRESENT,
source_SiW_Mv2/pro_3_text/train_A_pretrain.txt,Live_122,YES,Live,1,PRESENT,
source_SiW_Mv2/pro_3_text/train_A_pretrain.txt,Live_123,YES,Live,1,PRESENT,
source_SiW_Mv2/pro_3_text/train_A_pretrain.txt,Live_124,YES,Live,1,PRESENT,
source_SiW_Mv2/pro_3_text/train_A_pretrain.txt,Live_127,YES,Live,1,PRESENT,
source_SiW_Mv2/pro_3_text/train_A_pretrain.txt,Live_132,YES,Live,1,PRESENT,
source_SiW_Mv2/pro_3_text/train_A_pretrain.txt,Live_133,YES,Live,1,PRESENT,
source_SiW_Mv2/pro_3_text/train_A_pretrain.txt,Live_134,YES,Live,1,PRESENT,
source_SiW_Mv2/pro_3_text/train_A_pretrain.txt,Live_135,YES,Live,1,PRESENT,
source_SiW_Mv2/pro_3_text/train_A_pretrain.txt,Live_136,YES,Live,1,PRESENT,
source_SiW_Mv2/pro_3_text/train_A_pretrain.txt,Live_137,YES,Live,1,PRESENT,
source_SiW_Mv2/pro_3_text/train_A_pretrain.txt,Live_138,YES,Live,1,PRESENT,
source_SiW_Mv2/pro_3_text/train_A_pretrain.txt,Live_139,YES,Live,1,PRESENT,
source_SiW_Mv2/pro_3_text/train_A_pretrain.txt,Live_14,YES,Live,1,PRESENT,
source_SiW_Mv2/pro_3_text/train_A_pretrain.txt,Live_140,YES,Live,1,PRESENT,
source_SiW_Mv2/pro_3_text/train_A_pretrain.txt,Live_142,YES,Live,1,PRESENT,
source_SiW_Mv2/pro_3_text/train_A_pretrain.txt,Live_143,YES,Live,1,PRESENT,
source_SiW_Mv2/pro_3_text/train_A_pretrain.txt,Live_144,YES,Live,1,PRESENT,
source_SiW_Mv2/pro_3_text/train_A_pretrain.txt,Live_145,YES,Live,1,PRESENT,
source_SiW_Mv2/pro_3_text/train_A_pretrain.txt,Live_146,YES,Live,1,PRESENT,
source_SiW_Mv2/pro_3_text/train_A_pretrain.txt,Live_147,YES,Live,1,PRESENT,
source_SiW_Mv2/pro_3_text/train_A_pretrain.txt,Live_148,YES,Live,1,PRESENT,
source_SiW_Mv2/pro_3_text/train_A_pretrain.txt,Live_149,YES,Live,1,PRESENT,
source_SiW_Mv2/pro_3_text/train_A_pretrain.txt,Live_150,YES,Live,1,PRESENT,
source_SiW_Mv2/pro_3_text/train_A_pretrain.txt,Live_151,YES,Live,1,PRESENT,
source_SiW_Mv2/pro_3_text/train_A_pretrain.txt,Live_152,YES,Live,1,PRESENT,
source_SiW_Mv2/pro_3_text/train_A_pretrain.txt,Live_153,YES,Live,1,PRESENT,
source_SiW_Mv2/pro_3_text/train_A_pretrain.txt,Live_154,YES,Live,1,PRESENT,
source_SiW_Mv2/pro_3_text/train_A_pretrain.txt,Live_155,YES,Live,1,PRESENT,
source_SiW_Mv2/pro_3_text/train_A_pretrain.txt,Live_156,YES,Live,1,PRESENT,
source_SiW_Mv2/pro_3_text/train_A_pretrain.txt,Live_157,YES,Live,1,PRESENT,
source_SiW_Mv2/pro_3_text/train_A_pretrain.txt,Live_158,YES,Live,1,PRESENT,
source_SiW_Mv2/pro_3_text/train_A_pretrain.txt,Live_159,YES,Live,1,PRESENT,
source_SiW_Mv2/pro_3_text/train_A_pretrain.txt,Live_160,YES,Live,1,PRESENT,
source_SiW_Mv2/pro_3_text/train_A_pretrain.txt,Live_161,YES,Live,1,PRESENT,
source_SiW_Mv2/pro_3_text/train_A_pretrain.txt,Live_162,YES,Live,1,PRESENT,
source_SiW_Mv2/pro_3_text/train_A_pretrain.txt,Live_163,YES,Live,1,PRESENT,
source_SiW_Mv2/pro_3_text/train_A_pretrain.txt,Live_164,YES,Live,1,PRESENT,
source_SiW_Mv2/pro_3_text/train_A_pretrain.txt,Live_165,YES,Live,1,PRESENT,
source_SiW_Mv2/pro_3_text/train_A_pretrain.txt,Live_166,YES,Live,1,PRESENT,
source_SiW_Mv2/pro_3_text/train_A_pretrain.txt,Live_167,YES,Live,1,PRESENT,
source_SiW_Mv2/pro_3_text/train_A_pretrain.txt,Live_168,YES,Live,1,PRESENT,
source_SiW_Mv2/pro_3_text/train_A_pretrain.txt,Live_17,YES,Live,1,PRESENT,
source_SiW_Mv2/pro_3_text/train_A_pretrain.txt,Live_177,YES,Live,1,PRESENT,
source_SiW_Mv2/pro_3_text/train_A_pretrain.txt,Live_178,YES,Live,1,PRESENT,
source_SiW_Mv2/pro_3_text/train_A_pretrain.txt,Live_179,YES,Live,1,PRESENT,
source_SiW_Mv2/pro_3_text/train_A_pretrain.txt,Live_18,YES,Live,1,PRESENT,
source_SiW_Mv2/pro_3_text/train_A_pretrain.txt,Live_180,YES,Live,1,PRESENT,
source_SiW_Mv2/pro_3_text/train_A_pretrain.txt,Live_181,YES,Live,1,PRESENT,
source_SiW_Mv2/pro_3_text/train_A_pretrain.txt,Live_183,YES,Live,1,PRESENT,
source_SiW_Mv2/pro_3_text/train_A_pretrain.txt,Live_184,YES,Live,1,PRESENT,
source_SiW_Mv2/pro_3_text/train_A_pretrain.txt,Live_185,YES,Live,1,PRESENT,
source_SiW_Mv2/pro_3_text/train_A_pretrain.txt,Live_186,YES,Live,1,PRESENT,
source_SiW_Mv2/pro_3_text/train_A_pretrain.txt,Live_187,YES,Live,1,PRESENT,
source_SiW_Mv2/pro_3_text/train_A_pretrain.txt,Live_188,YES,Live,1,PRESENT,
source_SiW_Mv2/pro_3_text/train_A_pretrain.txt,Live_189,YES,Live,1,PRESENT,
source_SiW_Mv2/pro_3_text/train_A_pretrain.txt,Live_196,YES,Live,1,PRESENT,
source_SiW_Mv2/pro_3_text/train_A_pretrain.txt,Live_198,YES,Live,1,PRESENT,
source_SiW_Mv2/pro_3_text/train_A_pretrain.txt,Live_199,YES,Live,1,PRESENT,
source_SiW_Mv2/pro_3_text/train_A_pretrain.txt,Live_20,YES,Live,1,PRESENT,
source_SiW_Mv2/pro_3_text/train_A_pretrain.txt,Live_200,YES,Live,1,PRESENT,
source_SiW_Mv2/pro_3_text/train_A_pretrain.txt,Live_201,YES,Live,1,PRESENT,
source_SiW_Mv2/pro_3_text/train_A_pretrain.txt,Live_202,YES,Live,1,PRESENT,
source_SiW_Mv2/pro_3_text/train_A_pretrain.txt,Live_203,YES,Live,1,PRESENT,
source_SiW_Mv2/pro_3_text/train_A_pretrain.txt,Live_204,YES,Live,1,PRESENT,
source_SiW_Mv2/pro_3_text/train_A_pretrain.txt,Live_205,YES,Live,1,PRESENT,
source_SiW_Mv2/pro_3_text/train_A_pretrain.txt,Live_206,YES,Live,1,PRESENT,
source_SiW_Mv2/pro_3_text/train_A_pretrain.txt,Live_207,YES,Live,1,PRESENT,
source_SiW_Mv2/pro_3_text/train_A_pretrain.txt,Live_208,YES,Live,1,PRESENT,
source_SiW_Mv2/pro_3_text/train_A_pretrain.txt,Live_211,YES,Live,1,PRESENT,
source_SiW_Mv2/pro_3_text/train_A_pretrain.txt,Live_212,YES,Live,1,PRESENT,
source_SiW_Mv2/pro_3_text/train_A_pretrain.txt,Live_213,YES,Live,1,PRESENT,
source_SiW_Mv2/pro_3_text/train_A_pretrain.txt,Live_214,YES,Live,1,PRESENT,
source_SiW_Mv2/pro_3_text/train_A_pretrain.txt,Live_215,YES,Live,1,PRESENT,
source_SiW_Mv2/pro_3_text/train_A_pretrain.txt,Live_216,YES,Live,1,PRESENT,
source_SiW_Mv2/pro_3_text/train_A_pretrain.txt,Live_219,YES,Live,1,PRESENT,
source_SiW_Mv2/pro_3_text/train_A_pretrain.txt,Live_22,YES,Live,1,PRESENT,
source_SiW_Mv2/pro_3_text/train_A_pretrain.txt,Live_222,YES,Live,1,PRESENT,
source_SiW_Mv2/pro_3_text/train_A_pretrain.txt,Live_223,YES,Live,1,PRESENT,
source_SiW_Mv2/pro_3_text/train_A_pretrain.txt,Live_224,YES,Live,1,PRESENT,
source_SiW_Mv2/pro_3_text/train_A_pretrain.txt,Live_225,YES,Live,1,PRESENT,
source_SiW_Mv2/pro_3_text/train_A_pretrain.txt,Live_226,YES,Live,1,PRESENT,
source_SiW_Mv2/pro_3_text/train_A_pretrain.txt,Live_227,YES,Live,1,PRESENT,
source_SiW_Mv2/pro_3_text/train_A_pretrain.txt,Live_231,YES,Live,1,PRESENT,
source_SiW_Mv2/pro_3_text/train_A_pretrain.txt,Live_232,YES,Live,1,PRESENT,
source_SiW_Mv2/pro_3_text/train_A_pretrain.txt,Live_24,YES,Live,1,PRESENT,
source_SiW_Mv2/pro_3_text/train_A_pretrain.txt,Live_240,YES,Live,1,PRESENT,
source_SiW_Mv2/pro_3_text/train_A_pretrain.txt,Live_241,YES,Live,1,PRESENT,
source_SiW_Mv2/pro_3_text/train_A_pretrain.txt,Live_244,YES,Live,1,PRESENT,
source_SiW_Mv2/pro_3_text/train_A_pretrain.txt,Live_245,YES,Live,1,PRESENT,
source_SiW_Mv2/pro_3_text/train_A_pretrain.txt,Live_246,YES,Live,1,PRESENT,
source_SiW_Mv2/pro_3_text/train_A_pretrain.txt,Live_247,YES,Live,1,PRESENT,
source_SiW_Mv2/pro_3_text/train_A_pretrain.txt,Live_248,YES,Live,1,PRESENT,
source_SiW_Mv2/pro_3_text/train_A_pretrain.txt,Live_249,YES,Live,1,PRESENT,
source_SiW_Mv2/pro_3_text/train_A_pretrain.txt,Live_25,YES,Live,1,PRESENT,
source_SiW_Mv2/pro_3_text/train_A_pretrain.txt,Live_250,YES,Live,1,PRESENT,
source_SiW_Mv2/pro_3_text/train_A_pretrain.txt,Live_251,YES,Live,1,PRESENT,
source_SiW_Mv2/pro_3_text/train_A_pretrain.txt,Live_252,YES,Live,1,PRESENT,
source_SiW_Mv2/pro_3_text/train_A_pretrain.txt,Live_253,YES,Live,1,PRESENT,
source_SiW_Mv2/pro_3_text/train_A_pretrain.txt,Live_254,YES,Live,1,PRESENT,
source_SiW_Mv2/pro_3_text/train_A_pretrain.txt,Live_258,YES,Live,1,PRESENT,
source_SiW_Mv2/pro_3_text/train_A_pretrain.txt,Live_259,YES,Live,1,PRESENT,
source_SiW_Mv2/pro_3_text/train_A_pretrain.txt,Live_260,YES,Live,1,PRESENT,
source_SiW_Mv2/pro_3_text/train_A_pretrain.txt,Live_261,YES,Live,1,PRESENT,
source_SiW_Mv2/pro_3_text/train_A_pretrain.txt,Live_262,YES,Live,1,PRESENT,
source_SiW_Mv2/pro_3_text/train_A_pretrain.txt,Live_263,YES,Live,1,PRESENT,
source_SiW_Mv2/pro_3_text/train_A_pretrain.txt,Live_264,YES,Live,1,PRESENT,
source_SiW_Mv2/pro_3_text/train_A_pretrain.txt,Live_265,YES,Live,1,PRESENT,
source_SiW_Mv2/pro_3_text/train_A_pretrain.txt,Live_266,YES,Live,1,PRESENT,
source_SiW_Mv2/pro_3_text/train_A_pretrain.txt,Live_267,YES,Live,1,PRESENT,
source_SiW_Mv2/pro_3_text/train_A_pretrain.txt,Live_268,YES,Live,1,PRESENT,
source_SiW_Mv2/pro_3_text/train_A_pretrain.txt,Live_269,YES,Live,1,PRESENT,
source_SiW_Mv2/pro_3_text/train_A_pretrain.txt,Live_27,YES,Live,1,PRESENT,
source_SiW_Mv2/pro_3_text/train_A_pretrain.txt,Live_272,YES,Live,1,PRESENT,
source_SiW_Mv2/pro_3_text/train_A_pretrain.txt,Live_273,YES,Live,1,PRESENT,
source_SiW_Mv2/pro_3_text/train_A_pretrain.txt,Live_274,YES,Live,1,PRESENT,
source_SiW_Mv2/pro_3_text/train_A_pretrain.txt,Live_278,YES,Live,1,PRESENT,
source_SiW_Mv2/pro_3_text/train_A_pretrain.txt,Live_279,YES,Live,1,PRESENT,
source_SiW_Mv2/pro_3_text/train_A_pretrain.txt,Live_28,YES,Live,1,PRESENT,
source_SiW_Mv2/pro_3_text/train_A_pretrain.txt,Live_280,YES,Live,1,PRESENT,
source_SiW_Mv2/pro_3_text/train_A_pretrain.txt,Live_281,YES,Live,1,PRESENT,
source_SiW_Mv2/pro_3_text/train_A_pretrain.txt,Live_282,YES,Live,1,PRESENT,
source_SiW_Mv2/pro_3_text/train_A_pretrain.txt,Live_283,YES,Live,1,PRESENT,
source_SiW_Mv2/pro_3_text/train_A_pretrain.txt,Live_284,YES,Live,1,PRESENT,
source_SiW_Mv2/pro_3_text/train_A_pretrain.txt,Live_285,YES,Live,1,PRESENT,
source_SiW_Mv2/pro_3_text/train_A_pretrain.txt,Live_286,YES,Live,1,PRESENT,
source_SiW_Mv2/pro_3_text/train_A_pretrain.txt,Live_287,YES,Live,1,PRESENT,
source_SiW_Mv2/pro_3_text/train_A_pretrain.txt,Live_288,YES,Live,1,PRESENT,
source_SiW_Mv2/pro_3_text/train_A_pretrain.txt,Live_293,YES,Live,1,PRESENT,
source_SiW_Mv2/pro_3_text/train_A_pretrain.txt,Live_294,YES,Live,1,PRESENT,
source_SiW_Mv2/pro_3_text/train_A_pretrain.txt,Live_295,YES,Live,1,PRESENT,
source_SiW_Mv2/pro_3_text/train_A_pretrain.txt,Live_296,YES,Live,1,PRESENT,
source_SiW_Mv2/pro_3_text/train_A_pretrain.txt,Live_3,YES,Live,1,PRESENT,
source_SiW_Mv2/pro_3_text/train_A_pretrain.txt,Live_30,YES,Live,1,PRESENT,
source_SiW_Mv2/pro_3_text/train_A_pretrain.txt,Live_302,YES,Live,1,PRESENT,
source_SiW_Mv2/pro_3_text/train_A_pretrain.txt,Live_303,YES,Live,1,PRESENT,
source_SiW_Mv2/pro_3_text/train_A_pretrain.txt,Live_304,YES,Live,1,PRESENT,
source_SiW_Mv2/pro_3_text/train_A_pretrain.txt,Live_311,YES,Live,1,PRESENT,
source_SiW_Mv2/pro_3_text/train_A_pretrain.txt,Live_312,YES,Live,1,PRESENT,
source_SiW_Mv2/pro_3_text/train_A_pretrain.txt,Live_315,YES,Live,1,PRESENT,
source_SiW_Mv2/pro_3_text/train_A_pretrain.txt,Live_316,YES,Live,1,PRESENT,
source_SiW_Mv2/pro_3_text/train_A_pretrain.txt,Live_317,YES,Live,1,PRESENT,
source_SiW_Mv2/pro_3_text/train_A_pretrain.txt,Live_318,YES,Live,1,PRESENT,
source_SiW_Mv2/pro_3_text/train_A_pretrain.txt,Live_319,YES,Live,1,PRESENT,
source_SiW_Mv2/pro_3_text/train_A_pretrain.txt,Live_32,YES,Live,1,PRESENT,
source_SiW_Mv2/pro_3_text/train_A_pretrain.txt,Live_320,YES,Live,1,PRESENT,
source_SiW_Mv2/pro_3_text/train_A_pretrain.txt,Live_323,YES,Live,1,PRESENT,
source_SiW_Mv2/pro_3_text/train_A_pretrain.txt,Live_324,YES,Live,1,PRESENT,
source_SiW_Mv2/pro_3_text/train_A_pretrain.txt,Live_325,YES,Live,1,PRESENT,
source_SiW_Mv2/pro_3_text/train_A_pretrain.txt,Live_326,YES,Live,1,PRESENT,
source_SiW_Mv2/pro_3_text/train_A_pretrain.txt,Live_327,YES,Live,1,PRESENT,
source_SiW_Mv2/pro_3_text/train_A_pretrain.txt,Live_328,YES,Live,1,PRESENT,
source_SiW_Mv2/pro_3_text/train_A_pretrain.txt,Live_329,YES,Live,1,PRESENT,
source_SiW_Mv2/pro_3_text/train_A_pretrain.txt,Live_33,YES,Live,1,PRESENT,
source_SiW_Mv2/pro_3_text/train_A_pretrain.txt,Live_330,YES,Live,1,PRESENT,
source_SiW_Mv2/pro_3_text/train_A_pretrain.txt,Live_331,YES,Live,1,PRESENT,
source_SiW_Mv2/pro_3_text/train_A_pretrain.txt,Live_332,YES,Live,1,PRESENT,
source_SiW_Mv2/pro_3_text/train_A_pretrain.txt,Live_333,YES,Live,1,PRESENT,
source_SiW_Mv2/pro_3_text/train_A_pretrain.txt,Live_334,YES,Live,1,PRESENT,
source_SiW_Mv2/pro_3_text/train_A_pretrain.txt,Live_335,YES,Live,1,PRESENT,
source_SiW_Mv2/pro_3_text/train_A_pretrain.txt,Live_338,YES,Live,1,PRESENT,
source_SiW_Mv2/pro_3_text/train_A_pretrain.txt,Live_339,YES,Live,1,PRESENT,
source_SiW_Mv2/pro_3_text/train_A_pretrain.txt,Live_340,YES,Live,1,PRESENT,
source_SiW_Mv2/pro_3_text/train_A_pretrain.txt,Live_341,YES,Live,1,PRESENT,
source_SiW_Mv2/pro_3_text/train_A_pretrain.txt,Live_342,YES,Live,1,PRESENT,
source_SiW_Mv2/pro_3_text/train_A_pretrain.txt,Live_343,YES,Live,1,PRESENT,
source_SiW_Mv2/pro_3_text/train_A_pretrain.txt,Live_344,YES,Live,1,PRESENT,
source_SiW_Mv2/pro_3_text/train_A_pretrain.txt,Live_345,YES,Live,1,PRESENT,
source_SiW_Mv2/pro_3_text/train_A_pretrain.txt,Live_346,YES,Live,1,PRESENT,
source_SiW_Mv2/pro_3_text/train_A_pretrain.txt,Live_347,YES,Live,1,PRESENT,
source_SiW_Mv2/pro_3_text/train_A_pretrain.txt,Live_35,YES,Live,1,PRESENT,
source_SiW_Mv2/pro_3_text/train_A_pretrain.txt,Live_350,YES,Live,1,PRESENT,
source_SiW_Mv2/pro_3_text/train_A_pretrain.txt,Live_351,YES,Live,1,PRESENT,
source_SiW_Mv2/pro_3_text/train_A_pretrain.txt,Live_352,YES,Live,1,PRESENT,
source_SiW_Mv2/pro_3_text/train_A_pretrain.txt,Live_353,YES,Live,1,PRESENT,
source_SiW_Mv2/pro_3_text/train_A_pretrain.txt,Live_355,YES,Live,1,PRESENT,
source_SiW_Mv2/pro_3_text/train_A_pretrain.txt,Live_359,YES,Live,1,PRESENT,
source_SiW_Mv2/pro_3_text/train_A_pretrain.txt,Live_362,YES,Live,1,PRESENT,
source_SiW_Mv2/pro_3_text/train_A_pretrain.txt,Live_366,YES,Live,1,PRESENT,
source_SiW_Mv2/pro_3_text/train_A_pretrain.txt,Live_367,YES,Live,1,PRESENT,
source_SiW_Mv2/pro_3_text/train_A_pretrain.txt,Live_368,YES,Live,1,PRESENT,
source_SiW_Mv2/pro_3_text/train_A_pretrain.txt,Live_369,YES,Live,1,PRESENT,
source_SiW_Mv2/pro_3_text/train_A_pretrain.txt,Live_371,YES,Live,1,PRESENT,
source_SiW_Mv2/pro_3_text/train_A_pretrain.txt,Live_372,YES,Live,1,PRESENT,
source_SiW_Mv2/pro_3_text/train_A_pretrain.txt,Live_377,YES,Live,1,PRESENT,
source_SiW_Mv2/pro_3_text/train_A_pretrain.txt,Live_378,YES,Live,1,PRESENT,
source_SiW_Mv2/pro_3_text/train_A_pretrain.txt,Live_38,YES,Live,1,PRESENT,
source_SiW_Mv2/pro_3_text/train_A_pretrain.txt,Live_380,YES,Live,1,PRESENT,
source_SiW_Mv2/pro_3_text/train_A_pretrain.txt,Live_381,YES,Live,1,PRESENT,
source_SiW_Mv2/pro_3_text/train_A_pretrain.txt,Live_382,YES,Live,1,PRESENT,
source_SiW_Mv2/pro_3_text/train_A_pretrain.txt,Live_383,YES,Live,1,PRESENT,
source_SiW_Mv2/pro_3_text/train_A_pretrain.txt,Live_384,YES,Live,1,PRESENT,
source_SiW_Mv2/pro_3_text/train_A_pretrain.txt,Live_385,YES,Live,1,PRESENT,
source_SiW_Mv2/pro_3_text/train_A_pretrain.txt,Live_386,YES,Live,1,PRESENT,
source_SiW_Mv2/pro_3_text/train_A_pretrain.txt,Live_388,YES,Live,1,PRESENT,
source_SiW_Mv2/pro_3_text/train_A_pretrain.txt,Live_389,YES,Live,1,PRESENT,
source_SiW_Mv2/pro_3_text/train_A_pretrain.txt,Live_391,YES,Live,1,PRESENT,
source_SiW_Mv2/pro_3_text/train_A_pretrain.txt,Live_392,YES,Live,1,PRESENT,
source_SiW_Mv2/pro_3_text/train_A_pretrain.txt,Live_393,YES,Live,1,PRESENT,
source_SiW_Mv2/pro_3_text/train_A_pretrain.txt,Live_394,YES,Live,1,PRESENT,
source_SiW_Mv2/pro_3_text/train_A_pretrain.txt,Live_396,YES,Live,1,PRESENT,
source_SiW_Mv2/pro_3_text/train_A_pretrain.txt,Live_40,YES,Live,1,PRESENT,
source_SiW_Mv2/pro_3_text/train_A_pretrain.txt,Live_402,YES,Live,1,PRESENT,
source_SiW_Mv2/pro_3_text/train_A_pretrain.txt,Live_403,YES,Live,1,PRESENT,
source_SiW_Mv2/pro_3_text/train_A_pretrain.txt,Live_404,YES,Live,1,PRESENT,
source_SiW_Mv2/pro_3_text/train_A_pretrain.txt,Live_405,YES,Live,1,PRESENT,
source_SiW_Mv2/pro_3_text/train_A_pretrain.txt,Live_406,YES,Live,1,PRESENT,
source_SiW_Mv2/pro_3_text/train_A_pretrain.txt,Live_407,YES,Live,1,PRESENT,
source_SiW_Mv2/pro_3_text/train_A_pretrain.txt,Live_409,YES,Live,1,PRESENT,
source_SiW_Mv2/pro_3_text/train_A_pretrain.txt,Live_41,YES,Live,1,PRESENT,
source_SiW_Mv2/pro_3_text/train_A_pretrain.txt,Live_410,YES,Live,1,PRESENT,
source_SiW_Mv2/pro_3_text/train_A_pretrain.txt,Live_411,YES,Live,1,PRESENT,
source_SiW_Mv2/pro_3_text/train_A_pretrain.txt,Live_412,YES,Live,1,PRESENT,
source_SiW_Mv2/pro_3_text/train_A_pretrain.txt,Live_413,YES,Live,1,PRESENT,
source_SiW_Mv2/pro_3_text/train_A_pretrain.txt,Live_414,YES,Live,1,PRESENT,
source_SiW_Mv2/pro_3_text/train_A_pretrain.txt,Live_415,YES,Live,1,PRESENT,
source_SiW_Mv2/pro_3_text/train_A_pretrain.txt,Live_416,YES,Live,1,PRESENT,
source_SiW_Mv2/pro_3_text/train_A_pretrain.txt,Live_417,YES,Live,1,PRESENT,
source_SiW_Mv2/pro_3_text/train_A_pretrain.txt,Live_418,YES,Live,1,PRESENT,
source_SiW_Mv2/pro_3_text/train_A_pretrain.txt,Live_419,YES,Live,1,PRESENT,
source_SiW_Mv2/pro_3_text/train_A_pretrain.txt,Live_420,YES,Live,1,PRESENT,
source_SiW_Mv2/pro_3_text/train_A_pretrain.txt,Live_421,YES,Live,1,PRESENT,
source_SiW_Mv2/pro_3_text/train_A_pretrain.txt,Live_422,YES,Live,1,PRESENT,
source_SiW_Mv2/pro_3_text/train_A_pretrain.txt,Live_423,YES,Live,1,PRESENT,
source_SiW_Mv2/pro_3_text/train_A_pretrain.txt,Live_424,YES,Live,1,PRESENT,
source_SiW_Mv2/pro_3_text/train_A_pretrain.txt,Live_425,YES,Live,1,PRESENT,
source_SiW_Mv2/pro_3_text/train_A_pretrain.txt,Live_426,YES,Live,1,PRESENT,
source_SiW_Mv2/pro_3_text/train_A_pretrain.txt,Live_428,YES,Live,1,PRESENT,
source_SiW_Mv2/pro_3_text/train_A_pretrain.txt,Live_429,YES,Live,1,PRESENT,
source_SiW_Mv2/pro_3_text/train_A_pretrain.txt,Live_430,YES,Live,1,PRESENT,
source_SiW_Mv2/pro_3_text/train_A_pretrain.txt,Live_431,YES,Live,1,PRESENT,
source_SiW_Mv2/pro_3_text/train_A_pretrain.txt,Live_432,YES,Live,1,PRESENT,
source_SiW_Mv2/pro_3_text/train_A_pretrain.txt,Live_433,YES,Live,1,PRESENT,
source_SiW_Mv2/pro_3_text/train_A_pretrain.txt,Live_434,YES,Live,1,PRESENT,
source_SiW_Mv2/pro_3_text/train_A_pretrain.txt,Live_435,YES,Live,1,PRESENT,
source_SiW_Mv2/pro_3_text/train_A_pretrain.txt,Live_438,YES,Live,1,PRESENT,
source_SiW_Mv2/pro_3_text/train_A_pretrain.txt,Live_439,YES,Live,1,PRESENT,
source_SiW_Mv2/pro_3_text/train_A_pretrain.txt,Live_44,YES,Live,1,PRESENT,
source_SiW_Mv2/pro_3_text/train_A_pretrain.txt,Live_440,YES,Live,1,PRESENT,
source_SiW_Mv2/pro_3_text/train_A_pretrain.txt,Live_441,YES,Live,1,PRESENT,
source_SiW_Mv2/pro_3_text/train_A_pretrain.txt,Live_442,YES,Live,1,PRESENT,
source_SiW_Mv2/pro_3_text/train_A_pretrain.txt,Live_446,YES,Live,1,PRESENT,
source_SiW_Mv2/pro_3_text/train_A_pretrain.txt,Live_447,YES,Live,1,PRESENT,
source_SiW_Mv2/pro_3_text/train_A_pretrain.txt,Live_448,YES,Live,1,PRESENT,
source_SiW_Mv2/pro_3_text/train_A_pretrain.txt,Live_449,YES,Live,1,PRESENT,
source_SiW_Mv2/pro_3_text/train_A_pretrain.txt,Live_45,YES,Live,1,PRESENT,
source_SiW_Mv2/pro_3_text/train_A_pretrain.txt,Live_450,YES,Live,1,PRESENT,
source_SiW_Mv2/pro_3_text/train_A_pretrain.txt,Live_455,YES,Live,1,PRESENT,
source_SiW_Mv2/pro_3_text/train_A_pretrain.txt,Live_46,YES,Live,1,PRESENT,
source_SiW_Mv2/pro_3_text/train_A_pretrain.txt,Live_466,YES,Live,1,PRESENT,
source_SiW_Mv2/pro_3_text/train_A_pretrain.txt,Live_469,YES,Live,1,PRESENT,
source_SiW_Mv2/pro_3_text/train_A_pretrain.txt,Live_47,YES,Live,1,PRESENT,
source_SiW_Mv2/pro_3_text/train_A_pretrain.txt,Live_470,YES,Live,1,PRESENT,
source_SiW_Mv2/pro_3_text/train_A_pretrain.txt,Live_471,YES,Live,1,PRESENT,
source_SiW_Mv2/pro_3_text/train_A_pretrain.txt,Live_473,YES,Live,1,PRESENT,
source_SiW_Mv2/pro_3_text/train_A_pretrain.txt,Live_474,YES,Live,1,PRESENT,
source_SiW_Mv2/pro_3_text/train_A_pretrain.txt,Live_475,YES,Live,1,PRESENT,
source_SiW_Mv2/pro_3_text/train_A_pretrain.txt,Live_476,YES,Live,1,PRESENT,
source_SiW_Mv2/pro_3_text/train_A_pretrain.txt,Live_477,YES,Live,1,PRESENT,
source_SiW_Mv2/pro_3_text/train_A_pretrain.txt,Live_478,YES,Live,1,PRESENT,
source_SiW_Mv2/pro_3_text/train_A_pretrain.txt,Live_479,YES,Live,1,PRESENT,
source_SiW_Mv2/pro_3_text/train_A_pretrain.txt,Live_493,YES,Live,1,PRESENT,
source_SiW_Mv2/pro_3_text/train_A_pretrain.txt,Live_494,YES,Live,1,PRESENT,
source_SiW_Mv2/pro_3_text/train_A_pretrain.txt,Live_495,YES,Live,1,PRESENT,
source_SiW_Mv2/pro_3_text/train_A_pretrain.txt,Live_497,YES,Live,1,PRESENT,
source_SiW_Mv2/pro_3_text/train_A_pretrain.txt,Live_498,YES,Live,1,PRESENT,
source_SiW_Mv2/pro_3_text/train_A_pretrain.txt,Live_499,YES,Live,1,PRESENT,
source_SiW_Mv2/pro_3_text/train_A_pretrain.txt,Live_5,YES,Live,1,PRESENT,
source_SiW_Mv2/pro_3_text/train_A_pretrain.txt,Live_500,YES,Live,1,PRESENT,
source_SiW_Mv2/pro_3_text/train_A_pretrain.txt,Live_502,YES,Live,1,PRESENT,
source_SiW_Mv2/pro_3_text/train_A_pretrain.txt,Live_52,YES,Live,1,PRESENT,
source_SiW_Mv2/pro_3_text/train_A_pretrain.txt,Live_54,YES,Live,1,PRESENT,
source_SiW_Mv2/pro_3_text/train_A_pretrain.txt,Live_55,YES,Live,1,PRESENT,
source_SiW_Mv2/pro_3_text/train_A_pretrain.txt,Live_58,YES,Live,1,PRESENT,
source_SiW_Mv2/pro_3_text/train_A_pretrain.txt,Live_60,YES,Live,1,PRESENT,
source_SiW_Mv2/pro_3_text/train_A_pretrain.txt,Live_610,YES,Live,1,PRESENT,
source_SiW_Mv2/pro_3_text/train_A_pretrain.txt,Live_612,YES,Live,1,PRESENT,
source_SiW_Mv2/pro_3_text/train_A_pretrain.txt,Live_625,YES,Live,1,PRESENT,
source_SiW_Mv2/pro_3_text/train_A_pretrain.txt,Live_627,YES,Live,1,PRESENT,
source_SiW_Mv2/pro_3_text/train_A_pretrain.txt,Live_629,YES,Live,1,PRESENT,
source_SiW_Mv2/pro_3_text/train_A_pretrain.txt,Live_630,YES,Live,1,PRESENT,
source_SiW_Mv2/pro_3_text/train_A_pretrain.txt,Live_631,YES,Live,1,PRESENT,
source_SiW_Mv2/pro_3_text/train_A_pretrain.txt,Live_632,YES,Live,1,PRESENT,
source_SiW_Mv2/pro_3_text/train_A_pretrain.txt,Live_634,YES,Live,1,PRESENT,
source_SiW_Mv2/pro_3_text/train_A_pretrain.txt,Live_635,YES,Live,1,PRESENT,
source_SiW_Mv2/pro_3_text/train_A_pretrain.txt,Live_636,YES,Live,1,PRESENT,
source_SiW_Mv2/pro_3_text/train_A_pretrain.txt,Live_639,YES,Live,1,PRESENT,
source_SiW_Mv2/pro_3_text/train_A_pretrain.txt,Live_641,YES,Live,1,PRESENT,
source_SiW_Mv2/pro_3_text/train_A_pretrain.txt,Live_642,YES,Live,1,PRESENT,
source_SiW_Mv2/pro_3_text/train_A_pretrain.txt,Live_643,YES,Live,1,PRESENT,
source_SiW_Mv2/pro_3_text/train_A_pretrain.txt,Live_644,YES,Live,1,PRESENT,
source_SiW_Mv2/pro_3_text/train_A_pretrain.txt,Live_646,YES,Live,1,PRESENT,
source_SiW_Mv2/pro_3_text/train_A_pretrain.txt,Live_649,YES,Live,1,PRESENT,
source_SiW_Mv2/pro_3_text/train_A_pretrain.txt,Live_650,YES,Live,1,PRESENT,
source_SiW_Mv2/pro_3_text/train_A_pretrain.txt,Live_651,YES,Live,1,PRESENT,
source_SiW_Mv2/pro_3_text/train_A_pretrain.txt,Live_652,YES,Live,1,PRESENT,
source_SiW_Mv2/pro_3_text/train_A_pretrain.txt,Live_653,YES,Live,1,PRESENT,
source_SiW_Mv2/pro_3_text/train_A_pretrain.txt,Live_657,YES,Live,1,PRESENT,
source_SiW_Mv2/pro_3_text/train_A_pretrain.txt,Live_665,YES,Live,1,PRESENT,
source_SiW_Mv2/pro_3_text/train_A_pretrain.txt,Live_666,YES,Live,1,PRESENT,
source_SiW_Mv2/pro_3_text/train_A_pretrain.txt,Live_669,YES,Live,1,PRESENT,
source_SiW_Mv2/pro_3_text/train_A_pretrain.txt,Live_671,YES,Live,1,PRESENT,
source_SiW_Mv2/pro_3_text/train_A_pretrain.txt,Live_676,YES,Live,1,PRESENT,
source_SiW_Mv2/pro_3_text/train_A_pretrain.txt,Live_680,YES,Live,1,PRESENT,
source_SiW_Mv2/pro_3_text/train_A_pretrain.txt,Live_682,YES,Live,1,PRESENT,
source_SiW_Mv2/pro_3_text/train_A_pretrain.txt,Live_684,YES,Live,1,PRESENT,
source_SiW_Mv2/pro_3_text/train_A_pretrain.txt,Live_687,YES,Live,1,PRESENT,
source_SiW_Mv2/pro_3_text/train_A_pretrain.txt,Live_691,YES,Live,1,PRESENT,
source_SiW_Mv2/pro_3_text/train_A_pretrain.txt,Live_692,YES,Live,1,PRESENT,
source_SiW_Mv2/pro_3_text/train_A_pretrain.txt,Live_694,YES,Live,1,PRESENT,
source_SiW_Mv2/pro_3_text/train_A_pretrain.txt,Live_699,YES,Live,1,PRESENT,
source_SiW_Mv2/pro_3_text/train_A_pretrain.txt,Live_703,YES,Live,1,PRESENT,
source_SiW_Mv2/pro_3_text/train_A_pretrain.txt,Live_704,YES,Live,1,PRESENT,
source_SiW_Mv2/pro_3_text/train_A_pretrain.txt,Live_707,YES,Live,1,PRESENT,
source_SiW_Mv2/pro_3_text/train_A_pretrain.txt,Live_708,YES,Live,1,PRESENT,
source_SiW_Mv2/pro_3_text/train_A_pretrain.txt,Live_712,YES,Live,1,PRESENT,
source_SiW_Mv2/pro_3_text/train_A_pretrain.txt,Live_715,YES,Live,1,PRESENT,
source_SiW_Mv2/pro_3_text/train_A_pretrain.txt,Live_721,YES,Live,1,PRESENT,
source_SiW_Mv2/pro_3_text/train_A_pretrain.txt,Live_722,YES,Live,1,PRESENT,
source_SiW_Mv2/pro_3_text/train_A_pretrain.txt,Live_724,YES,Live,1,PRESENT,
source_SiW_Mv2/pro_3_text/train_A_pretrain.txt,Live_725,YES,Live,1,PRESENT,
source_SiW_Mv2/pro_3_text/train_A_pretrain.txt,Live_726,YES,Live,1,PRESENT,
source_SiW_Mv2/pro_3_text/train_A_pretrain.txt,Live_727,YES,Live,1,PRESENT,
source_SiW_Mv2/pro_3_text/train_A_pretrain.txt,Live_728,YES,Live,1,PRESENT,
source_SiW_Mv2/pro_3_text/train_A_pretrain.txt,Live_729,YES,Live,1,PRESENT,
source_SiW_Mv2/pro_3_text/train_A_pretrain.txt,Live_73,YES,Live,1,PRESENT,
source_SiW_Mv2/pro_3_text/train_A_pretrain.txt,Live_730,YES,Live,1,PRESENT,
source_SiW_Mv2/pro_3_text/train_A_pretrain.txt,Live_735,YES,Live,1,PRESENT,
source_SiW_Mv2/pro_3_text/train_A_pretrain.txt,Live_738,YES,Live,1,PRESENT,
source_SiW_Mv2/pro_3_text/train_A_pretrain.txt,Live_739,YES,Live,1,PRESENT,
source_SiW_Mv2/pro_3_text/train_A_pretrain.txt,Live_74,YES,Live,1,PRESENT,
source_SiW_Mv2/pro_3_text/train_A_pretrain.txt,Live_742,YES,Live,1,PRESENT,
source_SiW_Mv2/pro_3_text/train_A_pretrain.txt,Live_744,YES,Live,1,PRESENT,
source_SiW_Mv2/pro_3_text/train_A_pretrain.txt,Live_746,YES,Live,1,PRESENT,
source_SiW_Mv2/pro_3_text/train_A_pretrain.txt,Live_748,YES,Live,1,PRESENT,
source_SiW_Mv2/pro_3_text/train_A_pretrain.txt,Live_753,YES,Live,1,PRESENT,
source_SiW_Mv2/pro_3_text/train_A_pretrain.txt,Live_757,YES,Live,1,PRESENT,
source_SiW_Mv2/pro_3_text/train_A_pretrain.txt,Live_758,YES,Live,1,PRESENT,
source_SiW_Mv2/pro_3_text/train_A_pretrain.txt,Live_76,YES,Live,1,PRESENT,
source_SiW_Mv2/pro_3_text/train_A_pretrain.txt,Live_763,YES,Live,1,PRESENT,
source_SiW_Mv2/pro_3_text/train_A_pretrain.txt,Live_765,YES,Live,1,PRESENT,
source_SiW_Mv2/pro_3_text/train_A_pretrain.txt,Live_766,YES,Live,1,PRESENT,
source_SiW_Mv2/pro_3_text/train_A_pretrain.txt,Live_769,YES,Live,1,PRESENT,
source_SiW_Mv2/pro_3_text/train_A_pretrain.txt,Live_772,YES,Live,1,PRESENT,
source_SiW_Mv2/pro_3_text/train_A_pretrain.txt,Live_774,YES,Live,1,PRESENT,
source_SiW_Mv2/pro_3_text/train_A_pretrain.txt,Live_777,YES,Live,1,PRESENT,
source_SiW_Mv2/pro_3_text/train_A_pretrain.txt,Live_781,YES,Live,1,PRESENT,
source_SiW_Mv2/pro_3_text/train_A_pretrain.txt,Live_788,YES,Live,1,PRESENT,
source_SiW_Mv2/pro_3_text/train_A_pretrain.txt,Live_798,YES,Live,1,PRESENT,
source_SiW_Mv2/pro_3_text/train_A_pretrain.txt,Live_80,YES,Live,1,PRESENT,
source_SiW_Mv2/pro_3_text/train_A_pretrain.txt,Live_800,YES,Live,1,PRESENT,
source_SiW_Mv2/pro_3_text/train_A_pretrain.txt,Live_801,YES,Live,1,PRESENT,
source_SiW_Mv2/pro_3_text/train_A_pretrain.txt,Live_802,YES,Live,1,PRESENT,
source_SiW_Mv2/pro_3_text/train_A_pretrain.txt,Live_803,YES,Live,1,PRESENT,
source_SiW_Mv2/pro_3_text/train_A_pretrain.txt,Live_804,YES,Live,1,PRESENT,
source_SiW_Mv2/pro_3_text/train_A_pretrain.txt,Live_805,YES,Live,1,PRESENT,
source_SiW_Mv2/pro_3_text/train_A_pretrain.txt,Live_808,YES,Live,1,PRESENT,
source_SiW_Mv2/pro_3_text/train_A_pretrain.txt,Live_810,YES,Live,1,PRESENT,
source_SiW_Mv2/pro_3_text/train_A_pretrain.txt,Live_815,YES,Live,1,PRESENT,
source_SiW_Mv2/pro_3_text/train_A_pretrain.txt,Live_816,YES,Live,1,PRESENT,
source_SiW_Mv2/pro_3_text/train_A_pretrain.txt,Live_818,YES,Live,1,PRESENT,
source_SiW_Mv2/pro_3_text/train_A_pretrain.txt,Live_824,YES,Live,1,PRESENT,
source_SiW_Mv2/pro_3_text/train_A_pretrain.txt,Live_827,YES,Live,1,PRESENT,
source_SiW_Mv2/pro_3_text/train_A_pretrain.txt,Live_828,YES,Live,1,PRESENT,
source_SiW_Mv2/pro_3_text/train_A_pretrain.txt,Live_829,YES,Live,1,PRESENT,
source_SiW_Mv2/pro_3_text/train_A_pretrain.txt,Live_83,YES,Live,1,PRESENT,
source_SiW_Mv2/pro_3_text/train_A_pretrain.txt,Live_830,YES,Live,1,PRESENT,
source_SiW_Mv2/pro_3_text/train_A_pretrain.txt,Live_835,YES,Live,1,PRESENT,
source_SiW_Mv2/pro_3_text/train_A_pretrain.txt,Live_838,YES,Live,1,PRESENT,
source_SiW_Mv2/pro_3_text/train_A_pretrain.txt,Live_840,YES,Live,1,PRESENT,
source_SiW_Mv2/pro_3_text/train_A_pretrain.txt,Live_841,YES,Live,1,PRESENT,
source_SiW_Mv2/pro_3_text/train_A_pretrain.txt,Live_842,YES,Live,1,PRESENT,
source_SiW_Mv2/pro_3_text/train_A_pretrain.txt,Live_843,YES,Live,1,PRESENT,
source_SiW_Mv2/pro_3_text/train_A_pretrain.txt,Live_844,YES,Live,1,PRESENT,
source_SiW_Mv2/pro_3_text/train_A_pretrain.txt,Live_855,YES,Live,1,PRESENT,
source_SiW_Mv2/pro_3_text/train_A_pretrain.txt,Live_857,YES,Live,1,PRESENT,
source_SiW_Mv2/pro_3_text/train_A_pretrain.txt,Live_861,YES,Live,1,PRESENT,
source_SiW_Mv2/pro_3_text/train_A_pretrain.txt,Live_863,YES,Live,1,PRESENT,
source_SiW_Mv2/pro_3_text/train_A_pretrain.txt,Live_864,YES,Live,1,PRESENT,
source_SiW_Mv2/pro_3_text/train_A_pretrain.txt,Live_866,YES,Live,1,PRESENT,
source_SiW_Mv2/pro_3_text/train_A_pretrain.txt,Live_867,YES,Live,1,PRESENT,
source_SiW_Mv2/pro_3_text/train_A_pretrain.txt,Live_870,YES,Live,1,PRESENT,
source_SiW_Mv2/pro_3_text/train_A_pretrain.txt,Live_873,YES,Live,1,PRESENT,
source_SiW_Mv2/pro_3_text/train_A_pretrain.txt,Live_875,YES,Live,1,PRESENT,
source_SiW_Mv2/pro_3_text/train_A_pretrain.txt,Live_877,YES,Live,1,PRESENT,
source_SiW_Mv2/pro_3_text/train_A_pretrain.txt,Live_878,YES,Live,1,PRESENT,
source_SiW_Mv2/pro_3_text/train_A_pretrain.txt,Live_882,YES,Live,1,PRESENT,
source_SiW_Mv2/pro_3_text/train_A_pretrain.txt,Live_886,YES,Live,1,PRESENT,
source_SiW_Mv2/pro_3_text/train_A_pretrain.txt,Live_887,YES,Live,1,PRESENT,
source_SiW_Mv2/pro_3_text/train_A_pretrain.txt,Live_89,YES,Live,1,PRESENT,
source_SiW_Mv2/pro_3_text/train_A_pretrain.txt,Live_9,YES,Live,1,PRESENT,
source_SiW_Mv2/pro_3_text/train_A_pretrain.txt,Live_90,YES,Live,1,PRESENT,
source_SiW_Mv2/pro_3_text/train_A_pretrain.txt,Live_93,YES,Live,1,PRESENT,
source_SiW_Mv2/pro_3_text/train_A_pretrain.txt,Live_95,YES,Live,1,PRESENT,
source_SiW_Mv2/pro_3_text/train_A_pretrain.txt,Live_97,YES,Live,1,PRESENT,
source_SiW_Mv2/pro_3_text/train_A_pretrain.txt,Live_99,YES,Live,1,PRESENT,
source_SiW_Mv2/pro_3_text/train_A_pretrain.txt,Makeup_Im_1,YES,Makeup_Impersonation,1,PRESENT,
source_SiW_Mv2/pro_3_text/train_A_pretrain.txt,Makeup_Im_10,YES,Makeup_Impersonation,2,DUPLICATE_PROTOCOL_REFERENCE,repeated for live/spoof balancing (official README)
source_SiW_Mv2/pro_3_text/train_A_pretrain.txt,Makeup_Im_11,YES,Makeup_Impersonation,2,DUPLICATE_PROTOCOL_REFERENCE,repeated for live/spoof balancing (official README)
source_SiW_Mv2/pro_3_text/train_A_pretrain.txt,Makeup_Im_13,YES,Makeup_Impersonation,2,DUPLICATE_PROTOCOL_REFERENCE,repeated for live/spoof balancing (official README)
source_SiW_Mv2/pro_3_text/train_A_pretrain.txt,Makeup_Im_15,YES,Makeup_Impersonation,1,PRESENT,
source_SiW_Mv2/pro_3_text/train_A_pretrain.txt,Makeup_Im_16,YES,Makeup_Impersonation,2,DUPLICATE_PROTOCOL_REFERENCE,repeated for live/spoof balancing (official README)
source_SiW_Mv2/pro_3_text/train_A_pretrain.txt,Makeup_Im_17,YES,Makeup_Impersonation,2,DUPLICATE_PROTOCOL_REFERENCE,repeated for live/spoof balancing (official README)
source_SiW_Mv2/pro_3_text/train_A_pretrain.txt,Makeup_Im_18,YES,Makeup_Impersonation,1,PRESENT,
source_SiW_Mv2/pro_3_text/train_A_pretrain.txt,Makeup_Im_19,YES,Makeup_Impersonation,2,DUPLICATE_PROTOCOL_REFERENCE,repeated for live/spoof balancing (official README)
source_SiW_Mv2/pro_3_text/train_A_pretrain.txt,Makeup_Im_2,YES,Makeup_Impersonation,2,DUPLICATE_PROTOCOL_REFERENCE,repeated for live/spoof balancing (official README)
source_SiW_Mv2/pro_3_text/train_A_pretrain.txt,Makeup_Im_21,YES,Makeup_Impersonation,2,DUPLICATE_PROTOCOL_REFERENCE,repeated for live/spoof balancing (official README)
source_SiW_Mv2/pro_3_text/train_A_pretrain.txt,Makeup_Im_22,YES,Makeup_Impersonation,2,DUPLICATE_PROTOCOL_REFERENCE,repeated for live/spoof balancing (official README)
source_SiW_Mv2/pro_3_text/train_A_pretrain.txt,Makeup_Im_25,YES,Makeup_Impersonation,2,DUPLICATE_PROTOCOL_REFERENCE,repeated for live/spoof balancing (official README)
source_SiW_Mv2/pro_3_text/train_A_pretrain.txt,Makeup_Im_26,YES,Makeup_Impersonation,2,DUPLICATE_PROTOCOL_REFERENCE,repeated for live/spoof balancing (official README)
source_SiW_Mv2/pro_3_text/train_A_pretrain.txt,Makeup_Im_27,YES,Makeup_Impersonation,1,PRESENT,
source_SiW_Mv2/pro_3_text/train_A_pretrain.txt,Makeup_Im_28,YES,Makeup_Impersonation,2,DUPLICATE_PROTOCOL_REFERENCE,repeated for live/spoof balancing (official README)
source_SiW_Mv2/pro_3_text/train_A_pretrain.txt,Makeup_Im_29,YES,Makeup_Impersonation,2,DUPLICATE_PROTOCOL_REFERENCE,repeated for live/spoof balancing (official README)
source_SiW_Mv2/pro_3_text/train_A_pretrain.txt,Makeup_Im_3,YES,Makeup_Impersonation,2,DUPLICATE_PROTOCOL_REFERENCE,repeated for live/spoof balancing (official README)
source_SiW_Mv2/pro_3_text/train_A_pretrain.txt,Makeup_Im_30,YES,Makeup_Impersonation,2,DUPLICATE_PROTOCOL_REFERENCE,repeated for live/spoof balancing (official README)
source_SiW_Mv2/pro_3_text/train_A_pretrain.txt,Makeup_Im_31,YES,Makeup_Impersonation,2,DUPLICATE_PROTOCOL_REFERENCE,repeated for live/spoof balancing (official README)
source_SiW_Mv2/pro_3_text/train_A_pretrain.txt,Makeup_Im_32,YES,Makeup_Impersonation,2,DUPLICATE_PROTOCOL_REFERENCE,repeated for live/spoof balancing (official README)
source_SiW_Mv2/pro_3_text/train_A_pretrain.txt,Makeup_Im_33,YES,Makeup_Impersonation,1,PRESENT,
source_SiW_Mv2/pro_3_text/train_A_pretrain.txt,Makeup_Im_34,YES,Makeup_Impersonation,2,DUPLICATE_PROTOCOL_REFERENCE,repeated for live/spoof balancing (official README)
source_SiW_Mv2/pro_3_text/train_A_pretrain.txt,Makeup_Im_36,YES,Makeup_Impersonation,2,DUPLICATE_PROTOCOL_REFERENCE,repeated for live/spoof balancing (official README)
source_SiW_Mv2/pro_3_text/train_A_pretrain.txt,Makeup_Im_37,YES,Makeup_Impersonation,2,DUPLICATE_PROTOCOL_REFERENCE,repeated for live/spoof balancing (official README)
source_SiW_Mv2/pro_3_text/train_A_pretrain.txt,Makeup_Im_38,YES,Makeup_Impersonation,2,DUPLICATE_PROTOCOL_REFERENCE,repeated for live/spoof balancing (official README)
source_SiW_Mv2/pro_3_text/train_A_pretrain.txt,Makeup_Im_39,YES,Makeup_Impersonation,1,PRESENT,
source_SiW_Mv2/pro_3_text/train_A_pretrain.txt,Makeup_Im_4,YES,Makeup_Impersonation,2,DUPLICATE_PROTOCOL_REFERENCE,repeated for live/spoof balancing (official README)
source_SiW_Mv2/pro_3_text/train_A_pretrain.txt,Makeup_Im_40,YES,Makeup_Impersonation,2,DUPLICATE_PROTOCOL_REFERENCE,repeated for live/spoof balancing (official README)
source_SiW_Mv2/pro_3_text/train_A_pretrain.txt,Makeup_Im_41,YES,Makeup_Impersonation,2,DUPLICATE_PROTOCOL_REFERENCE,repeated for live/spoof balancing (official README)
source_SiW_Mv2/pro_3_text/train_A_pretrain.txt,Makeup_Im_42,YES,Makeup_Impersonation,2,DUPLICATE_PROTOCOL_REFERENCE,repeated for live/spoof balancing (official README)
source_SiW_Mv2/pro_3_text/train_A_pretrain.txt,Makeup_Im_43,YES,Makeup_Impersonation,2,DUPLICATE_PROTOCOL_REFERENCE,repeated for live/spoof balancing (official README)
source_SiW_Mv2/pro_3_text/train_A_pretrain.txt,Makeup_Im_45,YES,Makeup_Impersonation,2,DUPLICATE_PROTOCOL_REFERENCE,repeated for live/spoof balancing (official README)
source_SiW_Mv2/pro_3_text/train_A_pretrain.txt,Makeup_Im_46,YES,Makeup_Impersonation,2,DUPLICATE_PROTOCOL_REFERENCE,repeated for live/spoof balancing (official README)
source_SiW_Mv2/pro_3_text/train_A_pretrain.txt,Makeup_Im_47,YES,Makeup_Impersonation,2,DUPLICATE_PROTOCOL_REFERENCE,repeated for live/spoof balancing (official README)
source_SiW_Mv2/pro_3_text/train_A_pretrain.txt,Makeup_Im_48,YES,Makeup_Impersonation,2,DUPLICATE_PROTOCOL_REFERENCE,repeated for live/spoof balancing (official README)
source_SiW_Mv2/pro_3_text/train_A_pretrain.txt,Makeup_Im_49,YES,Makeup_Impersonation,2,DUPLICATE_PROTOCOL_REFERENCE,repeated for live/spoof balancing (official README)
source_SiW_Mv2/pro_3_text/train_A_pretrain.txt,Makeup_Im_5,YES,Makeup_Impersonation,2,DUPLICATE_PROTOCOL_REFERENCE,repeated for live/spoof balancing (official README)
source_SiW_Mv2/pro_3_text/train_A_pretrain.txt,Makeup_Im_50,YES,Makeup_Impersonation,2,DUPLICATE_PROTOCOL_REFERENCE,repeated for live/spoof balancing (official README)
source_SiW_Mv2/pro_3_text/train_A_pretrain.txt,Makeup_Im_51,YES,Makeup_Impersonation,2,DUPLICATE_PROTOCOL_REFERENCE,repeated for live/spoof balancing (official README)
source_SiW_Mv2/pro_3_text/train_A_pretrain.txt,Makeup_Im_52,YES,Makeup_Impersonation,2,DUPLICATE_PROTOCOL_REFERENCE,repeated for live/spoof balancing (official README)
source_SiW_Mv2/pro_3_text/train_A_pretrain.txt,Makeup_Im_53,YES,Makeup_Impersonation,2,DUPLICATE_PROTOCOL_REFERENCE,repeated for live/spoof balancing (official README)
source_SiW_Mv2/pro_3_text/train_A_pretrain.txt,Makeup_Im_56,YES,Makeup_Impersonation,2,DUPLICATE_PROTOCOL_REFERENCE,repeated for live/spoof balancing (official README)
source_SiW_Mv2/pro_3_text/train_A_pretrain.txt,Makeup_Im_57,YES,Makeup_Impersonation,1,PRESENT,
source_SiW_Mv2/pro_3_text/train_A_pretrain.txt,Makeup_Im_58,YES,Makeup_Impersonation,2,DUPLICATE_PROTOCOL_REFERENCE,repeated for live/spoof balancing (official README)
source_SiW_Mv2/pro_3_text/train_A_pretrain.txt,Makeup_Im_59,YES,Makeup_Impersonation,2,DUPLICATE_PROTOCOL_REFERENCE,repeated for live/spoof balancing (official README)
source_SiW_Mv2/pro_3_text/train_A_pretrain.txt,Makeup_Im_6,YES,Makeup_Impersonation,2,DUPLICATE_PROTOCOL_REFERENCE,repeated for live/spoof balancing (official README)
source_SiW_Mv2/pro_3_text/train_A_pretrain.txt,Makeup_Im_60,YES,Makeup_Impersonation,2,DUPLICATE_PROTOCOL_REFERENCE,repeated for live/spoof balancing (official README)
source_SiW_Mv2/pro_3_text/train_A_pretrain.txt,Makeup_Im_61,YES,Makeup_Impersonation,2,DUPLICATE_PROTOCOL_REFERENCE,repeated for live/spoof balancing (official README)
source_SiW_Mv2/pro_3_text/train_A_pretrain.txt,Makeup_Im_62,YES,Makeup_Impersonation,1,PRESENT,
source_SiW_Mv2/pro_3_text/train_A_pretrain.txt,Makeup_Im_63,YES,Makeup_Impersonation,2,DUPLICATE_PROTOCOL_REFERENCE,repeated for live/spoof balancing (official README)
source_SiW_Mv2/pro_3_text/train_A_pretrain.txt,Makeup_Im_7,YES,Makeup_Impersonation,2,DUPLICATE_PROTOCOL_REFERENCE,repeated for live/spoof balancing (official README)
source_SiW_Mv2/pro_3_text/train_A_pretrain.txt,Makeup_Im_8,YES,Makeup_Impersonation,2,DUPLICATE_PROTOCOL_REFERENCE,repeated for live/spoof balancing (official README)
source_SiW_Mv2/pro_3_text/train_A_pretrain.txt,Makeup_Im_9,YES,Makeup_Impersonation,2,DUPLICATE_PROTOCOL_REFERENCE,repeated for live/spoof balancing (official README)
source_SiW_Mv2/pro_3_text/train_A_pretrain.txt,Makeup_Ob_1,YES,Makeup_Obfuscation,5,DUPLICATE_PROTOCOL_REFERENCE,repeated for live/spoof balancing (official README)
source_SiW_Mv2/pro_3_text/train_A_pretrain.txt,Makeup_Ob_11,YES,Makeup_Obfuscation,5,DUPLICATE_PROTOCOL_REFERENCE,repeated for live/spoof balancing (official README)
source_SiW_Mv2/pro_3_text/train_A_pretrain.txt,Makeup_Ob_12,YES,Makeup_Obfuscation,6,DUPLICATE_PROTOCOL_REFERENCE,repeated for live/spoof balancing (official README)
source_SiW_Mv2/pro_3_text/train_A_pretrain.txt,Makeup_Ob_13,YES,Makeup_Obfuscation,5,DUPLICATE_PROTOCOL_REFERENCE,repeated for live/spoof balancing (official README)
source_SiW_Mv2/pro_3_text/train_A_pretrain.txt,Makeup_Ob_14,YES,Makeup_Obfuscation,5,DUPLICATE_PROTOCOL_REFERENCE,repeated for live/spoof balancing (official README)
source_SiW_Mv2/pro_3_text/train_A_pretrain.txt,Makeup_Ob_15,YES,Makeup_Obfuscation,5,DUPLICATE_PROTOCOL_REFERENCE,repeated for live/spoof balancing (official README)
source_SiW_Mv2/pro_3_text/train_A_pretrain.txt,Makeup_Ob_16,YES,Makeup_Obfuscation,5,DUPLICATE_PROTOCOL_REFERENCE,repeated for live/spoof balancing (official README)
source_SiW_Mv2/pro_3_text/train_A_pretrain.txt,Makeup_Ob_18,YES,Makeup_Obfuscation,6,DUPLICATE_PROTOCOL_REFERENCE,repeated for live/spoof balancing (official README)
source_SiW_Mv2/pro_3_text/train_A_pretrain.txt,Makeup_Ob_19,YES,Makeup_Obfuscation,5,DUPLICATE_PROTOCOL_REFERENCE,repeated for live/spoof balancing (official README)
source_SiW_Mv2/pro_3_text/train_A_pretrain.txt,Makeup_Ob_2,YES,Makeup_Obfuscation,5,DUPLICATE_PROTOCOL_REFERENCE,repeated for live/spoof balancing (official README)
source_SiW_Mv2/pro_3_text/train_A_pretrain.txt,Makeup_Ob_20,YES,Makeup_Obfuscation,6,DUPLICATE_PROTOCOL_REFERENCE,repeated for live/spoof balancing (official README)
source_SiW_Mv2/pro_3_text/train_A_pretrain.txt,Makeup_Ob_21,YES,Makeup_Obfuscation,5,DUPLICATE_PROTOCOL_REFERENCE,repeated for live/spoof balancing (official README)
source_SiW_Mv2/pro_3_text/train_A_pretrain.txt,Makeup_Ob_22,YES,Makeup_Obfuscation,5,DUPLICATE_PROTOCOL_REFERENCE,repeated for live/spoof balancing (official README)
source_SiW_Mv2/pro_3_text/train_A_pretrain.txt,Makeup_Ob_3,YES,Makeup_Obfuscation,5,DUPLICATE_PROTOCOL_REFERENCE,repeated for live/spoof balancing (official README)
source_SiW_Mv2/pro_3_text/train_A_pretrain.txt,Makeup_Ob_4,YES,Makeup_Obfuscation,5,DUPLICATE_PROTOCOL_REFERENCE,repeated for live/spoof balancing (official README)
source_SiW_Mv2/pro_3_text/train_A_pretrain.txt,Makeup_Ob_5,YES,Makeup_Obfuscation,6,DUPLICATE_PROTOCOL_REFERENCE,repeated for live/spoof balancing (official README)
source_SiW_Mv2/pro_3_text/train_A_pretrain.txt,Makeup_Ob_7,YES,Makeup_Obfuscation,5,DUPLICATE_PROTOCOL_REFERENCE,repeated for live/spoof balancing (official README)
source_SiW_Mv2/pro_3_text/train_A_pretrain.txt,Makeup_Ob_8,YES,Makeup_Obfuscation,6,DUPLICATE_PROTOCOL_REFERENCE,repeated for live/spoof balancing (official README)
source_SiW_Mv2/pro_3_text/train_A_pretrain.txt,Makeup_Ob_9,YES,Makeup_Obfuscation,5,DUPLICATE_PROTOCOL_REFERENCE,repeated for live/spoof balancing (official README)
source_SiW_Mv2/pro_3_text/train_A_pretrain.txt,Mask_Half_1,YES,Mask_HalfMask,2,DUPLICATE_PROTOCOL_REFERENCE,repeated for live/spoof balancing (official README)
source_SiW_Mv2/pro_3_text/train_A_pretrain.txt,Mask_Half_10,YES,Mask_HalfMask,1,PRESENT,
source_SiW_Mv2/pro_3_text/train_A_pretrain.txt,Mask_Half_11,YES,Mask_HalfMask,2,DUPLICATE_PROTOCOL_REFERENCE,repeated for live/spoof balancing (official README)
source_SiW_Mv2/pro_3_text/train_A_pretrain.txt,Mask_Half_12,YES,Mask_HalfMask,2,DUPLICATE_PROTOCOL_REFERENCE,repeated for live/spoof balancing (official README)
source_SiW_Mv2/pro_3_text/train_A_pretrain.txt,Mask_Half_13,YES,Mask_HalfMask,1,PRESENT,
source_SiW_Mv2/pro_3_text/train_A_pretrain.txt,Mask_Half_14,YES,Mask_HalfMask,1,PRESENT,
source_SiW_Mv2/pro_3_text/train_A_pretrain.txt,Mask_Half_15,YES,Mask_HalfMask,2,DUPLICATE_PROTOCOL_REFERENCE,repeated for live/spoof balancing (official README)
source_SiW_Mv2/pro_3_text/train_A_pretrain.txt,Mask_Half_16,YES,Mask_HalfMask,2,DUPLICATE_PROTOCOL_REFERENCE,repeated for live/spoof balancing (official README)
source_SiW_Mv2/pro_3_text/train_A_pretrain.txt,Mask_Half_17,YES,Mask_HalfMask,1,PRESENT,
source_SiW_Mv2/pro_3_text/train_A_pretrain.txt,Mask_Half_18,YES,Mask_HalfMask,2,DUPLICATE_PROTOCOL_REFERENCE,repeated for live/spoof balancing (official README)
source_SiW_Mv2/pro_3_text/train_A_pretrain.txt,Mask_Half_19,YES,Mask_HalfMask,1,PRESENT,
source_SiW_Mv2/pro_3_text/train_A_pretrain.txt,Mask_Half_2,YES,Mask_HalfMask,2,DUPLICATE_PROTOCOL_REFERENCE,repeated for live/spoof balancing (official README)
source_SiW_Mv2/pro_3_text/train_A_pretrain.txt,Mask_Half_20,YES,Mask_HalfMask,2,DUPLICATE_PROTOCOL_REFERENCE,repeated for live/spoof balancing (official README)
source_SiW_Mv2/pro_3_text/train_A_pretrain.txt,Mask_Half_21,YES,Mask_HalfMask,1,PRESENT,
source_SiW_Mv2/pro_3_text/train_A_pretrain.txt,Mask_Half_22,YES,Mask_HalfMask,1,PRESENT,
source_SiW_Mv2/pro_3_text/train_A_pretrain.txt,Mask_Half_23,YES,Mask_HalfMask,2,DUPLICATE_PROTOCOL_REFERENCE,repeated for live/spoof balancing (official README)
source_SiW_Mv2/pro_3_text/train_A_pretrain.txt,Mask_Half_24,YES,Mask_HalfMask,2,DUPLICATE_PROTOCOL_REFERENCE,repeated for live/spoof balancing (official README)
source_SiW_Mv2/pro_3_text/train_A_pretrain.txt,Mask_Half_25,YES,Mask_HalfMask,1,PRESENT,
source_SiW_Mv2/pro_3_text/train_A_pretrain.txt,Mask_Half_27,YES,Mask_HalfMask,2,DUPLICATE_PROTOCOL_REFERENCE,repeated for live/spoof balancing (official README)
source_SiW_Mv2/pro_3_text/train_A_pretrain.txt,Mask_Half_28,YES,Mask_HalfMask,1,PRESENT,
source_SiW_Mv2/pro_3_text/train_A_pretrain.txt,Mask_Half_29,YES,Mask_HalfMask,2,DUPLICATE_PROTOCOL_REFERENCE,repeated for live/spoof balancing (official README)
source_SiW_Mv2/pro_3_text/train_A_pretrain.txt,Mask_Half_3,YES,Mask_HalfMask,1,PRESENT,
source_SiW_Mv2/pro_3_text/train_A_pretrain.txt,Mask_Half_30,YES,Mask_HalfMask,2,DUPLICATE_PROTOCOL_REFERENCE,repeated for live/spoof balancing (official README)
source_SiW_Mv2/pro_3_text/train_A_pretrain.txt,Mask_Half_31,YES,Mask_HalfMask,1,PRESENT,
source_SiW_Mv2/pro_3_text/train_A_pretrain.txt,Mask_Half_32,YES,Mask_HalfMask,1,PRESENT,
source_SiW_Mv2/pro_3_text/train_A_pretrain.txt,Mask_Half_33,YES,Mask_HalfMask,2,DUPLICATE_PROTOCOL_REFERENCE,repeated for live/spoof balancing (official README)
source_SiW_Mv2/pro_3_text/train_A_pretrain.txt,Mask_Half_34,YES,Mask_HalfMask,2,DUPLICATE_PROTOCOL_REFERENCE,repeated for live/spoof balancing (official README)
source_SiW_Mv2/pro_3_text/train_A_pretrain.txt,Mask_Half_36,YES,Mask_HalfMask,1,PRESENT,
source_SiW_Mv2/pro_3_text/train_A_pretrain.txt,Mask_Half_37,YES,Mask_HalfMask,2,DUPLICATE_PROTOCOL_REFERENCE,repeated for live/spoof balancing (official README)
source_SiW_Mv2/pro_3_text/train_A_pretrain.txt,Mask_Half_38,YES,Mask_HalfMask,1,PRESENT,
source_SiW_Mv2/pro_3_text/train_A_pretrain.txt,Mask_Half_39,YES,Mask_HalfMask,2,DUPLICATE_PROTOCOL_REFERENCE,repeated for live/spoof balancing (official README)
source_SiW_Mv2/pro_3_text/train_A_pretrain.txt,Mask_Half_40,YES,Mask_HalfMask,2,DUPLICATE_PROTOCOL_REFERENCE,repeated for live/spoof balancing (official README)
source_SiW_Mv2/pro_3_text/train_A_pretrain.txt,Mask_Half_41,YES,Mask_HalfMask,1,PRESENT,
source_SiW_Mv2/pro_3_text/train_A_pretrain.txt,Mask_Half_42,YES,Mask_HalfMask,1,PRESENT,
source_SiW_Mv2/pro_3_text/train_A_pretrain.txt,Mask_Half_43,YES,Mask_HalfMask,2,DUPLICATE_PROTOCOL_REFERENCE,repeated for live/spoof balancing (official README)
source_SiW_Mv2/pro_3_text/train_A_pretrain.txt,Mask_Half_44,YES,Mask_HalfMask,2,DUPLICATE_PROTOCOL_REFERENCE,repeated for live/spoof balancing (official README)
source_SiW_Mv2/pro_3_text/train_A_pretrain.txt,Mask_Half_45,YES,Mask_HalfMask,1,PRESENT,
source_SiW_Mv2/pro_3_text/train_A_pretrain.txt,Mask_Half_47,YES,Mask_HalfMask,1,PRESENT,
source_SiW_Mv2/pro_3_text/train_A_pretrain.txt,Mask_Half_48,YES,Mask_HalfMask,1,PRESENT,
source_SiW_Mv2/pro_3_text/train_A_pretrain.txt,Mask_Half_5,YES,Mask_HalfMask,2,DUPLICATE_PROTOCOL_REFERENCE,repeated for live/spoof balancing (official README)
source_SiW_Mv2/pro_3_text/train_A_pretrain.txt,Mask_Half_50,YES,Mask_HalfMask,2,DUPLICATE_PROTOCOL_REFERENCE,repeated for live/spoof balancing (official README)
source_SiW_Mv2/pro_3_text/train_A_pretrain.txt,Mask_Half_51,YES,Mask_HalfMask,1,PRESENT,
source_SiW_Mv2/pro_3_text/train_A_pretrain.txt,Mask_Half_52,YES,Mask_HalfMask,1,PRESENT,
source_SiW_Mv2/pro_3_text/train_A_pretrain.txt,Mask_Half_53,YES,Mask_HalfMask,2,DUPLICATE_PROTOCOL_REFERENCE,repeated for live/spoof balancing (official README)
source_SiW_Mv2/pro_3_text/train_A_pretrain.txt,Mask_Half_54,YES,Mask_HalfMask,2,DUPLICATE_PROTOCOL_REFERENCE,repeated for live/spoof balancing (official README)
source_SiW_Mv2/pro_3_text/train_A_pretrain.txt,Mask_Half_55,YES,Mask_HalfMask,1,PRESENT,
source_SiW_Mv2/pro_3_text/train_A_pretrain.txt,Mask_Half_56,YES,Mask_HalfMask,1,PRESENT,
source_SiW_Mv2/pro_3_text/train_A_pretrain.txt,Mask_Half_57,YES,Mask_HalfMask,2,DUPLICATE_PROTOCOL_REFERENCE,repeated for live/spoof balancing (official README)
source_SiW_Mv2/pro_3_text/train_A_pretrain.txt,Mask_Half_58,YES,Mask_HalfMask,1,PRESENT,
source_SiW_Mv2/pro_3_text/train_A_pretrain.txt,Mask_Half_59,YES,Mask_HalfMask,2,DUPLICATE_PROTOCOL_REFERENCE,repeated for live/spoof balancing (official README)
source_SiW_Mv2/pro_3_text/train_A_pretrain.txt,Mask_Half_6,YES,Mask_HalfMask,2,DUPLICATE_PROTOCOL_REFERENCE,repeated for live/spoof balancing (official README)
source_SiW_Mv2/pro_3_text/train_A_pretrain.txt,Mask_Half_60,YES,Mask_HalfMask,1,PRESENT,
source_SiW_Mv2/pro_3_text/train_A_pretrain.txt,Mask_Half_61,YES,Mask_HalfMask,2,DUPLICATE_PROTOCOL_REFERENCE,repeated for live/spoof balancing (official README)
source_SiW_Mv2/pro_3_text/train_A_pretrain.txt,Mask_Half_62,YES,Mask_HalfMask,2,DUPLICATE_PROTOCOL_REFERENCE,repeated for live/spoof balancing (official README)
source_SiW_Mv2/pro_3_text/train_A_pretrain.txt,Mask_Half_63,YES,Mask_HalfMask,1,PRESENT,
source_SiW_Mv2/pro_3_text/train_A_pretrain.txt,Mask_Half_65,YES,Mask_HalfMask,2,DUPLICATE_PROTOCOL_REFERENCE,repeated for live/spoof balancing (official README)
source_SiW_Mv2/pro_3_text/train_A_pretrain.txt,Mask_Half_66,YES,Mask_HalfMask,2,DUPLICATE_PROTOCOL_REFERENCE,repeated for live/spoof balancing (official README)
source_SiW_Mv2/pro_3_text/train_A_pretrain.txt,Mask_Half_67,YES,Mask_HalfMask,1,PRESENT,
source_SiW_Mv2/pro_3_text/train_A_pretrain.txt,Mask_Half_68,YES,Mask_HalfMask,2,DUPLICATE_PROTOCOL_REFERENCE,repeated for live/spoof balancing (official README)
source_SiW_Mv2/pro_3_text/train_A_pretrain.txt,Mask_Half_69,YES,Mask_HalfMask,1,PRESENT,
source_SiW_Mv2/pro_3_text/train_A_pretrain.txt,Mask_Half_7,YES,Mask_HalfMask,1,PRESENT,
source_SiW_Mv2/pro_3_text/train_A_pretrain.txt,Mask_Half_71,YES,Mask_HalfMask,2,DUPLICATE_PROTOCOL_REFERENCE,repeated for live/spoof balancing (official README)
source_SiW_Mv2/pro_3_text/train_A_pretrain.txt,Mask_Half_72,YES,Mask_HalfMask,2,DUPLICATE_PROTOCOL_REFERENCE,repeated for live/spoof balancing (official README)
source_SiW_Mv2/pro_3_text/train_A_pretrain.txt,Mask_Half_8,YES,Mask_HalfMask,2,DUPLICATE_PROTOCOL_REFERENCE,repeated for live/spoof balancing (official README)
source_SiW_Mv2/pro_3_text/train_A_pretrain.txt,Mask_Half_9,YES,Mask_HalfMask,1,PRESENT,
source_SiW_Mv2/pro_3_text/train_A_pretrain.txt,Mask_Paper_1,YES,Mask_PaperMask,7,DUPLICATE_PROTOCOL_REFERENCE,repeated for live/spoof balancing (official README)
source_SiW_Mv2/pro_3_text/train_A_pretrain.txt,Mask_Paper_10,YES,Mask_PaperMask,7,DUPLICATE_PROTOCOL_REFERENCE,repeated for live/spoof balancing (official README)
source_SiW_Mv2/pro_3_text/train_A_pretrain.txt,Mask_Paper_11,YES,Mask_PaperMask,7,DUPLICATE_PROTOCOL_REFERENCE,repeated for live/spoof balancing (official README)
source_SiW_Mv2/pro_3_text/train_A_pretrain.txt,Mask_Paper_12,YES,Mask_PaperMask,7,DUPLICATE_PROTOCOL_REFERENCE,repeated for live/spoof balancing (official README)
source_SiW_Mv2/pro_3_text/train_A_pretrain.txt,Mask_Paper_13,YES,Mask_PaperMask,6,DUPLICATE_PROTOCOL_REFERENCE,repeated for live/spoof balancing (official README)
source_SiW_Mv2/pro_3_text/train_A_pretrain.txt,Mask_Paper_14,YES,Mask_PaperMask,6,DUPLICATE_PROTOCOL_REFERENCE,repeated for live/spoof balancing (official README)
source_SiW_Mv2/pro_3_text/train_A_pretrain.txt,Mask_Paper_15,YES,Mask_PaperMask,7,DUPLICATE_PROTOCOL_REFERENCE,repeated for live/spoof balancing (official README)
source_SiW_Mv2/pro_3_text/train_A_pretrain.txt,Mask_Paper_16,YES,Mask_PaperMask,1,PRESENT,
source_SiW_Mv2/pro_3_text/train_A_pretrain.txt,Mask_Paper_17,YES,Mask_PaperMask,6,DUPLICATE_PROTOCOL_REFERENCE,repeated for live/spoof balancing (official README)
source_SiW_Mv2/pro_3_text/train_A_pretrain.txt,Mask_Paper_2,YES,Mask_PaperMask,7,DUPLICATE_PROTOCOL_REFERENCE,repeated for live/spoof balancing (official README)
source_SiW_Mv2/pro_3_text/train_A_pretrain.txt,Mask_Paper_3,YES,Mask_PaperMask,7,DUPLICATE_PROTOCOL_REFERENCE,repeated for live/spoof balancing (official README)
source_SiW_Mv2/pro_3_text/train_A_pretrain.txt,Mask_Paper_4,YES,Mask_PaperMask,6,DUPLICATE_PROTOCOL_REFERENCE,repeated for live/spoof balancing (official README)
source_SiW_Mv2/pro_3_text/train_A_pretrain.txt,Mask_Paper_5,YES,Mask_PaperMask,7,DUPLICATE_PROTOCOL_REFERENCE,repeated for live/spoof balancing (official README)
source_SiW_Mv2/pro_3_text/train_A_pretrain.txt,Mask_Paper_7,YES,Mask_PaperMask,6,DUPLICATE_PROTOCOL_REFERENCE,repeated for live/spoof balancing (official README)
source_SiW_Mv2/pro_3_text/train_A_pretrain.txt,Mask_Paper_8,YES,Mask_PaperMask,7,DUPLICATE_PROTOCOL_REFERENCE,repeated for live/spoof balancing (official README)
source_SiW_Mv2/pro_3_text/train_A_pretrain.txt,Mask_Paper_9,YES,Mask_PaperMask,7,DUPLICATE_PROTOCOL_REFERENCE,repeated for live/spoof balancing (official README)
source_SiW_Mv2/pro_3_text/train_A_pretrain.txt,Mask_Silicone_1,YES,Silicone,6,DUPLICATE_PROTOCOL_REFERENCE,repeated for live/spoof balancing (official README)
source_SiW_Mv2/pro_3_text/train_A_pretrain.txt,Mask_Silicone_10,YES,Silicone,6,DUPLICATE_PROTOCOL_REFERENCE,repeated for live/spoof balancing (official README)
source_SiW_Mv2/pro_3_text/train_A_pretrain.txt,Mask_Silicone_11,YES,Silicone,5,DUPLICATE_PROTOCOL_REFERENCE,repeated for live/spoof balancing (official README)
source_SiW_Mv2/pro_3_text/train_A_pretrain.txt,Mask_Silicone_12,YES,Silicone,5,DUPLICATE_PROTOCOL_REFERENCE,repeated for live/spoof balancing (official README)
source_SiW_Mv2/pro_3_text/train_A_pretrain.txt,Mask_Silicone_13,YES,Silicone,6,DUPLICATE_PROTOCOL_REFERENCE,repeated for live/spoof balancing (official README)
source_SiW_Mv2/pro_3_text/train_A_pretrain.txt,Mask_Silicone_14,YES,Silicone,6,DUPLICATE_PROTOCOL_REFERENCE,repeated for live/spoof balancing (official README)
source_SiW_Mv2/pro_3_text/train_A_pretrain.txt,Mask_Silicone_15,YES,Silicone,5,DUPLICATE_PROTOCOL_REFERENCE,repeated for live/spoof balancing (official README)
source_SiW_Mv2/pro_3_text/train_A_pretrain.txt,Mask_Silicone_16,YES,Silicone,5,DUPLICATE_PROTOCOL_REFERENCE,repeated for live/spoof balancing (official README)
source_SiW_Mv2/pro_3_text/train_A_pretrain.txt,Mask_Silicone_17,YES,Silicone,6,DUPLICATE_PROTOCOL_REFERENCE,repeated for live/spoof balancing (official README)
source_SiW_Mv2/pro_3_text/train_A_pretrain.txt,Mask_Silicone_18,NO,Silicone,5,MISSING_FROM_LOCAL_RELEASE,repeated for live/spoof balancing (official README); not in local release
source_SiW_Mv2/pro_3_text/train_A_pretrain.txt,Mask_Silicone_19,NO,Silicone,6,MISSING_FROM_LOCAL_RELEASE,repeated for live/spoof balancing (official README); not in local release
source_SiW_Mv2/pro_3_text/train_A_pretrain.txt,Mask_Silicone_2,YES,Silicone,6,DUPLICATE_PROTOCOL_REFERENCE,repeated for live/spoof balancing (official README)
source_SiW_Mv2/pro_3_text/train_A_pretrain.txt,Mask_Silicone_3,YES,Silicone,5,DUPLICATE_PROTOCOL_REFERENCE,repeated for live/spoof balancing (official README)
source_SiW_Mv2/pro_3_text/train_A_pretrain.txt,Mask_Silicone_4,YES,Silicone,5,DUPLICATE_PROTOCOL_REFERENCE,repeated for live/spoof balancing (official README)
source_SiW_Mv2/pro_3_text/train_A_pretrain.txt,Mask_Silicone_5,YES,Silicone,6,DUPLICATE_PROTOCOL_REFERENCE,repeated for live/spoof balancing (official README)
source_SiW_Mv2/pro_3_text/train_A_pretrain.txt,Mask_Silicone_6,YES,Silicone,6,DUPLICATE_PROTOCOL_REFERENCE,repeated for live/spoof balancing (official README)
source_SiW_Mv2/pro_3_text/train_A_pretrain.txt,Mask_Silicone_7,YES,Silicone,5,DUPLICATE_PROTOCOL_REFERENCE,repeated for live/spoof balancing (official README)
source_SiW_Mv2/pro_3_text/train_A_pretrain.txt,Mask_Silicone_9,YES,Silicone,6,DUPLICATE_PROTOCOL_REFERENCE,repeated for live/spoof balancing (official README)
source_SiW_Mv2/pro_3_text/train_A_pretrain.txt,Mask_Trans_1,YES,Mask_TransparentMask,2,DUPLICATE_PROTOCOL_REFERENCE,repeated for live/spoof balancing (official README)
source_SiW_Mv2/pro_3_text/train_A_pretrain.txt,Mask_Trans_10,YES,Mask_TransparentMask,2,DUPLICATE_PROTOCOL_REFERENCE,repeated for live/spoof balancing (official README)
source_SiW_Mv2/pro_3_text/train_A_pretrain.txt,Mask_Trans_12,YES,Mask_TransparentMask,2,DUPLICATE_PROTOCOL_REFERENCE,repeated for live/spoof balancing (official README)
source_SiW_Mv2/pro_3_text/train_A_pretrain.txt,Mask_Trans_13,YES,Mask_TransparentMask,1,PRESENT,
source_SiW_Mv2/pro_3_text/train_A_pretrain.txt,Mask_Trans_14,YES,Mask_TransparentMask,2,DUPLICATE_PROTOCOL_REFERENCE,repeated for live/spoof balancing (official README)
source_SiW_Mv2/pro_3_text/train_A_pretrain.txt,Mask_Trans_15,YES,Mask_TransparentMask,2,DUPLICATE_PROTOCOL_REFERENCE,repeated for live/spoof balancing (official README)
source_SiW_Mv2/pro_3_text/train_A_pretrain.txt,Mask_Trans_16,YES,Mask_TransparentMask,2,DUPLICATE_PROTOCOL_REFERENCE,repeated for live/spoof balancing (official README)
source_SiW_Mv2/pro_3_text/train_A_pretrain.txt,Mask_Trans_17,YES,Mask_TransparentMask,2,DUPLICATE_PROTOCOL_REFERENCE,repeated for live/spoof balancing (official README)
source_SiW_Mv2/pro_3_text/train_A_pretrain.txt,Mask_Trans_19,YES,Mask_TransparentMask,1,PRESENT,
source_SiW_Mv2/pro_3_text/train_A_pretrain.txt,Mask_Trans_2,YES,Mask_TransparentMask,2,DUPLICATE_PROTOCOL_REFERENCE,repeated for live/spoof balancing (official README)
source_SiW_Mv2/pro_3_text/train_A_pretrain.txt,Mask_Trans_20,YES,Mask_TransparentMask,2,DUPLICATE_PROTOCOL_REFERENCE,repeated for live/spoof balancing (official README)
source_SiW_Mv2/pro_3_text/train_A_pretrain.txt,Mask_Trans_21,YES,Mask_TransparentMask,1,PRESENT,
source_SiW_Mv2/pro_3_text/train_A_pretrain.txt,Mask_Trans_22,YES,Mask_TransparentMask,2,DUPLICATE_PROTOCOL_REFERENCE,repeated for live/spoof balancing (official README)
source_SiW_Mv2/pro_3_text/train_A_pretrain.txt,Mask_Trans_23,YES,Mask_TransparentMask,2,DUPLICATE_PROTOCOL_REFERENCE,repeated for live/spoof balancing (official README)
source_SiW_Mv2/pro_3_text/train_A_pretrain.txt,Mask_Trans_24,YES,Mask_TransparentMask,2,DUPLICATE_PROTOCOL_REFERENCE,repeated for live/spoof balancing (official README)
source_SiW_Mv2/pro_3_text/train_A_pretrain.txt,Mask_Trans_25,YES,Mask_TransparentMask,2,DUPLICATE_PROTOCOL_REFERENCE,repeated for live/spoof balancing (official README)
source_SiW_Mv2/pro_3_text/train_A_pretrain.txt,Mask_Trans_26,YES,Mask_TransparentMask,2,DUPLICATE_PROTOCOL_REFERENCE,repeated for live/spoof balancing (official README)
source_SiW_Mv2/pro_3_text/train_A_pretrain.txt,Mask_Trans_27,YES,Mask_TransparentMask,2,DUPLICATE_PROTOCOL_REFERENCE,repeated for live/spoof balancing (official README)
source_SiW_Mv2/pro_3_text/train_A_pretrain.txt,Mask_Trans_28,YES,Mask_TransparentMask,2,DUPLICATE_PROTOCOL_REFERENCE,repeated for live/spoof balancing (official README)
source_SiW_Mv2/pro_3_text/train_A_pretrain.txt,Mask_Trans_29,YES,Mask_TransparentMask,2,DUPLICATE_PROTOCOL_REFERENCE,repeated for live/spoof balancing (official README)
source_SiW_Mv2/pro_3_text/train_A_pretrain.txt,Mask_Trans_3,YES,Mask_TransparentMask,2,DUPLICATE_PROTOCOL_REFERENCE,repeated for live/spoof balancing (official README)
source_SiW_Mv2/pro_3_text/train_A_pretrain.txt,Mask_Trans_30,YES,Mask_TransparentMask,2,DUPLICATE_PROTOCOL_REFERENCE,repeated for live/spoof balancing (official README)
source_SiW_Mv2/pro_3_text/train_A_pretrain.txt,Mask_Trans_31,YES,Mask_TransparentMask,2,DUPLICATE_PROTOCOL_REFERENCE,repeated for live/spoof balancing (official README)
source_SiW_Mv2/pro_3_text/train_A_pretrain.txt,Mask_Trans_32,YES,Mask_TransparentMask,2,DUPLICATE_PROTOCOL_REFERENCE,repeated for live/spoof balancing (official README)
source_SiW_Mv2/pro_3_text/train_A_pretrain.txt,Mask_Trans_33,YES,Mask_TransparentMask,2,DUPLICATE_PROTOCOL_REFERENCE,repeated for live/spoof balancing (official README)
source_SiW_Mv2/pro_3_text/train_A_pretrain.txt,Mask_Trans_34,YES,Mask_TransparentMask,2,DUPLICATE_PROTOCOL_REFERENCE,repeated for live/spoof balancing (official README)
source_SiW_Mv2/pro_3_text/train_A_pretrain.txt,Mask_Trans_35,YES,Mask_TransparentMask,2,DUPLICATE_PROTOCOL_REFERENCE,repeated for live/spoof balancing (official README)
source_SiW_Mv2/pro_3_text/train_A_pretrain.txt,Mask_Trans_38,YES,Mask_TransparentMask,2,DUPLICATE_PROTOCOL_REFERENCE,repeated for live/spoof balancing (official README)
source_SiW_Mv2/pro_3_text/train_A_pretrain.txt,Mask_Trans_39,YES,Mask_TransparentMask,2,DUPLICATE_PROTOCOL_REFERENCE,repeated for live/spoof balancing (official README)
source_SiW_Mv2/pro_3_text/train_A_pretrain.txt,Mask_Trans_4,YES,Mask_TransparentMask,2,DUPLICATE_PROTOCOL_REFERENCE,repeated for live/spoof balancing (official README)
source_SiW_Mv2/pro_3_text/train_A_pretrain.txt,Mask_Trans_40,YES,Mask_TransparentMask,2,DUPLICATE_PROTOCOL_REFERENCE,repeated for live/spoof balancing (official README)
source_SiW_Mv2/pro_3_text/train_A_pretrain.txt,Mask_Trans_41,YES,Mask_TransparentMask,2,DUPLICATE_PROTOCOL_REFERENCE,repeated for live/spoof balancing (official README)
source_SiW_Mv2/pro_3_text/train_A_pretrain.txt,Mask_Trans_43,YES,Mask_TransparentMask,2,DUPLICATE_PROTOCOL_REFERENCE,repeated for live/spoof balancing (official README)
source_SiW_Mv2/pro_3_text/train_A_pretrain.txt,Mask_Trans_44,YES,Mask_TransparentMask,2,DUPLICATE_PROTOCOL_REFERENCE,repeated for live/spoof balancing (official README)
source_SiW_Mv2/pro_3_text/train_A_pretrain.txt,Mask_Trans_45,YES,Mask_TransparentMask,2,DUPLICATE_PROTOCOL_REFERENCE,repeated for live/spoof balancing (official README)
source_SiW_Mv2/pro_3_text/train_A_pretrain.txt,Mask_Trans_46,YES,Mask_TransparentMask,2,DUPLICATE_PROTOCOL_REFERENCE,repeated for live/spoof balancing (official README)
source_SiW_Mv2/pro_3_text/train_A_pretrain.txt,Mask_Trans_47,YES,Mask_TransparentMask,2,DUPLICATE_PROTOCOL_REFERENCE,repeated for live/spoof balancing (official README)
source_SiW_Mv2/pro_3_text/train_A_pretrain.txt,Mask_Trans_49,YES,Mask_TransparentMask,2,DUPLICATE_PROTOCOL_REFERENCE,repeated for live/spoof balancing (official README)
source_SiW_Mv2/pro_3_text/train_A_pretrain.txt,Mask_Trans_50,YES,Mask_TransparentMask,2,DUPLICATE_PROTOCOL_REFERENCE,repeated for live/spoof balancing (official README)
source_SiW_Mv2/pro_3_text/train_A_pretrain.txt,Mask_Trans_51,YES,Mask_TransparentMask,2,DUPLICATE_PROTOCOL_REFERENCE,repeated for live/spoof balancing (official README)
source_SiW_Mv2/pro_3_text/train_A_pretrain.txt,Mask_Trans_52,YES,Mask_TransparentMask,2,DUPLICATE_PROTOCOL_REFERENCE,repeated for live/spoof balancing (official README)
source_SiW_Mv2/pro_3_text/train_A_pretrain.txt,Mask_Trans_54,YES,Mask_TransparentMask,2,DUPLICATE_PROTOCOL_REFERENCE,repeated for live/spoof balancing (official README)
source_SiW_Mv2/pro_3_text/train_A_pretrain.txt,Mask_Trans_55,YES,Mask_TransparentMask,2,DUPLICATE_PROTOCOL_REFERENCE,repeated for live/spoof balancing (official README)
source_SiW_Mv2/pro_3_text/train_A_pretrain.txt,Mask_Trans_56,YES,Mask_TransparentMask,1,PRESENT,
source_SiW_Mv2/pro_3_text/train_A_pretrain.txt,Mask_Trans_57,YES,Mask_TransparentMask,2,DUPLICATE_PROTOCOL_REFERENCE,repeated for live/spoof balancing (official README)
source_SiW_Mv2/pro_3_text/train_A_pretrain.txt,Mask_Trans_58,YES,Mask_TransparentMask,2,DUPLICATE_PROTOCOL_REFERENCE,repeated for live/spoof balancing (official README)
source_SiW_Mv2/pro_3_text/train_A_pretrain.txt,Mask_Trans_59,YES,Mask_TransparentMask,2,DUPLICATE_PROTOCOL_REFERENCE,repeated for live/spoof balancing (official README)
source_SiW_Mv2/pro_3_text/train_A_pretrain.txt,Mask_Trans_6,YES,Mask_TransparentMask,2,DUPLICATE_PROTOCOL_REFERENCE,repeated for live/spoof balancing (official README)
source_SiW_Mv2/pro_3_text/train_A_pretrain.txt,Mask_Trans_60,YES,Mask_TransparentMask,2,DUPLICATE_PROTOCOL_REFERENCE,repeated for live/spoof balancing (official README)
source_SiW_Mv2/pro_3_text/train_A_pretrain.txt,Mask_Trans_7,YES,Mask_TransparentMask,2,DUPLICATE_PROTOCOL_REFERENCE,repeated for live/spoof balancing (official README)
source_SiW_Mv2/pro_3_text/train_A_pretrain.txt,Mask_Trans_8,YES,Mask_TransparentMask,2,DUPLICATE_PROTOCOL_REFERENCE,repeated for live/spoof balancing (official README)
source_SiW_Mv2/pro_3_text/train_A_pretrain.txt,Mask_Trans_9,YES,Mask_TransparentMask,1,PRESENT,
source_SiW_Mv2/pro_3_text/train_A_pretrain.txt,Paper_100,YES,Paper,2,DUPLICATE_PROTOCOL_REFERENCE,repeated for live/spoof balancing (official README)
source_SiW_Mv2/pro_3_text/train_A_pretrain.txt,Paper_101,YES,Paper,2,DUPLICATE_PROTOCOL_REFERENCE,repeated for live/spoof balancing (official README)
source_SiW_Mv2/pro_3_text/train_A_pretrain.txt,Paper_104,YES,Paper,2,DUPLICATE_PROTOCOL_REFERENCE,repeated for live/spoof balancing (official README)
source_SiW_Mv2/pro_3_text/train_A_pretrain.txt,Paper_105,YES,Paper,2,DUPLICATE_PROTOCOL_REFERENCE,repeated for live/spoof balancing (official README)
source_SiW_Mv2/pro_3_text/train_A_pretrain.txt,Paper_106,YES,Paper,2,DUPLICATE_PROTOCOL_REFERENCE,repeated for live/spoof balancing (official README)
source_SiW_Mv2/pro_3_text/train_A_pretrain.txt,Paper_107,YES,Paper,2,DUPLICATE_PROTOCOL_REFERENCE,repeated for live/spoof balancing (official README)
source_SiW_Mv2/pro_3_text/train_A_pretrain.txt,Paper_11,YES,Paper,2,DUPLICATE_PROTOCOL_REFERENCE,repeated for live/spoof balancing (official README)
source_SiW_Mv2/pro_3_text/train_A_pretrain.txt,Paper_110,YES,Paper,2,DUPLICATE_PROTOCOL_REFERENCE,repeated for live/spoof balancing (official README)
source_SiW_Mv2/pro_3_text/train_A_pretrain.txt,Paper_111,YES,Paper,2,DUPLICATE_PROTOCOL_REFERENCE,repeated for live/spoof balancing (official README)
source_SiW_Mv2/pro_3_text/train_A_pretrain.txt,Paper_112,YES,Paper,2,DUPLICATE_PROTOCOL_REFERENCE,repeated for live/spoof balancing (official README)
source_SiW_Mv2/pro_3_text/train_A_pretrain.txt,Paper_114,YES,Paper,2,DUPLICATE_PROTOCOL_REFERENCE,repeated for live/spoof balancing (official README)
source_SiW_Mv2/pro_3_text/train_A_pretrain.txt,Paper_117,YES,Paper,2,DUPLICATE_PROTOCOL_REFERENCE,repeated for live/spoof balancing (official README)
source_SiW_Mv2/pro_3_text/train_A_pretrain.txt,Paper_119,YES,Paper,2,DUPLICATE_PROTOCOL_REFERENCE,repeated for live/spoof balancing (official README)
source_SiW_Mv2/pro_3_text/train_A_pretrain.txt,Paper_120,YES,Paper,2,DUPLICATE_PROTOCOL_REFERENCE,repeated for live/spoof balancing (official README)
source_SiW_Mv2/pro_3_text/train_A_pretrain.txt,Paper_15,YES,Paper,2,DUPLICATE_PROTOCOL_REFERENCE,repeated for live/spoof balancing (official README)
source_SiW_Mv2/pro_3_text/train_A_pretrain.txt,Paper_2,YES,Paper,2,DUPLICATE_PROTOCOL_REFERENCE,repeated for live/spoof balancing (official README)
source_SiW_Mv2/pro_3_text/train_A_pretrain.txt,Paper_22,YES,Paper,2,DUPLICATE_PROTOCOL_REFERENCE,repeated for live/spoof balancing (official README)
source_SiW_Mv2/pro_3_text/train_A_pretrain.txt,Paper_23,YES,Paper,2,DUPLICATE_PROTOCOL_REFERENCE,repeated for live/spoof balancing (official README)
source_SiW_Mv2/pro_3_text/train_A_pretrain.txt,Paper_24,YES,Paper,2,DUPLICATE_PROTOCOL_REFERENCE,repeated for live/spoof balancing (official README)
source_SiW_Mv2/pro_3_text/train_A_pretrain.txt,Paper_25,YES,Paper,3,DUPLICATE_PROTOCOL_REFERENCE,repeated for live/spoof balancing (official README)
source_SiW_Mv2/pro_3_text/train_A_pretrain.txt,Paper_26,YES,Paper,2,DUPLICATE_PROTOCOL_REFERENCE,repeated for live/spoof balancing (official README)
source_SiW_Mv2/pro_3_text/train_A_pretrain.txt,Paper_28,YES,Paper,2,DUPLICATE_PROTOCOL_REFERENCE,repeated for live/spoof balancing (official README)
source_SiW_Mv2/pro_3_text/train_A_pretrain.txt,Paper_33,YES,Paper,2,DUPLICATE_PROTOCOL_REFERENCE,repeated for live/spoof balancing (official README)
source_SiW_Mv2/pro_3_text/train_A_pretrain.txt,Paper_37,YES,Paper,2,DUPLICATE_PROTOCOL_REFERENCE,repeated for live/spoof balancing (official README)
source_SiW_Mv2/pro_3_text/train_A_pretrain.txt,Paper_38,YES,Paper,2,DUPLICATE_PROTOCOL_REFERENCE,repeated for live/spoof balancing (official README)
source_SiW_Mv2/pro_3_text/train_A_pretrain.txt,Paper_39,YES,Paper,2,DUPLICATE_PROTOCOL_REFERENCE,repeated for live/spoof balancing (official README)
source_SiW_Mv2/pro_3_text/train_A_pretrain.txt,Paper_40,YES,Paper,2,DUPLICATE_PROTOCOL_REFERENCE,repeated for live/spoof balancing (official README)
source_SiW_Mv2/pro_3_text/train_A_pretrain.txt,Paper_47,YES,Paper,2,DUPLICATE_PROTOCOL_REFERENCE,repeated for live/spoof balancing (official README)
source_SiW_Mv2/pro_3_text/train_A_pretrain.txt,Paper_51,YES,Paper,2,DUPLICATE_PROTOCOL_REFERENCE,repeated for live/spoof balancing (official README)
source_SiW_Mv2/pro_3_text/train_A_pretrain.txt,Paper_53,YES,Paper,2,DUPLICATE_PROTOCOL_REFERENCE,repeated for live/spoof balancing (official README)
source_SiW_Mv2/pro_3_text/train_A_pretrain.txt,Paper_57,YES,Paper,2,DUPLICATE_PROTOCOL_REFERENCE,repeated for live/spoof balancing (official README)
source_SiW_Mv2/pro_3_text/train_A_pretrain.txt,Paper_58,YES,Paper,3,DUPLICATE_PROTOCOL_REFERENCE,repeated for live/spoof balancing (official README)
source_SiW_Mv2/pro_3_text/train_A_pretrain.txt,Paper_59,YES,Paper,2,DUPLICATE_PROTOCOL_REFERENCE,repeated for live/spoof balancing (official README)
source_SiW_Mv2/pro_3_text/train_A_pretrain.txt,Paper_6,YES,Paper,2,DUPLICATE_PROTOCOL_REFERENCE,repeated for live/spoof balancing (official README)
source_SiW_Mv2/pro_3_text/train_A_pretrain.txt,Paper_64,YES,Paper,2,DUPLICATE_PROTOCOL_REFERENCE,repeated for live/spoof balancing (official README)
source_SiW_Mv2/pro_3_text/train_A_pretrain.txt,Paper_65,YES,Paper,2,DUPLICATE_PROTOCOL_REFERENCE,repeated for live/spoof balancing (official README)
source_SiW_Mv2/pro_3_text/train_A_pretrain.txt,Paper_67,YES,Paper,2,DUPLICATE_PROTOCOL_REFERENCE,repeated for live/spoof balancing (official README)
source_SiW_Mv2/pro_3_text/train_A_pretrain.txt,Paper_68,YES,Paper,2,DUPLICATE_PROTOCOL_REFERENCE,repeated for live/spoof balancing (official README)
source_SiW_Mv2/pro_3_text/train_A_pretrain.txt,Paper_73,YES,Paper,2,DUPLICATE_PROTOCOL_REFERENCE,repeated for live/spoof balancing (official README)
source_SiW_Mv2/pro_3_text/train_A_pretrain.txt,Paper_74,YES,Paper,2,DUPLICATE_PROTOCOL_REFERENCE,repeated for live/spoof balancing (official README)
source_SiW_Mv2/pro_3_text/train_A_pretrain.txt,Paper_75,YES,Paper,2,DUPLICATE_PROTOCOL_REFERENCE,repeated for live/spoof balancing (official README)
source_SiW_Mv2/pro_3_text/train_A_pretrain.txt,Paper_77,YES,Paper,2,DUPLICATE_PROTOCOL_REFERENCE,repeated for live/spoof balancing (official README)
source_SiW_Mv2/pro_3_text/train_A_pretrain.txt,Paper_80,YES,Paper,2,DUPLICATE_PROTOCOL_REFERENCE,repeated for live/spoof balancing (official README)
source_SiW_Mv2/pro_3_text/train_A_pretrain.txt,Paper_87,YES,Paper,2,DUPLICATE_PROTOCOL_REFERENCE,repeated for live/spoof balancing (official README)
source_SiW_Mv2/pro_3_text/train_A_pretrain.txt,Paper_88,YES,Paper,2,DUPLICATE_PROTOCOL_REFERENCE,repeated for live/spoof balancing (official README)
source_SiW_Mv2/pro_3_text/train_A_pretrain.txt,Paper_89,YES,Paper,2,DUPLICATE_PROTOCOL_REFERENCE,repeated for live/spoof balancing (official README)
source_SiW_Mv2/pro_3_text/train_A_pretrain.txt,Paper_93,YES,Paper,2,DUPLICATE_PROTOCOL_REFERENCE,repeated for live/spoof balancing (official README)
source_SiW_Mv2/pro_3_text/train_A_pretrain.txt,Paper_98,YES,Paper,2,DUPLICATE_PROTOCOL_REFERENCE,repeated for live/spoof balancing (official README)
source_SiW_Mv2/pro_3_text/train_A_pretrain.txt,Paper_99,YES,Paper,2,DUPLICATE_PROTOCOL_REFERENCE,repeated for live/spoof balancing (official README)
source_SiW_Mv2/pro_3_text/train_A_pretrain.txt,Partial_Eye_1,YES,Partial_Eye,2,DUPLICATE_PROTOCOL_REFERENCE,repeated for live/spoof balancing (official README)
source_SiW_Mv2/pro_3_text/train_A_pretrain.txt,Partial_Eye_10,YES,Partial_Eye,2,DUPLICATE_PROTOCOL_REFERENCE,repeated for live/spoof balancing (official README)
source_SiW_Mv2/pro_3_text/train_A_pretrain.txt,Partial_Eye_11,YES,Partial_Eye,2,DUPLICATE_PROTOCOL_REFERENCE,repeated for live/spoof balancing (official README)
source_SiW_Mv2/pro_3_text/train_A_pretrain.txt,Partial_Eye_12,YES,Partial_Eye,2,DUPLICATE_PROTOCOL_REFERENCE,repeated for live/spoof balancing (official README)
source_SiW_Mv2/pro_3_text/train_A_pretrain.txt,Partial_Eye_13,YES,Partial_Eye,2,DUPLICATE_PROTOCOL_REFERENCE,repeated for live/spoof balancing (official README)
source_SiW_Mv2/pro_3_text/train_A_pretrain.txt,Partial_Eye_14,YES,Partial_Eye,2,DUPLICATE_PROTOCOL_REFERENCE,repeated for live/spoof balancing (official README)
source_SiW_Mv2/pro_3_text/train_A_pretrain.txt,Partial_Eye_15,YES,Partial_Eye,2,DUPLICATE_PROTOCOL_REFERENCE,repeated for live/spoof balancing (official README)
source_SiW_Mv2/pro_3_text/train_A_pretrain.txt,Partial_Eye_16,YES,Partial_Eye,2,DUPLICATE_PROTOCOL_REFERENCE,repeated for live/spoof balancing (official README)
source_SiW_Mv2/pro_3_text/train_A_pretrain.txt,Partial_Eye_17,YES,Partial_Eye,2,DUPLICATE_PROTOCOL_REFERENCE,repeated for live/spoof balancing (official README)
source_SiW_Mv2/pro_3_text/train_A_pretrain.txt,Partial_Eye_18,YES,Partial_Eye,2,DUPLICATE_PROTOCOL_REFERENCE,repeated for live/spoof balancing (official README)
source_SiW_Mv2/pro_3_text/train_A_pretrain.txt,Partial_Eye_19,YES,Partial_Eye,2,DUPLICATE_PROTOCOL_REFERENCE,repeated for live/spoof balancing (official README)
source_SiW_Mv2/pro_3_text/train_A_pretrain.txt,Partial_Eye_2,YES,Partial_Eye,1,PRESENT,
source_SiW_Mv2/pro_3_text/train_A_pretrain.txt,Partial_Eye_20,YES,Partial_Eye,2,DUPLICATE_PROTOCOL_REFERENCE,repeated for live/spoof balancing (official README)
source_SiW_Mv2/pro_3_text/train_A_pretrain.txt,Partial_Eye_21,YES,Partial_Eye,2,DUPLICATE_PROTOCOL_REFERENCE,repeated for live/spoof balancing (official README)
source_SiW_Mv2/pro_3_text/train_A_pretrain.txt,Partial_Eye_22,YES,Partial_Eye,2,DUPLICATE_PROTOCOL_REFERENCE,repeated for live/spoof balancing (official README)
source_SiW_Mv2/pro_3_text/train_A_pretrain.txt,Partial_Eye_23,YES,Partial_Eye,2,DUPLICATE_PROTOCOL_REFERENCE,repeated for live/spoof balancing (official README)
source_SiW_Mv2/pro_3_text/train_A_pretrain.txt,Partial_Eye_24,YES,Partial_Eye,1,PRESENT,
source_SiW_Mv2/pro_3_text/train_A_pretrain.txt,Partial_Eye_25,YES,Partial_Eye,2,DUPLICATE_PROTOCOL_REFERENCE,repeated for live/spoof balancing (official README)
source_SiW_Mv2/pro_3_text/train_A_pretrain.txt,Partial_Eye_26,YES,Partial_Eye,2,DUPLICATE_PROTOCOL_REFERENCE,repeated for live/spoof balancing (official README)
source_SiW_Mv2/pro_3_text/train_A_pretrain.txt,Partial_Eye_27,YES,Partial_Eye,2,DUPLICATE_PROTOCOL_REFERENCE,repeated for live/spoof balancing (official README)
source_SiW_Mv2/pro_3_text/train_A_pretrain.txt,Partial_Eye_28,YES,Partial_Eye,2,DUPLICATE_PROTOCOL_REFERENCE,repeated for live/spoof balancing (official README)
source_SiW_Mv2/pro_3_text/train_A_pretrain.txt,Partial_Eye_29,YES,Partial_Eye,2,DUPLICATE_PROTOCOL_REFERENCE,repeated for live/spoof balancing (official README)
source_SiW_Mv2/pro_3_text/train_A_pretrain.txt,Partial_Eye_3,YES,Partial_Eye,2,DUPLICATE_PROTOCOL_REFERENCE,repeated for live/spoof balancing (official README)
source_SiW_Mv2/pro_3_text/train_A_pretrain.txt,Partial_Eye_30,YES,Partial_Eye,2,DUPLICATE_PROTOCOL_REFERENCE,repeated for live/spoof balancing (official README)
source_SiW_Mv2/pro_3_text/train_A_pretrain.txt,Partial_Eye_31,YES,Partial_Eye,2,DUPLICATE_PROTOCOL_REFERENCE,repeated for live/spoof balancing (official README)
source_SiW_Mv2/pro_3_text/train_A_pretrain.txt,Partial_Eye_34,YES,Partial_Eye,2,DUPLICATE_PROTOCOL_REFERENCE,repeated for live/spoof balancing (official README)
source_SiW_Mv2/pro_3_text/train_A_pretrain.txt,Partial_Eye_35,YES,Partial_Eye,2,DUPLICATE_PROTOCOL_REFERENCE,repeated for live/spoof balancing (official README)
source_SiW_Mv2/pro_3_text/train_A_pretrain.txt,Partial_Eye_36,YES,Partial_Eye,2,DUPLICATE_PROTOCOL_REFERENCE,repeated for live/spoof balancing (official README)
source_SiW_Mv2/pro_3_text/train_A_pretrain.txt,Partial_Eye_37,YES,Partial_Eye,1,PRESENT,
source_SiW_Mv2/pro_3_text/train_A_pretrain.txt,Partial_Eye_38,YES,Partial_Eye,2,DUPLICATE_PROTOCOL_REFERENCE,repeated for live/spoof balancing (official README)
source_SiW_Mv2/pro_3_text/train_A_pretrain.txt,Partial_Eye_39,YES,Partial_Eye,2,DUPLICATE_PROTOCOL_REFERENCE,repeated for live/spoof balancing (official README)
source_SiW_Mv2/pro_3_text/train_A_pretrain.txt,Partial_Eye_40,YES,Partial_Eye,1,PRESENT,
source_SiW_Mv2/pro_3_text/train_A_pretrain.txt,Partial_Eye_41,YES,Partial_Eye,2,DUPLICATE_PROTOCOL_REFERENCE,repeated for live/spoof balancing (official README)
source_SiW_Mv2/pro_3_text/train_A_pretrain.txt,Partial_Eye_42,YES,Partial_Eye,2,DUPLICATE_PROTOCOL_REFERENCE,repeated for live/spoof balancing (official README)
source_SiW_Mv2/pro_3_text/train_A_pretrain.txt,Partial_Eye_43,YES,Partial_Eye,2,DUPLICATE_PROTOCOL_REFERENCE,repeated for live/spoof balancing (official README)
source_SiW_Mv2/pro_3_text/train_A_pretrain.txt,Partial_Eye_44,YES,Partial_Eye,2,DUPLICATE_PROTOCOL_REFERENCE,repeated for live/spoof balancing (official README)
source_SiW_Mv2/pro_3_text/train_A_pretrain.txt,Partial_Eye_45,YES,Partial_Eye,2,DUPLICATE_PROTOCOL_REFERENCE,repeated for live/spoof balancing (official README)
source_SiW_Mv2/pro_3_text/train_A_pretrain.txt,Partial_Eye_46,YES,Partial_Eye,2,DUPLICATE_PROTOCOL_REFERENCE,repeated for live/spoof balancing (official README)
source_SiW_Mv2/pro_3_text/train_A_pretrain.txt,Partial_Eye_47,YES,Partial_Eye,2,DUPLICATE_PROTOCOL_REFERENCE,repeated for live/spoof balancing (official README)
source_SiW_Mv2/pro_3_text/train_A_pretrain.txt,Partial_Eye_48,YES,Partial_Eye,2,DUPLICATE_PROTOCOL_REFERENCE,repeated for live/spoof balancing (official README)
source_SiW_Mv2/pro_3_text/train_A_pretrain.txt,Partial_Eye_49,YES,Partial_Eye,2,DUPLICATE_PROTOCOL_REFERENCE,repeated for live/spoof balancing (official README)
source_SiW_Mv2/pro_3_text/train_A_pretrain.txt,Partial_Eye_5,YES,Partial_Eye,2,DUPLICATE_PROTOCOL_REFERENCE,repeated for live/spoof balancing (official README)
source_SiW_Mv2/pro_3_text/train_A_pretrain.txt,Partial_Eye_50,YES,Partial_Eye,2,DUPLICATE_PROTOCOL_REFERENCE,repeated for live/spoof balancing (official README)
source_SiW_Mv2/pro_3_text/train_A_pretrain.txt,Partial_Eye_51,YES,Partial_Eye,2,DUPLICATE_PROTOCOL_REFERENCE,repeated for live/spoof balancing (official README)
source_SiW_Mv2/pro_3_text/train_A_pretrain.txt,Partial_Eye_52,YES,Partial_Eye,2,DUPLICATE_PROTOCOL_REFERENCE,repeated for live/spoof balancing (official README)
source_SiW_Mv2/pro_3_text/train_A_pretrain.txt,Partial_Eye_53,YES,Partial_Eye,1,PRESENT,
source_SiW_Mv2/pro_3_text/train_A_pretrain.txt,Partial_Eye_54,YES,Partial_Eye,2,DUPLICATE_PROTOCOL_REFERENCE,repeated for live/spoof balancing (official README)
source_SiW_Mv2/pro_3_text/train_A_pretrain.txt,Partial_Eye_55,YES,Partial_Eye,2,DUPLICATE_PROTOCOL_REFERENCE,repeated for live/spoof balancing (official README)
source_SiW_Mv2/pro_3_text/train_A_pretrain.txt,Partial_Eye_56,YES,Partial_Eye,2,DUPLICATE_PROTOCOL_REFERENCE,repeated for live/spoof balancing (official README)
source_SiW_Mv2/pro_3_text/train_A_pretrain.txt,Partial_Eye_6,YES,Partial_Eye,2,DUPLICATE_PROTOCOL_REFERENCE,repeated for live/spoof balancing (official README)
source_SiW_Mv2/pro_3_text/train_A_pretrain.txt,Partial_Eye_7,YES,Partial_Eye,2,DUPLICATE_PROTOCOL_REFERENCE,repeated for live/spoof balancing (official README)
source_SiW_Mv2/pro_3_text/train_A_pretrain.txt,Partial_Eye_8,YES,Partial_Eye,1,PRESENT,
source_SiW_Mv2/pro_3_text/train_A_pretrain.txt,Partial_Eye_9,YES,Partial_Eye,2,DUPLICATE_PROTOCOL_REFERENCE,repeated for live/spoof balancing (official README)
source_SiW_Mv2/pro_3_text/train_A_pretrain.txt,Partial_Paperglass_1,YES,Partial_PaperGlasses,1,PRESENT,
source_SiW_Mv2/pro_3_text/train_A_pretrain.txt,Partial_Paperglass_10,YES,Partial_PaperGlasses,1,PRESENT,
source_SiW_Mv2/pro_3_text/train_A_pretrain.txt,Partial_Paperglass_102,NO,Partial_PaperGlasses,1,MISSING_FROM_LOCAL_RELEASE,; not in local release
source_SiW_Mv2/pro_3_text/train_A_pretrain.txt,Partial_Paperglass_103,NO,Partial_PaperGlasses,1,MISSING_FROM_LOCAL_RELEASE,; not in local release
source_SiW_Mv2/pro_3_text/train_A_pretrain.txt,Partial_Paperglass_104,NO,Partial_PaperGlasses,1,MISSING_FROM_LOCAL_RELEASE,; not in local release
source_SiW_Mv2/pro_3_text/train_A_pretrain.txt,Partial_Paperglass_105,NO,Partial_PaperGlasses,1,MISSING_FROM_LOCAL_RELEASE,; not in local release
source_SiW_Mv2/pro_3_text/train_A_pretrain.txt,Partial_Paperglass_107,NO,Partial_PaperGlasses,1,MISSING_FROM_LOCAL_RELEASE,; not in local release
source_SiW_Mv2/pro_3_text/train_A_pretrain.txt,Partial_Paperglass_108,NO,Partial_PaperGlasses,1,MISSING_FROM_LOCAL_RELEASE,; not in local release
source_SiW_Mv2/pro_3_text/train_A_pretrain.txt,Partial_Paperglass_109,NO,Partial_PaperGlasses,1,MISSING_FROM_LOCAL_RELEASE,; not in local release
source_SiW_Mv2/pro_3_text/train_A_pretrain.txt,Partial_Paperglass_11,YES,Partial_PaperGlasses,1,PRESENT,
source_SiW_Mv2/pro_3_text/train_A_pretrain.txt,Partial_Paperglass_110,NO,Partial_PaperGlasses,1,MISSING_FROM_LOCAL_RELEASE,; not in local release
source_SiW_Mv2/pro_3_text/train_A_pretrain.txt,Partial_Paperglass_111,NO,Partial_PaperGlasses,1,MISSING_FROM_LOCAL_RELEASE,; not in local release
source_SiW_Mv2/pro_3_text/train_A_pretrain.txt,Partial_Paperglass_112,NO,Partial_PaperGlasses,1,MISSING_FROM_LOCAL_RELEASE,; not in local release
source_SiW_Mv2/pro_3_text/train_A_pretrain.txt,Partial_Paperglass_113,NO,Partial_PaperGlasses,1,MISSING_FROM_LOCAL_RELEASE,; not in local release
source_SiW_Mv2/pro_3_text/train_A_pretrain.txt,Partial_Paperglass_114,NO,Partial_PaperGlasses,1,MISSING_FROM_LOCAL_RELEASE,; not in local release
source_SiW_Mv2/pro_3_text/train_A_pretrain.txt,Partial_Paperglass_115,NO,Partial_PaperGlasses,1,MISSING_FROM_LOCAL_RELEASE,; not in local release
source_SiW_Mv2/pro_3_text/train_A_pretrain.txt,Partial_Paperglass_116,NO,Partial_PaperGlasses,1,MISSING_FROM_LOCAL_RELEASE,; not in local release
source_SiW_Mv2/pro_3_text/train_A_pretrain.txt,Partial_Paperglass_117,NO,Partial_PaperGlasses,1,MISSING_FROM_LOCAL_RELEASE,; not in local release
source_SiW_Mv2/pro_3_text/train_A_pretrain.txt,Partial_Paperglass_118,NO,Partial_PaperGlasses,1,MISSING_FROM_LOCAL_RELEASE,; not in local release
source_SiW_Mv2/pro_3_text/train_A_pretrain.txt,Partial_Paperglass_119,NO,Partial_PaperGlasses,1,MISSING_FROM_LOCAL_RELEASE,; not in local release
source_SiW_Mv2/pro_3_text/train_A_pretrain.txt,Partial_Paperglass_12,YES,Partial_PaperGlasses,1,PRESENT,
source_SiW_Mv2/pro_3_text/train_A_pretrain.txt,Partial_Paperglass_120,NO,Partial_PaperGlasses,1,MISSING_FROM_LOCAL_RELEASE,; not in local release
source_SiW_Mv2/pro_3_text/train_A_pretrain.txt,Partial_Paperglass_122,YES,Partial_PaperGlasses,1,PRESENT,
source_SiW_Mv2/pro_3_text/train_A_pretrain.txt,Partial_Paperglass_124,YES,Partial_PaperGlasses,1,PRESENT,
source_SiW_Mv2/pro_3_text/train_A_pretrain.txt,Partial_Paperglass_125,YES,Partial_PaperGlasses,1,PRESENT,
source_SiW_Mv2/pro_3_text/train_A_pretrain.txt,Partial_Paperglass_126,YES,Partial_PaperGlasses,1,PRESENT,
source_SiW_Mv2/pro_3_text/train_A_pretrain.txt,Partial_Paperglass_13,YES,Partial_PaperGlasses,1,PRESENT,
source_SiW_Mv2/pro_3_text/train_A_pretrain.txt,Partial_Paperglass_14,YES,Partial_PaperGlasses,1,PRESENT,
source_SiW_Mv2/pro_3_text/train_A_pretrain.txt,Partial_Paperglass_15,YES,Partial_PaperGlasses,1,PRESENT,
source_SiW_Mv2/pro_3_text/train_A_pretrain.txt,Partial_Paperglass_17,YES,Partial_PaperGlasses,1,PRESENT,
source_SiW_Mv2/pro_3_text/train_A_pretrain.txt,Partial_Paperglass_18,YES,Partial_PaperGlasses,1,PRESENT,
source_SiW_Mv2/pro_3_text/train_A_pretrain.txt,Partial_Paperglass_19,YES,Partial_PaperGlasses,1,PRESENT,
source_SiW_Mv2/pro_3_text/train_A_pretrain.txt,Partial_Paperglass_2,YES,Partial_PaperGlasses,1,PRESENT,
source_SiW_Mv2/pro_3_text/train_A_pretrain.txt,Partial_Paperglass_20,YES,Partial_PaperGlasses,1,PRESENT,
source_SiW_Mv2/pro_3_text/train_A_pretrain.txt,Partial_Paperglass_21,YES,Partial_PaperGlasses,1,PRESENT,
source_SiW_Mv2/pro_3_text/train_A_pretrain.txt,Partial_Paperglass_22,YES,Partial_PaperGlasses,1,PRESENT,
source_SiW_Mv2/pro_3_text/train_A_pretrain.txt,Partial_Paperglass_23,YES,Partial_PaperGlasses,1,PRESENT,
source_SiW_Mv2/pro_3_text/train_A_pretrain.txt,Partial_Paperglass_24,YES,Partial_PaperGlasses,1,PRESENT,
source_SiW_Mv2/pro_3_text/train_A_pretrain.txt,Partial_Paperglass_25,YES,Partial_PaperGlasses,1,PRESENT,
source_SiW_Mv2/pro_3_text/train_A_pretrain.txt,Partial_Paperglass_26,YES,Partial_PaperGlasses,1,PRESENT,
source_SiW_Mv2/pro_3_text/train_A_pretrain.txt,Partial_Paperglass_27,YES,Partial_PaperGlasses,1,PRESENT,
source_SiW_Mv2/pro_3_text/train_A_pretrain.txt,Partial_Paperglass_28,YES,Partial_PaperGlasses,1,PRESENT,
source_SiW_Mv2/pro_3_text/train_A_pretrain.txt,Partial_Paperglass_29,YES,Partial_PaperGlasses,1,PRESENT,
source_SiW_Mv2/pro_3_text/train_A_pretrain.txt,Partial_Paperglass_3,YES,Partial_PaperGlasses,1,PRESENT,
source_SiW_Mv2/pro_3_text/train_A_pretrain.txt,Partial_Paperglass_30,YES,Partial_PaperGlasses,1,PRESENT,
source_SiW_Mv2/pro_3_text/train_A_pretrain.txt,Partial_Paperglass_31,YES,Partial_PaperGlasses,1,PRESENT,
source_SiW_Mv2/pro_3_text/train_A_pretrain.txt,Partial_Paperglass_32,YES,Partial_PaperGlasses,1,PRESENT,
source_SiW_Mv2/pro_3_text/train_A_pretrain.txt,Partial_Paperglass_33,YES,Partial_PaperGlasses,1,PRESENT,
source_SiW_Mv2/pro_3_text/train_A_pretrain.txt,Partial_Paperglass_34,YES,Partial_PaperGlasses,1,PRESENT,
source_SiW_Mv2/pro_3_text/train_A_pretrain.txt,Partial_Paperglass_35,YES,Partial_PaperGlasses,1,PRESENT,
source_SiW_Mv2/pro_3_text/train_A_pretrain.txt,Partial_Paperglass_36,YES,Partial_PaperGlasses,1,PRESENT,
source_SiW_Mv2/pro_3_text/train_A_pretrain.txt,Partial_Paperglass_37,YES,Partial_PaperGlasses,1,PRESENT,
source_SiW_Mv2/pro_3_text/train_A_pretrain.txt,Partial_Paperglass_38,YES,Partial_PaperGlasses,1,PRESENT,
source_SiW_Mv2/pro_3_text/train_A_pretrain.txt,Partial_Paperglass_39,YES,Partial_PaperGlasses,1,PRESENT,
source_SiW_Mv2/pro_3_text/train_A_pretrain.txt,Partial_Paperglass_4,YES,Partial_PaperGlasses,1,PRESENT,
source_SiW_Mv2/pro_3_text/train_A_pretrain.txt,Partial_Paperglass_40,YES,Partial_PaperGlasses,1,PRESENT,
source_SiW_Mv2/pro_3_text/train_A_pretrain.txt,Partial_Paperglass_41,YES,Partial_PaperGlasses,1,PRESENT,
source_SiW_Mv2/pro_3_text/train_A_pretrain.txt,Partial_Paperglass_42,YES,Partial_PaperGlasses,1,PRESENT,
source_SiW_Mv2/pro_3_text/train_A_pretrain.txt,Partial_Paperglass_43,YES,Partial_PaperGlasses,1,PRESENT,
source_SiW_Mv2/pro_3_text/train_A_pretrain.txt,Partial_Paperglass_44,YES,Partial_PaperGlasses,1,PRESENT,
source_SiW_Mv2/pro_3_text/train_A_pretrain.txt,Partial_Paperglass_46,YES,Partial_PaperGlasses,1,PRESENT,
source_SiW_Mv2/pro_3_text/train_A_pretrain.txt,Partial_Paperglass_47,YES,Partial_PaperGlasses,1,PRESENT,
source_SiW_Mv2/pro_3_text/train_A_pretrain.txt,Partial_Paperglass_48,YES,Partial_PaperGlasses,1,PRESENT,
source_SiW_Mv2/pro_3_text/train_A_pretrain.txt,Partial_Paperglass_49,YES,Partial_PaperGlasses,1,PRESENT,
source_SiW_Mv2/pro_3_text/train_A_pretrain.txt,Partial_Paperglass_5,YES,Partial_PaperGlasses,1,PRESENT,
source_SiW_Mv2/pro_3_text/train_A_pretrain.txt,Partial_Paperglass_50,YES,Partial_PaperGlasses,1,PRESENT,
source_SiW_Mv2/pro_3_text/train_A_pretrain.txt,Partial_Paperglass_51,YES,Partial_PaperGlasses,1,PRESENT,
source_SiW_Mv2/pro_3_text/train_A_pretrain.txt,Partial_Paperglass_52,YES,Partial_PaperGlasses,1,PRESENT,
source_SiW_Mv2/pro_3_text/train_A_pretrain.txt,Partial_Paperglass_53,YES,Partial_PaperGlasses,1,PRESENT,
source_SiW_Mv2/pro_3_text/train_A_pretrain.txt,Partial_Paperglass_54,YES,Partial_PaperGlasses,1,PRESENT,
source_SiW_Mv2/pro_3_text/train_A_pretrain.txt,Partial_Paperglass_55,YES,Partial_PaperGlasses,1,PRESENT,
source_SiW_Mv2/pro_3_text/train_A_pretrain.txt,Partial_Paperglass_56,YES,Partial_PaperGlasses,1,PRESENT,
source_SiW_Mv2/pro_3_text/train_A_pretrain.txt,Partial_Paperglass_57,YES,Partial_PaperGlasses,1,PRESENT,
source_SiW_Mv2/pro_3_text/train_A_pretrain.txt,Partial_Paperglass_58,YES,Partial_PaperGlasses,1,PRESENT,
source_SiW_Mv2/pro_3_text/train_A_pretrain.txt,Partial_Paperglass_59,YES,Partial_PaperGlasses,1,PRESENT,
source_SiW_Mv2/pro_3_text/train_A_pretrain.txt,Partial_Paperglass_6,YES,Partial_PaperGlasses,1,PRESENT,
source_SiW_Mv2/pro_3_text/train_A_pretrain.txt,Partial_Paperglass_60,YES,Partial_PaperGlasses,1,PRESENT,
source_SiW_Mv2/pro_3_text/train_A_pretrain.txt,Partial_Paperglass_61,YES,Partial_PaperGlasses,1,PRESENT,
source_SiW_Mv2/pro_3_text/train_A_pretrain.txt,Partial_Paperglass_62,YES,Partial_PaperGlasses,1,PRESENT,
source_SiW_Mv2/pro_3_text/train_A_pretrain.txt,Partial_Paperglass_63,YES,Partial_PaperGlasses,1,PRESENT,
source_SiW_Mv2/pro_3_text/train_A_pretrain.txt,Partial_Paperglass_64,YES,Partial_PaperGlasses,1,PRESENT,
source_SiW_Mv2/pro_3_text/train_A_pretrain.txt,Partial_Paperglass_65,YES,Partial_PaperGlasses,1,PRESENT,
source_SiW_Mv2/pro_3_text/train_A_pretrain.txt,Partial_Paperglass_66,YES,Partial_PaperGlasses,1,PRESENT,
source_SiW_Mv2/pro_3_text/train_A_pretrain.txt,Partial_Paperglass_67,YES,Partial_PaperGlasses,1,PRESENT,
source_SiW_Mv2/pro_3_text/train_A_pretrain.txt,Partial_Paperglass_68,YES,Partial_PaperGlasses,1,PRESENT,
source_SiW_Mv2/pro_3_text/train_A_pretrain.txt,Partial_Paperglass_69,YES,Partial_PaperGlasses,1,PRESENT,
source_SiW_Mv2/pro_3_text/train_A_pretrain.txt,Partial_Paperglass_7,YES,Partial_PaperGlasses,1,PRESENT,
source_SiW_Mv2/pro_3_text/train_A_pretrain.txt,Partial_Paperglass_70,NO,Partial_PaperGlasses,1,MISSING_FROM_LOCAL_RELEASE,; not in local release
source_SiW_Mv2/pro_3_text/train_A_pretrain.txt,Partial_Paperglass_71,NO,Partial_PaperGlasses,1,MISSING_FROM_LOCAL_RELEASE,; not in local release
source_SiW_Mv2/pro_3_text/train_A_pretrain.txt,Partial_Paperglass_72,NO,Partial_PaperGlasses,1,MISSING_FROM_LOCAL_RELEASE,; not in local release
source_SiW_Mv2/pro_3_text/train_A_pretrain.txt,Partial_Paperglass_73,NO,Partial_PaperGlasses,1,MISSING_FROM_LOCAL_RELEASE,; not in local release
source_SiW_Mv2/pro_3_text/train_A_pretrain.txt,Partial_Paperglass_74,NO,Partial_PaperGlasses,1,MISSING_FROM_LOCAL_RELEASE,; not in local release
source_SiW_Mv2/pro_3_text/train_A_pretrain.txt,Partial_Paperglass_75,NO,Partial_PaperGlasses,1,MISSING_FROM_LOCAL_RELEASE,; not in local release
source_SiW_Mv2/pro_3_text/train_A_pretrain.txt,Partial_Paperglass_76,NO,Partial_PaperGlasses,1,MISSING_FROM_LOCAL_RELEASE,; not in local release
source_SiW_Mv2/pro_3_text/train_A_pretrain.txt,Partial_Paperglass_77,NO,Partial_PaperGlasses,1,MISSING_FROM_LOCAL_RELEASE,; not in local release
source_SiW_Mv2/pro_3_text/train_A_pretrain.txt,Partial_Paperglass_78,NO,Partial_PaperGlasses,1,MISSING_FROM_LOCAL_RELEASE,; not in local release
source_SiW_Mv2/pro_3_text/train_A_pretrain.txt,Partial_Paperglass_79,NO,Partial_PaperGlasses,1,MISSING_FROM_LOCAL_RELEASE,; not in local release
source_SiW_Mv2/pro_3_text/train_A_pretrain.txt,Partial_Paperglass_8,YES,Partial_PaperGlasses,1,PRESENT,
source_SiW_Mv2/pro_3_text/train_A_pretrain.txt,Partial_Paperglass_81,NO,Partial_PaperGlasses,1,MISSING_FROM_LOCAL_RELEASE,; not in local release
source_SiW_Mv2/pro_3_text/train_A_pretrain.txt,Partial_Paperglass_82,NO,Partial_PaperGlasses,1,MISSING_FROM_LOCAL_RELEASE,; not in local release
source_SiW_Mv2/pro_3_text/train_A_pretrain.txt,Partial_Paperglass_83,NO,Partial_PaperGlasses,1,MISSING_FROM_LOCAL_RELEASE,; not in local release
source_SiW_Mv2/pro_3_text/train_A_pretrain.txt,Partial_Paperglass_84,NO,Partial_PaperGlasses,1,MISSING_FROM_LOCAL_RELEASE,; not in local release
source_SiW_Mv2/pro_3_text/train_A_pretrain.txt,Partial_Paperglass_85,NO,Partial_PaperGlasses,1,MISSING_FROM_LOCAL_RELEASE,; not in local release
source_SiW_Mv2/pro_3_text/train_A_pretrain.txt,Partial_Paperglass_86,NO,Partial_PaperGlasses,1,MISSING_FROM_LOCAL_RELEASE,; not in local release
source_SiW_Mv2/pro_3_text/train_A_pretrain.txt,Partial_Paperglass_87,NO,Partial_PaperGlasses,1,MISSING_FROM_LOCAL_RELEASE,; not in local release
source_SiW_Mv2/pro_3_text/train_A_pretrain.txt,Partial_Paperglass_88,NO,Partial_PaperGlasses,1,MISSING_FROM_LOCAL_RELEASE,; not in local release
source_SiW_Mv2/pro_3_text/train_A_pretrain.txt,Partial_Paperglass_89,NO,Partial_PaperGlasses,1,MISSING_FROM_LOCAL_RELEASE,; not in local release
source_SiW_Mv2/pro_3_text/train_A_pretrain.txt,Partial_Paperglass_9,YES,Partial_PaperGlasses,1,PRESENT,
source_SiW_Mv2/pro_3_text/train_A_pretrain.txt,Partial_Paperglass_90,NO,Partial_PaperGlasses,1,MISSING_FROM_LOCAL_RELEASE,; not in local release
source_SiW_Mv2/pro_3_text/train_A_pretrain.txt,Partial_Paperglass_91,NO,Partial_PaperGlasses,1,MISSING_FROM_LOCAL_RELEASE,; not in local release
source_SiW_Mv2/pro_3_text/train_A_pretrain.txt,Partial_Paperglass_93,NO,Partial_PaperGlasses,1,MISSING_FROM_LOCAL_RELEASE,; not in local release
source_SiW_Mv2/pro_3_text/train_A_pretrain.txt,Partial_Paperglass_94,NO,Partial_PaperGlasses,1,MISSING_FROM_LOCAL_RELEASE,; not in local release
source_SiW_Mv2/pro_3_text/train_A_pretrain.txt,Partial_Paperglass_95,NO,Partial_PaperGlasses,1,MISSING_FROM_LOCAL_RELEASE,; not in local release
source_SiW_Mv2/pro_3_text/train_A_pretrain.txt,Partial_Paperglass_96,NO,Partial_PaperGlasses,1,MISSING_FROM_LOCAL_RELEASE,; not in local release
source_SiW_Mv2/pro_3_text/train_A_pretrain.txt,Partial_Paperglass_97,NO,Partial_PaperGlasses,1,MISSING_FROM_LOCAL_RELEASE,; not in local release
source_SiW_Mv2/pro_3_text/train_A_pretrain.txt,Partial_Paperglass_98,NO,Partial_PaperGlasses,1,MISSING_FROM_LOCAL_RELEASE,; not in local release
source_SiW_Mv2/pro_3_text/train_A_pretrain.txt,Partial_Paperglass_99,NO,Partial_PaperGlasses,1,MISSING_FROM_LOCAL_RELEASE,; not in local release
source_SiW_Mv2/pro_3_text/train_A_pretrain.txt,Replay_14,YES,Replay,2,DUPLICATE_PROTOCOL_REFERENCE,repeated for live/spoof balancing (official README)
source_SiW_Mv2/pro_3_text/train_A_pretrain.txt,Replay_17,YES,Replay,2,DUPLICATE_PROTOCOL_REFERENCE,repeated for live/spoof balancing (official README)
source_SiW_Mv2/pro_3_text/train_A_pretrain.txt,Replay_18,YES,Replay,2,DUPLICATE_PROTOCOL_REFERENCE,repeated for live/spoof balancing (official README)
source_SiW_Mv2/pro_3_text/train_A_pretrain.txt,Replay_2,YES,Replay,1,PRESENT,
source_SiW_Mv2/pro_3_text/train_A_pretrain.txt,Replay_24,YES,Replay,2,DUPLICATE_PROTOCOL_REFERENCE,repeated for live/spoof balancing (official README)
source_SiW_Mv2/pro_3_text/train_A_pretrain.txt,Replay_25,YES,Replay,2,DUPLICATE_PROTOCOL_REFERENCE,repeated for live/spoof balancing (official README)
source_SiW_Mv2/pro_3_text/train_A_pretrain.txt,Replay_26,YES,Replay,2,DUPLICATE_PROTOCOL_REFERENCE,repeated for live/spoof balancing (official README)
source_SiW_Mv2/pro_3_text/train_A_pretrain.txt,Replay_27,YES,Replay,2,DUPLICATE_PROTOCOL_REFERENCE,repeated for live/spoof balancing (official README)
source_SiW_Mv2/pro_3_text/train_A_pretrain.txt,Replay_28,YES,Replay,2,DUPLICATE_PROTOCOL_REFERENCE,repeated for live/spoof balancing (official README)
source_SiW_Mv2/pro_3_text/train_A_pretrain.txt,Replay_29,YES,Replay,1,PRESENT,
source_SiW_Mv2/pro_3_text/train_A_pretrain.txt,Replay_3,YES,Replay,2,DUPLICATE_PROTOCOL_REFERENCE,repeated for live/spoof balancing (official README)
source_SiW_Mv2/pro_3_text/train_A_pretrain.txt,Replay_31,YES,Replay,2,DUPLICATE_PROTOCOL_REFERENCE,repeated for live/spoof balancing (official README)
source_SiW_Mv2/pro_3_text/train_A_pretrain.txt,Replay_32,YES,Replay,2,DUPLICATE_PROTOCOL_REFERENCE,repeated for live/spoof balancing (official README)
source_SiW_Mv2/pro_3_text/train_A_pretrain.txt,Replay_33,YES,Replay,2,DUPLICATE_PROTOCOL_REFERENCE,repeated for live/spoof balancing (official README)
source_SiW_Mv2/pro_3_text/train_A_pretrain.txt,Replay_34,YES,Replay,2,DUPLICATE_PROTOCOL_REFERENCE,repeated for live/spoof balancing (official README)
source_SiW_Mv2/pro_3_text/train_A_pretrain.txt,Replay_36,YES,Replay,2,DUPLICATE_PROTOCOL_REFERENCE,repeated for live/spoof balancing (official README)
source_SiW_Mv2/pro_3_text/train_A_pretrain.txt,Replay_37,YES,Replay,2,DUPLICATE_PROTOCOL_REFERENCE,repeated for live/spoof balancing (official README)
source_SiW_Mv2/pro_3_text/train_A_pretrain.txt,Replay_38,YES,Replay,2,DUPLICATE_PROTOCOL_REFERENCE,repeated for live/spoof balancing (official README)
source_SiW_Mv2/pro_3_text/train_A_pretrain.txt,Replay_39,YES,Replay,2,DUPLICATE_PROTOCOL_REFERENCE,repeated for live/spoof balancing (official README)
source_SiW_Mv2/pro_3_text/train_A_pretrain.txt,Replay_4,YES,Replay,2,DUPLICATE_PROTOCOL_REFERENCE,repeated for live/spoof balancing (official README)
source_SiW_Mv2/pro_3_text/train_A_pretrain.txt,Replay_40,YES,Replay,2,DUPLICATE_PROTOCOL_REFERENCE,repeated for live/spoof balancing (official README)
source_SiW_Mv2/pro_3_text/train_A_pretrain.txt,Replay_41,YES,Replay,2,DUPLICATE_PROTOCOL_REFERENCE,repeated for live/spoof balancing (official README)
source_SiW_Mv2/pro_3_text/train_A_pretrain.txt,Replay_42,YES,Replay,2,DUPLICATE_PROTOCOL_REFERENCE,repeated for live/spoof balancing (official README)
source_SiW_Mv2/pro_3_text/train_A_pretrain.txt,Replay_43,YES,Replay,2,DUPLICATE_PROTOCOL_REFERENCE,repeated for live/spoof balancing (official README)
source_SiW_Mv2/pro_3_text/train_A_pretrain.txt,Replay_44,YES,Replay,2,DUPLICATE_PROTOCOL_REFERENCE,repeated for live/spoof balancing (official README)
source_SiW_Mv2/pro_3_text/train_A_pretrain.txt,Replay_45,YES,Replay,2,DUPLICATE_PROTOCOL_REFERENCE,repeated for live/spoof balancing (official README)
source_SiW_Mv2/pro_3_text/train_A_pretrain.txt,Replay_46,YES,Replay,2,DUPLICATE_PROTOCOL_REFERENCE,repeated for live/spoof balancing (official README)
source_SiW_Mv2/pro_3_text/train_A_pretrain.txt,Replay_48,YES,Replay,2,DUPLICATE_PROTOCOL_REFERENCE,repeated for live/spoof balancing (official README)
source_SiW_Mv2/pro_3_text/train_A_pretrain.txt,Replay_49,YES,Replay,2,DUPLICATE_PROTOCOL_REFERENCE,repeated for live/spoof balancing (official README)
source_SiW_Mv2/pro_3_text/train_A_pretrain.txt,Replay_5,YES,Replay,2,DUPLICATE_PROTOCOL_REFERENCE,repeated for live/spoof balancing (official README)
source_SiW_Mv2/pro_3_text/train_A_pretrain.txt,Replay_51,YES,Replay,2,DUPLICATE_PROTOCOL_REFERENCE,repeated for live/spoof balancing (official README)
source_SiW_Mv2/pro_3_text/train_A_pretrain.txt,Replay_52,YES,Replay,2,DUPLICATE_PROTOCOL_REFERENCE,repeated for live/spoof balancing (official README)
source_SiW_Mv2/pro_3_text/train_A_pretrain.txt,Replay_53,YES,Replay,2,DUPLICATE_PROTOCOL_REFERENCE,repeated for live/spoof balancing (official README)
source_SiW_Mv2/pro_3_text/train_A_pretrain.txt,Replay_54,YES,Replay,1,PRESENT,
source_SiW_Mv2/pro_3_text/train_A_pretrain.txt,Replay_55,YES,Replay,2,DUPLICATE_PROTOCOL_REFERENCE,repeated for live/spoof balancing (official README)
source_SiW_Mv2/pro_3_text/train_A_pretrain.txt,Replay_57,YES,Replay,2,DUPLICATE_PROTOCOL_REFERENCE,repeated for live/spoof balancing (official README)
source_SiW_Mv2/pro_3_text/train_A_pretrain.txt,Replay_6,YES,Replay,2,DUPLICATE_PROTOCOL_REFERENCE,repeated for live/spoof balancing (official README)
source_SiW_Mv2/pro_3_text/train_A_pretrain.txt,Replay_60,YES,Replay,2,DUPLICATE_PROTOCOL_REFERENCE,repeated for live/spoof balancing (official README)
source_SiW_Mv2/pro_3_text/train_A_pretrain.txt,Replay_61,YES,Replay,2,DUPLICATE_PROTOCOL_REFERENCE,repeated for live/spoof balancing (official README)
source_SiW_Mv2/pro_3_text/train_A_pretrain.txt,Replay_65,YES,Replay,2,DUPLICATE_PROTOCOL_REFERENCE,repeated for live/spoof balancing (official README)
source_SiW_Mv2/pro_3_text/train_A_pretrain.txt,Replay_67,YES,Replay,2,DUPLICATE_PROTOCOL_REFERENCE,repeated for live/spoof balancing (official README)
source_SiW_Mv2/pro_3_text/train_A_pretrain.txt,Replay_68,YES,Replay,2,DUPLICATE_PROTOCOL_REFERENCE,repeated for live/spoof balancing (official README)
source_SiW_Mv2/pro_3_text/train_A_pretrain.txt,Replay_7,YES,Replay,2,DUPLICATE_PROTOCOL_REFERENCE,repeated for live/spoof balancing (official README)
source_SiW_Mv2/pro_3_text/train_A_pretrain.txt,Replay_70,YES,Replay,2,DUPLICATE_PROTOCOL_REFERENCE,repeated for live/spoof balancing (official README)
source_SiW_Mv2/pro_3_text/train_A_pretrain.txt,Replay_71,YES,Replay,2,DUPLICATE_PROTOCOL_REFERENCE,repeated for live/spoof balancing (official README)
source_SiW_Mv2/pro_3_text/train_A_pretrain.txt,Replay_72,YES,Replay,2,DUPLICATE_PROTOCOL_REFERENCE,repeated for live/spoof balancing (official README)
source_SiW_Mv2/pro_3_text/train_A_pretrain.txt,Replay_73,YES,Replay,2,DUPLICATE_PROTOCOL_REFERENCE,repeated for live/spoof balancing (official README)
source_SiW_Mv2/pro_3_text/train_A_pretrain.txt,Replay_74,YES,Replay,2,DUPLICATE_PROTOCOL_REFERENCE,repeated for live/spoof balancing (official README)
source_SiW_Mv2/pro_3_text/train_A_pretrain.txt,Replay_75,YES,Replay,2,DUPLICATE_PROTOCOL_REFERENCE,repeated for live/spoof balancing (official README)
source_SiW_Mv2/pro_3_text/train_A_pretrain.txt,Replay_8,YES,Replay,1,PRESENT,
source_SiW_Mv2/pro_3_text/train_A_pretrain.txt,Replay_9,YES,Replay,2,DUPLICATE_PROTOCOL_REFERENCE,repeated for live/spoof balancing (official README)
source_SiW_Mv2/pro_3_text/train_A_pretrain.txt,Replay_92,YES,Replay,2,DUPLICATE_PROTOCOL_REFERENCE,repeated for live/spoof balancing (official README)
source_SiW_Mv2/pro_3_text/test_A_pretrain.txt,Live_1,YES,Live,1,PRESENT,
source_SiW_Mv2/pro_3_text/test_A_pretrain.txt,Live_10,YES,Live,1,PRESENT,
source_SiW_Mv2/pro_3_text/test_A_pretrain.txt,Live_109,YES,Live,1,PRESENT,
source_SiW_Mv2/pro_3_text/test_A_pretrain.txt,Live_117,YES,Live,1,PRESENT,
source_SiW_Mv2/pro_3_text/test_A_pretrain.txt,Live_128,YES,Live,1,PRESENT,
source_SiW_Mv2/pro_3_text/test_A_pretrain.txt,Live_15,YES,Live,1,PRESENT,
source_SiW_Mv2/pro_3_text/test_A_pretrain.txt,Live_169,YES,Live,1,PRESENT,
source_SiW_Mv2/pro_3_text/test_A_pretrain.txt,Live_170,YES,Live,1,PRESENT,
source_SiW_Mv2/pro_3_text/test_A_pretrain.txt,Live_197,YES,Live,1,PRESENT,
source_SiW_Mv2/pro_3_text/test_A_pretrain.txt,Live_209,YES,Live,1,PRESENT,
source_SiW_Mv2/pro_3_text/test_A_pretrain.txt,Live_21,YES,Live,1,PRESENT,
source_SiW_Mv2/pro_3_text/test_A_pretrain.txt,Live_210,YES,Live,1,PRESENT,
source_SiW_Mv2/pro_3_text/test_A_pretrain.txt,Live_217,YES,Live,1,PRESENT,
source_SiW_Mv2/pro_3_text/test_A_pretrain.txt,Live_218,YES,Live,1,PRESENT,
source_SiW_Mv2/pro_3_text/test_A_pretrain.txt,Live_23,YES,Live,1,PRESENT,
source_SiW_Mv2/pro_3_text/test_A_pretrain.txt,Live_242,YES,Live,1,PRESENT,
source_SiW_Mv2/pro_3_text/test_A_pretrain.txt,Live_243,YES,Live,1,PRESENT,
source_SiW_Mv2/pro_3_text/test_A_pretrain.txt,Live_26,YES,Live,1,PRESENT,
source_SiW_Mv2/pro_3_text/test_A_pretrain.txt,Live_297,YES,Live,1,PRESENT,
source_SiW_Mv2/pro_3_text/test_A_pretrain.txt,Live_298,YES,Live,1,PRESENT,
source_SiW_Mv2/pro_3_text/test_A_pretrain.txt,Live_313,YES,Live,1,PRESENT,
source_SiW_Mv2/pro_3_text/test_A_pretrain.txt,Live_314,YES,Live,1,PRESENT,
source_SiW_Mv2/pro_3_text/test_A_pretrain.txt,Live_348,YES,Live,1,PRESENT,
source_SiW_Mv2/pro_3_text/test_A_pretrain.txt,Live_349,YES,Live,1,PRESENT,
source_SiW_Mv2/pro_3_text/test_A_pretrain.txt,Live_358,YES,Live,1,PRESENT,
source_SiW_Mv2/pro_3_text/test_A_pretrain.txt,Live_370,YES,Live,1,PRESENT,
source_SiW_Mv2/pro_3_text/test_A_pretrain.txt,Live_387,YES,Live,1,PRESENT,
source_SiW_Mv2/pro_3_text/test_A_pretrain.txt,Live_39,YES,Live,1,PRESENT,
source_SiW_Mv2/pro_3_text/test_A_pretrain.txt,Live_390,YES,Live,1,PRESENT,
source_SiW_Mv2/pro_3_text/test_A_pretrain.txt,Live_397,YES,Live,1,PRESENT,
source_SiW_Mv2/pro_3_text/test_A_pretrain.txt,Live_400,YES,Live,1,PRESENT,
source_SiW_Mv2/pro_3_text/test_A_pretrain.txt,Live_401,YES,Live,1,PRESENT,
source_SiW_Mv2/pro_3_text/test_A_pretrain.txt,Live_408,YES,Live,1,PRESENT,
source_SiW_Mv2/pro_3_text/test_A_pretrain.txt,Live_427,YES,Live,1,PRESENT,
source_SiW_Mv2/pro_3_text/test_A_pretrain.txt,Live_456,YES,Live,1,PRESENT,
source_SiW_Mv2/pro_3_text/test_A_pretrain.txt,Live_480,YES,Live,1,PRESENT,
source_SiW_Mv2/pro_3_text/test_A_pretrain.txt,Live_481,YES,Live,1,PRESENT,
source_SiW_Mv2/pro_3_text/test_A_pretrain.txt,Live_482,YES,Live,1,PRESENT,
source_SiW_Mv2/pro_3_text/test_A_pretrain.txt,Live_496,YES,Live,1,PRESENT,
source_SiW_Mv2/pro_3_text/test_A_pretrain.txt,Live_501,YES,Live,1,PRESENT,
source_SiW_Mv2/pro_3_text/test_A_pretrain.txt,Live_53,YES,Live,1,PRESENT,
source_SiW_Mv2/pro_3_text/test_A_pretrain.txt,Live_57,YES,Live,1,PRESENT,
source_SiW_Mv2/pro_3_text/test_A_pretrain.txt,Live_621,YES,Live,1,PRESENT,
source_SiW_Mv2/pro_3_text/test_A_pretrain.txt,Live_624,YES,Live,1,PRESENT,
source_SiW_Mv2/pro_3_text/test_A_pretrain.txt,Live_640,YES,Live,1,PRESENT,
source_SiW_Mv2/pro_3_text/test_A_pretrain.txt,Live_645,YES,Live,1,PRESENT,
source_SiW_Mv2/pro_3_text/test_A_pretrain.txt,Live_651,YES,Live,1,PRESENT,
source_SiW_Mv2/pro_3_text/test_A_pretrain.txt,Live_652,YES,Live,1,PRESENT,
source_SiW_Mv2/pro_3_text/test_A_pretrain.txt,Live_662,YES,Live,1,PRESENT,
source_SiW_Mv2/pro_3_text/test_A_pretrain.txt,Live_675,YES,Live,1,PRESENT,
source_SiW_Mv2/pro_3_text/test_A_pretrain.txt,Live_681,YES,Live,1,PRESENT,
source_SiW_Mv2/pro_3_text/test_A_pretrain.txt,Live_695,YES,Live,1,PRESENT,
source_SiW_Mv2/pro_3_text/test_A_pretrain.txt,Live_733,YES,Live,1,PRESENT,
source_SiW_Mv2/pro_3_text/test_A_pretrain.txt,Live_747,YES,Live,1,PRESENT,
source_SiW_Mv2/pro_3_text/test_A_pretrain.txt,Live_764,YES,Live,1,PRESENT,
source_SiW_Mv2/pro_3_text/test_A_pretrain.txt,Live_771,YES,Live,1,PRESENT,
source_SiW_Mv2/pro_3_text/test_A_pretrain.txt,Live_773,YES,Live,1,PRESENT,
source_SiW_Mv2/pro_3_text/test_A_pretrain.txt,Live_782,YES,Live,1,PRESENT,
source_SiW_Mv2/pro_3_text/test_A_pretrain.txt,Live_783,YES,Live,1,PRESENT,
source_SiW_Mv2/pro_3_text/test_A_pretrain.txt,Live_790,YES,Live,1,PRESENT,
source_SiW_Mv2/pro_3_text/test_A_pretrain.txt,Live_799,YES,Live,1,PRESENT,
source_SiW_Mv2/pro_3_text/test_A_pretrain.txt,Live_809,YES,Live,1,PRESENT,
source_SiW_Mv2/pro_3_text/test_A_pretrain.txt,Live_82,YES,Live,1,PRESENT,
source_SiW_Mv2/pro_3_text/test_A_pretrain.txt,Live_823,YES,Live,1,PRESENT,
source_SiW_Mv2/pro_3_text/test_A_pretrain.txt,Live_832,YES,Live,1,PRESENT,
source_SiW_Mv2/pro_3_text/test_A_pretrain.txt,Live_833,YES,Live,1,PRESENT,
source_SiW_Mv2/pro_3_text/test_A_pretrain.txt,Live_84,YES,Live,1,PRESENT,
source_SiW_Mv2/pro_3_text/test_A_pretrain.txt,Live_865,YES,Live,1,PRESENT,
source_SiW_Mv2/pro_3_text/test_A_pretrain.txt,Live_879,YES,Live,1,PRESENT,
source_SiW_Mv2/pro_3_text/test_A_pretrain.txt,Live_888,YES,Live,1,PRESENT,
source_SiW_Mv2/pro_3_text/test_A_pretrain.txt,Live_891,YES,Live,1,PRESENT,
source_SiW_Mv2/pro_3_text/test_A_pretrain.txt,Live_98,YES,Live,1,PRESENT,
source_SiW_Mv2/pro_3_text/test_A_pretrain.txt,Makeup_Im_12,YES,Makeup_Impersonation,1,PRESENT,
source_SiW_Mv2/pro_3_text/test_A_pretrain.txt,Makeup_Im_14,YES,Makeup_Impersonation,1,PRESENT,
source_SiW_Mv2/pro_3_text/test_A_pretrain.txt,Makeup_Im_20,YES,Makeup_Impersonation,1,PRESENT,
source_SiW_Mv2/pro_3_text/test_A_pretrain.txt,Makeup_Im_23,YES,Makeup_Impersonation,1,PRESENT,
source_SiW_Mv2/pro_3_text/test_A_pretrain.txt,Makeup_Im_24,YES,Makeup_Impersonation,1,PRESENT,
source_SiW_Mv2/pro_3_text/test_A_pretrain.txt,Makeup_Im_35,YES,Makeup_Impersonation,1,PRESENT,
source_SiW_Mv2/pro_3_text/test_A_pretrain.txt,Makeup_Im_44,YES,Makeup_Impersonation,1,PRESENT,
source_SiW_Mv2/pro_3_text/test_A_pretrain.txt,Makeup_Ob_10,YES,Makeup_Obfuscation,1,PRESENT,
source_SiW_Mv2/pro_3_text/test_A_pretrain.txt,Makeup_Ob_17,YES,Makeup_Obfuscation,1,PRESENT,
source_SiW_Mv2/pro_3_text/test_A_pretrain.txt,Makeup_Ob_6,YES,Makeup_Obfuscation,1,PRESENT,
source_SiW_Mv2/pro_3_text/test_A_pretrain.txt,Mask_Half_26,YES,Mask_HalfMask,1,PRESENT,
source_SiW_Mv2/pro_3_text/test_A_pretrain.txt,Mask_Half_35,YES,Mask_HalfMask,1,PRESENT,
source_SiW_Mv2/pro_3_text/test_A_pretrain.txt,Mask_Half_4,YES,Mask_HalfMask,1,PRESENT,
source_SiW_Mv2/pro_3_text/test_A_pretrain.txt,Mask_Half_46,YES,Mask_HalfMask,1,PRESENT,
source_SiW_Mv2/pro_3_text/test_A_pretrain.txt,Mask_Half_49,YES,Mask_HalfMask,1,PRESENT,
source_SiW_Mv2/pro_3_text/test_A_pretrain.txt,Mask_Half_64,YES,Mask_HalfMask,1,PRESENT,
source_SiW_Mv2/pro_3_text/test_A_pretrain.txt,Mask_Half_70,YES,Mask_HalfMask,1,PRESENT,
source_SiW_Mv2/pro_3_text/test_A_pretrain.txt,Mask_Paper_6,YES,Mask_PaperMask,1,PRESENT,
source_SiW_Mv2/pro_3_text/test_A_pretrain.txt,Mask_Silicone_8,YES,Silicone,1,PRESENT,
source_SiW_Mv2/pro_3_text/test_A_pretrain.txt,Mask_Trans_11,YES,Mask_TransparentMask,1,PRESENT,
source_SiW_Mv2/pro_3_text/test_A_pretrain.txt,Mask_Trans_18,YES,Mask_TransparentMask,1,PRESENT,
source_SiW_Mv2/pro_3_text/test_A_pretrain.txt,Mask_Trans_36,YES,Mask_TransparentMask,1,PRESENT,
source_SiW_Mv2/pro_3_text/test_A_pretrain.txt,Mask_Trans_37,YES,Mask_TransparentMask,1,PRESENT,
source_SiW_Mv2/pro_3_text/test_A_pretrain.txt,Mask_Trans_42,YES,Mask_TransparentMask,1,PRESENT,
source_SiW_Mv2/pro_3_text/test_A_pretrain.txt,Mask_Trans_48,YES,Mask_TransparentMask,1,PRESENT,
source_SiW_Mv2/pro_3_text/test_A_pretrain.txt,Mask_Trans_5,YES,Mask_TransparentMask,1,PRESENT,
source_SiW_Mv2/pro_3_text/test_A_pretrain.txt,Mask_Trans_53,YES,Mask_TransparentMask,1,PRESENT,
source_SiW_Mv2/pro_3_text/test_A_pretrain.txt,Paper_10,YES,Paper,1,PRESENT,
source_SiW_Mv2/pro_3_text/test_A_pretrain.txt,Paper_102,YES,Paper,1,PRESENT,
source_SiW_Mv2/pro_3_text/test_A_pretrain.txt,Paper_103,YES,Paper,1,PRESENT,
source_SiW_Mv2/pro_3_text/test_A_pretrain.txt,Paper_113,YES,Paper,1,PRESENT,
source_SiW_Mv2/pro_3_text/test_A_pretrain.txt,Paper_125,YES,Paper,1,PRESENT,
source_SiW_Mv2/pro_3_text/test_A_pretrain.txt,Paper_16,YES,Paper,1,PRESENT,
source_SiW_Mv2/pro_3_text/test_A_pretrain.txt,Paper_27,YES,Paper,1,PRESENT,
source_SiW_Mv2/pro_3_text/test_A_pretrain.txt,Paper_29,YES,Paper,1,PRESENT,
source_SiW_Mv2/pro_3_text/test_A_pretrain.txt,Paper_3,YES,Paper,1,PRESENT,
source_SiW_Mv2/pro_3_text/test_A_pretrain.txt,Paper_34,YES,Paper,1,PRESENT,
source_SiW_Mv2/pro_3_text/test_A_pretrain.txt,Paper_35,YES,Paper,1,PRESENT,
source_SiW_Mv2/pro_3_text/test_A_pretrain.txt,Paper_4,YES,Paper,1,PRESENT,
source_SiW_Mv2/pro_3_text/test_A_pretrain.txt,Paper_44,YES,Paper,1,PRESENT,
source_SiW_Mv2/pro_3_text/test_A_pretrain.txt,Paper_46,YES,Paper,1,PRESENT,
source_SiW_Mv2/pro_3_text/test_A_pretrain.txt,Paper_52,YES,Paper,1,PRESENT,
source_SiW_Mv2/pro_3_text/test_A_pretrain.txt,Paper_55,YES,Paper,1,PRESENT,
source_SiW_Mv2/pro_3_text/test_A_pretrain.txt,Paper_63,YES,Paper,1,PRESENT,
source_SiW_Mv2/pro_3_text/test_A_pretrain.txt,Paper_66,YES,Paper,1,PRESENT,
source_SiW_Mv2/pro_3_text/test_A_pretrain.txt,Paper_70,YES,Paper,1,PRESENT,
source_SiW_Mv2/pro_3_text/test_A_pretrain.txt,Paper_71,YES,Paper,1,PRESENT,
source_SiW_Mv2/pro_3_text/test_A_pretrain.txt,Paper_76,YES,Paper,1,PRESENT,
source_SiW_Mv2/pro_3_text/test_A_pretrain.txt,Paper_85,YES,Paper,1,PRESENT,
source_SiW_Mv2/pro_3_text/test_A_pretrain.txt,Paper_86,YES,Paper,1,PRESENT,
source_SiW_Mv2/pro_3_text/test_A_pretrain.txt,Paper_90,YES,Paper,1,PRESENT,
source_SiW_Mv2/pro_3_text/test_A_pretrain.txt,Paper_95,YES,Paper,1,PRESENT,
source_SiW_Mv2/pro_3_text/test_A_pretrain.txt,Paper_96,YES,Paper,1,PRESENT,
source_SiW_Mv2/pro_3_text/test_A_pretrain.txt,Paper_97,YES,Paper,1,PRESENT,
source_SiW_Mv2/pro_3_text/test_A_pretrain.txt,Partial_Eye_32,YES,Partial_Eye,1,PRESENT,
source_SiW_Mv2/pro_3_text/test_A_pretrain.txt,Partial_Eye_33,YES,Partial_Eye,1,PRESENT,
source_SiW_Mv2/pro_3_text/test_A_pretrain.txt,Partial_Eye_4,YES,Partial_Eye,1,PRESENT,
source_SiW_Mv2/pro_3_text/test_A_pretrain.txt,Partial_Eye_57,YES,Partial_Eye,1,PRESENT,
source_SiW_Mv2/pro_3_text/test_A_pretrain.txt,Partial_Paperglass_100,NO,Partial_PaperGlasses,1,MISSING_FROM_LOCAL_RELEASE,; not in local release
source_SiW_Mv2/pro_3_text/test_A_pretrain.txt,Partial_Paperglass_101,NO,Partial_PaperGlasses,1,MISSING_FROM_LOCAL_RELEASE,; not in local release
source_SiW_Mv2/pro_3_text/test_A_pretrain.txt,Partial_Paperglass_106,NO,Partial_PaperGlasses,1,MISSING_FROM_LOCAL_RELEASE,; not in local release
source_SiW_Mv2/pro_3_text/test_A_pretrain.txt,Partial_Paperglass_121,YES,Partial_PaperGlasses,1,PRESENT,
source_SiW_Mv2/pro_3_text/test_A_pretrain.txt,Partial_Paperglass_123,YES,Partial_PaperGlasses,1,PRESENT,
source_SiW_Mv2/pro_3_text/test_A_pretrain.txt,Partial_Paperglass_127,YES,Partial_PaperGlasses,1,PRESENT,
source_SiW_Mv2/pro_3_text/test_A_pretrain.txt,Partial_Paperglass_16,YES,Partial_PaperGlasses,1,PRESENT,
source_SiW_Mv2/pro_3_text/test_A_pretrain.txt,Partial_Paperglass_45,YES,Partial_PaperGlasses,1,PRESENT,
source_SiW_Mv2/pro_3_text/test_A_pretrain.txt,Partial_Paperglass_80,NO,Partial_PaperGlasses,1,MISSING_FROM_LOCAL_RELEASE,; not in local release
source_SiW_Mv2/pro_3_text/test_A_pretrain.txt,Partial_Paperglass_92,NO,Partial_PaperGlasses,1,MISSING_FROM_LOCAL_RELEASE,; not in local release
source_SiW_Mv2/pro_3_text/test_A_pretrain.txt,Replay_56,YES,Replay,1,PRESENT,
source_SiW_Mv2/pro_3_text/test_A_pretrain.txt,Replay_69,YES,Replay,1,PRESENT,
source_SiW_Mv2/pro_3_text/train_B_spoof.txt,Live_106,YES,Live,1,PRESENT,
source_SiW_Mv2/pro_3_text/train_B_spoof.txt,Live_107,YES,Live,1,PRESENT,
source_SiW_Mv2/pro_3_text/train_B_spoof.txt,Live_114,YES,Live,1,PRESENT,
source_SiW_Mv2/pro_3_text/train_B_spoof.txt,Live_119,YES,Live,1,PRESENT,
source_SiW_Mv2/pro_3_text/train_B_spoof.txt,Live_120,YES,Live,1,PRESENT,
source_SiW_Mv2/pro_3_text/train_B_spoof.txt,Live_125,YES,Live,1,PRESENT,
source_SiW_Mv2/pro_3_text/train_B_spoof.txt,Live_126,YES,Live,1,PRESENT,
source_SiW_Mv2/pro_3_text/train_B_spoof.txt,Live_129,YES,Live,1,PRESENT,
source_SiW_Mv2/pro_3_text/train_B_spoof.txt,Live_130,YES,Live,1,PRESENT,
source_SiW_Mv2/pro_3_text/train_B_spoof.txt,Live_131,YES,Live,1,PRESENT,
source_SiW_Mv2/pro_3_text/train_B_spoof.txt,Live_141,YES,Live,1,PRESENT,
source_SiW_Mv2/pro_3_text/train_B_spoof.txt,Live_182,YES,Live,1,PRESENT,
source_SiW_Mv2/pro_3_text/train_B_spoof.txt,Live_190,YES,Live,1,PRESENT,
source_SiW_Mv2/pro_3_text/train_B_spoof.txt,Live_191,YES,Live,1,PRESENT,
source_SiW_Mv2/pro_3_text/train_B_spoof.txt,Live_192,YES,Live,1,PRESENT,
source_SiW_Mv2/pro_3_text/train_B_spoof.txt,Live_193,YES,Live,1,PRESENT,
source_SiW_Mv2/pro_3_text/train_B_spoof.txt,Live_194,YES,Live,1,PRESENT,
source_SiW_Mv2/pro_3_text/train_B_spoof.txt,Live_195,YES,Live,1,PRESENT,
source_SiW_Mv2/pro_3_text/train_B_spoof.txt,Live_220,YES,Live,1,PRESENT,
source_SiW_Mv2/pro_3_text/train_B_spoof.txt,Live_233,YES,Live,1,PRESENT,
source_SiW_Mv2/pro_3_text/train_B_spoof.txt,Live_234,YES,Live,1,PRESENT,
source_SiW_Mv2/pro_3_text/train_B_spoof.txt,Live_235,YES,Live,1,PRESENT,
source_SiW_Mv2/pro_3_text/train_B_spoof.txt,Live_236,YES,Live,1,PRESENT,
source_SiW_Mv2/pro_3_text/train_B_spoof.txt,Live_255,YES,Live,1,PRESENT,
source_SiW_Mv2/pro_3_text/train_B_spoof.txt,Live_256,YES,Live,1,PRESENT,
source_SiW_Mv2/pro_3_text/train_B_spoof.txt,Live_257,YES,Live,1,PRESENT,
source_SiW_Mv2/pro_3_text/train_B_spoof.txt,Live_270,YES,Live,1,PRESENT,
source_SiW_Mv2/pro_3_text/train_B_spoof.txt,Live_271,YES,Live,1,PRESENT,
source_SiW_Mv2/pro_3_text/train_B_spoof.txt,Live_29,YES,Live,1,PRESENT,
source_SiW_Mv2/pro_3_text/train_B_spoof.txt,Live_290,YES,Live,1,PRESENT,
source_SiW_Mv2/pro_3_text/train_B_spoof.txt,Live_291,YES,Live,1,PRESENT,
source_SiW_Mv2/pro_3_text/train_B_spoof.txt,Live_292,YES,Live,1,PRESENT,
source_SiW_Mv2/pro_3_text/train_B_spoof.txt,Live_305,YES,Live,1,PRESENT,
source_SiW_Mv2/pro_3_text/train_B_spoof.txt,Live_306,YES,Live,1,PRESENT,
source_SiW_Mv2/pro_3_text/train_B_spoof.txt,Live_307,YES,Live,1,PRESENT,
source_SiW_Mv2/pro_3_text/train_B_spoof.txt,Live_308,YES,Live,1,PRESENT,
source_SiW_Mv2/pro_3_text/train_B_spoof.txt,Live_309,YES,Live,1,PRESENT,
source_SiW_Mv2/pro_3_text/train_B_spoof.txt,Live_310,YES,Live,1,PRESENT,
source_SiW_Mv2/pro_3_text/train_B_spoof.txt,Live_336,YES,Live,1,PRESENT,
source_SiW_Mv2/pro_3_text/train_B_spoof.txt,Live_337,YES,Live,1,PRESENT,
source_SiW_Mv2/pro_3_text/train_B_spoof.txt,Live_356,YES,Live,1,PRESENT,
source_SiW_Mv2/pro_3_text/train_B_spoof.txt,Live_357,YES,Live,1,PRESENT,
source_SiW_Mv2/pro_3_text/train_B_spoof.txt,Live_36,YES,Live,1,PRESENT,
source_SiW_Mv2/pro_3_text/train_B_spoof.txt,Live_360,YES,Live,1,PRESENT,
source_SiW_Mv2/pro_3_text/train_B_spoof.txt,Live_361,YES,Live,1,PRESENT,
source_SiW_Mv2/pro_3_text/train_B_spoof.txt,Live_363,YES,Live,1,PRESENT,
source_SiW_Mv2/pro_3_text/train_B_spoof.txt,Live_364,YES,Live,1,PRESENT,
source_SiW_Mv2/pro_3_text/train_B_spoof.txt,Live_365,YES,Live,1,PRESENT,
source_SiW_Mv2/pro_3_text/train_B_spoof.txt,Live_373,YES,Live,1,PRESENT,
source_SiW_Mv2/pro_3_text/train_B_spoof.txt,Live_375,YES,Live,1,PRESENT,
source_SiW_Mv2/pro_3_text/train_B_spoof.txt,Live_379,YES,Live,1,PRESENT,
source_SiW_Mv2/pro_3_text/train_B_spoof.txt,Live_42,YES,Live,1,PRESENT,
source_SiW_Mv2/pro_3_text/train_B_spoof.txt,Live_436,YES,Live,1,PRESENT,
source_SiW_Mv2/pro_3_text/train_B_spoof.txt,Live_437,YES,Live,1,PRESENT,
source_SiW_Mv2/pro_3_text/train_B_spoof.txt,Live_451,YES,Live,1,PRESENT,
source_SiW_Mv2/pro_3_text/train_B_spoof.txt,Live_452,YES,Live,1,PRESENT,
source_SiW_Mv2/pro_3_text/train_B_spoof.txt,Live_454,YES,Live,1,PRESENT,
source_SiW_Mv2/pro_3_text/train_B_spoof.txt,Live_457,YES,Live,1,PRESENT,
source_SiW_Mv2/pro_3_text/train_B_spoof.txt,Live_458,YES,Live,1,PRESENT,
source_SiW_Mv2/pro_3_text/train_B_spoof.txt,Live_459,YES,Live,1,PRESENT,
source_SiW_Mv2/pro_3_text/train_B_spoof.txt,Live_460,YES,Live,1,PRESENT,
source_SiW_Mv2/pro_3_text/train_B_spoof.txt,Live_461,YES,Live,1,PRESENT,
source_SiW_Mv2/pro_3_text/train_B_spoof.txt,Live_462,YES,Live,1,PRESENT,
source_SiW_Mv2/pro_3_text/train_B_spoof.txt,Live_463,YES,Live,1,PRESENT,
source_SiW_Mv2/pro_3_text/train_B_spoof.txt,Live_467,YES,Live,1,PRESENT,
source_SiW_Mv2/pro_3_text/train_B_spoof.txt,Live_468,YES,Live,1,PRESENT,
source_SiW_Mv2/pro_3_text/train_B_spoof.txt,Live_472,YES,Live,1,PRESENT,
source_SiW_Mv2/pro_3_text/train_B_spoof.txt,Live_483,YES,Live,1,PRESENT,
source_SiW_Mv2/pro_3_text/train_B_spoof.txt,Live_484,YES,Live,1,PRESENT,
source_SiW_Mv2/pro_3_text/train_B_spoof.txt,Live_485,YES,Live,1,PRESENT,
source_SiW_Mv2/pro_3_text/train_B_spoof.txt,Live_486,YES,Live,1,PRESENT,
source_SiW_Mv2/pro_3_text/train_B_spoof.txt,Live_487,YES,Live,1,PRESENT,
source_SiW_Mv2/pro_3_text/train_B_spoof.txt,Live_6,YES,Live,1,PRESENT,
source_SiW_Mv2/pro_3_text/train_B_spoof.txt,Live_611,YES,Live,1,PRESENT,
source_SiW_Mv2/pro_3_text/train_B_spoof.txt,Live_613,YES,Live,1,PRESENT,
source_SiW_Mv2/pro_3_text/train_B_spoof.txt,Live_614,YES,Live,1,PRESENT,
source_SiW_Mv2/pro_3_text/train_B_spoof.txt,Live_615,YES,Live,1,PRESENT,
source_SiW_Mv2/pro_3_text/train_B_spoof.txt,Live_616,YES,Live,1,PRESENT,
source_SiW_Mv2/pro_3_text/train_B_spoof.txt,Live_617,YES,Live,1,PRESENT,
source_SiW_Mv2/pro_3_text/train_B_spoof.txt,Live_618,YES,Live,1,PRESENT,
source_SiW_Mv2/pro_3_text/train_B_spoof.txt,Live_619,YES,Live,1,PRESENT,
source_SiW_Mv2/pro_3_text/train_B_spoof.txt,Live_620,YES,Live,1,PRESENT,
source_SiW_Mv2/pro_3_text/train_B_spoof.txt,Live_622,YES,Live,1,PRESENT,
source_SiW_Mv2/pro_3_text/train_B_spoof.txt,Live_623,YES,Live,1,PRESENT,
source_SiW_Mv2/pro_3_text/train_B_spoof.txt,Live_626,YES,Live,1,PRESENT,
source_SiW_Mv2/pro_3_text/train_B_spoof.txt,Live_633,YES,Live,1,PRESENT,
source_SiW_Mv2/pro_3_text/train_B_spoof.txt,Live_637,YES,Live,1,PRESENT,
source_SiW_Mv2/pro_3_text/train_B_spoof.txt,Live_638,YES,Live,1,PRESENT,
source_SiW_Mv2/pro_3_text/train_B_spoof.txt,Live_647,YES,Live,1,PRESENT,
source_SiW_Mv2/pro_3_text/train_B_spoof.txt,Live_648,YES,Live,1,PRESENT,
source_SiW_Mv2/pro_3_text/train_B_spoof.txt,Live_654,YES,Live,1,PRESENT,
source_SiW_Mv2/pro_3_text/train_B_spoof.txt,Live_655,YES,Live,1,PRESENT,
source_SiW_Mv2/pro_3_text/train_B_spoof.txt,Live_656,YES,Live,1,PRESENT,
source_SiW_Mv2/pro_3_text/train_B_spoof.txt,Live_659,YES,Live,1,PRESENT,
source_SiW_Mv2/pro_3_text/train_B_spoof.txt,Live_663,YES,Live,1,PRESENT,
source_SiW_Mv2/pro_3_text/train_B_spoof.txt,Live_697,YES,Live,1,PRESENT,
source_SiW_Mv2/pro_3_text/train_B_spoof.txt,Live_709,YES,Live,1,PRESENT,
source_SiW_Mv2/pro_3_text/train_B_spoof.txt,Live_711,YES,Live,1,PRESENT,
source_SiW_Mv2/pro_3_text/train_B_spoof.txt,Live_75,YES,Live,1,PRESENT,
source_SiW_Mv2/pro_3_text/train_B_spoof.txt,Live_768,YES,Live,1,PRESENT,
source_SiW_Mv2/pro_3_text/train_B_spoof.txt,Live_770,YES,Live,1,PRESENT,
source_SiW_Mv2/pro_3_text/train_B_spoof.txt,Live_784,YES,Live,1,PRESENT,
source_SiW_Mv2/pro_3_text/train_B_spoof.txt,Live_785,YES,Live,1,PRESENT,
source_SiW_Mv2/pro_3_text/train_B_spoof.txt,Live_831,YES,Live,1,PRESENT,
source_SiW_Mv2/pro_3_text/train_B_spoof.txt,Live_846,YES,Live,1,PRESENT,
source_SiW_Mv2/pro_3_text/train_B_spoof.txt,Live_862,YES,Live,1,PRESENT,
source_SiW_Mv2/pro_3_text/train_B_spoof.txt,Live_869,YES,Live,1,PRESENT,
source_SiW_Mv2/pro_3_text/train_B_spoof.txt,Live_94,YES,Live,1,PRESENT,
source_SiW_Mv2/pro_3_text/train_B_spoof.txt,Makeup_Co_11,YES,Makeup_Cosmetic,3,DUPLICATE_PROTOCOL_REFERENCE,repeated for live/spoof balancing (official README)
source_SiW_Mv2/pro_3_text/train_B_spoof.txt,Makeup_Co_12,YES,Makeup_Cosmetic,2,DUPLICATE_PROTOCOL_REFERENCE,repeated for live/spoof balancing (official README)
source_SiW_Mv2/pro_3_text/train_B_spoof.txt,Makeup_Co_13,YES,Makeup_Cosmetic,3,DUPLICATE_PROTOCOL_REFERENCE,repeated for live/spoof balancing (official README)
source_SiW_Mv2/pro_3_text/train_B_spoof.txt,Makeup_Co_14,YES,Makeup_Cosmetic,2,DUPLICATE_PROTOCOL_REFERENCE,repeated for live/spoof balancing (official README)
source_SiW_Mv2/pro_3_text/train_B_spoof.txt,Makeup_Co_15,YES,Makeup_Cosmetic,2,DUPLICATE_PROTOCOL_REFERENCE,repeated for live/spoof balancing (official README)
source_SiW_Mv2/pro_3_text/train_B_spoof.txt,Makeup_Co_18,YES,Makeup_Cosmetic,2,DUPLICATE_PROTOCOL_REFERENCE,repeated for live/spoof balancing (official README)
source_SiW_Mv2/pro_3_text/train_B_spoof.txt,Makeup_Co_19,YES,Makeup_Cosmetic,3,DUPLICATE_PROTOCOL_REFERENCE,repeated for live/spoof balancing (official README)
source_SiW_Mv2/pro_3_text/train_B_spoof.txt,Makeup_Co_20,YES,Makeup_Cosmetic,2,DUPLICATE_PROTOCOL_REFERENCE,repeated for live/spoof balancing (official README)
source_SiW_Mv2/pro_3_text/train_B_spoof.txt,Makeup_Co_22,YES,Makeup_Cosmetic,2,DUPLICATE_PROTOCOL_REFERENCE,repeated for live/spoof balancing (official README)
source_SiW_Mv2/pro_3_text/train_B_spoof.txt,Makeup_Co_25,YES,Makeup_Cosmetic,2,DUPLICATE_PROTOCOL_REFERENCE,repeated for live/spoof balancing (official README)
source_SiW_Mv2/pro_3_text/train_B_spoof.txt,Makeup_Co_28,YES,Makeup_Cosmetic,2,DUPLICATE_PROTOCOL_REFERENCE,repeated for live/spoof balancing (official README)
source_SiW_Mv2/pro_3_text/train_B_spoof.txt,Makeup_Co_29,YES,Makeup_Cosmetic,3,DUPLICATE_PROTOCOL_REFERENCE,repeated for live/spoof balancing (official README)
source_SiW_Mv2/pro_3_text/train_B_spoof.txt,Makeup_Co_30,YES,Makeup_Cosmetic,2,DUPLICATE_PROTOCOL_REFERENCE,repeated for live/spoof balancing (official README)
source_SiW_Mv2/pro_3_text/train_B_spoof.txt,Makeup_Co_31,YES,Makeup_Cosmetic,2,DUPLICATE_PROTOCOL_REFERENCE,repeated for live/spoof balancing (official README)
source_SiW_Mv2/pro_3_text/train_B_spoof.txt,Makeup_Co_32,YES,Makeup_Cosmetic,3,DUPLICATE_PROTOCOL_REFERENCE,repeated for live/spoof balancing (official README)
source_SiW_Mv2/pro_3_text/train_B_spoof.txt,Makeup_Co_33,YES,Makeup_Cosmetic,2,DUPLICATE_PROTOCOL_REFERENCE,repeated for live/spoof balancing (official README)
source_SiW_Mv2/pro_3_text/train_B_spoof.txt,Makeup_Co_34,YES,Makeup_Cosmetic,2,DUPLICATE_PROTOCOL_REFERENCE,repeated for live/spoof balancing (official README)
source_SiW_Mv2/pro_3_text/train_B_spoof.txt,Makeup_Co_36,YES,Makeup_Cosmetic,2,DUPLICATE_PROTOCOL_REFERENCE,repeated for live/spoof balancing (official README)
source_SiW_Mv2/pro_3_text/train_B_spoof.txt,Makeup_Co_37,YES,Makeup_Cosmetic,2,DUPLICATE_PROTOCOL_REFERENCE,repeated for live/spoof balancing (official README)
source_SiW_Mv2/pro_3_text/train_B_spoof.txt,Makeup_Co_38,YES,Makeup_Cosmetic,3,DUPLICATE_PROTOCOL_REFERENCE,repeated for live/spoof balancing (official README)
source_SiW_Mv2/pro_3_text/train_B_spoof.txt,Makeup_Co_40,YES,Makeup_Cosmetic,2,DUPLICATE_PROTOCOL_REFERENCE,repeated for live/spoof balancing (official README)
source_SiW_Mv2/pro_3_text/train_B_spoof.txt,Makeup_Co_41,YES,Makeup_Cosmetic,2,DUPLICATE_PROTOCOL_REFERENCE,repeated for live/spoof balancing (official README)
source_SiW_Mv2/pro_3_text/train_B_spoof.txt,Makeup_Co_42,YES,Makeup_Cosmetic,3,DUPLICATE_PROTOCOL_REFERENCE,repeated for live/spoof balancing (official README)
source_SiW_Mv2/pro_3_text/train_B_spoof.txt,Makeup_Co_43,YES,Makeup_Cosmetic,2,DUPLICATE_PROTOCOL_REFERENCE,repeated for live/spoof balancing (official README)
source_SiW_Mv2/pro_3_text/train_B_spoof.txt,Makeup_Co_44,YES,Makeup_Cosmetic,2,DUPLICATE_PROTOCOL_REFERENCE,repeated for live/spoof balancing (official README)
source_SiW_Mv2/pro_3_text/train_B_spoof.txt,Makeup_Co_45,YES,Makeup_Cosmetic,3,DUPLICATE_PROTOCOL_REFERENCE,repeated for live/spoof balancing (official README)
source_SiW_Mv2/pro_3_text/train_B_spoof.txt,Makeup_Co_48,YES,Makeup_Cosmetic,3,DUPLICATE_PROTOCOL_REFERENCE,repeated for live/spoof balancing (official README)
source_SiW_Mv2/pro_3_text/train_B_spoof.txt,Makeup_Co_5,YES,Makeup_Cosmetic,2,DUPLICATE_PROTOCOL_REFERENCE,repeated for live/spoof balancing (official README)
source_SiW_Mv2/pro_3_text/train_B_spoof.txt,Makeup_Co_50,YES,Makeup_Cosmetic,2,DUPLICATE_PROTOCOL_REFERENCE,repeated for live/spoof balancing (official README)
source_SiW_Mv2/pro_3_text/train_B_spoof.txt,Makeup_Co_51,YES,Makeup_Cosmetic,3,DUPLICATE_PROTOCOL_REFERENCE,repeated for live/spoof balancing (official README)
source_SiW_Mv2/pro_3_text/train_B_spoof.txt,Makeup_Co_52,YES,Makeup_Cosmetic,2,DUPLICATE_PROTOCOL_REFERENCE,repeated for live/spoof balancing (official README)
source_SiW_Mv2/pro_3_text/train_B_spoof.txt,Makeup_Co_53,YES,Makeup_Cosmetic,2,DUPLICATE_PROTOCOL_REFERENCE,repeated for live/spoof balancing (official README)
source_SiW_Mv2/pro_3_text/train_B_spoof.txt,Makeup_Co_54,YES,Makeup_Cosmetic,3,DUPLICATE_PROTOCOL_REFERENCE,repeated for live/spoof balancing (official README)
source_SiW_Mv2/pro_3_text/train_B_spoof.txt,Makeup_Co_55,YES,Makeup_Cosmetic,2,DUPLICATE_PROTOCOL_REFERENCE,repeated for live/spoof balancing (official README)
source_SiW_Mv2/pro_3_text/train_B_spoof.txt,Makeup_Co_56,YES,Makeup_Cosmetic,3,DUPLICATE_PROTOCOL_REFERENCE,repeated for live/spoof balancing (official README)
source_SiW_Mv2/pro_3_text/train_B_spoof.txt,Makeup_Co_57,YES,Makeup_Cosmetic,2,DUPLICATE_PROTOCOL_REFERENCE,repeated for live/spoof balancing (official README)
source_SiW_Mv2/pro_3_text/train_B_spoof.txt,Makeup_Co_58,YES,Makeup_Cosmetic,2,DUPLICATE_PROTOCOL_REFERENCE,repeated for live/spoof balancing (official README)
source_SiW_Mv2/pro_3_text/train_B_spoof.txt,Makeup_Co_59,YES,Makeup_Cosmetic,2,DUPLICATE_PROTOCOL_REFERENCE,repeated for live/spoof balancing (official README)
source_SiW_Mv2/pro_3_text/train_B_spoof.txt,Makeup_Co_6,YES,Makeup_Cosmetic,3,DUPLICATE_PROTOCOL_REFERENCE,repeated for live/spoof balancing (official README)
source_SiW_Mv2/pro_3_text/train_B_spoof.txt,Makeup_Co_60,YES,Makeup_Cosmetic,2,DUPLICATE_PROTOCOL_REFERENCE,repeated for live/spoof balancing (official README)
source_SiW_Mv2/pro_3_text/train_B_spoof.txt,Makeup_Co_7,YES,Makeup_Cosmetic,2,DUPLICATE_PROTOCOL_REFERENCE,repeated for live/spoof balancing (official README)
source_SiW_Mv2/pro_3_text/train_B_spoof.txt,Makeup_Co_8,YES,Makeup_Cosmetic,2,DUPLICATE_PROTOCOL_REFERENCE,repeated for live/spoof balancing (official README)
source_SiW_Mv2/pro_3_text/train_B_spoof.txt,Makeup_Co_9,YES,Makeup_Cosmetic,3,DUPLICATE_PROTOCOL_REFERENCE,repeated for live/spoof balancing (official README)
source_SiW_Mv2/pro_3_text/train_B_spoof.txt,Mask_Mann_1,YES,Mannequin,3,DUPLICATE_PROTOCOL_REFERENCE,repeated for live/spoof balancing (official README)
source_SiW_Mv2/pro_3_text/train_B_spoof.txt,Mask_Mann_11,YES,Mannequin,3,DUPLICATE_PROTOCOL_REFERENCE,repeated for live/spoof balancing (official README)
source_SiW_Mv2/pro_3_text/train_B_spoof.txt,Mask_Mann_12,YES,Mannequin,3,DUPLICATE_PROTOCOL_REFERENCE,repeated for live/spoof balancing (official README)
source_SiW_Mv2/pro_3_text/train_B_spoof.txt,Mask_Mann_13,YES,Mannequin,3,DUPLICATE_PROTOCOL_REFERENCE,repeated for live/spoof balancing (official README)
source_SiW_Mv2/pro_3_text/train_B_spoof.txt,Mask_Mann_14,YES,Mannequin,3,DUPLICATE_PROTOCOL_REFERENCE,repeated for live/spoof balancing (official README)
source_SiW_Mv2/pro_3_text/train_B_spoof.txt,Mask_Mann_15,YES,Mannequin,4,DUPLICATE_PROTOCOL_REFERENCE,repeated for live/spoof balancing (official README)
source_SiW_Mv2/pro_3_text/train_B_spoof.txt,Mask_Mann_16,YES,Mannequin,3,DUPLICATE_PROTOCOL_REFERENCE,repeated for live/spoof balancing (official README)
source_SiW_Mv2/pro_3_text/train_B_spoof.txt,Mask_Mann_17,YES,Mannequin,3,DUPLICATE_PROTOCOL_REFERENCE,repeated for live/spoof balancing (official README)
source_SiW_Mv2/pro_3_text/train_B_spoof.txt,Mask_Mann_18,YES,Mannequin,3,DUPLICATE_PROTOCOL_REFERENCE,repeated for live/spoof balancing (official README)
source_SiW_Mv2/pro_3_text/train_B_spoof.txt,Mask_Mann_2,YES,Mannequin,3,DUPLICATE_PROTOCOL_REFERENCE,repeated for live/spoof balancing (official README)
source_SiW_Mv2/pro_3_text/train_B_spoof.txt,Mask_Mann_20,YES,Mannequin,4,DUPLICATE_PROTOCOL_REFERENCE,repeated for live/spoof balancing (official README)
source_SiW_Mv2/pro_3_text/train_B_spoof.txt,Mask_Mann_21,YES,Mannequin,3,DUPLICATE_PROTOCOL_REFERENCE,repeated for live/spoof balancing (official README)
source_SiW_Mv2/pro_3_text/train_B_spoof.txt,Mask_Mann_22,YES,Mannequin,3,DUPLICATE_PROTOCOL_REFERENCE,repeated for live/spoof balancing (official README)
source_SiW_Mv2/pro_3_text/train_B_spoof.txt,Mask_Mann_23,YES,Mannequin,3,DUPLICATE_PROTOCOL_REFERENCE,repeated for live/spoof balancing (official README)
source_SiW_Mv2/pro_3_text/train_B_spoof.txt,Mask_Mann_24,YES,Mannequin,3,DUPLICATE_PROTOCOL_REFERENCE,repeated for live/spoof balancing (official README)
source_SiW_Mv2/pro_3_text/train_B_spoof.txt,Mask_Mann_25,YES,Mannequin,3,DUPLICATE_PROTOCOL_REFERENCE,repeated for live/spoof balancing (official README)
source_SiW_Mv2/pro_3_text/train_B_spoof.txt,Mask_Mann_26,YES,Mannequin,3,DUPLICATE_PROTOCOL_REFERENCE,repeated for live/spoof balancing (official README)
source_SiW_Mv2/pro_3_text/train_B_spoof.txt,Mask_Mann_27,YES,Mannequin,4,DUPLICATE_PROTOCOL_REFERENCE,repeated for live/spoof balancing (official README)
source_SiW_Mv2/pro_3_text/train_B_spoof.txt,Mask_Mann_28,YES,Mannequin,3,DUPLICATE_PROTOCOL_REFERENCE,repeated for live/spoof balancing (official README)
source_SiW_Mv2/pro_3_text/train_B_spoof.txt,Mask_Mann_29,YES,Mannequin,3,DUPLICATE_PROTOCOL_REFERENCE,repeated for live/spoof balancing (official README)
source_SiW_Mv2/pro_3_text/train_B_spoof.txt,Mask_Mann_3,YES,Mannequin,3,DUPLICATE_PROTOCOL_REFERENCE,repeated for live/spoof balancing (official README)
source_SiW_Mv2/pro_3_text/train_B_spoof.txt,Mask_Mann_30,YES,Mannequin,3,DUPLICATE_PROTOCOL_REFERENCE,repeated for live/spoof balancing (official README)
source_SiW_Mv2/pro_3_text/train_B_spoof.txt,Mask_Mann_31,YES,Mannequin,3,DUPLICATE_PROTOCOL_REFERENCE,repeated for live/spoof balancing (official README)
source_SiW_Mv2/pro_3_text/train_B_spoof.txt,Mask_Mann_36,YES,Mannequin,3,DUPLICATE_PROTOCOL_REFERENCE,repeated for live/spoof balancing (official README)
source_SiW_Mv2/pro_3_text/train_B_spoof.txt,Mask_Mann_37,YES,Mannequin,3,DUPLICATE_PROTOCOL_REFERENCE,repeated for live/spoof balancing (official README)
source_SiW_Mv2/pro_3_text/train_B_spoof.txt,Mask_Mann_38,YES,Mannequin,3,DUPLICATE_PROTOCOL_REFERENCE,repeated for live/spoof balancing (official README)
source_SiW_Mv2/pro_3_text/train_B_spoof.txt,Mask_Mann_39,YES,Mannequin,3,DUPLICATE_PROTOCOL_REFERENCE,repeated for live/spoof balancing (official README)
source_SiW_Mv2/pro_3_text/train_B_spoof.txt,Mask_Mann_4,YES,Mannequin,4,DUPLICATE_PROTOCOL_REFERENCE,repeated for live/spoof balancing (official README)
source_SiW_Mv2/pro_3_text/train_B_spoof.txt,Mask_Mann_40,YES,Mannequin,3,DUPLICATE_PROTOCOL_REFERENCE,repeated for live/spoof balancing (official README)
source_SiW_Mv2/pro_3_text/train_B_spoof.txt,Mask_Mann_5,YES,Mannequin,3,DUPLICATE_PROTOCOL_REFERENCE,repeated for live/spoof balancing (official README)
source_SiW_Mv2/pro_3_text/train_B_spoof.txt,Mask_Mann_6,YES,Mannequin,3,DUPLICATE_PROTOCOL_REFERENCE,repeated for live/spoof balancing (official README)
source_SiW_Mv2/pro_3_text/train_B_spoof.txt,Mask_Mann_8,YES,Mannequin,3,DUPLICATE_PROTOCOL_REFERENCE,repeated for live/spoof balancing (official README)
source_SiW_Mv2/pro_3_text/train_B_spoof.txt,Paper_121,YES,Paper,1,PRESENT,
source_SiW_Mv2/pro_3_text/train_B_spoof.txt,Paper_122,YES,Paper,1,PRESENT,
source_SiW_Mv2/pro_3_text/train_B_spoof.txt,Paper_123,YES,Paper,1,PRESENT,
source_SiW_Mv2/pro_3_text/train_B_spoof.txt,Paper_124,YES,Paper,1,PRESENT,
source_SiW_Mv2/pro_3_text/train_B_spoof.txt,Paper_127,YES,Paper,1,PRESENT,
source_SiW_Mv2/pro_3_text/train_B_spoof.txt,Paper_128,YES,Paper,1,PRESENT,
source_SiW_Mv2/pro_3_text/train_B_spoof.txt,Paper_131,YES,Paper,1,PRESENT,
source_SiW_Mv2/pro_3_text/train_B_spoof.txt,Paper_132,YES,Paper,1,PRESENT,
source_SiW_Mv2/pro_3_text/train_B_spoof.txt,Paper_133,YES,Paper,1,PRESENT,
source_SiW_Mv2/pro_3_text/train_B_spoof.txt,Paper_134,YES,Paper,1,PRESENT,
source_SiW_Mv2/pro_3_text/train_B_spoof.txt,Paper_19,YES,Paper,1,PRESENT,
source_SiW_Mv2/pro_3_text/train_B_spoof.txt,Paper_31,YES,Paper,1,PRESENT,
source_SiW_Mv2/pro_3_text/train_B_spoof.txt,Paper_32,YES,Paper,1,PRESENT,
source_SiW_Mv2/pro_3_text/train_B_spoof.txt,Paper_45,YES,Paper,1,PRESENT,
source_SiW_Mv2/pro_3_text/train_B_spoof.txt,Paper_49,YES,Paper,1,PRESENT,
source_SiW_Mv2/pro_3_text/train_B_spoof.txt,Paper_54,YES,Paper,1,PRESENT,
source_SiW_Mv2/pro_3_text/train_B_spoof.txt,Paper_56,YES,Paper,1,PRESENT,
source_SiW_Mv2/pro_3_text/train_B_spoof.txt,Paper_61,YES,Paper,1,PRESENT,
source_SiW_Mv2/pro_3_text/train_B_spoof.txt,Paper_62,YES,Paper,1,PRESENT,
source_SiW_Mv2/pro_3_text/train_B_spoof.txt,Paper_8,YES,Paper,1,PRESENT,
source_SiW_Mv2/pro_3_text/train_B_spoof.txt,Paper_9,YES,Paper,1,PRESENT,
source_SiW_Mv2/pro_3_text/train_B_spoof.txt,Paper_92,YES,Paper,1,PRESENT,
source_SiW_Mv2/pro_3_text/train_B_spoof.txt,Partial_Funnyeye_1,YES,Partial_FunnyeyeGlasses,1,PRESENT,
source_SiW_Mv2/pro_3_text/train_B_spoof.txt,Partial_Funnyeye_10,YES,Partial_FunnyeyeGlasses,1,PRESENT,
source_SiW_Mv2/pro_3_text/train_B_spoof.txt,Partial_Funnyeye_100,YES,Partial_FunnyeyeGlasses,1,PRESENT,
source_SiW_Mv2/pro_3_text/train_B_spoof.txt,Partial_Funnyeye_101,YES,Partial_FunnyeyeGlasses,1,PRESENT,
source_SiW_Mv2/pro_3_text/train_B_spoof.txt,Partial_Funnyeye_102,YES,Partial_FunnyeyeGlasses,1,PRESENT,
source_SiW_Mv2/pro_3_text/train_B_spoof.txt,Partial_Funnyeye_103,YES,Partial_FunnyeyeGlasses,1,PRESENT,
source_SiW_Mv2/pro_3_text/train_B_spoof.txt,Partial_Funnyeye_104,YES,Partial_FunnyeyeGlasses,1,PRESENT,
source_SiW_Mv2/pro_3_text/train_B_spoof.txt,Partial_Funnyeye_105,YES,Partial_FunnyeyeGlasses,1,PRESENT,
source_SiW_Mv2/pro_3_text/train_B_spoof.txt,Partial_Funnyeye_106,YES,Partial_FunnyeyeGlasses,1,PRESENT,
source_SiW_Mv2/pro_3_text/train_B_spoof.txt,Partial_Funnyeye_107,YES,Partial_FunnyeyeGlasses,1,PRESENT,
source_SiW_Mv2/pro_3_text/train_B_spoof.txt,Partial_Funnyeye_11,YES,Partial_FunnyeyeGlasses,1,PRESENT,
source_SiW_Mv2/pro_3_text/train_B_spoof.txt,Partial_Funnyeye_110,YES,Partial_FunnyeyeGlasses,1,PRESENT,
source_SiW_Mv2/pro_3_text/train_B_spoof.txt,Partial_Funnyeye_112,YES,Partial_FunnyeyeGlasses,1,PRESENT,
source_SiW_Mv2/pro_3_text/train_B_spoof.txt,Partial_Funnyeye_113,YES,Partial_FunnyeyeGlasses,1,PRESENT,
source_SiW_Mv2/pro_3_text/train_B_spoof.txt,Partial_Funnyeye_114,YES,Partial_FunnyeyeGlasses,1,PRESENT,
source_SiW_Mv2/pro_3_text/train_B_spoof.txt,Partial_Funnyeye_115,YES,Partial_FunnyeyeGlasses,1,PRESENT,
source_SiW_Mv2/pro_3_text/train_B_spoof.txt,Partial_Funnyeye_116,YES,Partial_FunnyeyeGlasses,1,PRESENT,
source_SiW_Mv2/pro_3_text/train_B_spoof.txt,Partial_Funnyeye_117,YES,Partial_FunnyeyeGlasses,1,PRESENT,
source_SiW_Mv2/pro_3_text/train_B_spoof.txt,Partial_Funnyeye_119,YES,Partial_FunnyeyeGlasses,1,PRESENT,
source_SiW_Mv2/pro_3_text/train_B_spoof.txt,Partial_Funnyeye_120,YES,Partial_FunnyeyeGlasses,1,PRESENT,
source_SiW_Mv2/pro_3_text/train_B_spoof.txt,Partial_Funnyeye_121,YES,Partial_FunnyeyeGlasses,1,PRESENT,
source_SiW_Mv2/pro_3_text/train_B_spoof.txt,Partial_Funnyeye_122,YES,Partial_FunnyeyeGlasses,1,PRESENT,
source_SiW_Mv2/pro_3_text/train_B_spoof.txt,Partial_Funnyeye_123,YES,Partial_FunnyeyeGlasses,1,PRESENT,
source_SiW_Mv2/pro_3_text/train_B_spoof.txt,Partial_Funnyeye_125,YES,Partial_FunnyeyeGlasses,1,PRESENT,
source_SiW_Mv2/pro_3_text/train_B_spoof.txt,Partial_Funnyeye_126,YES,Partial_FunnyeyeGlasses,1,PRESENT,
source_SiW_Mv2/pro_3_text/train_B_spoof.txt,Partial_Funnyeye_127,YES,Partial_FunnyeyeGlasses,1,PRESENT,
source_SiW_Mv2/pro_3_text/train_B_spoof.txt,Partial_Funnyeye_128,YES,Partial_FunnyeyeGlasses,1,PRESENT,
source_SiW_Mv2/pro_3_text/train_B_spoof.txt,Partial_Funnyeye_129,YES,Partial_FunnyeyeGlasses,1,PRESENT,
source_SiW_Mv2/pro_3_text/train_B_spoof.txt,Partial_Funnyeye_13,YES,Partial_FunnyeyeGlasses,1,PRESENT,
source_SiW_Mv2/pro_3_text/train_B_spoof.txt,Partial_Funnyeye_130,YES,Partial_FunnyeyeGlasses,1,PRESENT,
source_SiW_Mv2/pro_3_text/train_B_spoof.txt,Partial_Funnyeye_131,YES,Partial_FunnyeyeGlasses,1,PRESENT,
source_SiW_Mv2/pro_3_text/train_B_spoof.txt,Partial_Funnyeye_132,YES,Partial_FunnyeyeGlasses,1,PRESENT,
source_SiW_Mv2/pro_3_text/train_B_spoof.txt,Partial_Funnyeye_133,YES,Partial_FunnyeyeGlasses,1,PRESENT,
source_SiW_Mv2/pro_3_text/train_B_spoof.txt,Partial_Funnyeye_134,YES,Partial_FunnyeyeGlasses,1,PRESENT,
source_SiW_Mv2/pro_3_text/train_B_spoof.txt,Partial_Funnyeye_135,YES,Partial_FunnyeyeGlasses,1,PRESENT,
source_SiW_Mv2/pro_3_text/train_B_spoof.txt,Partial_Funnyeye_136,YES,Partial_FunnyeyeGlasses,1,PRESENT,
source_SiW_Mv2/pro_3_text/train_B_spoof.txt,Partial_Funnyeye_137,YES,Partial_FunnyeyeGlasses,1,PRESENT,
source_SiW_Mv2/pro_3_text/train_B_spoof.txt,Partial_Funnyeye_138,YES,Partial_FunnyeyeGlasses,1,PRESENT,
source_SiW_Mv2/pro_3_text/train_B_spoof.txt,Partial_Funnyeye_14,YES,Partial_FunnyeyeGlasses,1,PRESENT,
source_SiW_Mv2/pro_3_text/train_B_spoof.txt,Partial_Funnyeye_140,YES,Partial_FunnyeyeGlasses,1,PRESENT,
source_SiW_Mv2/pro_3_text/train_B_spoof.txt,Partial_Funnyeye_141,YES,Partial_FunnyeyeGlasses,1,PRESENT,
source_SiW_Mv2/pro_3_text/train_B_spoof.txt,Partial_Funnyeye_142,YES,Partial_FunnyeyeGlasses,1,PRESENT,
source_SiW_Mv2/pro_3_text/train_B_spoof.txt,Partial_Funnyeye_143,YES,Partial_FunnyeyeGlasses,1,PRESENT,
source_SiW_Mv2/pro_3_text/train_B_spoof.txt,Partial_Funnyeye_144,YES,Partial_FunnyeyeGlasses,1,PRESENT,
source_SiW_Mv2/pro_3_text/train_B_spoof.txt,Partial_Funnyeye_145,YES,Partial_FunnyeyeGlasses,1,PRESENT,
source_SiW_Mv2/pro_3_text/train_B_spoof.txt,Partial_Funnyeye_146,YES,Partial_FunnyeyeGlasses,1,PRESENT,
source_SiW_Mv2/pro_3_text/train_B_spoof.txt,Partial_Funnyeye_147,YES,Partial_FunnyeyeGlasses,1,PRESENT,
source_SiW_Mv2/pro_3_text/train_B_spoof.txt,Partial_Funnyeye_148,YES,Partial_FunnyeyeGlasses,1,PRESENT,
source_SiW_Mv2/pro_3_text/train_B_spoof.txt,Partial_Funnyeye_151,YES,Partial_FunnyeyeGlasses,1,PRESENT,
source_SiW_Mv2/pro_3_text/train_B_spoof.txt,Partial_Funnyeye_152,YES,Partial_FunnyeyeGlasses,1,PRESENT,
source_SiW_Mv2/pro_3_text/train_B_spoof.txt,Partial_Funnyeye_153,YES,Partial_FunnyeyeGlasses,1,PRESENT,
source_SiW_Mv2/pro_3_text/train_B_spoof.txt,Partial_Funnyeye_154,YES,Partial_FunnyeyeGlasses,1,PRESENT,
source_SiW_Mv2/pro_3_text/train_B_spoof.txt,Partial_Funnyeye_155,YES,Partial_FunnyeyeGlasses,1,PRESENT,
source_SiW_Mv2/pro_3_text/train_B_spoof.txt,Partial_Funnyeye_156,YES,Partial_FunnyeyeGlasses,1,PRESENT,
source_SiW_Mv2/pro_3_text/train_B_spoof.txt,Partial_Funnyeye_157,YES,Partial_FunnyeyeGlasses,1,PRESENT,
source_SiW_Mv2/pro_3_text/train_B_spoof.txt,Partial_Funnyeye_159,YES,Partial_FunnyeyeGlasses,1,PRESENT,
source_SiW_Mv2/pro_3_text/train_B_spoof.txt,Partial_Funnyeye_16,YES,Partial_FunnyeyeGlasses,1,PRESENT,
source_SiW_Mv2/pro_3_text/train_B_spoof.txt,Partial_Funnyeye_160,YES,Partial_FunnyeyeGlasses,1,PRESENT,
source_SiW_Mv2/pro_3_text/train_B_spoof.txt,Partial_Funnyeye_161,YES,Partial_FunnyeyeGlasses,1,PRESENT,
source_SiW_Mv2/pro_3_text/train_B_spoof.txt,Partial_Funnyeye_162,YES,Partial_FunnyeyeGlasses,1,PRESENT,
source_SiW_Mv2/pro_3_text/train_B_spoof.txt,Partial_Funnyeye_163,YES,Partial_FunnyeyeGlasses,1,PRESENT,
source_SiW_Mv2/pro_3_text/train_B_spoof.txt,Partial_Funnyeye_164,YES,Partial_FunnyeyeGlasses,1,PRESENT,
source_SiW_Mv2/pro_3_text/train_B_spoof.txt,Partial_Funnyeye_166,YES,Partial_FunnyeyeGlasses,1,PRESENT,
source_SiW_Mv2/pro_3_text/train_B_spoof.txt,Partial_Funnyeye_167,YES,Partial_FunnyeyeGlasses,1,PRESENT,
source_SiW_Mv2/pro_3_text/train_B_spoof.txt,Partial_Funnyeye_168,YES,Partial_FunnyeyeGlasses,1,PRESENT,
source_SiW_Mv2/pro_3_text/train_B_spoof.txt,Partial_Funnyeye_169,YES,Partial_FunnyeyeGlasses,1,PRESENT,
source_SiW_Mv2/pro_3_text/train_B_spoof.txt,Partial_Funnyeye_17,YES,Partial_FunnyeyeGlasses,1,PRESENT,
source_SiW_Mv2/pro_3_text/train_B_spoof.txt,Partial_Funnyeye_170,YES,Partial_FunnyeyeGlasses,1,PRESENT,
source_SiW_Mv2/pro_3_text/train_B_spoof.txt,Partial_Funnyeye_171,YES,Partial_FunnyeyeGlasses,1,PRESENT,
source_SiW_Mv2/pro_3_text/train_B_spoof.txt,Partial_Funnyeye_173,YES,Partial_FunnyeyeGlasses,1,PRESENT,
source_SiW_Mv2/pro_3_text/train_B_spoof.txt,Partial_Funnyeye_174,YES,Partial_FunnyeyeGlasses,1,PRESENT,
source_SiW_Mv2/pro_3_text/train_B_spoof.txt,Partial_Funnyeye_175,YES,Partial_FunnyeyeGlasses,1,PRESENT,
source_SiW_Mv2/pro_3_text/train_B_spoof.txt,Partial_Funnyeye_176,YES,Partial_FunnyeyeGlasses,1,PRESENT,
source_SiW_Mv2/pro_3_text/train_B_spoof.txt,Partial_Funnyeye_177,YES,Partial_FunnyeyeGlasses,1,PRESENT,
source_SiW_Mv2/pro_3_text/train_B_spoof.txt,Partial_Funnyeye_178,YES,Partial_FunnyeyeGlasses,1,PRESENT,
source_SiW_Mv2/pro_3_text/train_B_spoof.txt,Partial_Funnyeye_18,YES,Partial_FunnyeyeGlasses,1,PRESENT,
source_SiW_Mv2/pro_3_text/train_B_spoof.txt,Partial_Funnyeye_19,YES,Partial_FunnyeyeGlasses,1,PRESENT,
source_SiW_Mv2/pro_3_text/train_B_spoof.txt,Partial_Funnyeye_2,YES,Partial_FunnyeyeGlasses,1,PRESENT,
source_SiW_Mv2/pro_3_text/train_B_spoof.txt,Partial_Funnyeye_22,YES,Partial_FunnyeyeGlasses,1,PRESENT,
source_SiW_Mv2/pro_3_text/train_B_spoof.txt,Partial_Funnyeye_23,YES,Partial_FunnyeyeGlasses,1,PRESENT,
source_SiW_Mv2/pro_3_text/train_B_spoof.txt,Partial_Funnyeye_24,YES,Partial_FunnyeyeGlasses,1,PRESENT,
source_SiW_Mv2/pro_3_text/train_B_spoof.txt,Partial_Funnyeye_25,YES,Partial_FunnyeyeGlasses,1,PRESENT,
source_SiW_Mv2/pro_3_text/train_B_spoof.txt,Partial_Funnyeye_26,YES,Partial_FunnyeyeGlasses,1,PRESENT,
source_SiW_Mv2/pro_3_text/train_B_spoof.txt,Partial_Funnyeye_27,YES,Partial_FunnyeyeGlasses,1,PRESENT,
source_SiW_Mv2/pro_3_text/train_B_spoof.txt,Partial_Funnyeye_28,YES,Partial_FunnyeyeGlasses,1,PRESENT,
source_SiW_Mv2/pro_3_text/train_B_spoof.txt,Partial_Funnyeye_29,YES,Partial_FunnyeyeGlasses,1,PRESENT,
source_SiW_Mv2/pro_3_text/train_B_spoof.txt,Partial_Funnyeye_3,YES,Partial_FunnyeyeGlasses,1,PRESENT,
source_SiW_Mv2/pro_3_text/train_B_spoof.txt,Partial_Funnyeye_30,YES,Partial_FunnyeyeGlasses,1,PRESENT,
source_SiW_Mv2/pro_3_text/train_B_spoof.txt,Partial_Funnyeye_31,YES,Partial_FunnyeyeGlasses,1,PRESENT,
source_SiW_Mv2/pro_3_text/train_B_spoof.txt,Partial_Funnyeye_32,YES,Partial_FunnyeyeGlasses,1,PRESENT,
source_SiW_Mv2/pro_3_text/train_B_spoof.txt,Partial_Funnyeye_33,YES,Partial_FunnyeyeGlasses,1,PRESENT,
source_SiW_Mv2/pro_3_text/train_B_spoof.txt,Partial_Funnyeye_34,YES,Partial_FunnyeyeGlasses,1,PRESENT,
source_SiW_Mv2/pro_3_text/train_B_spoof.txt,Partial_Funnyeye_35,YES,Partial_FunnyeyeGlasses,1,PRESENT,
source_SiW_Mv2/pro_3_text/train_B_spoof.txt,Partial_Funnyeye_36,YES,Partial_FunnyeyeGlasses,1,PRESENT,
source_SiW_Mv2/pro_3_text/train_B_spoof.txt,Partial_Funnyeye_37,YES,Partial_FunnyeyeGlasses,1,PRESENT,
source_SiW_Mv2/pro_3_text/train_B_spoof.txt,Partial_Funnyeye_4,YES,Partial_FunnyeyeGlasses,1,PRESENT,
source_SiW_Mv2/pro_3_text/train_B_spoof.txt,Partial_Funnyeye_40,YES,Partial_FunnyeyeGlasses,1,PRESENT,
source_SiW_Mv2/pro_3_text/train_B_spoof.txt,Partial_Funnyeye_41,YES,Partial_FunnyeyeGlasses,1,PRESENT,
source_SiW_Mv2/pro_3_text/train_B_spoof.txt,Partial_Funnyeye_43,YES,Partial_FunnyeyeGlasses,1,PRESENT,
source_SiW_Mv2/pro_3_text/train_B_spoof.txt,Partial_Funnyeye_44,YES,Partial_FunnyeyeGlasses,1,PRESENT,
source_SiW_Mv2/pro_3_text/train_B_spoof.txt,Partial_Funnyeye_45,YES,Partial_FunnyeyeGlasses,1,PRESENT,
source_SiW_Mv2/pro_3_text/train_B_spoof.txt,Partial_Funnyeye_46,YES,Partial_FunnyeyeGlasses,1,PRESENT,
source_SiW_Mv2/pro_3_text/train_B_spoof.txt,Partial_Funnyeye_47,YES,Partial_FunnyeyeGlasses,1,PRESENT,
source_SiW_Mv2/pro_3_text/train_B_spoof.txt,Partial_Funnyeye_48,YES,Partial_FunnyeyeGlasses,1,PRESENT,
source_SiW_Mv2/pro_3_text/train_B_spoof.txt,Partial_Funnyeye_5,YES,Partial_FunnyeyeGlasses,1,PRESENT,
source_SiW_Mv2/pro_3_text/train_B_spoof.txt,Partial_Funnyeye_50,YES,Partial_FunnyeyeGlasses,1,PRESENT,
source_SiW_Mv2/pro_3_text/train_B_spoof.txt,Partial_Funnyeye_51,YES,Partial_FunnyeyeGlasses,1,PRESENT,
source_SiW_Mv2/pro_3_text/train_B_spoof.txt,Partial_Funnyeye_52,YES,Partial_FunnyeyeGlasses,1,PRESENT,
source_SiW_Mv2/pro_3_text/train_B_spoof.txt,Partial_Funnyeye_55,YES,Partial_FunnyeyeGlasses,1,PRESENT,
source_SiW_Mv2/pro_3_text/train_B_spoof.txt,Partial_Funnyeye_56,YES,Partial_FunnyeyeGlasses,1,PRESENT,
source_SiW_Mv2/pro_3_text/train_B_spoof.txt,Partial_Funnyeye_57,YES,Partial_FunnyeyeGlasses,1,PRESENT,
source_SiW_Mv2/pro_3_text/train_B_spoof.txt,Partial_Funnyeye_58,YES,Partial_FunnyeyeGlasses,1,PRESENT,
source_SiW_Mv2/pro_3_text/train_B_spoof.txt,Partial_Funnyeye_59,YES,Partial_FunnyeyeGlasses,1,PRESENT,
source_SiW_Mv2/pro_3_text/train_B_spoof.txt,Partial_Funnyeye_6,YES,Partial_FunnyeyeGlasses,1,PRESENT,
source_SiW_Mv2/pro_3_text/train_B_spoof.txt,Partial_Funnyeye_62,YES,Partial_FunnyeyeGlasses,1,PRESENT,
source_SiW_Mv2/pro_3_text/train_B_spoof.txt,Partial_Funnyeye_63,YES,Partial_FunnyeyeGlasses,1,PRESENT,
source_SiW_Mv2/pro_3_text/train_B_spoof.txt,Partial_Funnyeye_64,YES,Partial_FunnyeyeGlasses,1,PRESENT,
source_SiW_Mv2/pro_3_text/train_B_spoof.txt,Partial_Funnyeye_65,YES,Partial_FunnyeyeGlasses,1,PRESENT,
source_SiW_Mv2/pro_3_text/train_B_spoof.txt,Partial_Funnyeye_66,YES,Partial_FunnyeyeGlasses,1,PRESENT,
source_SiW_Mv2/pro_3_text/train_B_spoof.txt,Partial_Funnyeye_67,YES,Partial_FunnyeyeGlasses,1,PRESENT,
source_SiW_Mv2/pro_3_text/train_B_spoof.txt,Partial_Funnyeye_70,YES,Partial_FunnyeyeGlasses,1,PRESENT,
source_SiW_Mv2/pro_3_text/train_B_spoof.txt,Partial_Funnyeye_71,YES,Partial_FunnyeyeGlasses,1,PRESENT,
source_SiW_Mv2/pro_3_text/train_B_spoof.txt,Partial_Funnyeye_72,YES,Partial_FunnyeyeGlasses,1,PRESENT,
source_SiW_Mv2/pro_3_text/train_B_spoof.txt,Partial_Funnyeye_73,YES,Partial_FunnyeyeGlasses,1,PRESENT,
source_SiW_Mv2/pro_3_text/train_B_spoof.txt,Partial_Funnyeye_75,YES,Partial_FunnyeyeGlasses,1,PRESENT,
source_SiW_Mv2/pro_3_text/train_B_spoof.txt,Partial_Funnyeye_77,YES,Partial_FunnyeyeGlasses,1,PRESENT,
source_SiW_Mv2/pro_3_text/train_B_spoof.txt,Partial_Funnyeye_78,YES,Partial_FunnyeyeGlasses,1,PRESENT,
source_SiW_Mv2/pro_3_text/train_B_spoof.txt,Partial_Funnyeye_80,YES,Partial_FunnyeyeGlasses,1,PRESENT,
source_SiW_Mv2/pro_3_text/train_B_spoof.txt,Partial_Funnyeye_81,YES,Partial_FunnyeyeGlasses,1,PRESENT,
source_SiW_Mv2/pro_3_text/train_B_spoof.txt,Partial_Funnyeye_82,YES,Partial_FunnyeyeGlasses,1,PRESENT,
source_SiW_Mv2/pro_3_text/train_B_spoof.txt,Partial_Funnyeye_83,YES,Partial_FunnyeyeGlasses,1,PRESENT,
source_SiW_Mv2/pro_3_text/train_B_spoof.txt,Partial_Funnyeye_84,YES,Partial_FunnyeyeGlasses,1,PRESENT,
source_SiW_Mv2/pro_3_text/train_B_spoof.txt,Partial_Funnyeye_85,YES,Partial_FunnyeyeGlasses,1,PRESENT,
source_SiW_Mv2/pro_3_text/train_B_spoof.txt,Partial_Funnyeye_86,YES,Partial_FunnyeyeGlasses,1,PRESENT,
source_SiW_Mv2/pro_3_text/train_B_spoof.txt,Partial_Funnyeye_87,YES,Partial_FunnyeyeGlasses,1,PRESENT,
source_SiW_Mv2/pro_3_text/train_B_spoof.txt,Partial_Funnyeye_89,YES,Partial_FunnyeyeGlasses,1,PRESENT,
source_SiW_Mv2/pro_3_text/train_B_spoof.txt,Partial_Funnyeye_9,YES,Partial_FunnyeyeGlasses,1,PRESENT,
source_SiW_Mv2/pro_3_text/train_B_spoof.txt,Partial_Funnyeye_90,YES,Partial_FunnyeyeGlasses,1,PRESENT,
source_SiW_Mv2/pro_3_text/train_B_spoof.txt,Partial_Funnyeye_91,YES,Partial_FunnyeyeGlasses,1,PRESENT,
source_SiW_Mv2/pro_3_text/train_B_spoof.txt,Partial_Funnyeye_93,YES,Partial_FunnyeyeGlasses,1,PRESENT,
source_SiW_Mv2/pro_3_text/train_B_spoof.txt,Partial_Funnyeye_94,YES,Partial_FunnyeyeGlasses,1,PRESENT,
source_SiW_Mv2/pro_3_text/train_B_spoof.txt,Partial_Funnyeye_97,YES,Partial_FunnyeyeGlasses,1,PRESENT,
source_SiW_Mv2/pro_3_text/train_B_spoof.txt,Partial_Funnyeye_98,YES,Partial_FunnyeyeGlasses,1,PRESENT,
source_SiW_Mv2/pro_3_text/train_B_spoof.txt,Partial_Funnyeye_99,YES,Partial_FunnyeyeGlasses,1,PRESENT,
source_SiW_Mv2/pro_3_text/train_B_spoof.txt,Replay_1,YES,Replay,1,PRESENT,
source_SiW_Mv2/pro_3_text/train_B_spoof.txt,Replay_10,YES,Replay,1,PRESENT,
source_SiW_Mv2/pro_3_text/train_B_spoof.txt,Replay_11,YES,Replay,1,PRESENT,
source_SiW_Mv2/pro_3_text/train_B_spoof.txt,Replay_12,YES,Replay,1,PRESENT,
source_SiW_Mv2/pro_3_text/train_B_spoof.txt,Replay_13,YES,Replay,1,PRESENT,
source_SiW_Mv2/pro_3_text/train_B_spoof.txt,Replay_15,YES,Replay,1,PRESENT,
source_SiW_Mv2/pro_3_text/train_B_spoof.txt,Replay_16,YES,Replay,1,PRESENT,
source_SiW_Mv2/pro_3_text/train_B_spoof.txt,Replay_19,YES,Replay,1,PRESENT,
source_SiW_Mv2/pro_3_text/train_B_spoof.txt,Replay_20,YES,Replay,1,PRESENT,
source_SiW_Mv2/pro_3_text/train_B_spoof.txt,Replay_21,YES,Replay,1,PRESENT,
source_SiW_Mv2/pro_3_text/train_B_spoof.txt,Replay_22,YES,Replay,1,PRESENT,
source_SiW_Mv2/pro_3_text/train_B_spoof.txt,Replay_23,YES,Replay,1,PRESENT,
source_SiW_Mv2/pro_3_text/train_B_spoof.txt,Replay_30,YES,Replay,1,PRESENT,
source_SiW_Mv2/pro_3_text/train_B_spoof.txt,Replay_35,YES,Replay,1,PRESENT,
source_SiW_Mv2/pro_3_text/train_B_spoof.txt,Replay_47,YES,Replay,1,PRESENT,
source_SiW_Mv2/pro_3_text/train_B_spoof.txt,Replay_58,YES,Replay,1,PRESENT,
source_SiW_Mv2/pro_3_text/train_B_spoof.txt,Replay_63,YES,Replay,1,PRESENT,
source_SiW_Mv2/pro_3_text/train_B_spoof.txt,Replay_64,YES,Replay,1,PRESENT,
source_SiW_Mv2/pro_3_text/train_B_spoof.txt,Replay_66,YES,Replay,1,PRESENT,
source_SiW_Mv2/pro_3_text/train_B_spoof.txt,Replay_76,YES,Replay,1,PRESENT,
source_SiW_Mv2/pro_3_text/train_B_spoof.txt,Replay_77,YES,Replay,1,PRESENT,
source_SiW_Mv2/pro_3_text/train_B_spoof.txt,Replay_78,YES,Replay,1,PRESENT,
source_SiW_Mv2/pro_3_text/train_B_spoof.txt,Replay_79,YES,Replay,1,PRESENT,
source_SiW_Mv2/pro_3_text/train_B_spoof.txt,Replay_80,YES,Replay,1,PRESENT,
source_SiW_Mv2/pro_3_text/train_B_spoof.txt,Replay_81,YES,Replay,1,PRESENT,
source_SiW_Mv2/pro_3_text/train_B_spoof.txt,Replay_82,YES,Replay,1,PRESENT,
source_SiW_Mv2/pro_3_text/train_B_spoof.txt,Replay_83,YES,Replay,1,PRESENT,
source_SiW_Mv2/pro_3_text/train_B_spoof.txt,Replay_93,YES,Replay,1,PRESENT,
source_SiW_Mv2/pro_3_text/train_B_spoof.txt,Replay_94,YES,Replay,1,PRESENT,
source_SiW_Mv2/pro_3_text/train_B_spoof.txt,Replay_95,YES,Replay,1,PRESENT,
source_SiW_Mv2/pro_3_text/train_B_spoof.txt,Replay_96,YES,Replay,1,PRESENT,
source_SiW_Mv2/pro_3_text/train_B_spoof.txt,Replay_97,YES,Replay,1,PRESENT,
source_SiW_Mv2/pro_3_text/train_B_spoof.txt,Replay_98,YES,Replay,1,PRESENT,
source_SiW_Mv2/pro_3_text/train_B_spoof.txt,Replay_99,YES,Replay,1,PRESENT,
source_SiW_Mv2/pro_3_text/test_B_spoof.txt,Live_118,YES,Live,1,PRESENT,
source_SiW_Mv2/pro_3_text/test_B_spoof.txt,Live_16,YES,Live,1,PRESENT,
source_SiW_Mv2/pro_3_text/test_B_spoof.txt,Live_374,YES,Live,1,PRESENT,
source_SiW_Mv2/pro_3_text/test_B_spoof.txt,Live_376,YES,Live,1,PRESENT,
source_SiW_Mv2/pro_3_text/test_B_spoof.txt,Live_453,YES,Live,1,PRESENT,
source_SiW_Mv2/pro_3_text/test_B_spoof.txt,Live_628,YES,Live,1,PRESENT,
source_SiW_Mv2/pro_3_text/test_B_spoof.txt,Live_7,YES,Live,1,PRESENT,
source_SiW_Mv2/pro_3_text/test_B_spoof.txt,Live_92,YES,Live,1,PRESENT,
source_SiW_Mv2/pro_3_text/test_B_spoof.txt,Makeup_Co_10,YES,Makeup_Cosmetic,1,PRESENT,
source_SiW_Mv2/pro_3_text/test_B_spoof.txt,Makeup_Co_21,YES,Makeup_Cosmetic,1,PRESENT,
source_SiW_Mv2/pro_3_text/test_B_spoof.txt,Makeup_Co_23,YES,Makeup_Cosmetic,1,PRESENT,
source_SiW_Mv2/pro_3_text/test_B_spoof.txt,Makeup_Co_24,YES,Makeup_Cosmetic,1,PRESENT,
source_SiW_Mv2/pro_3_text/test_B_spoof.txt,Makeup_Co_35,YES,Makeup_Cosmetic,1,PRESENT,
source_SiW_Mv2/pro_3_text/test_B_spoof.txt,Makeup_Co_39,YES,Makeup_Cosmetic,1,PRESENT,
source_SiW_Mv2/pro_3_text/test_B_spoof.txt,Makeup_Co_46,YES,Makeup_Cosmetic,1,PRESENT,
source_SiW_Mv2/pro_3_text/test_B_spoof.txt,Makeup_Co_47,YES,Makeup_Cosmetic,1,PRESENT,
source_SiW_Mv2/pro_3_text/test_B_spoof.txt,Makeup_Co_49,YES,Makeup_Cosmetic,1,PRESENT,
source_SiW_Mv2/pro_3_text/test_B_spoof.txt,Mask_Mann_10,YES,Mannequin,1,PRESENT,
source_SiW_Mv2/pro_3_text/test_B_spoof.txt,Mask_Mann_19,YES,Mannequin,1,PRESENT,
source_SiW_Mv2/pro_3_text/test_B_spoof.txt,Mask_Mann_32,YES,Mannequin,1,PRESENT,
source_SiW_Mv2/pro_3_text/test_B_spoof.txt,Mask_Mann_33,YES,Mannequin,1,PRESENT,
source_SiW_Mv2/pro_3_text/test_B_spoof.txt,Mask_Mann_34,YES,Mannequin,1,PRESENT,
source_SiW_Mv2/pro_3_text/test_B_spoof.txt,Mask_Mann_35,YES,Mannequin,1,PRESENT,
source_SiW_Mv2/pro_3_text/test_B_spoof.txt,Mask_Mann_7,YES,Mannequin,1,PRESENT,
source_SiW_Mv2/pro_3_text/test_B_spoof.txt,Mask_Mann_9,YES,Mannequin,1,PRESENT,
source_SiW_Mv2/pro_3_text/test_B_spoof.txt,Paper_20,YES,Paper,1,PRESENT,
source_SiW_Mv2/pro_3_text/test_B_spoof.txt,Paper_60,YES,Paper,1,PRESENT,
source_SiW_Mv2/pro_3_text/test_B_spoof.txt,Partial_Funnyeye_109,YES,Partial_FunnyeyeGlasses,1,PRESENT,
source_SiW_Mv2/pro_3_text/test_B_spoof.txt,Partial_Funnyeye_111,YES,Partial_FunnyeyeGlasses,1,PRESENT,
source_SiW_Mv2/pro_3_text/test_B_spoof.txt,Partial_Funnyeye_12,YES,Partial_FunnyeyeGlasses,1,PRESENT,
source_SiW_Mv2/pro_3_text/test_B_spoof.txt,Partial_Funnyeye_124,YES,Partial_FunnyeyeGlasses,1,PRESENT,
source_SiW_Mv2/pro_3_text/test_B_spoof.txt,Partial_Funnyeye_149,YES,Partial_FunnyeyeGlasses,1,PRESENT,
source_SiW_Mv2/pro_3_text/test_B_spoof.txt,Partial_Funnyeye_15,YES,Partial_FunnyeyeGlasses,1,PRESENT,
source_SiW_Mv2/pro_3_text/test_B_spoof.txt,Partial_Funnyeye_158,YES,Partial_FunnyeyeGlasses,1,PRESENT,
source_SiW_Mv2/pro_3_text/test_B_spoof.txt,Partial_Funnyeye_165,YES,Partial_FunnyeyeGlasses,1,PRESENT,
source_SiW_Mv2/pro_3_text/test_B_spoof.txt,Partial_Funnyeye_172,YES,Partial_FunnyeyeGlasses,1,PRESENT,
source_SiW_Mv2/pro_3_text/test_B_spoof.txt,Partial_Funnyeye_179,YES,Partial_FunnyeyeGlasses,1,PRESENT,
source_SiW_Mv2/pro_3_text/test_B_spoof.txt,Partial_Funnyeye_20,YES,Partial_FunnyeyeGlasses,1,PRESENT,
source_SiW_Mv2/pro_3_text/test_B_spoof.txt,Partial_Funnyeye_21,YES,Partial_FunnyeyeGlasses,1,PRESENT,
source_SiW_Mv2/pro_3_text/test_B_spoof.txt,Partial_Funnyeye_38,YES,Partial_FunnyeyeGlasses,1,PRESENT,
source_SiW_Mv2/pro_3_text/test_B_spoof.txt,Partial_Funnyeye_39,YES,Partial_FunnyeyeGlasses,1,PRESENT,
source_SiW_Mv2/pro_3_text/test_B_spoof.txt,Partial_Funnyeye_54,YES,Partial_FunnyeyeGlasses,1,PRESENT,
source_SiW_Mv2/pro_3_text/test_B_spoof.txt,Partial_Funnyeye_60,YES,Partial_FunnyeyeGlasses,1,PRESENT,
source_SiW_Mv2/pro_3_text/test_B_spoof.txt,Partial_Funnyeye_61,YES,Partial_FunnyeyeGlasses,1,PRESENT,
source_SiW_Mv2/pro_3_text/test_B_spoof.txt,Partial_Funnyeye_68,YES,Partial_FunnyeyeGlasses,1,PRESENT,
source_SiW_Mv2/pro_3_text/test_B_spoof.txt,Partial_Funnyeye_69,YES,Partial_FunnyeyeGlasses,1,PRESENT,
source_SiW_Mv2/pro_3_text/test_B_spoof.txt,Partial_Funnyeye_7,YES,Partial_FunnyeyeGlasses,1,PRESENT,
source_SiW_Mv2/pro_3_text/test_B_spoof.txt,Partial_Funnyeye_74,YES,Partial_FunnyeyeGlasses,1,PRESENT,
source_SiW_Mv2/pro_3_text/test_B_spoof.txt,Partial_Funnyeye_76,YES,Partial_FunnyeyeGlasses,1,PRESENT,
source_SiW_Mv2/pro_3_text/test_B_spoof.txt,Partial_Funnyeye_79,YES,Partial_FunnyeyeGlasses,1,PRESENT,
source_SiW_Mv2/pro_3_text/test_B_spoof.txt,Partial_Funnyeye_8,YES,Partial_FunnyeyeGlasses,1,PRESENT,
source_SiW_Mv2/pro_3_text/test_B_spoof.txt,Partial_Funnyeye_92,YES,Partial_FunnyeyeGlasses,1,PRESENT,
source_SiW_Mv2/pro_3_text/test_B_spoof.txt,Partial_Funnyeye_95,YES,Partial_FunnyeyeGlasses,1,PRESENT,
source_SiW_Mv2/pro_3_text/test_B_spoof.txt,Replay_59,YES,Replay,1,PRESENT,
source_SiW_Mv2/pro_3_text/train_C_race.txt,Live_107,YES,Live,1,PRESENT,
source_SiW_Mv2/pro_3_text/train_C_race.txt,Live_173,YES,Live,1,PRESENT,
source_SiW_Mv2/pro_3_text/train_C_race.txt,Live_174,YES,Live,1,PRESENT,
source_SiW_Mv2/pro_3_text/train_C_race.txt,Live_175,YES,Live,1,PRESENT,
source_SiW_Mv2/pro_3_text/train_C_race.txt,Live_176,YES,Live,1,PRESENT,
source_SiW_Mv2/pro_3_text/train_C_race.txt,Live_182,YES,Live,1,PRESENT,
source_SiW_Mv2/pro_3_text/train_C_race.txt,Live_190,YES,Live,1,PRESENT,
source_SiW_Mv2/pro_3_text/train_C_race.txt,Live_191,YES,Live,1,PRESENT,
source_SiW_Mv2/pro_3_text/train_C_race.txt,Live_194,YES,Live,1,PRESENT,
source_SiW_Mv2/pro_3_text/train_C_race.txt,Live_2,YES,Live,1,PRESENT,
source_SiW_Mv2/pro_3_text/train_C_race.txt,Live_220,YES,Live,1,PRESENT,
source_SiW_Mv2/pro_3_text/train_C_race.txt,Live_221,YES,Live,1,PRESENT,
source_SiW_Mv2/pro_3_text/train_C_race.txt,Live_257,YES,Live,1,PRESENT,
source_SiW_Mv2/pro_3_text/train_C_race.txt,Live_275,YES,Live,1,PRESENT,
source_SiW_Mv2/pro_3_text/train_C_race.txt,Live_31,YES,Live,1,PRESENT,
source_SiW_Mv2/pro_3_text/train_C_race.txt,Live_321,YES,Live,1,PRESENT,
source_SiW_Mv2/pro_3_text/train_C_race.txt,Live_322,YES,Live,1,PRESENT,
source_SiW_Mv2/pro_3_text/train_C_race.txt,Live_354,YES,Live,1,PRESENT,
source_SiW_Mv2/pro_3_text/train_C_race.txt,Live_361,YES,Live,1,PRESENT,
source_SiW_Mv2/pro_3_text/train_C_race.txt,Live_395,YES,Live,1,PRESENT,
source_SiW_Mv2/pro_3_text/train_C_race.txt,Live_398,YES,Live,1,PRESENT,
source_SiW_Mv2/pro_3_text/train_C_race.txt,Live_399,YES,Live,1,PRESENT,
source_SiW_Mv2/pro_3_text/train_C_race.txt,Live_437,YES,Live,1,PRESENT,
source_SiW_Mv2/pro_3_text/train_C_race.txt,Live_464,YES,Live,1,PRESENT,
source_SiW_Mv2/pro_3_text/train_C_race.txt,Live_465,YES,Live,1,PRESENT,
source_SiW_Mv2/pro_3_text/train_C_race.txt,Live_472,YES,Live,1,PRESENT,
source_SiW_Mv2/pro_3_text/train_C_race.txt,Live_487,YES,Live,1,PRESENT,
source_SiW_Mv2/pro_3_text/train_C_race.txt,Live_488,YES,Live,1,PRESENT,
source_SiW_Mv2/pro_3_text/train_C_race.txt,Live_489,YES,Live,1,PRESENT,
source_SiW_Mv2/pro_3_text/train_C_race.txt,Live_490,YES,Live,1,PRESENT,
source_SiW_Mv2/pro_3_text/train_C_race.txt,Live_491,YES,Live,1,PRESENT,
source_SiW_Mv2/pro_3_text/train_C_race.txt,Live_492,YES,Live,1,PRESENT,
source_SiW_Mv2/pro_3_text/train_C_race.txt,Live_503,YES,Live,1,PRESENT,
source_SiW_Mv2/pro_3_text/train_C_race.txt,Live_504,YES,Live,1,PRESENT,
source_SiW_Mv2/pro_3_text/train_C_race.txt,Live_620,YES,Live,1,PRESENT,
source_SiW_Mv2/pro_3_text/train_C_race.txt,Live_67,YES,Live,1,PRESENT,
source_SiW_Mv2/pro_3_text/train_C_race.txt,Live_693,YES,Live,1,PRESENT,
source_SiW_Mv2/pro_3_text/train_C_race.txt,Live_71,YES,Live,1,PRESENT,
source_SiW_Mv2/pro_3_text/train_C_race.txt,Live_714,YES,Live,1,PRESENT,
source_SiW_Mv2/pro_3_text/train_C_race.txt,Live_759,YES,Live,1,PRESENT,
source_SiW_Mv2/pro_3_text/train_C_race.txt,Live_768,YES,Live,1,PRESENT,
source_SiW_Mv2/pro_3_text/train_C_race.txt,Live_776,YES,Live,1,PRESENT,
source_SiW_Mv2/pro_3_text/train_C_race.txt,Live_791,YES,Live,1,PRESENT,
source_SiW_Mv2/pro_3_text/train_C_race.txt,Live_81,YES,Live,1,PRESENT,
source_SiW_Mv2/pro_3_text/train_C_race.txt,Live_814,YES,Live,1,PRESENT,
source_SiW_Mv2/pro_3_text/train_C_race.txt,Live_826,YES,Live,1,PRESENT,
source_SiW_Mv2/pro_3_text/train_C_race.txt,Live_834,YES,Live,1,PRESENT,
source_SiW_Mv2/pro_3_text/train_C_race.txt,Live_85,YES,Live,1,PRESENT,
source_SiW_Mv2/pro_3_text/train_C_race.txt,Live_858,YES,Live,1,PRESENT,
source_SiW_Mv2/pro_3_text/train_C_race.txt,Live_86,YES,Live,1,PRESENT,
source_SiW_Mv2/pro_3_text/train_C_race.txt,Live_88,YES,Live,1,PRESENT,
source_SiW_Mv2/pro_3_text/train_C_race.txt,Live_889,YES,Live,1,PRESENT,
source_SiW_Mv2/pro_3_text/train_C_race.txt,Live_900,NO,Live,1,MISSING_FROM_LOCAL_RELEASE,; not in local release
source_SiW_Mv2/pro_3_text/train_C_race.txt,Paper_108,YES,Paper,4,DUPLICATE_PROTOCOL_REFERENCE,repeated for live/spoof balancing (official README)
source_SiW_Mv2/pro_3_text/train_C_race.txt,Paper_109,YES,Paper,4,DUPLICATE_PROTOCOL_REFERENCE,repeated for live/spoof balancing (official README)
source_SiW_Mv2/pro_3_text/train_C_race.txt,Paper_12,YES,Paper,5,DUPLICATE_PROTOCOL_REFERENCE,repeated for live/spoof balancing (official README)
source_SiW_Mv2/pro_3_text/train_C_race.txt,Paper_135,YES,Paper,5,DUPLICATE_PROTOCOL_REFERENCE,repeated for live/spoof balancing (official README)
source_SiW_Mv2/pro_3_text/train_C_race.txt,Paper_136,YES,Paper,5,DUPLICATE_PROTOCOL_REFERENCE,repeated for live/spoof balancing (official README)
source_SiW_Mv2/pro_3_text/train_C_race.txt,Paper_19,YES,Paper,5,DUPLICATE_PROTOCOL_REFERENCE,repeated for live/spoof balancing (official README)
source_SiW_Mv2/pro_3_text/train_C_race.txt,Paper_30,YES,Paper,5,DUPLICATE_PROTOCOL_REFERENCE,repeated for live/spoof balancing (official README)
source_SiW_Mv2/pro_3_text/train_C_race.txt,Paper_31,YES,Paper,5,DUPLICATE_PROTOCOL_REFERENCE,repeated for live/spoof balancing (official README)
source_SiW_Mv2/pro_3_text/train_C_race.txt,Paper_78,YES,Paper,4,DUPLICATE_PROTOCOL_REFERENCE,repeated for live/spoof balancing (official README)
source_SiW_Mv2/pro_3_text/train_C_race.txt,Paper_79,YES,Paper,4,DUPLICATE_PROTOCOL_REFERENCE,repeated for live/spoof balancing (official README)
source_SiW_Mv2/pro_3_text/train_C_race.txt,Paper_82,YES,Paper,5,DUPLICATE_PROTOCOL_REFERENCE,repeated for live/spoof balancing (official README)
source_SiW_Mv2/pro_3_text/train_C_race.txt,Partial_Mouth_1,YES,Partial_Mouth,6,DUPLICATE_PROTOCOL_REFERENCE,repeated for live/spoof balancing (official README)
source_SiW_Mv2/pro_3_text/train_C_race.txt,Partial_Mouth_12,YES,Partial_Mouth,6,DUPLICATE_PROTOCOL_REFERENCE,repeated for live/spoof balancing (official README)
source_SiW_Mv2/pro_3_text/train_C_race.txt,Partial_Mouth_13,YES,Partial_Mouth,6,DUPLICATE_PROTOCOL_REFERENCE,repeated for live/spoof balancing (official README)
source_SiW_Mv2/pro_3_text/train_C_race.txt,Partial_Mouth_14,YES,Partial_Mouth,6,DUPLICATE_PROTOCOL_REFERENCE,repeated for live/spoof balancing (official README)
source_SiW_Mv2/pro_3_text/train_C_race.txt,Partial_Mouth_16,YES,Partial_Mouth,6,DUPLICATE_PROTOCOL_REFERENCE,repeated for live/spoof balancing (official README)
source_SiW_Mv2/pro_3_text/train_C_race.txt,Partial_Mouth_17,YES,Partial_Mouth,6,DUPLICATE_PROTOCOL_REFERENCE,repeated for live/spoof balancing (official README)
source_SiW_Mv2/pro_3_text/train_C_race.txt,Partial_Mouth_2,YES,Partial_Mouth,6,DUPLICATE_PROTOCOL_REFERENCE,repeated for live/spoof balancing (official README)
source_SiW_Mv2/pro_3_text/train_C_race.txt,Partial_Mouth_21,YES,Partial_Mouth,6,DUPLICATE_PROTOCOL_REFERENCE,repeated for live/spoof balancing (official README)
source_SiW_Mv2/pro_3_text/train_C_race.txt,Partial_Mouth_22,YES,Partial_Mouth,6,DUPLICATE_PROTOCOL_REFERENCE,repeated for live/spoof balancing (official README)
source_SiW_Mv2/pro_3_text/train_C_race.txt,Partial_Mouth_23,YES,Partial_Mouth,6,DUPLICATE_PROTOCOL_REFERENCE,repeated for live/spoof balancing (official README)
source_SiW_Mv2/pro_3_text/train_C_race.txt,Partial_Mouth_25,YES,Partial_Mouth,5,DUPLICATE_PROTOCOL_REFERENCE,repeated for live/spoof balancing (official README)
source_SiW_Mv2/pro_3_text/train_C_race.txt,Partial_Mouth_29,YES,Partial_Mouth,5,DUPLICATE_PROTOCOL_REFERENCE,repeated for live/spoof balancing (official README)
source_SiW_Mv2/pro_3_text/train_C_race.txt,Partial_Mouth_3,YES,Partial_Mouth,6,DUPLICATE_PROTOCOL_REFERENCE,repeated for live/spoof balancing (official README)
source_SiW_Mv2/pro_3_text/train_C_race.txt,Partial_Mouth_4,YES,Partial_Mouth,6,DUPLICATE_PROTOCOL_REFERENCE,repeated for live/spoof balancing (official README)
source_SiW_Mv2/pro_3_text/train_C_race.txt,Partial_Mouth_5,YES,Partial_Mouth,6,DUPLICATE_PROTOCOL_REFERENCE,repeated for live/spoof balancing (official README)
source_SiW_Mv2/pro_3_text/train_C_race.txt,Partial_Mouth_7,YES,Partial_Mouth,6,DUPLICATE_PROTOCOL_REFERENCE,repeated for live/spoof balancing (official README)
source_SiW_Mv2/pro_3_text/train_C_race.txt,Partial_Mouth_9,YES,Partial_Mouth,6,DUPLICATE_PROTOCOL_REFERENCE,repeated for live/spoof balancing (official README)
source_SiW_Mv2/pro_3_text/train_C_race.txt,Replay_10,YES,Replay,5,DUPLICATE_PROTOCOL_REFERENCE,repeated for live/spoof balancing (official README)
source_SiW_Mv2/pro_3_text/train_C_race.txt,Replay_13,YES,Replay,5,DUPLICATE_PROTOCOL_REFERENCE,repeated for live/spoof balancing (official README)
source_SiW_Mv2/pro_3_text/train_C_race.txt,Replay_19,YES,Replay,5,DUPLICATE_PROTOCOL_REFERENCE,repeated for live/spoof balancing (official README)
source_SiW_Mv2/pro_3_text/train_C_race.txt,Replay_63,YES,Replay,5,DUPLICATE_PROTOCOL_REFERENCE,repeated for live/spoof balancing (official README)
source_SiW_Mv2/pro_3_text/train_C_race.txt,Replay_64,YES,Replay,5,DUPLICATE_PROTOCOL_REFERENCE,repeated for live/spoof balancing (official README)
source_SiW_Mv2/pro_3_text/train_C_race.txt,Replay_84,YES,Replay,4,DUPLICATE_PROTOCOL_REFERENCE,repeated for live/spoof balancing (official README)
source_SiW_Mv2/pro_3_text/train_C_race.txt,Replay_85,YES,Replay,4,DUPLICATE_PROTOCOL_REFERENCE,repeated for live/spoof balancing (official README)
source_SiW_Mv2/pro_3_text/train_C_race.txt,Replay_88,YES,Replay,4,DUPLICATE_PROTOCOL_REFERENCE,repeated for live/spoof balancing (official README)
source_SiW_Mv2/pro_3_text/train_C_race.txt,Replay_89,YES,Replay,4,DUPLICATE_PROTOCOL_REFERENCE,repeated for live/spoof balancing (official README)
source_SiW_Mv2/pro_3_text/train_C_race.txt,Replay_90,YES,Replay,4,DUPLICATE_PROTOCOL_REFERENCE,repeated for live/spoof balancing (official README)
source_SiW_Mv2/pro_3_text/train_C_race.txt,Replay_91,YES,Replay,4,DUPLICATE_PROTOCOL_REFERENCE,repeated for live/spoof balancing (official README)
source_SiW_Mv2/pro_3_text/test_C_race.txt,Live_118,YES,Live,1,PRESENT,
source_SiW_Mv2/pro_3_text/test_C_race.txt,Live_289,YES,Live,1,PRESENT,
source_SiW_Mv2/pro_3_text/test_C_race.txt,Live_299,YES,Live,1,PRESENT,
source_SiW_Mv2/pro_3_text/test_C_race.txt,Live_300,YES,Live,1,PRESENT,
source_SiW_Mv2/pro_3_text/test_C_race.txt,Live_301,YES,Live,1,PRESENT,
source_SiW_Mv2/pro_3_text/test_C_race.txt,Live_50,YES,Live,1,PRESENT,
source_SiW_Mv2/pro_3_text/test_C_race.txt,Live_59,YES,Live,1,PRESENT,
source_SiW_Mv2/pro_3_text/test_C_race.txt,Live_61,YES,Live,1,PRESENT,
source_SiW_Mv2/pro_3_text/test_C_race.txt,Live_64,YES,Live,1,PRESENT,
source_SiW_Mv2/pro_3_text/test_C_race.txt,Live_65,YES,Live,1,PRESENT,
source_SiW_Mv2/pro_3_text/test_C_race.txt,Live_66,YES,Live,1,PRESENT,
source_SiW_Mv2/pro_3_text/test_C_race.txt,Live_670,YES,Live,1,PRESENT,
source_SiW_Mv2/pro_3_text/test_C_race.txt,Live_674,YES,Live,1,PRESENT,
source_SiW_Mv2/pro_3_text/test_C_race.txt,Live_678,YES,Live,1,PRESENT,
source_SiW_Mv2/pro_3_text/test_C_race.txt,Live_68,YES,Live,1,PRESENT,
source_SiW_Mv2/pro_3_text/test_C_race.txt,Live_689,YES,Live,1,PRESENT,
source_SiW_Mv2/pro_3_text/test_C_race.txt,Live_69,YES,Live,1,PRESENT,
source_SiW_Mv2/pro_3_text/test_C_race.txt,Live_690,YES,Live,1,PRESENT,
source_SiW_Mv2/pro_3_text/test_C_race.txt,Live_696,YES,Live,1,PRESENT,
source_SiW_Mv2/pro_3_text/test_C_race.txt,Live_716,YES,Live,1,PRESENT,
source_SiW_Mv2/pro_3_text/test_C_race.txt,Live_723,YES,Live,1,PRESENT,
source_SiW_Mv2/pro_3_text/test_C_race.txt,Live_736,YES,Live,1,PRESENT,
source_SiW_Mv2/pro_3_text/test_C_race.txt,Live_740,YES,Live,1,PRESENT,
source_SiW_Mv2/pro_3_text/test_C_race.txt,Live_749,YES,Live,1,PRESENT,
source_SiW_Mv2/pro_3_text/test_C_race.txt,Live_750,YES,Live,1,PRESENT,
source_SiW_Mv2/pro_3_text/test_C_race.txt,Live_752,YES,Live,1,PRESENT,
source_SiW_Mv2/pro_3_text/test_C_race.txt,Live_754,YES,Live,1,PRESENT,
source_SiW_Mv2/pro_3_text/test_C_race.txt,Live_761,YES,Live,1,PRESENT,
source_SiW_Mv2/pro_3_text/test_C_race.txt,Live_792,YES,Live,1,PRESENT,
source_SiW_Mv2/pro_3_text/test_C_race.txt,Live_8,YES,Live,1,PRESENT,
source_SiW_Mv2/pro_3_text/test_C_race.txt,Live_817,YES,Live,1,PRESENT,
source_SiW_Mv2/pro_3_text/test_C_race.txt,Live_836,YES,Live,1,PRESENT,
source_SiW_Mv2/pro_3_text/test_C_race.txt,Live_847,YES,Live,1,PRESENT,
source_SiW_Mv2/pro_3_text/test_C_race.txt,Live_852,YES,Live,1,PRESENT,
source_SiW_Mv2/pro_3_text/test_C_race.txt,Live_872,YES,Live,1,PRESENT,
source_SiW_Mv2/pro_3_text/test_C_race.txt,Live_890,YES,Live,1,PRESENT,
source_SiW_Mv2/pro_3_text/test_C_race.txt,Live_96,YES,Live,1,PRESENT,
source_SiW_Mv2/pro_3_text/test_C_race.txt,Paper_115,YES,Paper,1,PRESENT,
source_SiW_Mv2/pro_3_text/test_C_race.txt,Paper_116,YES,Paper,1,PRESENT,
source_SiW_Mv2/pro_3_text/test_C_race.txt,Paper_118,YES,Paper,1,PRESENT,
source_SiW_Mv2/pro_3_text/test_C_race.txt,Paper_36,YES,Paper,1,PRESENT,
source_SiW_Mv2/pro_3_text/test_C_race.txt,Paper_8,YES,Paper,1,PRESENT,
source_SiW_Mv2/pro_3_text/test_C_race.txt,Paper_9,YES,Paper,1,PRESENT,
source_SiW_Mv2/pro_3_text/test_C_race.txt,Partial_Mouth_10,YES,Partial_Mouth,1,PRESENT,
source_SiW_Mv2/pro_3_text/test_C_race.txt,Partial_Mouth_11,YES,Partial_Mouth,1,PRESENT,
source_SiW_Mv2/pro_3_text/test_C_race.txt,Partial_Mouth_15,YES,Partial_Mouth,1,PRESENT,
source_SiW_Mv2/pro_3_text/test_C_race.txt,Partial_Mouth_18,YES,Partial_Mouth,1,PRESENT,
source_SiW_Mv2/pro_3_text/test_C_race.txt,Partial_Mouth_19,YES,Partial_Mouth,1,PRESENT,
source_SiW_Mv2/pro_3_text/test_C_race.txt,Partial_Mouth_20,YES,Partial_Mouth,1,PRESENT,
source_SiW_Mv2/pro_3_text/test_C_race.txt,Partial_Mouth_24,YES,Partial_Mouth,1,PRESENT,
source_SiW_Mv2/pro_3_text/test_C_race.txt,Partial_Mouth_26,YES,Partial_Mouth,1,PRESENT,
source_SiW_Mv2/pro_3_text/test_C_race.txt,Partial_Mouth_27,YES,Partial_Mouth,1,PRESENT,
source_SiW_Mv2/pro_3_text/test_C_race.txt,Partial_Mouth_28,YES,Partial_Mouth,1,PRESENT,
source_SiW_Mv2/pro_3_text/test_C_race.txt,Partial_Mouth_6,YES,Partial_Mouth,1,PRESENT,
source_SiW_Mv2/pro_3_text/test_C_race.txt,Partial_Mouth_8,YES,Partial_Mouth,1,PRESENT,
source_SiW_Mv2/pro_3_text/train_D_age.txt,Live_106,YES,Live,1,PRESENT,
source_SiW_Mv2/pro_3_text/train_D_age.txt,Live_107,YES,Live,1,PRESENT,
source_SiW_Mv2/pro_3_text/train_D_age.txt,Live_11,YES,Live,1,PRESENT,
source_SiW_Mv2/pro_3_text/train_D_age.txt,Live_119,YES,Live,1,PRESENT,
source_SiW_Mv2/pro_3_text/train_D_age.txt,Live_13,YES,Live,1,PRESENT,
source_SiW_Mv2/pro_3_text/train_D_age.txt,Live_171,YES,Live,1,PRESENT,
source_SiW_Mv2/pro_3_text/train_D_age.txt,Live_172,YES,Live,1,PRESENT,
source_SiW_Mv2/pro_3_text/train_D_age.txt,Live_182,YES,Live,1,PRESENT,
source_SiW_Mv2/pro_3_text/train_D_age.txt,Live_19,YES,Live,1,PRESENT,
source_SiW_Mv2/pro_3_text/train_D_age.txt,Live_190,YES,Live,1,PRESENT,
source_SiW_Mv2/pro_3_text/train_D_age.txt,Live_191,YES,Live,1,PRESENT,
source_SiW_Mv2/pro_3_text/train_D_age.txt,Live_192,YES,Live,1,PRESENT,
source_SiW_Mv2/pro_3_text/train_D_age.txt,Live_193,YES,Live,1,PRESENT,
source_SiW_Mv2/pro_3_text/train_D_age.txt,Live_194,YES,Live,1,PRESENT,
source_SiW_Mv2/pro_3_text/train_D_age.txt,Live_195,YES,Live,1,PRESENT,
source_SiW_Mv2/pro_3_text/train_D_age.txt,Live_220,YES,Live,1,PRESENT,
source_SiW_Mv2/pro_3_text/train_D_age.txt,Live_237,YES,Live,1,PRESENT,
source_SiW_Mv2/pro_3_text/train_D_age.txt,Live_238,YES,Live,1,PRESENT,
source_SiW_Mv2/pro_3_text/train_D_age.txt,Live_239,YES,Live,1,PRESENT,
source_SiW_Mv2/pro_3_text/train_D_age.txt,Live_255,YES,Live,1,PRESENT,
source_SiW_Mv2/pro_3_text/train_D_age.txt,Live_256,YES,Live,1,PRESENT,
source_SiW_Mv2/pro_3_text/train_D_age.txt,Live_257,YES,Live,1,PRESENT,
source_SiW_Mv2/pro_3_text/train_D_age.txt,Live_276,YES,Live,1,PRESENT,
source_SiW_Mv2/pro_3_text/train_D_age.txt,Live_277,YES,Live,1,PRESENT,
source_SiW_Mv2/pro_3_text/train_D_age.txt,Live_290,YES,Live,1,PRESENT,
source_SiW_Mv2/pro_3_text/train_D_age.txt,Live_291,YES,Live,1,PRESENT,
source_SiW_Mv2/pro_3_text/train_D_age.txt,Live_292,YES,Live,1,PRESENT,
source_SiW_Mv2/pro_3_text/train_D_age.txt,Live_31,YES,Live,1,PRESENT,
source_SiW_Mv2/pro_3_text/train_D_age.txt,Live_356,YES,Live,1,PRESENT,
source_SiW_Mv2/pro_3_text/train_D_age.txt,Live_357,YES,Live,1,PRESENT,
source_SiW_Mv2/pro_3_text/train_D_age.txt,Live_360,YES,Live,1,PRESENT,
source_SiW_Mv2/pro_3_text/train_D_age.txt,Live_361,YES,Live,1,PRESENT,
source_SiW_Mv2/pro_3_text/train_D_age.txt,Live_37,YES,Live,1,PRESENT,
source_SiW_Mv2/pro_3_text/train_D_age.txt,Live_379,YES,Live,1,PRESENT,
source_SiW_Mv2/pro_3_text/train_D_age.txt,Live_4,YES,Live,1,PRESENT,
source_SiW_Mv2/pro_3_text/train_D_age.txt,Live_42,YES,Live,1,PRESENT,
source_SiW_Mv2/pro_3_text/train_D_age.txt,Live_43,YES,Live,1,PRESENT,
source_SiW_Mv2/pro_3_text/train_D_age.txt,Live_436,YES,Live,1,PRESENT,
source_SiW_Mv2/pro_3_text/train_D_age.txt,Live_437,YES,Live,1,PRESENT,
source_SiW_Mv2/pro_3_text/train_D_age.txt,Live_443,YES,Live,1,PRESENT,
source_SiW_Mv2/pro_3_text/train_D_age.txt,Live_444,YES,Live,1,PRESENT,
source_SiW_Mv2/pro_3_text/train_D_age.txt,Live_445,YES,Live,1,PRESENT,
source_SiW_Mv2/pro_3_text/train_D_age.txt,Live_457,YES,Live,1,PRESENT,
source_SiW_Mv2/pro_3_text/train_D_age.txt,Live_458,YES,Live,1,PRESENT,
source_SiW_Mv2/pro_3_text/train_D_age.txt,Live_459,YES,Live,1,PRESENT,
source_SiW_Mv2/pro_3_text/train_D_age.txt,Live_472,YES,Live,1,PRESENT,
source_SiW_Mv2/pro_3_text/train_D_age.txt,Live_48,YES,Live,1,PRESENT,
source_SiW_Mv2/pro_3_text/train_D_age.txt,Live_483,YES,Live,1,PRESENT,
source_SiW_Mv2/pro_3_text/train_D_age.txt,Live_484,YES,Live,1,PRESENT,
source_SiW_Mv2/pro_3_text/train_D_age.txt,Live_485,YES,Live,1,PRESENT,
source_SiW_Mv2/pro_3_text/train_D_age.txt,Live_486,YES,Live,1,PRESENT,
source_SiW_Mv2/pro_3_text/train_D_age.txt,Live_487,YES,Live,1,PRESENT,
source_SiW_Mv2/pro_3_text/train_D_age.txt,Live_49,YES,Live,1,PRESENT,
source_SiW_Mv2/pro_3_text/train_D_age.txt,Live_51,YES,Live,1,PRESENT,
source_SiW_Mv2/pro_3_text/train_D_age.txt,Live_6,YES,Live,1,PRESENT,
source_SiW_Mv2/pro_3_text/train_D_age.txt,Live_616,YES,Live,1,PRESENT,
source_SiW_Mv2/pro_3_text/train_D_age.txt,Live_617,YES,Live,1,PRESENT,
source_SiW_Mv2/pro_3_text/train_D_age.txt,Live_618,YES,Live,1,PRESENT,
source_SiW_Mv2/pro_3_text/train_D_age.txt,Live_619,YES,Live,1,PRESENT,
source_SiW_Mv2/pro_3_text/train_D_age.txt,Live_62,YES,Live,1,PRESENT,
source_SiW_Mv2/pro_3_text/train_D_age.txt,Live_620,YES,Live,1,PRESENT,
source_SiW_Mv2/pro_3_text/train_D_age.txt,Live_622,YES,Live,1,PRESENT,
source_SiW_Mv2/pro_3_text/train_D_age.txt,Live_63,YES,Live,1,PRESENT,
source_SiW_Mv2/pro_3_text/train_D_age.txt,Live_663,YES,Live,1,PRESENT,
source_SiW_Mv2/pro_3_text/train_D_age.txt,Live_67,YES,Live,1,PRESENT,
source_SiW_Mv2/pro_3_text/train_D_age.txt,Live_673,YES,Live,1,PRESENT,
source_SiW_Mv2/pro_3_text/train_D_age.txt,Live_677,YES,Live,1,PRESENT,
source_SiW_Mv2/pro_3_text/train_D_age.txt,Live_679,YES,Live,1,PRESENT,
source_SiW_Mv2/pro_3_text/train_D_age.txt,Live_686,YES,Live,1,PRESENT,
source_SiW_Mv2/pro_3_text/train_D_age.txt,Live_688,YES,Live,1,PRESENT,
source_SiW_Mv2/pro_3_text/train_D_age.txt,Live_693,YES,Live,1,PRESENT,
source_SiW_Mv2/pro_3_text/train_D_age.txt,Live_701,YES,Live,1,PRESENT,
source_SiW_Mv2/pro_3_text/train_D_age.txt,Live_709,YES,Live,1,PRESENT,
source_SiW_Mv2/pro_3_text/train_D_age.txt,Live_71,YES,Live,1,PRESENT,
source_SiW_Mv2/pro_3_text/train_D_age.txt,Live_711,YES,Live,1,PRESENT,
source_SiW_Mv2/pro_3_text/train_D_age.txt,Live_713,YES,Live,1,PRESENT,
source_SiW_Mv2/pro_3_text/train_D_age.txt,Live_714,YES,Live,1,PRESENT,
source_SiW_Mv2/pro_3_text/train_D_age.txt,Live_718,YES,Live,1,PRESENT,
source_SiW_Mv2/pro_3_text/train_D_age.txt,Live_719,YES,Live,1,PRESENT,
source_SiW_Mv2/pro_3_text/train_D_age.txt,Live_72,YES,Live,1,PRESENT,
source_SiW_Mv2/pro_3_text/train_D_age.txt,Live_720,YES,Live,1,PRESENT,
source_SiW_Mv2/pro_3_text/train_D_age.txt,Live_731,YES,Live,1,PRESENT,
source_SiW_Mv2/pro_3_text/train_D_age.txt,Live_732,YES,Live,1,PRESENT,
source_SiW_Mv2/pro_3_text/train_D_age.txt,Live_734,YES,Live,1,PRESENT,
source_SiW_Mv2/pro_3_text/train_D_age.txt,Live_743,YES,Live,1,PRESENT,
source_SiW_Mv2/pro_3_text/train_D_age.txt,Live_75,YES,Live,1,PRESENT,
source_SiW_Mv2/pro_3_text/train_D_age.txt,Live_755,YES,Live,1,PRESENT,
source_SiW_Mv2/pro_3_text/train_D_age.txt,Live_756,YES,Live,1,PRESENT,
source_SiW_Mv2/pro_3_text/train_D_age.txt,Live_759,YES,Live,1,PRESENT,
source_SiW_Mv2/pro_3_text/train_D_age.txt,Live_767,YES,Live,1,PRESENT,
source_SiW_Mv2/pro_3_text/train_D_age.txt,Live_768,YES,Live,1,PRESENT,
source_SiW_Mv2/pro_3_text/train_D_age.txt,Live_77,YES,Live,1,PRESENT,
source_SiW_Mv2/pro_3_text/train_D_age.txt,Live_775,YES,Live,1,PRESENT,
source_SiW_Mv2/pro_3_text/train_D_age.txt,Live_776,YES,Live,1,PRESENT,
source_SiW_Mv2/pro_3_text/train_D_age.txt,Live_778,YES,Live,1,PRESENT,
source_SiW_Mv2/pro_3_text/train_D_age.txt,Live_779,YES,Live,1,PRESENT,
source_SiW_Mv2/pro_3_text/train_D_age.txt,Live_78,YES,Live,1,PRESENT,
source_SiW_Mv2/pro_3_text/train_D_age.txt,Live_785,YES,Live,1,PRESENT,
source_SiW_Mv2/pro_3_text/train_D_age.txt,Live_786,YES,Live,1,PRESENT,
source_SiW_Mv2/pro_3_text/train_D_age.txt,Live_787,YES,Live,1,PRESENT,
source_SiW_Mv2/pro_3_text/train_D_age.txt,Live_789,YES,Live,1,PRESENT,
source_SiW_Mv2/pro_3_text/train_D_age.txt,Live_791,YES,Live,1,PRESENT,
source_SiW_Mv2/pro_3_text/train_D_age.txt,Live_793,YES,Live,1,PRESENT,
source_SiW_Mv2/pro_3_text/train_D_age.txt,Live_794,YES,Live,1,PRESENT,
source_SiW_Mv2/pro_3_text/train_D_age.txt,Live_795,YES,Live,1,PRESENT,
source_SiW_Mv2/pro_3_text/train_D_age.txt,Live_796,YES,Live,1,PRESENT,
source_SiW_Mv2/pro_3_text/train_D_age.txt,Live_797,YES,Live,1,PRESENT,
source_SiW_Mv2/pro_3_text/train_D_age.txt,Live_81,YES,Live,1,PRESENT,
source_SiW_Mv2/pro_3_text/train_D_age.txt,Live_811,YES,Live,1,PRESENT,
source_SiW_Mv2/pro_3_text/train_D_age.txt,Live_812,YES,Live,1,PRESENT,
source_SiW_Mv2/pro_3_text/train_D_age.txt,Live_813,YES,Live,1,PRESENT,
source_SiW_Mv2/pro_3_text/train_D_age.txt,Live_814,YES,Live,1,PRESENT,
source_SiW_Mv2/pro_3_text/train_D_age.txt,Live_819,YES,Live,1,PRESENT,
source_SiW_Mv2/pro_3_text/train_D_age.txt,Live_820,YES,Live,1,PRESENT,
source_SiW_Mv2/pro_3_text/train_D_age.txt,Live_821,YES,Live,1,PRESENT,
source_SiW_Mv2/pro_3_text/train_D_age.txt,Live_825,YES,Live,1,PRESENT,
source_SiW_Mv2/pro_3_text/train_D_age.txt,Live_826,YES,Live,1,PRESENT,
source_SiW_Mv2/pro_3_text/train_D_age.txt,Live_831,YES,Live,1,PRESENT,
source_SiW_Mv2/pro_3_text/train_D_age.txt,Live_834,YES,Live,1,PRESENT,
source_SiW_Mv2/pro_3_text/train_D_age.txt,Live_837,YES,Live,1,PRESENT,
source_SiW_Mv2/pro_3_text/train_D_age.txt,Live_839,YES,Live,1,PRESENT,
source_SiW_Mv2/pro_3_text/train_D_age.txt,Live_845,YES,Live,1,PRESENT,
source_SiW_Mv2/pro_3_text/train_D_age.txt,Live_848,YES,Live,1,PRESENT,
source_SiW_Mv2/pro_3_text/train_D_age.txt,Live_851,YES,Live,1,PRESENT,
source_SiW_Mv2/pro_3_text/train_D_age.txt,Live_853,YES,Live,1,PRESENT,
source_SiW_Mv2/pro_3_text/train_D_age.txt,Live_854,YES,Live,1,PRESENT,
source_SiW_Mv2/pro_3_text/train_D_age.txt,Live_856,YES,Live,1,PRESENT,
source_SiW_Mv2/pro_3_text/train_D_age.txt,Live_858,YES,Live,1,PRESENT,
source_SiW_Mv2/pro_3_text/train_D_age.txt,Live_859,YES,Live,1,PRESENT,
source_SiW_Mv2/pro_3_text/train_D_age.txt,Live_860,YES,Live,1,PRESENT,
source_SiW_Mv2/pro_3_text/train_D_age.txt,Live_862,YES,Live,1,PRESENT,
source_SiW_Mv2/pro_3_text/train_D_age.txt,Live_868,YES,Live,1,PRESENT,
source_SiW_Mv2/pro_3_text/train_D_age.txt,Live_869,YES,Live,1,PRESENT,
source_SiW_Mv2/pro_3_text/train_D_age.txt,Live_871,YES,Live,1,PRESENT,
source_SiW_Mv2/pro_3_text/train_D_age.txt,Live_874,YES,Live,1,PRESENT,
source_SiW_Mv2/pro_3_text/train_D_age.txt,Live_876,YES,Live,1,PRESENT,
source_SiW_Mv2/pro_3_text/train_D_age.txt,Live_880,YES,Live,1,PRESENT,
source_SiW_Mv2/pro_3_text/train_D_age.txt,Live_881,YES,Live,1,PRESENT,
source_SiW_Mv2/pro_3_text/train_D_age.txt,Live_883,YES,Live,1,PRESENT,
source_SiW_Mv2/pro_3_text/train_D_age.txt,Live_889,YES,Live,1,PRESENT,
source_SiW_Mv2/pro_3_text/train_D_age.txt,Live_900,NO,Live,1,MISSING_FROM_LOCAL_RELEASE,; not in local release
source_SiW_Mv2/pro_3_text/train_D_age.txt,Live_901,NO,Live,1,MISSING_FROM_LOCAL_RELEASE,; not in local release
source_SiW_Mv2/pro_3_text/train_D_age.txt,Paper_1,YES,Paper,2,DUPLICATE_PROTOCOL_REFERENCE,repeated for live/spoof balancing (official README)
source_SiW_Mv2/pro_3_text/train_D_age.txt,Paper_12,YES,Paper,2,DUPLICATE_PROTOCOL_REFERENCE,repeated for live/spoof balancing (official README)
source_SiW_Mv2/pro_3_text/train_D_age.txt,Paper_126,YES,Paper,2,DUPLICATE_PROTOCOL_REFERENCE,repeated for live/spoof balancing (official README)
source_SiW_Mv2/pro_3_text/train_D_age.txt,Paper_129,YES,Paper,2,DUPLICATE_PROTOCOL_REFERENCE,repeated for live/spoof balancing (official README)
source_SiW_Mv2/pro_3_text/train_D_age.txt,Paper_13,YES,Paper,2,DUPLICATE_PROTOCOL_REFERENCE,repeated for live/spoof balancing (official README)
source_SiW_Mv2/pro_3_text/train_D_age.txt,Paper_130,YES,Paper,2,DUPLICATE_PROTOCOL_REFERENCE,repeated for live/spoof balancing (official README)
source_SiW_Mv2/pro_3_text/train_D_age.txt,Paper_135,YES,Paper,2,DUPLICATE_PROTOCOL_REFERENCE,repeated for live/spoof balancing (official README)
source_SiW_Mv2/pro_3_text/train_D_age.txt,Paper_136,YES,Paper,2,DUPLICATE_PROTOCOL_REFERENCE,repeated for live/spoof balancing (official README)
source_SiW_Mv2/pro_3_text/train_D_age.txt,Paper_17,YES,Paper,2,DUPLICATE_PROTOCOL_REFERENCE,repeated for live/spoof balancing (official README)
source_SiW_Mv2/pro_3_text/train_D_age.txt,Paper_18,YES,Paper,2,DUPLICATE_PROTOCOL_REFERENCE,repeated for live/spoof balancing (official README)
source_SiW_Mv2/pro_3_text/train_D_age.txt,Paper_19,YES,Paper,3,DUPLICATE_PROTOCOL_REFERENCE,repeated for live/spoof balancing (official README)
source_SiW_Mv2/pro_3_text/train_D_age.txt,Paper_31,YES,Paper,2,DUPLICATE_PROTOCOL_REFERENCE,repeated for live/spoof balancing (official README)
source_SiW_Mv2/pro_3_text/train_D_age.txt,Paper_32,YES,Paper,2,DUPLICATE_PROTOCOL_REFERENCE,repeated for live/spoof balancing (official README)
source_SiW_Mv2/pro_3_text/train_D_age.txt,Paper_41,YES,Paper,2,DUPLICATE_PROTOCOL_REFERENCE,repeated for live/spoof balancing (official README)
source_SiW_Mv2/pro_3_text/train_D_age.txt,Paper_42,YES,Paper,2,DUPLICATE_PROTOCOL_REFERENCE,repeated for live/spoof balancing (official README)
source_SiW_Mv2/pro_3_text/train_D_age.txt,Paper_43,YES,Paper,2,DUPLICATE_PROTOCOL_REFERENCE,repeated for live/spoof balancing (official README)
source_SiW_Mv2/pro_3_text/train_D_age.txt,Paper_48,YES,Paper,2,DUPLICATE_PROTOCOL_REFERENCE,repeated for live/spoof balancing (official README)
source_SiW_Mv2/pro_3_text/train_D_age.txt,Paper_49,YES,Paper,2,DUPLICATE_PROTOCOL_REFERENCE,repeated for live/spoof balancing (official README)
source_SiW_Mv2/pro_3_text/train_D_age.txt,Paper_5,YES,Paper,2,DUPLICATE_PROTOCOL_REFERENCE,repeated for live/spoof balancing (official README)
source_SiW_Mv2/pro_3_text/train_D_age.txt,Paper_50,YES,Paper,2,DUPLICATE_PROTOCOL_REFERENCE,repeated for live/spoof balancing (official README)
source_SiW_Mv2/pro_3_text/train_D_age.txt,Paper_56,YES,Paper,3,DUPLICATE_PROTOCOL_REFERENCE,repeated for live/spoof balancing (official README)
source_SiW_Mv2/pro_3_text/train_D_age.txt,Paper_69,YES,Paper,2,DUPLICATE_PROTOCOL_REFERENCE,repeated for live/spoof balancing (official README)
source_SiW_Mv2/pro_3_text/train_D_age.txt,Paper_7,YES,Paper,2,DUPLICATE_PROTOCOL_REFERENCE,repeated for live/spoof balancing (official README)
source_SiW_Mv2/pro_3_text/train_D_age.txt,Paper_72,YES,Paper,2,DUPLICATE_PROTOCOL_REFERENCE,repeated for live/spoof balancing (official README)
source_SiW_Mv2/pro_3_text/train_D_age.txt,Paper_82,YES,Paper,2,DUPLICATE_PROTOCOL_REFERENCE,repeated for live/spoof balancing (official README)
source_SiW_Mv2/pro_3_text/train_D_age.txt,Paper_83,YES,Paper,2,DUPLICATE_PROTOCOL_REFERENCE,repeated for live/spoof balancing (official README)
source_SiW_Mv2/pro_3_text/train_D_age.txt,Paper_84,YES,Paper,2,DUPLICATE_PROTOCOL_REFERENCE,repeated for live/spoof balancing (official README)
source_SiW_Mv2/pro_3_text/train_D_age.txt,Paper_91,YES,Paper,2,DUPLICATE_PROTOCOL_REFERENCE,repeated for live/spoof balancing (official README)
source_SiW_Mv2/pro_3_text/train_D_age.txt,Paper_94,YES,Paper,2,DUPLICATE_PROTOCOL_REFERENCE,repeated for live/spoof balancing (official README)
source_SiW_Mv2/pro_3_text/train_D_age.txt,Partial_Mouth_1,YES,Partial_Mouth,6,DUPLICATE_PROTOCOL_REFERENCE,repeated for live/spoof balancing (official README)
source_SiW_Mv2/pro_3_text/train_D_age.txt,Partial_Mouth_12,YES,Partial_Mouth,6,DUPLICATE_PROTOCOL_REFERENCE,repeated for live/spoof balancing (official README)
source_SiW_Mv2/pro_3_text/train_D_age.txt,Partial_Mouth_13,YES,Partial_Mouth,6,DUPLICATE_PROTOCOL_REFERENCE,repeated for live/spoof balancing (official README)
source_SiW_Mv2/pro_3_text/train_D_age.txt,Partial_Mouth_14,YES,Partial_Mouth,6,DUPLICATE_PROTOCOL_REFERENCE,repeated for live/spoof balancing (official README)
source_SiW_Mv2/pro_3_text/train_D_age.txt,Partial_Mouth_16,YES,Partial_Mouth,6,DUPLICATE_PROTOCOL_REFERENCE,repeated for live/spoof balancing (official README)
source_SiW_Mv2/pro_3_text/train_D_age.txt,Partial_Mouth_17,YES,Partial_Mouth,6,DUPLICATE_PROTOCOL_REFERENCE,repeated for live/spoof balancing (official README)
source_SiW_Mv2/pro_3_text/train_D_age.txt,Partial_Mouth_2,YES,Partial_Mouth,6,DUPLICATE_PROTOCOL_REFERENCE,repeated for live/spoof balancing (official README)
source_SiW_Mv2/pro_3_text/train_D_age.txt,Partial_Mouth_21,YES,Partial_Mouth,6,DUPLICATE_PROTOCOL_REFERENCE,repeated for live/spoof balancing (official README)
source_SiW_Mv2/pro_3_text/train_D_age.txt,Partial_Mouth_22,YES,Partial_Mouth,6,DUPLICATE_PROTOCOL_REFERENCE,repeated for live/spoof balancing (official README)
source_SiW_Mv2/pro_3_text/train_D_age.txt,Partial_Mouth_23,YES,Partial_Mouth,6,DUPLICATE_PROTOCOL_REFERENCE,repeated for live/spoof balancing (official README)
source_SiW_Mv2/pro_3_text/train_D_age.txt,Partial_Mouth_25,YES,Partial_Mouth,5,DUPLICATE_PROTOCOL_REFERENCE,repeated for live/spoof balancing (official README)
source_SiW_Mv2/pro_3_text/train_D_age.txt,Partial_Mouth_29,YES,Partial_Mouth,5,DUPLICATE_PROTOCOL_REFERENCE,repeated for live/spoof balancing (official README)
source_SiW_Mv2/pro_3_text/train_D_age.txt,Partial_Mouth_3,YES,Partial_Mouth,6,DUPLICATE_PROTOCOL_REFERENCE,repeated for live/spoof balancing (official README)
source_SiW_Mv2/pro_3_text/train_D_age.txt,Partial_Mouth_4,YES,Partial_Mouth,6,DUPLICATE_PROTOCOL_REFERENCE,repeated for live/spoof balancing (official README)
source_SiW_Mv2/pro_3_text/train_D_age.txt,Partial_Mouth_5,YES,Partial_Mouth,6,DUPLICATE_PROTOCOL_REFERENCE,repeated for live/spoof balancing (official README)
source_SiW_Mv2/pro_3_text/train_D_age.txt,Partial_Mouth_7,YES,Partial_Mouth,6,DUPLICATE_PROTOCOL_REFERENCE,repeated for live/spoof balancing (official README)
source_SiW_Mv2/pro_3_text/train_D_age.txt,Partial_Mouth_9,YES,Partial_Mouth,6,DUPLICATE_PROTOCOL_REFERENCE,repeated for live/spoof balancing (official README)
source_SiW_Mv2/pro_3_text/train_D_age.txt,Replay_10,YES,Replay,3,DUPLICATE_PROTOCOL_REFERENCE,repeated for live/spoof balancing (official README)
source_SiW_Mv2/pro_3_text/train_D_age.txt,Replay_11,YES,Replay,3,DUPLICATE_PROTOCOL_REFERENCE,repeated for live/spoof balancing (official README)
source_SiW_Mv2/pro_3_text/train_D_age.txt,Replay_13,YES,Replay,3,DUPLICATE_PROTOCOL_REFERENCE,repeated for live/spoof balancing (official README)
source_SiW_Mv2/pro_3_text/train_D_age.txt,Replay_15,YES,Replay,3,DUPLICATE_PROTOCOL_REFERENCE,repeated for live/spoof balancing (official README)
source_SiW_Mv2/pro_3_text/train_D_age.txt,Replay_16,YES,Replay,3,DUPLICATE_PROTOCOL_REFERENCE,repeated for live/spoof balancing (official README)
source_SiW_Mv2/pro_3_text/train_D_age.txt,Replay_19,YES,Replay,3,DUPLICATE_PROTOCOL_REFERENCE,repeated for live/spoof balancing (official README)
source_SiW_Mv2/pro_3_text/train_D_age.txt,Replay_21,YES,Replay,3,DUPLICATE_PROTOCOL_REFERENCE,repeated for live/spoof balancing (official README)
source_SiW_Mv2/pro_3_text/train_D_age.txt,Replay_23,YES,Replay,3,DUPLICATE_PROTOCOL_REFERENCE,repeated for live/spoof balancing (official README)
source_SiW_Mv2/pro_3_text/train_D_age.txt,Replay_30,YES,Replay,3,DUPLICATE_PROTOCOL_REFERENCE,repeated for live/spoof balancing (official README)
source_SiW_Mv2/pro_3_text/train_D_age.txt,Replay_35,YES,Replay,3,DUPLICATE_PROTOCOL_REFERENCE,repeated for live/spoof balancing (official README)
source_SiW_Mv2/pro_3_text/train_D_age.txt,Replay_50,YES,Replay,2,DUPLICATE_PROTOCOL_REFERENCE,repeated for live/spoof balancing (official README)
source_SiW_Mv2/pro_3_text/train_D_age.txt,Replay_63,YES,Replay,2,DUPLICATE_PROTOCOL_REFERENCE,repeated for live/spoof balancing (official README)
source_SiW_Mv2/pro_3_text/train_D_age.txt,Replay_64,YES,Replay,3,DUPLICATE_PROTOCOL_REFERENCE,repeated for live/spoof balancing (official README)
source_SiW_Mv2/pro_3_text/train_D_age.txt,Replay_66,YES,Replay,3,DUPLICATE_PROTOCOL_REFERENCE,repeated for live/spoof balancing (official README)
source_SiW_Mv2/pro_3_text/test_D_age.txt,Live_118,YES,Live,1,PRESENT,
source_SiW_Mv2/pro_3_text/test_D_age.txt,Live_16,YES,Live,1,PRESENT,
source_SiW_Mv2/pro_3_text/test_D_age.txt,Live_34,YES,Live,1,PRESENT,
source_SiW_Mv2/pro_3_text/test_D_age.txt,Live_50,YES,Live,1,PRESENT,
source_SiW_Mv2/pro_3_text/test_D_age.txt,Live_56,YES,Live,1,PRESENT,
source_SiW_Mv2/pro_3_text/test_D_age.txt,Live_658,YES,Live,1,PRESENT,
source_SiW_Mv2/pro_3_text/test_D_age.txt,Live_660,YES,Live,1,PRESENT,
source_SiW_Mv2/pro_3_text/test_D_age.txt,Live_661,YES,Live,1,PRESENT,
source_SiW_Mv2/pro_3_text/test_D_age.txt,Live_664,YES,Live,1,PRESENT,
source_SiW_Mv2/pro_3_text/test_D_age.txt,Live_667,YES,Live,1,PRESENT,
source_SiW_Mv2/pro_3_text/test_D_age.txt,Live_668,YES,Live,1,PRESENT,
source_SiW_Mv2/pro_3_text/test_D_age.txt,Live_672,YES,Live,1,PRESENT,
source_SiW_Mv2/pro_3_text/test_D_age.txt,Live_683,YES,Live,1,PRESENT,
source_SiW_Mv2/pro_3_text/test_D_age.txt,Live_685,YES,Live,1,PRESENT,
source_SiW_Mv2/pro_3_text/test_D_age.txt,Live_698,YES,Live,1,PRESENT,
source_SiW_Mv2/pro_3_text/test_D_age.txt,Live_7,YES,Live,1,PRESENT,
source_SiW_Mv2/pro_3_text/test_D_age.txt,Live_70,YES,Live,1,PRESENT,
source_SiW_Mv2/pro_3_text/test_D_age.txt,Live_700,YES,Live,1,PRESENT,
source_SiW_Mv2/pro_3_text/test_D_age.txt,Live_702,YES,Live,1,PRESENT,
source_SiW_Mv2/pro_3_text/test_D_age.txt,Live_705,YES,Live,1,PRESENT,
source_SiW_Mv2/pro_3_text/test_D_age.txt,Live_706,YES,Live,1,PRESENT,
source_SiW_Mv2/pro_3_text/test_D_age.txt,Live_710,YES,Live,1,PRESENT,
source_SiW_Mv2/pro_3_text/test_D_age.txt,Live_717,YES,Live,1,PRESENT,
source_SiW_Mv2/pro_3_text/test_D_age.txt,Live_737,YES,Live,1,PRESENT,
source_SiW_Mv2/pro_3_text/test_D_age.txt,Live_740,YES,Live,1,PRESENT,
source_SiW_Mv2/pro_3_text/test_D_age.txt,Live_741,YES,Live,1,PRESENT,
source_SiW_Mv2/pro_3_text/test_D_age.txt,Live_745,YES,Live,1,PRESENT,
source_SiW_Mv2/pro_3_text/test_D_age.txt,Live_760,YES,Live,1,PRESENT,
source_SiW_Mv2/pro_3_text/test_D_age.txt,Live_780,YES,Live,1,PRESENT,
source_SiW_Mv2/pro_3_text/test_D_age.txt,Live_806,YES,Live,1,PRESENT,
source_SiW_Mv2/pro_3_text/test_D_age.txt,Live_836,YES,Live,1,PRESENT,
source_SiW_Mv2/pro_3_text/test_D_age.txt,Live_847,YES,Live,1,PRESENT,
source_SiW_Mv2/pro_3_text/test_D_age.txt,Live_849,YES,Live,1,PRESENT,
source_SiW_Mv2/pro_3_text/test_D_age.txt,Live_850,YES,Live,1,PRESENT,
source_SiW_Mv2/pro_3_text/test_D_age.txt,Live_852,YES,Live,1,PRESENT,
source_SiW_Mv2/pro_3_text/test_D_age.txt,Live_87,YES,Live,1,PRESENT,
source_SiW_Mv2/pro_3_text/test_D_age.txt,Live_884,YES,Live,1,PRESENT,
source_SiW_Mv2/pro_3_text/test_D_age.txt,Live_91,YES,Live,1,PRESENT,
source_SiW_Mv2/pro_3_text/test_D_age.txt,Live_92,YES,Live,1,PRESENT,
source_SiW_Mv2/pro_3_text/test_D_age.txt,Paper_14,YES,Paper,1,PRESENT,
source_SiW_Mv2/pro_3_text/test_D_age.txt,Paper_20,YES,Paper,1,PRESENT,
source_SiW_Mv2/pro_3_text/test_D_age.txt,Paper_21,YES,Paper,1,PRESENT,
source_SiW_Mv2/pro_3_text/test_D_age.txt,Paper_8,YES,Paper,1,PRESENT,
source_SiW_Mv2/pro_3_text/test_D_age.txt,Paper_9,YES,Paper,1,PRESENT,
source_SiW_Mv2/pro_3_text/test_D_age.txt,Partial_Mouth_10,YES,Partial_Mouth,1,PRESENT,
source_SiW_Mv2/pro_3_text/test_D_age.txt,Partial_Mouth_11,YES,Partial_Mouth,1,PRESENT,
source_SiW_Mv2/pro_3_text/test_D_age.txt,Partial_Mouth_15,YES,Partial_Mouth,1,PRESENT,
source_SiW_Mv2/pro_3_text/test_D_age.txt,Partial_Mouth_18,YES,Partial_Mouth,1,PRESENT,
source_SiW_Mv2/pro_3_text/test_D_age.txt,Partial_Mouth_19,YES,Partial_Mouth,1,PRESENT,
source_SiW_Mv2/pro_3_text/test_D_age.txt,Partial_Mouth_20,YES,Partial_Mouth,1,PRESENT,
source_SiW_Mv2/pro_3_text/test_D_age.txt,Partial_Mouth_24,YES,Partial_Mouth,1,PRESENT,
source_SiW_Mv2/pro_3_text/test_D_age.txt,Partial_Mouth_26,YES,Partial_Mouth,1,PRESENT,
source_SiW_Mv2/pro_3_text/test_D_age.txt,Partial_Mouth_27,YES,Partial_Mouth,1,PRESENT,
source_SiW_Mv2/pro_3_text/test_D_age.txt,Partial_Mouth_28,YES,Partial_Mouth,1,PRESENT,
source_SiW_Mv2/pro_3_text/test_D_age.txt,Partial_Mouth_6,YES,Partial_Mouth,1,PRESENT,
source_SiW_Mv2/pro_3_text/test_D_age.txt,Partial_Mouth_8,YES,Partial_Mouth,1,PRESENT,
source_SiW_Mv2/pro_3_text/test_D_age.txt,Replay_59,YES,Replay,1,PRESENT,
source_SiW_Mv2/pro_3_text/train_E_ill.txt,Live_106,YES,Live,1,PRESENT,
source_SiW_Mv2/pro_3_text/train_E_ill.txt,Live_107,YES,Live,1,PRESENT,
source_SiW_Mv2/pro_3_text/train_E_ill.txt,Live_11,YES,Live,1,PRESENT,
source_SiW_Mv2/pro_3_text/train_E_ill.txt,Live_119,YES,Live,1,PRESENT,
source_SiW_Mv2/pro_3_text/train_E_ill.txt,Live_13,YES,Live,1,PRESENT,
source_SiW_Mv2/pro_3_text/train_E_ill.txt,Live_171,YES,Live,1,PRESENT,
source_SiW_Mv2/pro_3_text/train_E_ill.txt,Live_172,YES,Live,1,PRESENT,
source_SiW_Mv2/pro_3_text/train_E_ill.txt,Live_182,YES,Live,1,PRESENT,
source_SiW_Mv2/pro_3_text/train_E_ill.txt,Live_19,YES,Live,1,PRESENT,
source_SiW_Mv2/pro_3_text/train_E_ill.txt,Live_190,YES,Live,1,PRESENT,
source_SiW_Mv2/pro_3_text/train_E_ill.txt,Live_191,YES,Live,1,PRESENT,
source_SiW_Mv2/pro_3_text/train_E_ill.txt,Live_192,YES,Live,1,PRESENT,
source_SiW_Mv2/pro_3_text/train_E_ill.txt,Live_193,YES,Live,1,PRESENT,
source_SiW_Mv2/pro_3_text/train_E_ill.txt,Live_194,YES,Live,1,PRESENT,
source_SiW_Mv2/pro_3_text/train_E_ill.txt,Live_195,YES,Live,1,PRESENT,
source_SiW_Mv2/pro_3_text/train_E_ill.txt,Live_220,YES,Live,1,PRESENT,
source_SiW_Mv2/pro_3_text/train_E_ill.txt,Live_237,YES,Live,1,PRESENT,
source_SiW_Mv2/pro_3_text/train_E_ill.txt,Live_238,YES,Live,1,PRESENT,
source_SiW_Mv2/pro_3_text/train_E_ill.txt,Live_239,YES,Live,1,PRESENT,
source_SiW_Mv2/pro_3_text/train_E_ill.txt,Live_255,YES,Live,1,PRESENT,
source_SiW_Mv2/pro_3_text/train_E_ill.txt,Live_256,YES,Live,1,PRESENT,
source_SiW_Mv2/pro_3_text/train_E_ill.txt,Live_257,YES,Live,1,PRESENT,
source_SiW_Mv2/pro_3_text/train_E_ill.txt,Live_275,YES,Live,1,PRESENT,
source_SiW_Mv2/pro_3_text/train_E_ill.txt,Live_276,YES,Live,1,PRESENT,
source_SiW_Mv2/pro_3_text/train_E_ill.txt,Live_277,YES,Live,1,PRESENT,
source_SiW_Mv2/pro_3_text/train_E_ill.txt,Live_290,YES,Live,1,PRESENT,
source_SiW_Mv2/pro_3_text/train_E_ill.txt,Live_291,YES,Live,1,PRESENT,
source_SiW_Mv2/pro_3_text/train_E_ill.txt,Live_292,YES,Live,1,PRESENT,
source_SiW_Mv2/pro_3_text/train_E_ill.txt,Live_31,YES,Live,1,PRESENT,
source_SiW_Mv2/pro_3_text/train_E_ill.txt,Live_356,YES,Live,1,PRESENT,
source_SiW_Mv2/pro_3_text/train_E_ill.txt,Live_357,YES,Live,1,PRESENT,
source_SiW_Mv2/pro_3_text/train_E_ill.txt,Live_360,YES,Live,1,PRESENT,
source_SiW_Mv2/pro_3_text/train_E_ill.txt,Live_361,YES,Live,1,PRESENT,
source_SiW_Mv2/pro_3_text/train_E_ill.txt,Live_37,YES,Live,1,PRESENT,
source_SiW_Mv2/pro_3_text/train_E_ill.txt,Live_379,YES,Live,1,PRESENT,
source_SiW_Mv2/pro_3_text/train_E_ill.txt,Live_4,YES,Live,1,PRESENT,
source_SiW_Mv2/pro_3_text/train_E_ill.txt,Live_42,YES,Live,1,PRESENT,
source_SiW_Mv2/pro_3_text/train_E_ill.txt,Live_43,YES,Live,1,PRESENT,
source_SiW_Mv2/pro_3_text/train_E_ill.txt,Live_436,YES,Live,1,PRESENT,
source_SiW_Mv2/pro_3_text/train_E_ill.txt,Live_437,YES,Live,1,PRESENT,
source_SiW_Mv2/pro_3_text/train_E_ill.txt,Live_443,YES,Live,1,PRESENT,
source_SiW_Mv2/pro_3_text/train_E_ill.txt,Live_444,YES,Live,1,PRESENT,
source_SiW_Mv2/pro_3_text/train_E_ill.txt,Live_445,YES,Live,1,PRESENT,
source_SiW_Mv2/pro_3_text/train_E_ill.txt,Live_457,YES,Live,1,PRESENT,
source_SiW_Mv2/pro_3_text/train_E_ill.txt,Live_458,YES,Live,1,PRESENT,
source_SiW_Mv2/pro_3_text/train_E_ill.txt,Live_459,YES,Live,1,PRESENT,
source_SiW_Mv2/pro_3_text/train_E_ill.txt,Live_472,YES,Live,1,PRESENT,
source_SiW_Mv2/pro_3_text/train_E_ill.txt,Live_48,YES,Live,1,PRESENT,
source_SiW_Mv2/pro_3_text/train_E_ill.txt,Live_483,YES,Live,1,PRESENT,
source_SiW_Mv2/pro_3_text/train_E_ill.txt,Live_484,YES,Live,1,PRESENT,
source_SiW_Mv2/pro_3_text/train_E_ill.txt,Live_485,YES,Live,1,PRESENT,
source_SiW_Mv2/pro_3_text/train_E_ill.txt,Live_486,YES,Live,1,PRESENT,
source_SiW_Mv2/pro_3_text/train_E_ill.txt,Live_487,YES,Live,1,PRESENT,
source_SiW_Mv2/pro_3_text/train_E_ill.txt,Live_49,YES,Live,1,PRESENT,
source_SiW_Mv2/pro_3_text/train_E_ill.txt,Live_503,YES,Live,1,PRESENT,
source_SiW_Mv2/pro_3_text/train_E_ill.txt,Live_504,YES,Live,1,PRESENT,
source_SiW_Mv2/pro_3_text/train_E_ill.txt,Live_51,YES,Live,1,PRESENT,
source_SiW_Mv2/pro_3_text/train_E_ill.txt,Live_6,YES,Live,1,PRESENT,
source_SiW_Mv2/pro_3_text/train_E_ill.txt,Live_616,YES,Live,1,PRESENT,
source_SiW_Mv2/pro_3_text/train_E_ill.txt,Live_617,YES,Live,1,PRESENT,
source_SiW_Mv2/pro_3_text/train_E_ill.txt,Live_618,YES,Live,1,PRESENT,
source_SiW_Mv2/pro_3_text/train_E_ill.txt,Live_619,YES,Live,1,PRESENT,
source_SiW_Mv2/pro_3_text/train_E_ill.txt,Live_62,YES,Live,1,PRESENT,
source_SiW_Mv2/pro_3_text/train_E_ill.txt,Live_620,YES,Live,1,PRESENT,
source_SiW_Mv2/pro_3_text/train_E_ill.txt,Live_622,YES,Live,1,PRESENT,
source_SiW_Mv2/pro_3_text/train_E_ill.txt,Live_63,YES,Live,1,PRESENT,
source_SiW_Mv2/pro_3_text/train_E_ill.txt,Live_663,YES,Live,1,PRESENT,
source_SiW_Mv2/pro_3_text/train_E_ill.txt,Live_664,YES,Live,1,PRESENT,
source_SiW_Mv2/pro_3_text/train_E_ill.txt,Live_667,YES,Live,1,PRESENT,
source_SiW_Mv2/pro_3_text/train_E_ill.txt,Live_67,YES,Live,1,PRESENT,
source_SiW_Mv2/pro_3_text/train_E_ill.txt,Live_672,YES,Live,1,PRESENT,
source_SiW_Mv2/pro_3_text/train_E_ill.txt,Live_673,YES,Live,1,PRESENT,
source_SiW_Mv2/pro_3_text/train_E_ill.txt,Live_677,YES,Live,1,PRESENT,
source_SiW_Mv2/pro_3_text/train_E_ill.txt,Live_679,YES,Live,1,PRESENT,
source_SiW_Mv2/pro_3_text/train_E_ill.txt,Live_683,YES,Live,1,PRESENT,
source_SiW_Mv2/pro_3_text/train_E_ill.txt,Live_685,YES,Live,1,PRESENT,
source_SiW_Mv2/pro_3_text/train_E_ill.txt,Live_686,YES,Live,1,PRESENT,
source_SiW_Mv2/pro_3_text/train_E_ill.txt,Live_688,YES,Live,1,PRESENT,
source_SiW_Mv2/pro_3_text/train_E_ill.txt,Live_693,YES,Live,1,PRESENT,
source_SiW_Mv2/pro_3_text/train_E_ill.txt,Live_70,YES,Live,1,PRESENT,
source_SiW_Mv2/pro_3_text/train_E_ill.txt,Live_700,YES,Live,1,PRESENT,
source_SiW_Mv2/pro_3_text/train_E_ill.txt,Live_701,YES,Live,1,PRESENT,
source_SiW_Mv2/pro_3_text/train_E_ill.txt,Live_705,YES,Live,1,PRESENT,
source_SiW_Mv2/pro_3_text/train_E_ill.txt,Live_706,YES,Live,1,PRESENT,
source_SiW_Mv2/pro_3_text/train_E_ill.txt,Live_709,YES,Live,1,PRESENT,
source_SiW_Mv2/pro_3_text/train_E_ill.txt,Live_71,YES,Live,1,PRESENT,
source_SiW_Mv2/pro_3_text/train_E_ill.txt,Live_711,YES,Live,1,PRESENT,
source_SiW_Mv2/pro_3_text/train_E_ill.txt,Live_713,YES,Live,1,PRESENT,
source_SiW_Mv2/pro_3_text/train_E_ill.txt,Live_714,YES,Live,1,PRESENT,
source_SiW_Mv2/pro_3_text/train_E_ill.txt,Live_718,YES,Live,1,PRESENT,
source_SiW_Mv2/pro_3_text/train_E_ill.txt,Live_719,YES,Live,1,PRESENT,
source_SiW_Mv2/pro_3_text/train_E_ill.txt,Live_72,YES,Live,1,PRESENT,
source_SiW_Mv2/pro_3_text/train_E_ill.txt,Live_720,YES,Live,1,PRESENT,
source_SiW_Mv2/pro_3_text/train_E_ill.txt,Live_731,YES,Live,1,PRESENT,
source_SiW_Mv2/pro_3_text/train_E_ill.txt,Live_732,YES,Live,1,PRESENT,
source_SiW_Mv2/pro_3_text/train_E_ill.txt,Live_734,YES,Live,1,PRESENT,
source_SiW_Mv2/pro_3_text/train_E_ill.txt,Live_737,YES,Live,1,PRESENT,
source_SiW_Mv2/pro_3_text/train_E_ill.txt,Live_741,YES,Live,1,PRESENT,
source_SiW_Mv2/pro_3_text/train_E_ill.txt,Live_75,YES,Live,1,PRESENT,
source_SiW_Mv2/pro_3_text/train_E_ill.txt,Live_755,YES,Live,1,PRESENT,
source_SiW_Mv2/pro_3_text/train_E_ill.txt,Live_756,YES,Live,1,PRESENT,
source_SiW_Mv2/pro_3_text/train_E_ill.txt,Live_759,YES,Live,1,PRESENT,
source_SiW_Mv2/pro_3_text/train_E_ill.txt,Live_767,YES,Live,1,PRESENT,
source_SiW_Mv2/pro_3_text/train_E_ill.txt,Live_768,YES,Live,1,PRESENT,
source_SiW_Mv2/pro_3_text/train_E_ill.txt,Live_77,YES,Live,1,PRESENT,
source_SiW_Mv2/pro_3_text/train_E_ill.txt,Live_775,YES,Live,1,PRESENT,
source_SiW_Mv2/pro_3_text/train_E_ill.txt,Live_776,YES,Live,1,PRESENT,
source_SiW_Mv2/pro_3_text/train_E_ill.txt,Live_778,YES,Live,1,PRESENT,
source_SiW_Mv2/pro_3_text/train_E_ill.txt,Live_78,YES,Live,1,PRESENT,
source_SiW_Mv2/pro_3_text/train_E_ill.txt,Live_785,YES,Live,1,PRESENT,
source_SiW_Mv2/pro_3_text/train_E_ill.txt,Live_786,YES,Live,1,PRESENT,
source_SiW_Mv2/pro_3_text/train_E_ill.txt,Live_787,YES,Live,1,PRESENT,
source_SiW_Mv2/pro_3_text/train_E_ill.txt,Live_789,YES,Live,1,PRESENT,
source_SiW_Mv2/pro_3_text/train_E_ill.txt,Live_791,YES,Live,1,PRESENT,
source_SiW_Mv2/pro_3_text/train_E_ill.txt,Live_793,YES,Live,1,PRESENT,
source_SiW_Mv2/pro_3_text/train_E_ill.txt,Live_794,YES,Live,1,PRESENT,
source_SiW_Mv2/pro_3_text/train_E_ill.txt,Live_795,YES,Live,1,PRESENT,
source_SiW_Mv2/pro_3_text/train_E_ill.txt,Live_796,YES,Live,1,PRESENT,
source_SiW_Mv2/pro_3_text/train_E_ill.txt,Live_797,YES,Live,1,PRESENT,
source_SiW_Mv2/pro_3_text/train_E_ill.txt,Live_81,YES,Live,1,PRESENT,
source_SiW_Mv2/pro_3_text/train_E_ill.txt,Live_811,YES,Live,1,PRESENT,
source_SiW_Mv2/pro_3_text/train_E_ill.txt,Live_812,YES,Live,1,PRESENT,
source_SiW_Mv2/pro_3_text/train_E_ill.txt,Live_813,YES,Live,1,PRESENT,
source_SiW_Mv2/pro_3_text/train_E_ill.txt,Live_814,YES,Live,1,PRESENT,
source_SiW_Mv2/pro_3_text/train_E_ill.txt,Live_819,YES,Live,1,PRESENT,
source_SiW_Mv2/pro_3_text/train_E_ill.txt,Live_820,YES,Live,1,PRESENT,
source_SiW_Mv2/pro_3_text/train_E_ill.txt,Live_821,YES,Live,1,PRESENT,
source_SiW_Mv2/pro_3_text/train_E_ill.txt,Live_825,YES,Live,1,PRESENT,
source_SiW_Mv2/pro_3_text/train_E_ill.txt,Live_826,YES,Live,1,PRESENT,
source_SiW_Mv2/pro_3_text/train_E_ill.txt,Live_831,YES,Live,1,PRESENT,
source_SiW_Mv2/pro_3_text/train_E_ill.txt,Live_834,YES,Live,1,PRESENT,
source_SiW_Mv2/pro_3_text/train_E_ill.txt,Live_837,YES,Live,1,PRESENT,
source_SiW_Mv2/pro_3_text/train_E_ill.txt,Live_839,YES,Live,1,PRESENT,
source_SiW_Mv2/pro_3_text/train_E_ill.txt,Live_845,YES,Live,1,PRESENT,
source_SiW_Mv2/pro_3_text/train_E_ill.txt,Live_848,YES,Live,1,PRESENT,
source_SiW_Mv2/pro_3_text/train_E_ill.txt,Live_851,YES,Live,1,PRESENT,
source_SiW_Mv2/pro_3_text/train_E_ill.txt,Live_856,YES,Live,1,PRESENT,
source_SiW_Mv2/pro_3_text/train_E_ill.txt,Live_858,YES,Live,1,PRESENT,
source_SiW_Mv2/pro_3_text/train_E_ill.txt,Live_859,YES,Live,1,PRESENT,
source_SiW_Mv2/pro_3_text/train_E_ill.txt,Live_860,YES,Live,1,PRESENT,
source_SiW_Mv2/pro_3_text/train_E_ill.txt,Live_862,YES,Live,1,PRESENT,
source_SiW_Mv2/pro_3_text/train_E_ill.txt,Live_868,YES,Live,1,PRESENT,
source_SiW_Mv2/pro_3_text/train_E_ill.txt,Live_869,YES,Live,1,PRESENT,
source_SiW_Mv2/pro_3_text/train_E_ill.txt,Live_871,YES,Live,1,PRESENT,
source_SiW_Mv2/pro_3_text/train_E_ill.txt,Live_874,YES,Live,1,PRESENT,
source_SiW_Mv2/pro_3_text/train_E_ill.txt,Live_876,YES,Live,1,PRESENT,
source_SiW_Mv2/pro_3_text/train_E_ill.txt,Live_880,YES,Live,1,PRESENT,
source_SiW_Mv2/pro_3_text/train_E_ill.txt,Live_881,YES,Live,1,PRESENT,
source_SiW_Mv2/pro_3_text/train_E_ill.txt,Live_883,YES,Live,1,PRESENT,
source_SiW_Mv2/pro_3_text/train_E_ill.txt,Live_889,YES,Live,1,PRESENT,
source_SiW_Mv2/pro_3_text/train_E_ill.txt,Live_890,YES,Live,1,PRESENT,
source_SiW_Mv2/pro_3_text/train_E_ill.txt,Live_900,NO,Live,1,MISSING_FROM_LOCAL_RELEASE,; not in local release
source_SiW_Mv2/pro_3_text/train_E_ill.txt,Live_901,NO,Live,1,MISSING_FROM_LOCAL_RELEASE,; not in local release
source_SiW_Mv2/pro_3_text/train_E_ill.txt,Paper_1,YES,Paper,2,DUPLICATE_PROTOCOL_REFERENCE,repeated for live/spoof balancing (official README)
source_SiW_Mv2/pro_3_text/train_E_ill.txt,Paper_12,YES,Paper,2,DUPLICATE_PROTOCOL_REFERENCE,repeated for live/spoof balancing (official README)
source_SiW_Mv2/pro_3_text/train_E_ill.txt,Paper_126,YES,Paper,2,DUPLICATE_PROTOCOL_REFERENCE,repeated for live/spoof balancing (official README)
source_SiW_Mv2/pro_3_text/train_E_ill.txt,Paper_129,YES,Paper,2,DUPLICATE_PROTOCOL_REFERENCE,repeated for live/spoof balancing (official README)
source_SiW_Mv2/pro_3_text/train_E_ill.txt,Paper_13,YES,Paper,2,DUPLICATE_PROTOCOL_REFERENCE,repeated for live/spoof balancing (official README)
source_SiW_Mv2/pro_3_text/train_E_ill.txt,Paper_130,YES,Paper,2,DUPLICATE_PROTOCOL_REFERENCE,repeated for live/spoof balancing (official README)
source_SiW_Mv2/pro_3_text/train_E_ill.txt,Paper_135,YES,Paper,2,DUPLICATE_PROTOCOL_REFERENCE,repeated for live/spoof balancing (official README)
source_SiW_Mv2/pro_3_text/train_E_ill.txt,Paper_136,YES,Paper,2,DUPLICATE_PROTOCOL_REFERENCE,repeated for live/spoof balancing (official README)
source_SiW_Mv2/pro_3_text/train_E_ill.txt,Paper_17,YES,Paper,2,DUPLICATE_PROTOCOL_REFERENCE,repeated for live/spoof balancing (official README)
source_SiW_Mv2/pro_3_text/train_E_ill.txt,Paper_18,YES,Paper,2,DUPLICATE_PROTOCOL_REFERENCE,repeated for live/spoof balancing (official README)
source_SiW_Mv2/pro_3_text/train_E_ill.txt,Paper_19,YES,Paper,3,DUPLICATE_PROTOCOL_REFERENCE,repeated for live/spoof balancing (official README)
source_SiW_Mv2/pro_3_text/train_E_ill.txt,Paper_31,YES,Paper,2,DUPLICATE_PROTOCOL_REFERENCE,repeated for live/spoof balancing (official README)
source_SiW_Mv2/pro_3_text/train_E_ill.txt,Paper_32,YES,Paper,2,DUPLICATE_PROTOCOL_REFERENCE,repeated for live/spoof balancing (official README)
source_SiW_Mv2/pro_3_text/train_E_ill.txt,Paper_41,YES,Paper,2,DUPLICATE_PROTOCOL_REFERENCE,repeated for live/spoof balancing (official README)
source_SiW_Mv2/pro_3_text/train_E_ill.txt,Paper_42,YES,Paper,2,DUPLICATE_PROTOCOL_REFERENCE,repeated for live/spoof balancing (official README)
source_SiW_Mv2/pro_3_text/train_E_ill.txt,Paper_43,YES,Paper,2,DUPLICATE_PROTOCOL_REFERENCE,repeated for live/spoof balancing (official README)
source_SiW_Mv2/pro_3_text/train_E_ill.txt,Paper_48,YES,Paper,2,DUPLICATE_PROTOCOL_REFERENCE,repeated for live/spoof balancing (official README)
source_SiW_Mv2/pro_3_text/train_E_ill.txt,Paper_49,YES,Paper,2,DUPLICATE_PROTOCOL_REFERENCE,repeated for live/spoof balancing (official README)
source_SiW_Mv2/pro_3_text/train_E_ill.txt,Paper_5,YES,Paper,2,DUPLICATE_PROTOCOL_REFERENCE,repeated for live/spoof balancing (official README)
source_SiW_Mv2/pro_3_text/train_E_ill.txt,Paper_50,YES,Paper,2,DUPLICATE_PROTOCOL_REFERENCE,repeated for live/spoof balancing (official README)
source_SiW_Mv2/pro_3_text/train_E_ill.txt,Paper_56,YES,Paper,3,DUPLICATE_PROTOCOL_REFERENCE,repeated for live/spoof balancing (official README)
source_SiW_Mv2/pro_3_text/train_E_ill.txt,Paper_69,YES,Paper,2,DUPLICATE_PROTOCOL_REFERENCE,repeated for live/spoof balancing (official README)
source_SiW_Mv2/pro_3_text/train_E_ill.txt,Paper_7,YES,Paper,2,DUPLICATE_PROTOCOL_REFERENCE,repeated for live/spoof balancing (official README)
source_SiW_Mv2/pro_3_text/train_E_ill.txt,Paper_72,YES,Paper,2,DUPLICATE_PROTOCOL_REFERENCE,repeated for live/spoof balancing (official README)
source_SiW_Mv2/pro_3_text/train_E_ill.txt,Paper_82,YES,Paper,2,DUPLICATE_PROTOCOL_REFERENCE,repeated for live/spoof balancing (official README)
source_SiW_Mv2/pro_3_text/train_E_ill.txt,Paper_83,YES,Paper,2,DUPLICATE_PROTOCOL_REFERENCE,repeated for live/spoof balancing (official README)
source_SiW_Mv2/pro_3_text/train_E_ill.txt,Paper_84,YES,Paper,2,DUPLICATE_PROTOCOL_REFERENCE,repeated for live/spoof balancing (official README)
source_SiW_Mv2/pro_3_text/train_E_ill.txt,Paper_91,YES,Paper,2,DUPLICATE_PROTOCOL_REFERENCE,repeated for live/spoof balancing (official README)
source_SiW_Mv2/pro_3_text/train_E_ill.txt,Paper_94,YES,Paper,2,DUPLICATE_PROTOCOL_REFERENCE,repeated for live/spoof balancing (official README)
source_SiW_Mv2/pro_3_text/train_E_ill.txt,Partial_Mouth_1,YES,Partial_Mouth,6,DUPLICATE_PROTOCOL_REFERENCE,repeated for live/spoof balancing (official README)
source_SiW_Mv2/pro_3_text/train_E_ill.txt,Partial_Mouth_12,YES,Partial_Mouth,6,DUPLICATE_PROTOCOL_REFERENCE,repeated for live/spoof balancing (official README)
source_SiW_Mv2/pro_3_text/train_E_ill.txt,Partial_Mouth_13,YES,Partial_Mouth,6,DUPLICATE_PROTOCOL_REFERENCE,repeated for live/spoof balancing (official README)
source_SiW_Mv2/pro_3_text/train_E_ill.txt,Partial_Mouth_14,YES,Partial_Mouth,6,DUPLICATE_PROTOCOL_REFERENCE,repeated for live/spoof balancing (official README)
source_SiW_Mv2/pro_3_text/train_E_ill.txt,Partial_Mouth_16,YES,Partial_Mouth,6,DUPLICATE_PROTOCOL_REFERENCE,repeated for live/spoof balancing (official README)
source_SiW_Mv2/pro_3_text/train_E_ill.txt,Partial_Mouth_17,YES,Partial_Mouth,6,DUPLICATE_PROTOCOL_REFERENCE,repeated for live/spoof balancing (official README)
source_SiW_Mv2/pro_3_text/train_E_ill.txt,Partial_Mouth_2,YES,Partial_Mouth,6,DUPLICATE_PROTOCOL_REFERENCE,repeated for live/spoof balancing (official README)
source_SiW_Mv2/pro_3_text/train_E_ill.txt,Partial_Mouth_21,YES,Partial_Mouth,6,DUPLICATE_PROTOCOL_REFERENCE,repeated for live/spoof balancing (official README)
source_SiW_Mv2/pro_3_text/train_E_ill.txt,Partial_Mouth_22,YES,Partial_Mouth,6,DUPLICATE_PROTOCOL_REFERENCE,repeated for live/spoof balancing (official README)
source_SiW_Mv2/pro_3_text/train_E_ill.txt,Partial_Mouth_23,YES,Partial_Mouth,6,DUPLICATE_PROTOCOL_REFERENCE,repeated for live/spoof balancing (official README)
source_SiW_Mv2/pro_3_text/train_E_ill.txt,Partial_Mouth_25,YES,Partial_Mouth,5,DUPLICATE_PROTOCOL_REFERENCE,repeated for live/spoof balancing (official README)
source_SiW_Mv2/pro_3_text/train_E_ill.txt,Partial_Mouth_29,YES,Partial_Mouth,5,DUPLICATE_PROTOCOL_REFERENCE,repeated for live/spoof balancing (official README)
source_SiW_Mv2/pro_3_text/train_E_ill.txt,Partial_Mouth_3,YES,Partial_Mouth,6,DUPLICATE_PROTOCOL_REFERENCE,repeated for live/spoof balancing (official README)
source_SiW_Mv2/pro_3_text/train_E_ill.txt,Partial_Mouth_4,YES,Partial_Mouth,6,DUPLICATE_PROTOCOL_REFERENCE,repeated for live/spoof balancing (official README)
source_SiW_Mv2/pro_3_text/train_E_ill.txt,Partial_Mouth_5,YES,Partial_Mouth,6,DUPLICATE_PROTOCOL_REFERENCE,repeated for live/spoof balancing (official README)
source_SiW_Mv2/pro_3_text/train_E_ill.txt,Partial_Mouth_7,YES,Partial_Mouth,6,DUPLICATE_PROTOCOL_REFERENCE,repeated for live/spoof balancing (official README)
source_SiW_Mv2/pro_3_text/train_E_ill.txt,Partial_Mouth_9,YES,Partial_Mouth,6,DUPLICATE_PROTOCOL_REFERENCE,repeated for live/spoof balancing (official README)
source_SiW_Mv2/pro_3_text/train_E_ill.txt,Replay_10,YES,Replay,3,DUPLICATE_PROTOCOL_REFERENCE,repeated for live/spoof balancing (official README)
source_SiW_Mv2/pro_3_text/train_E_ill.txt,Replay_11,YES,Replay,3,DUPLICATE_PROTOCOL_REFERENCE,repeated for live/spoof balancing (official README)
source_SiW_Mv2/pro_3_text/train_E_ill.txt,Replay_13,YES,Replay,3,DUPLICATE_PROTOCOL_REFERENCE,repeated for live/spoof balancing (official README)
source_SiW_Mv2/pro_3_text/train_E_ill.txt,Replay_15,YES,Replay,3,DUPLICATE_PROTOCOL_REFERENCE,repeated for live/spoof balancing (official README)
source_SiW_Mv2/pro_3_text/train_E_ill.txt,Replay_16,YES,Replay,3,DUPLICATE_PROTOCOL_REFERENCE,repeated for live/spoof balancing (official README)
source_SiW_Mv2/pro_3_text/train_E_ill.txt,Replay_19,YES,Replay,3,DUPLICATE_PROTOCOL_REFERENCE,repeated for live/spoof balancing (official README)
source_SiW_Mv2/pro_3_text/train_E_ill.txt,Replay_21,YES,Replay,3,DUPLICATE_PROTOCOL_REFERENCE,repeated for live/spoof balancing (official README)
source_SiW_Mv2/pro_3_text/train_E_ill.txt,Replay_23,YES,Replay,3,DUPLICATE_PROTOCOL_REFERENCE,repeated for live/spoof balancing (official README)
source_SiW_Mv2/pro_3_text/train_E_ill.txt,Replay_30,YES,Replay,3,DUPLICATE_PROTOCOL_REFERENCE,repeated for live/spoof balancing (official README)
source_SiW_Mv2/pro_3_text/train_E_ill.txt,Replay_35,YES,Replay,3,DUPLICATE_PROTOCOL_REFERENCE,repeated for live/spoof balancing (official README)
source_SiW_Mv2/pro_3_text/train_E_ill.txt,Replay_50,YES,Replay,2,DUPLICATE_PROTOCOL_REFERENCE,repeated for live/spoof balancing (official README)
source_SiW_Mv2/pro_3_text/train_E_ill.txt,Replay_63,YES,Replay,2,DUPLICATE_PROTOCOL_REFERENCE,repeated for live/spoof balancing (official README)
source_SiW_Mv2/pro_3_text/train_E_ill.txt,Replay_64,YES,Replay,3,DUPLICATE_PROTOCOL_REFERENCE,repeated for live/spoof balancing (official README)
source_SiW_Mv2/pro_3_text/train_E_ill.txt,Replay_66,YES,Replay,3,DUPLICATE_PROTOCOL_REFERENCE,repeated for live/spoof balancing (official README)
source_SiW_Mv2/pro_3_text/test_E_ill.txt,Live_118,YES,Live,1,PRESENT,
source_SiW_Mv2/pro_3_text/test_E_ill.txt,Live_16,YES,Live,1,PRESENT,
source_SiW_Mv2/pro_3_text/test_E_ill.txt,Live_34,YES,Live,1,PRESENT,
source_SiW_Mv2/pro_3_text/test_E_ill.txt,Live_50,YES,Live,1,PRESENT,
source_SiW_Mv2/pro_3_text/test_E_ill.txt,Live_56,YES,Live,1,PRESENT,
source_SiW_Mv2/pro_3_text/test_E_ill.txt,Live_661,YES,Live,1,PRESENT,
source_SiW_Mv2/pro_3_text/test_E_ill.txt,Live_698,YES,Live,1,PRESENT,
source_SiW_Mv2/pro_3_text/test_E_ill.txt,Live_7,YES,Live,1,PRESENT,
source_SiW_Mv2/pro_3_text/test_E_ill.txt,Live_702,YES,Live,1,PRESENT,
source_SiW_Mv2/pro_3_text/test_E_ill.txt,Live_740,YES,Live,1,PRESENT,
source_SiW_Mv2/pro_3_text/test_E_ill.txt,Live_743,YES,Live,1,PRESENT,
source_SiW_Mv2/pro_3_text/test_E_ill.txt,Live_745,YES,Live,1,PRESENT,
source_SiW_Mv2/pro_3_text/test_E_ill.txt,Live_760,YES,Live,1,PRESENT,
source_SiW_Mv2/pro_3_text/test_E_ill.txt,Live_779,YES,Live,1,PRESENT,
source_SiW_Mv2/pro_3_text/test_E_ill.txt,Live_780,YES,Live,1,PRESENT,
source_SiW_Mv2/pro_3_text/test_E_ill.txt,Live_806,YES,Live,1,PRESENT,
source_SiW_Mv2/pro_3_text/test_E_ill.txt,Live_836,YES,Live,1,PRESENT,
source_SiW_Mv2/pro_3_text/test_E_ill.txt,Live_847,YES,Live,1,PRESENT,
source_SiW_Mv2/pro_3_text/test_E_ill.txt,Live_849,YES,Live,1,PRESENT,
source_SiW_Mv2/pro_3_text/test_E_ill.txt,Live_850,YES,Live,1,PRESENT,
source_SiW_Mv2/pro_3_text/test_E_ill.txt,Live_852,YES,Live,1,PRESENT,
source_SiW_Mv2/pro_3_text/test_E_ill.txt,Live_854,YES,Live,1,PRESENT,
source_SiW_Mv2/pro_3_text/test_E_ill.txt,Live_87,YES,Live,1,PRESENT,
source_SiW_Mv2/pro_3_text/test_E_ill.txt,Live_884,YES,Live,1,PRESENT,
source_SiW_Mv2/pro_3_text/test_E_ill.txt,Live_91,YES,Live,1,PRESENT,
source_SiW_Mv2/pro_3_text/test_E_ill.txt,Live_92,YES,Live,1,PRESENT,
source_SiW_Mv2/pro_3_text/test_E_ill.txt,Paper_14,YES,Paper,1,PRESENT,
source_SiW_Mv2/pro_3_text/test_E_ill.txt,Paper_20,YES,Paper,1,PRESENT,
source_SiW_Mv2/pro_3_text/test_E_ill.txt,Paper_21,YES,Paper,1,PRESENT,
source_SiW_Mv2/pro_3_text/test_E_ill.txt,Paper_8,YES,Paper,1,PRESENT,
source_SiW_Mv2/pro_3_text/test_E_ill.txt,Paper_9,YES,Paper,1,PRESENT,
source_SiW_Mv2/pro_3_text/test_E_ill.txt,Partial_Mouth_10,YES,Partial_Mouth,1,PRESENT,
source_SiW_Mv2/pro_3_text/test_E_ill.txt,Partial_Mouth_11,YES,Partial_Mouth,1,PRESENT,
source_SiW_Mv2/pro_3_text/test_E_ill.txt,Partial_Mouth_15,YES,Partial_Mouth,1,PRESENT,
source_SiW_Mv2/pro_3_text/test_E_ill.txt,Partial_Mouth_18,YES,Partial_Mouth,1,PRESENT,
source_SiW_Mv2/pro_3_text/test_E_ill.txt,Partial_Mouth_19,YES,Partial_Mouth,1,PRESENT,
source_SiW_Mv2/pro_3_text/test_E_ill.txt,Partial_Mouth_20,YES,Partial_Mouth,1,PRESENT,
source_SiW_Mv2/pro_3_text/test_E_ill.txt,Partial_Mouth_24,YES,Partial_Mouth,1,PRESENT,
source_SiW_Mv2/pro_3_text/test_E_ill.txt,Partial_Mouth_26,YES,Partial_Mouth,1,PRESENT,
source_SiW_Mv2/pro_3_text/test_E_ill.txt,Partial_Mouth_27,YES,Partial_Mouth,1,PRESENT,
source_SiW_Mv2/pro_3_text/test_E_ill.txt,Partial_Mouth_28,YES,Partial_Mouth,1,PRESENT,
source_SiW_Mv2/pro_3_text/test_E_ill.txt,Partial_Mouth_6,YES,Partial_Mouth,1,PRESENT,
source_SiW_Mv2/pro_3_text/test_E_ill.txt,Partial_Mouth_8,YES,Partial_Mouth,1,PRESENT,
source_SiW_Mv2/pro_3_text/test_E_ill.txt,Replay_59,YES,Replay,1,PRESENT,
