video_id,local_path,attack_raw,protocol_name,protocol_lists,protocol_max_repeats,candidate_subject_id,mapping_source,mapping_source_commit,mapping_rule,confidence_class,notes
Live/Live_1.mov,Live/Live_1.mov,,Live_1,test_A_pretrain;trainlist_live,1,,none,8667dbcd316b38141729c057adf7517fe0602608,no official source maps a video to a person identity,NO_EVIDENCE,"protocol name = video stem (preprocessing.py L31, config_siwm.py L162-176); not a person id"
Live/Live_10.mov,Live/Live_10.mov,,Live_10,test_A_pretrain;testlist_live,1,,none,8667dbcd316b38141729c057adf7517fe0602608,no official source maps a video to a person identity,NO_EVIDENCE,"protocol name = video stem (preprocessing.py L31, config_siwm.py L162-176); not a person id"
Live/Live_100.mov,Live/Live_100.mov,,Live_100,train_A_pretrain;trainlist_live,1,,none,8667dbcd316b38141729c057adf7517fe0602608,no official source maps a video to a person identity,NO_EVIDENCE,"protocol name = video stem (preprocessing.py L31, config_siwm.py L162-176); not a person id"
Live/Live_101.mov,Live/Live_101.mov,,Live_101,trainlist_live,1,,none,8667dbcd316b38141729c057adf7517fe0602608,no official source maps a video to a person identity,NO_EVIDENCE,"protocol name = video stem (preprocessing.py L31, config_siwm.py L162-176); not a person id"
Live/Live_102.mov,Live/Live_102.mov,,Live_102,testlist_live;train_A_pretrain,1,,none,8667dbcd316b38141729c057adf7517fe0602608,no official source maps a video to a person identity,NO_EVIDENCE,"protocol name = video stem (preprocessing.py L31, config_siwm.py L162-176); not a person id"
Live/Live_103.mov,Live/Live_103.mov,,Live_103,trainlist_live,1,,none,8667dbcd316b38141729c057adf7517fe0602608,no official source maps a video to a person identity,NO_EVIDENCE,"protocol name = video stem (preprocessing.py L31, config_siwm.py L162-176); not a person id"
Live/Live_105.avi,Live/Live_105.avi,,Live_105,train_A_pretrain;trainlist_live,1,,none,8667dbcd316b38141729c057adf7517fe0602608,no official source maps a video to a person identity,NO_EVIDENCE,"protocol name = video stem (preprocessing.py L31, config_siwm.py L162-176); not a person id"
Live/Live_106.avi,Live/Live_106.avi,,Live_106,testlist_live;train_B_spoof;train_D_age;train_E_ill,1,,none,8667dbcd316b38141729c057adf7517fe0602608,no official source maps a video to a person identity,NO_EVIDENCE,"protocol name = video stem (preprocessing.py L31, config_siwm.py L162-176); not a person id"
Live/Live_107.avi,Live/Live_107.avi,,Live_107,train_B_spoof;train_C_race;train_D_age;train_E_ill;trainlist_live,1,,none,8667dbcd316b38141729c057adf7517fe0602608,no official source maps a video to a person identity,NO_EVIDENCE,"protocol name = video stem (preprocessing.py L31, config_siwm.py L162-176); not a person id"
Live/Live_108.avi,Live/Live_108.avi,,Live_108,train_A_pretrain;trainlist_live,1,,none,8667dbcd316b38141729c057adf7517fe0602608,no official source maps a video to a person identity,NO_EVIDENCE,"protocol name = video stem (preprocessing.py L31, config_siwm.py L162-176); not a person id"
Live/Live_109.avi,Live/Live_109.avi,,Live_109,test_A_pretrain;testlist_live,1,,none,8667dbcd316b38141729c057adf7517fe0602608,no official source maps a video to a person identity,NO_EVIDENCE,"protocol name = video stem (preprocessing.py L31, config_siwm.py L162-176); not a person id"
Live/Live_11.mov,Live/Live_11.mov,,Live_11,train_D_age;train_E_ill;trainlist_live,1,,none,8667dbcd316b38141729c057adf7517fe0602608,no official source maps a video to a person identity,NO_EVIDENCE,"protocol name = video stem (preprocessing.py L31, config_siwm.py L162-176); not a person id"
Live/Live_110.avi,Live/Live_110.avi,,Live_110,train_A_pretrain;trainlist_live,1,,none,8667dbcd316b38141729c057adf7517fe0602608,no official source maps a video to a person identity,NO_EVIDENCE,"protocol name = video stem (preprocessing.py L31, config_siwm.py L162-176); not a person id"
Live/Live_111.avi,Live/Live_111.avi,,Live_111,testlist_live;train_A_pretrain,1,,none,8667dbcd316b38141729c057adf7517fe0602608,no official source maps a video to a person identity,NO_EVIDENCE,"protocol name = video stem (preprocessing.py L31, config_siwm.py L162-176); not a person id"
Live/Live_112.avi,Live/Live_112.avi,,Live_112,train_A_pretrain;trainlist_live,1,,none,8667dbcd316b38141729c057adf7517fe0602608,no official source maps a video to a person identity,NO_EVIDENCE,"protocol name = video stem (preprocessing.py L31, config_siwm.py L162-176); not a person id"
Live/Live_113.avi,Live/Live_113.avi,,Live_113,train_A_pretrain;trainlist_live,1,,none,8667dbcd316b38141729c057adf7517fe0602608,no official source maps a video to a person identity,NO_EVIDENCE,"protocol name = video stem (preprocessing.py L31, config_siwm.py L162-176); not a person id"
Live/Live_114.avi,Live/Live_114.avi,,Live_114,testlist_live;train_B_spoof,1,,none,8667dbcd316b38141729c057adf7517fe0602608,no official source maps a video to a person identity,NO_EVIDENCE,"protocol name = video stem (preprocessing.py L31, config_siwm.py L162-176); not a person id"
Live/Live_115.avi,Live/Live_115.avi,,Live_115,train_A_pretrain;trainlist_live,1,,none,8667dbcd316b38141729c057adf7517fe0602608,no official source maps a video to a person identity,NO_EVIDENCE,"protocol name = video stem (preprocessing.py L31, config_siwm.py L162-176); not a person id"
Live/Live_116.avi,Live/Live_116.avi,,Live_116,train_A_pretrain;trainlist_live,1,,none,8667dbcd316b38141729c057adf7517fe0602608,no official source maps a video to a person identity,NO_EVIDENCE,"protocol name = video stem (preprocessing.py L31, config_siwm.py L162-176); not a person id"
Live/Live_117.avi,Live/Live_117.avi,,Live_117,test_A_pretrain;testlist_live,1,,none,8667dbcd316b38141729c057adf7517fe0602608,no official source maps a video to a person identity,NO_EVIDENCE,"protocol name = video stem (preprocessing.py L31, config_siwm.py L162-176); not a person id"
Live/Live_118.avi,Live/Live_118.avi,,Live_118,test_B_spoof;test_C_race;test_D_age;test_E_ill;trainlist_live,1,,none,8667dbcd316b38141729c057adf7517fe0602608,no official source maps a video to a person identity,NO_EVIDENCE,"protocol name = video stem (preprocessing.py L31, config_siwm.py L162-176); not a person id"
Live/Live_119.avi,Live/Live_119.avi,,Live_119,train_B_spoof;train_D_age;train_E_ill;trainlist_live,1,,none,8667dbcd316b38141729c057adf7517fe0602608,no official source maps a video to a person identity,NO_EVIDENCE,"protocol name = video stem (preprocessing.py L31, config_siwm.py L162-176); not a person id"
Live/Live_12.mov,Live/Live_12.mov,,Live_12,testlist_live;train_A_pretrain,1,,none,8667dbcd316b38141729c057adf7517fe0602608,no official source maps a video to a person identity,NO_EVIDENCE,"protocol name = video stem (preprocessing.py L31, config_siwm.py L162-176); not a person id"
Live/Live_120.avi,Live/Live_120.avi,,Live_120,train_B_spoof;trainlist_live,1,,none,8667dbcd316b38141729c057adf7517fe0602608,no official source maps a video to a person identity,NO_EVIDENCE,"protocol name = video stem (preprocessing.py L31, config_siwm.py L162-176); not a person id"
Live/Live_121.avi,Live/Live_121.avi,,Live_121,train_A_pretrain;trainlist_live,1,,none,8667dbcd316b38141729c057adf7517fe0602608,no official source maps a video to a person identity,NO_EVIDENCE,"protocol name = video stem (preprocessing.py L31, config_siwm.py L162-176); not a person id"
Live/Live_122.avi,Live/Live_122.avi,,Live_122,testlist_live;train_A_pretrain,1,,none,8667dbcd316b38141729c057adf7517fe0602608,no official source maps a video to a person identity,NO_EVIDENCE,"protocol name = video stem (preprocessing.py L31, config_siwm.py L162-176); not a person id"
Live/Live_123.avi,Live/Live_123.avi,,Live_123,train_A_pretrain;trainlist_live,1,,none,8667dbcd316b38141729c057adf7517fe0602608,no official source maps a video to a person identity,NO_EVIDENCE,"protocol name = video stem (preprocessing.py L31, config_siwm.py L162-176); not a person id"
Live/Live_124.avi,Live/Live_124.avi,,Live_124,train_A_pretrain;trainlist_live,1,,none,8667dbcd316b38141729c057adf7517fe0602608,no official source maps a video to a person identity,NO_EVIDENCE,"protocol name = video stem (preprocessing.py L31, config_siwm.py L162-176); not a person id"
Live/Live_125.avi,Live/Live_125.avi,,Live_125,testlist_live;train_B_spoof,1,,none,8667dbcd316b38141729c057adf7517fe0602608,no official source maps a video to a person identity,NO_EVIDENCE,"protocol name = video stem (preprocessing.py L31, config_siwm.py L162-176); not a person id"
Live/Live_126.avi,Live/Live_126.avi,,Live_126,train_B_spoof;trainlist_live,1,,none,8667dbcd316b38141729c057adf7517fe0602608,no official source maps a video to a person identity,NO_EVIDENCE,"protocol name = video stem (preprocessing.py L31, config_siwm.py L162-176); not a person id"
Live/Live_127.avi,Live/Live_127.avi,,Live_127,train_A_pretrain;trainlist_live,1,,none,8667dbcd316b38141729c057adf7517fe0602608,no official source maps a video to a person identity,NO_EVIDENCE,"protocol name = video stem (preprocessing.py L31, config_siwm.py L162-176); not a person id"
Live/Live_128.avi,Live/Live_128.avi,,Live_128,test_A_pretrain;testlist_live,1,,none,8667dbcd316b38141729c057adf7517fe0602608,no official source maps a video to a person identity,NO_EVIDENCE,"protocol name = video stem (preprocessing.py L31, config_siwm.py L162-176); not a person id"
Live/Live_129.avi,Live/Live_129.avi,,Live_129,train_B_spoof;trainlist_live,1,,none,8667dbcd316b38141729c057adf7517fe0602608,no official source maps a video to a person identity,NO_EVIDENCE,"protocol name = video stem (preprocessing.py L31, config_siwm.py L162-176); not a person id"
Live/Live_13.mov,Live/Live_13.mov,,Live_13,train_D_age;train_E_ill;trainlist_live,1,,none,8667dbcd316b38141729c057adf7517fe0602608,no official source maps a video to a person identity,NO_EVIDENCE,"protocol name = video stem (preprocessing.py L31, config_siwm.py L162-176); not a person id"
Live/Live_130.avi,Live/Live_130.avi,,Live_130,testlist_live;train_B_spoof,1,,none,8667dbcd316b38141729c057adf7517fe0602608,no official source maps a video to a person identity,NO_EVIDENCE,"protocol name = video stem (preprocessing.py L31, config_siwm.py L162-176); not a person id"
Live/Live_131.avi,Live/Live_131.avi,,Live_131,train_B_spoof;trainlist_live,1,,none,8667dbcd316b38141729c057adf7517fe0602608,no official source maps a video to a person identity,NO_EVIDENCE,"protocol name = video stem (preprocessing.py L31, config_siwm.py L162-176); not a person id"
Live/Live_132.avi,Live/Live_132.avi,,Live_132,train_A_pretrain;trainlist_live,1,,none,8667dbcd316b38141729c057adf7517fe0602608,no official source maps a video to a person identity,NO_EVIDENCE,"protocol name = video stem (preprocessing.py L31, config_siwm.py L162-176); not a person id"
Live/Live_133.avi,Live/Live_133.avi,,Live_133,testlist_live;train_A_pretrain,1,,none,8667dbcd316b38141729c057adf7517fe0602608,no official source maps a video to a person identity,NO_EVIDENCE,"protocol name = video stem (preprocessing.py L31, config_siwm.py L162-176); not a person id"
Live/Live_134.avi,Live/Live_134.avi,,Live_134,train_A_pretrain;trainlist_live,1,,none,8667dbcd316b38141729c057adf7517fe0602608,no official source maps a video to a person identity,NO_EVIDENCE,"protocol name = video stem (preprocessing.py L31, config_siwm.py L162-176); not a person id"
Live/Live_135.avi,Live/Live_135.avi,,Live_135,train_A_pretrain;trainlist_live,1,,none,8667dbcd316b38141729c057adf7517fe0602608,no official source maps a video to a person identity,NO_EVIDENCE,"protocol name = video stem (preprocessing.py L31, config_siwm.py L162-176); not a person id"
Live/Live_136.avi,Live/Live_136.avi,,Live_136,testlist_live;train_A_pretrain,1,,none,8667dbcd316b38141729c057adf7517fe0602608,no official source maps a video to a person identity,NO_EVIDENCE,"protocol name = video stem (preprocessing.py L31, config_siwm.py L162-176); not a person id"
Live/Live_137.avi,Live/Live_137.avi,,Live_137,train_A_pretrain;trainlist_live,1,,none,8667dbcd316b38141729c057adf7517fe0602608,no official source maps a video to a person identity,NO_EVIDENCE,"protocol name = video stem (preprocessing.py L31, config_siwm.py L162-176); not a person id"
Live/Live_138.avi,Live/Live_138.avi,,Live_138,train_A_pretrain;trainlist_live,1,,none,8667dbcd316b38141729c057adf7517fe0602608,no official source maps a video to a person identity,NO_EVIDENCE,"protocol name = video stem (preprocessing.py L31, config_siwm.py L162-176); not a person id"
Live/Live_139.avi,Live/Live_139.avi,,Live_139,testlist_live;train_A_pretrain,1,,none,8667dbcd316b38141729c057adf7517fe0602608,no official source maps a video to a person identity,NO_EVIDENCE,"protocol name = video stem (preprocessing.py L31, config_siwm.py L162-176); not a person id"
Live/Live_14.mov,Live/Live_14.mov,,Live_14,train_A_pretrain;trainlist_live,1,,none,8667dbcd316b38141729c057adf7517fe0602608,no official source maps a video to a person identity,NO_EVIDENCE,"protocol name = video stem (preprocessing.py L31, config_siwm.py L162-176); not a person id"
Live/Live_140.avi,Live/Live_140.avi,,Live_140,train_A_pretrain;trainlist_live,1,,none,8667dbcd316b38141729c057adf7517fe0602608,no official source maps a video to a person identity,NO_EVIDENCE,"protocol name = video stem (preprocessing.py L31, config_siwm.py L162-176); not a person id"
Live/Live_141.avi,Live/Live_141.avi,,Live_141,testlist_live;train_B_spoof,1,,none,8667dbcd316b38141729c057adf7517fe0602608,no official source maps a video to a person identity,NO_EVIDENCE,"protocol name = video stem (preprocessing.py L31, config_siwm.py L162-176); not a person id"
Live/Live_142.avi,Live/Live_142.avi,,Live_142,train_A_pretrain;trainlist_live,1,,none,8667dbcd316b38141729c057adf7517fe0602608,no official source maps a video to a person identity,NO_EVIDENCE,"protocol name = video stem (preprocessing.py L31, config_siwm.py L162-176); not a person id"
Live/Live_143.avi,Live/Live_143.avi,,Live_143,train_A_pretrain;trainlist_live,1,,none,8667dbcd316b38141729c057adf7517fe0602608,no official source maps a video to a person identity,NO_EVIDENCE,"protocol name = video stem (preprocessing.py L31, config_siwm.py L162-176); not a person id"
Live/Live_144.avi,Live/Live_144.avi,,Live_144,testlist_live;train_A_pretrain,1,,none,8667dbcd316b38141729c057adf7517fe0602608,no official source maps a video to a person identity,NO_EVIDENCE,"protocol name = video stem (preprocessing.py L31, config_siwm.py L162-176); not a person id"
Live/Live_145.avi,Live/Live_145.avi,,Live_145,train_A_pretrain;trainlist_live,1,,none,8667dbcd316b38141729c057adf7517fe0602608,no official source maps a video to a person identity,NO_EVIDENCE,"protocol name = video stem (preprocessing.py L31, config_siwm.py L162-176); not a person id"
Live/Live_146.avi,Live/Live_146.avi,,Live_146,train_A_pretrain;trainlist_live,1,,none,8667dbcd316b38141729c057adf7517fe0602608,no official source maps a video to a person identity,NO_EVIDENCE,"protocol name = video stem (preprocessing.py L31, config_siwm.py L162-176); not a person id"
Live/Live_147.avi,Live/Live_147.avi,,Live_147,testlist_live;train_A_pretrain,1,,none,8667dbcd316b38141729c057adf7517fe0602608,no official source maps a video to a person identity,NO_EVIDENCE,"protocol name = video stem (preprocessing.py L31, config_siwm.py L162-176); not a person id"
Live/Live_148.avi,Live/Live_148.avi,,Live_148,train_A_pretrain;trainlist_live,1,,none,8667dbcd316b38141729c057adf7517fe0602608,no official source maps a video to a person identity,NO_EVIDENCE,"protocol name = video stem (preprocessing.py L31, config_siwm.py L162-176); not a person id"
Live/Live_149.avi,Live/Live_149.avi,,Live_149,train_A_pretrain;trainlist_live,1,,none,8667dbcd316b38141729c057adf7517fe0602608,no official source maps a video to a person identity,NO_EVIDENCE,"protocol name = video stem (preprocessing.py L31, config_siwm.py L162-176); not a person id"
Live/Live_15.mov,Live/Live_15.mov,,Live_15,test_A_pretrain;testlist_live,1,,none,8667dbcd316b38141729c057adf7517fe0602608,no official source maps a video to a person identity,NO_EVIDENCE,"protocol name = video stem (preprocessing.py L31, config_siwm.py L162-176); not a person id"
Live/Live_150.avi,Live/Live_150.avi,,Live_150,train_A_pretrain;trainlist_live,1,,none,8667dbcd316b38141729c057adf7517fe0602608,no official source maps a video to a person identity,NO_EVIDENCE,"protocol name = video stem (preprocessing.py L31, config_siwm.py L162-176); not a person id"
Live/Live_151.avi,Live/Live_151.avi,,Live_151,train_A_pretrain;trainlist_live,1,,none,8667dbcd316b38141729c057adf7517fe0602608,no official source maps a video to a person identity,NO_EVIDENCE,"protocol name = video stem (preprocessing.py L31, config_siwm.py L162-176); not a person id"
Live/Live_152.avi,Live/Live_152.avi,,Live_152,testlist_live;train_A_pretrain,1,,none,8667dbcd316b38141729c057adf7517fe0602608,no official source maps a video to a person identity,NO_EVIDENCE,"protocol name = video stem (preprocessing.py L31, config_siwm.py L162-176); not a person id"
Live/Live_153.avi,Live/Live_153.avi,,Live_153,train_A_pretrain;trainlist_live,1,,none,8667dbcd316b38141729c057adf7517fe0602608,no official source maps a video to a person identity,NO_EVIDENCE,"protocol name = video stem (preprocessing.py L31, config_siwm.py L162-176); not a person id"
Live/Live_154.avi,Live/Live_154.avi,,Live_154,train_A_pretrain;trainlist_live,1,,none,8667dbcd316b38141729c057adf7517fe0602608,no official source maps a video to a person identity,NO_EVIDENCE,"protocol name = video stem (preprocessing.py L31, config_siwm.py L162-176); not a person id"
Live/Live_155.avi,Live/Live_155.avi,,Live_155,testlist_live;train_A_pretrain,1,,none,8667dbcd316b38141729c057adf7517fe0602608,no official source maps a video to a person identity,NO_EVIDENCE,"protocol name = video stem (preprocessing.py L31, config_siwm.py L162-176); not a person id"
Live/Live_156.avi,Live/Live_156.avi,,Live_156,train_A_pretrain;trainlist_live,1,,none,8667dbcd316b38141729c057adf7517fe0602608,no official source maps a video to a person identity,NO_EVIDENCE,"protocol name = video stem (preprocessing.py L31, config_siwm.py L162-176); not a person id"
Live/Live_157.avi,Live/Live_157.avi,,Live_157,train_A_pretrain;trainlist_live,1,,none,8667dbcd316b38141729c057adf7517fe0602608,no official source maps a video to a person identity,NO_EVIDENCE,"protocol name = video stem (preprocessing.py L31, config_siwm.py L162-176); not a person id"
Live/Live_158.avi,Live/Live_158.avi,,Live_158,testlist_live;train_A_pretrain,1,,none,8667dbcd316b38141729c057adf7517fe0602608,no official source maps a video to a person identity,NO_EVIDENCE,"protocol name = video stem (preprocessing.py L31, config_siwm.py L162-176); not a person id"
Live/Live_159.avi,Live/Live_159.avi,,Live_159,train_A_pretrain;trainlist_live,1,,none,8667dbcd316b38141729c057adf7517fe0602608,no official source maps a video to a person identity,NO_EVIDENCE,"protocol name = video stem (preprocessing.py L31, config_siwm.py L162-176); not a person id"
Live/Live_16.mov,Live/Live_16.mov,,Live_16,test_B_spoof;test_D_age;test_E_ill;trainlist_live,1,,none,8667dbcd316b38141729c057adf7517fe0602608,no official source maps a video to a person identity,NO_EVIDENCE,"protocol name = video stem (preprocessing.py L31, config_siwm.py L162-176); not a person id"
Live/Live_160.avi,Live/Live_160.avi,,Live_160,testlist_live;train_A_pretrain,1,,none,8667dbcd316b38141729c057adf7517fe0602608,no official source maps a video to a person identity,NO_EVIDENCE,"protocol name = video stem (preprocessing.py L31, config_siwm.py L162-176); not a person id"
Live/Live_161.avi,Live/Live_161.avi,,Live_161,train_A_pretrain;trainlist_live,1,,none,8667dbcd316b38141729c057adf7517fe0602608,no official source maps a video to a person identity,NO_EVIDENCE,"protocol name = video stem (preprocessing.py L31, config_siwm.py L162-176); not a person id"
Live/Live_162.avi,Live/Live_162.avi,,Live_162,train_A_pretrain;trainlist_live,1,,none,8667dbcd316b38141729c057adf7517fe0602608,no official source maps a video to a person identity,NO_EVIDENCE,"protocol name = video stem (preprocessing.py L31, config_siwm.py L162-176); not a person id"
Live/Live_163.avi,Live/Live_163.avi,,Live_163,testlist_live;train_A_pretrain,1,,none,8667dbcd316b38141729c057adf7517fe0602608,no official source maps a video to a person identity,NO_EVIDENCE,"protocol name = video stem (preprocessing.py L31, config_siwm.py L162-176); not a person id"
Live/Live_164.avi,Live/Live_164.avi,,Live_164,train_A_pretrain;trainlist_live,1,,none,8667dbcd316b38141729c057adf7517fe0602608,no official source maps a video to a person identity,NO_EVIDENCE,"protocol name = video stem (preprocessing.py L31, config_siwm.py L162-176); not a person id"
Live/Live_165.avi,Live/Live_165.avi,,Live_165,train_A_pretrain;trainlist_live,1,,none,8667dbcd316b38141729c057adf7517fe0602608,no official source maps a video to a person identity,NO_EVIDENCE,"protocol name = video stem (preprocessing.py L31, config_siwm.py L162-176); not a person id"
Live/Live_166.avi,Live/Live_166.avi,,Live_166,testlist_live;train_A_pretrain,1,,none,8667dbcd316b38141729c057adf7517fe0602608,no official source maps a video to a person identity,NO_EVIDENCE,"protocol name = video stem (preprocessing.py L31, config_siwm.py L162-176); not a person id"
Live/Live_167.avi,Live/Live_167.avi,,Live_167,train_A_pretrain;trainlist_live,1,,none,8667dbcd316b38141729c057adf7517fe0602608,no official source maps a video to a person identity,NO_EVIDENCE,"protocol name = video stem (preprocessing.py L31, config_siwm.py L162-176); not a person id"
Live/Live_168.avi,Live/Live_168.avi,,Live_168,train_A_pretrain;trainlist_live,1,,none,8667dbcd316b38141729c057adf7517fe0602608,no official source maps a video to a person identity,NO_EVIDENCE,"protocol name = video stem (preprocessing.py L31, config_siwm.py L162-176); not a person id"
Live/Live_169.avi,Live/Live_169.avi,,Live_169,test_A_pretrain;testlist_live,1,,none,8667dbcd316b38141729c057adf7517fe0602608,no official source maps a video to a person identity,NO_EVIDENCE,"protocol name = video stem (preprocessing.py L31, config_siwm.py L162-176); not a person id"
Live/Live_17.mov,Live/Live_17.mov,,Live_17,train_A_pretrain;trainlist_live,1,,none,8667dbcd316b38141729c057adf7517fe0602608,no official source maps a video to a person identity,NO_EVIDENCE,"protocol name = video stem (preprocessing.py L31, config_siwm.py L162-176); not a person id"
Live/Live_170.avi,Live/Live_170.avi,,Live_170,test_A_pretrain;trainlist_live,1,,none,8667dbcd316b38141729c057adf7517fe0602608,no official source maps a video to a person identity,NO_EVIDENCE,"protocol name = video stem (preprocessing.py L31, config_siwm.py L162-176); not a person id"
Live/Live_171.avi,Live/Live_171.avi,,Live_171,testlist_live;train_D_age;train_E_ill,1,,none,8667dbcd316b38141729c057adf7517fe0602608,no official source maps a video to a person identity,NO_EVIDENCE,"protocol name = video stem (preprocessing.py L31, config_siwm.py L162-176); not a person id"
Live/Live_172.avi,Live/Live_172.avi,,Live_172,train_D_age;train_E_ill;trainlist_live,1,,none,8667dbcd316b38141729c057adf7517fe0602608,no official source maps a video to a person identity,NO_EVIDENCE,"protocol name = video stem (preprocessing.py L31, config_siwm.py L162-176); not a person id"
Live/Live_173.avi,Live/Live_173.avi,,Live_173,train_C_race;trainlist_live,1,,none,8667dbcd316b38141729c057adf7517fe0602608,no official source maps a video to a person identity,NO_EVIDENCE,"protocol name = video stem (preprocessing.py L31, config_siwm.py L162-176); not a person id"
Live/Live_174.avi,Live/Live_174.avi,,Live_174,testlist_live;train_C_race,1,,none,8667dbcd316b38141729c057adf7517fe0602608,no official source maps a video to a person identity,NO_EVIDENCE,"protocol name = video stem (preprocessing.py L31, config_siwm.py L162-176); not a person id"
Live/Live_175.avi,Live/Live_175.avi,,Live_175,train_C_race;trainlist_live,1,,none,8667dbcd316b38141729c057adf7517fe0602608,no official source maps a video to a person identity,NO_EVIDENCE,"protocol name = video stem (preprocessing.py L31, config_siwm.py L162-176); not a person id"
Live/Live_176.avi,Live/Live_176.avi,,Live_176,train_C_race;trainlist_live,1,,none,8667dbcd316b38141729c057adf7517fe0602608,no official source maps a video to a person identity,NO_EVIDENCE,"protocol name = video stem (preprocessing.py L31, config_siwm.py L162-176); not a person id"
Live/Live_177.avi,Live/Live_177.avi,,Live_177,testlist_live;train_A_pretrain,1,,none,8667dbcd316b38141729c057adf7517fe0602608,no official source maps a video to a person identity,NO_EVIDENCE,"protocol name = video stem (preprocessing.py L31, config_siwm.py L162-176); not a person id"
Live/Live_178.avi,Live/Live_178.avi,,Live_178,train_A_pretrain;trainlist_live,1,,none,8667dbcd316b38141729c057adf7517fe0602608,no official source maps a video to a person identity,NO_EVIDENCE,"protocol name = video stem (preprocessing.py L31, config_siwm.py L162-176); not a person id"
Live/Live_179.avi,Live/Live_179.avi,,Live_179,train_A_pretrain;trainlist_live,1,,none,8667dbcd316b38141729c057adf7517fe0602608,no official source maps a video to a person identity,NO_EVIDENCE,"protocol name = video stem (preprocessing.py L31, config_siwm.py L162-176); not a person id"
Live/Live_18.mov,Live/Live_18.mov,,Live_18,testlist_live;train_A_pretrain,1,,none,8667dbcd316b38141729c057adf7517fe0602608,no official source maps a video to a person identity,NO_EVIDENCE,"protocol name = video stem (preprocessing.py L31, config_siwm.py L162-176); not a person id"
Live/Live_180.avi,Live/Live_180.avi,,Live_180,train_A_pretrain;trainlist_live,1,,none,8667dbcd316b38141729c057adf7517fe0602608,no official source maps a video to a person identity,NO_EVIDENCE,"protocol name = video stem (preprocessing.py L31, config_siwm.py L162-176); not a person id"
Live/Live_181.avi,Live/Live_181.avi,,Live_181,train_A_pretrain;trainlist_live,1,,none,8667dbcd316b38141729c057adf7517fe0602608,no official source maps a video to a person identity,NO_EVIDENCE,"protocol name = video stem (preprocessing.py L31, config_siwm.py L162-176); not a person id"
Live/Live_182.avi,Live/Live_182.avi,,Live_182,testlist_live;train_B_spoof;train_C_race;train_D_age;train_E_ill,1,,none,8667dbcd316b38141729c057adf7517fe0602608,no official source maps a video to a person identity,NO_EVIDENCE,"protocol name = video stem (preprocessing.py L31, config_siwm.py L162-176); not a person id"
Live/Live_183.avi,Live/Live_183.avi,,Live_183,train_A_pretrain;trainlist_live,1,,none,8667dbcd316b38141729c057adf7517fe0602608,no official source maps a video to a person identity,NO_EVIDENCE,"protocol name = video stem (preprocessing.py L31, config_siwm.py L162-176); not a person id"
Live/Live_184.avi,Live/Live_184.avi,,Live_184,train_A_pretrain;trainlist_live,1,,none,8667dbcd316b38141729c057adf7517fe0602608,no official source maps a video to a person identity,NO_EVIDENCE,"protocol name = video stem (preprocessing.py L31, config_siwm.py L162-176); not a person id"
Live/Live_185.avi,Live/Live_185.avi,,Live_185,testlist_live;train_A_pretrain,1,,none,8667dbcd316b38141729c057adf7517fe0602608,no official source maps a video to a person identity,NO_EVIDENCE,"protocol name = video stem (preprocessing.py L31, config_siwm.py L162-176); not a person id"
Live/Live_186.avi,Live/Live_186.avi,,Live_186,train_A_pretrain;trainlist_live,1,,none,8667dbcd316b38141729c057adf7517fe0602608,no official source maps a video to a person identity,NO_EVIDENCE,"protocol name = video stem (preprocessing.py L31, config_siwm.py L162-176); not a person id"
Live/Live_187.avi,Live/Live_187.avi,,Live_187,train_A_pretrain;trainlist_live,1,,none,8667dbcd316b38141729c057adf7517fe0602608,no official source maps a video to a person identity,NO_EVIDENCE,"protocol name = video stem (preprocessing.py L31, config_siwm.py L162-176); not a person id"
Live/Live_188.avi,Live/Live_188.avi,,Live_188,testlist_live;train_A_pretrain,1,,none,8667dbcd316b38141729c057adf7517fe0602608,no official source maps a video to a person identity,NO_EVIDENCE,"protocol name = video stem (preprocessing.py L31, config_siwm.py L162-176); not a person id"
Live/Live_189.avi,Live/Live_189.avi,,Live_189,train_A_pretrain;trainlist_live,1,,none,8667dbcd316b38141729c057adf7517fe0602608,no official source maps a video to a person identity,NO_EVIDENCE,"protocol name = video stem (preprocessing.py L31, config_siwm.py L162-176); not a person id"
Live/Live_19.mov,Live/Live_19.mov,,Live_19,train_D_age;train_E_ill;trainlist_live,1,,none,8667dbcd316b38141729c057adf7517fe0602608,no official source maps a video to a person identity,NO_EVIDENCE,"protocol name = video stem (preprocessing.py L31, config_siwm.py L162-176); not a person id"
Live/Live_190.avi,Live/Live_190.avi,,Live_190,testlist_live;train_B_spoof;train_C_race;train_D_age;train_E_ill,1,,none,8667dbcd316b38141729c057adf7517fe0602608,no official source maps a video to a person identity,NO_EVIDENCE,"protocol name = video stem (preprocessing.py L31, config_siwm.py L162-176); not a person id"
Live/Live_191.avi,Live/Live_191.avi,,Live_191,train_B_spoof;train_C_race;train_D_age;train_E_ill;trainlist_live,1,,none,8667dbcd316b38141729c057adf7517fe0602608,no official source maps a video to a person identity,NO_EVIDENCE,"protocol name = video stem (preprocessing.py L31, config_siwm.py L162-176); not a person id"
Live/Live_192.avi,Live/Live_192.avi,,Live_192,train_B_spoof;train_D_age;train_E_ill;trainlist_live,1,,none,8667dbcd316b38141729c057adf7517fe0602608,no official source maps a video to a person identity,NO_EVIDENCE,"protocol name = video stem (preprocessing.py L31, config_siwm.py L162-176); not a person id"
Live/Live_193.avi,Live/Live_193.avi,,Live_193,testlist_live;train_B_spoof;train_D_age;train_E_ill,1,,none,8667dbcd316b38141729c057adf7517fe0602608,no official source maps a video to a person identity,NO_EVIDENCE,"protocol name = video stem (preprocessing.py L31, config_siwm.py L162-176); not a person id"
Live/Live_194.avi,Live/Live_194.avi,,Live_194,train_B_spoof;train_C_race;train_D_age;train_E_ill;trainlist_live,1,,none,8667dbcd316b38141729c057adf7517fe0602608,no official source maps a video to a person identity,NO_EVIDENCE,"protocol name = video stem (preprocessing.py L31, config_siwm.py L162-176); not a person id"
Live/Live_195.avi,Live/Live_195.avi,,Live_195,train_B_spoof;train_D_age;train_E_ill;trainlist_live,1,,none,8667dbcd316b38141729c057adf7517fe0602608,no official source maps a video to a person identity,NO_EVIDENCE,"protocol name = video stem (preprocessing.py L31, config_siwm.py L162-176); not a person id"
Live/Live_196.avi,Live/Live_196.avi,,Live_196,testlist_live;train_A_pretrain,1,,none,8667dbcd316b38141729c057adf7517fe0602608,no official source maps a video to a person identity,NO_EVIDENCE,"protocol name = video stem (preprocessing.py L31, config_siwm.py L162-176); not a person id"
Live/Live_197.avi,Live/Live_197.avi,,Live_197,test_A_pretrain;trainlist_live,1,,none,8667dbcd316b38141729c057adf7517fe0602608,no official source maps a video to a person identity,NO_EVIDENCE,"protocol name = video stem (preprocessing.py L31, config_siwm.py L162-176); not a person id"
Live/Live_198.avi,Live/Live_198.avi,,Live_198,train_A_pretrain;trainlist_live,1,,none,8667dbcd316b38141729c057adf7517fe0602608,no official source maps a video to a person identity,NO_EVIDENCE,"protocol name = video stem (preprocessing.py L31, config_siwm.py L162-176); not a person id"
Live/Live_199.avi,Live/Live_199.avi,,Live_199,testlist_live;train_A_pretrain,1,,none,8667dbcd316b38141729c057adf7517fe0602608,no official source maps a video to a person identity,NO_EVIDENCE,"protocol name = video stem (preprocessing.py L31, config_siwm.py L162-176); not a person id"
Live/Live_2.mov,Live/Live_2.mov,,Live_2,train_C_race;trainlist_live,1,,none,8667dbcd316b38141729c057adf7517fe0602608,no official source maps a video to a person identity,NO_EVIDENCE,"protocol name = video stem (preprocessing.py L31, config_siwm.py L162-176); not a person id"
Live/Live_20.mov,Live/Live_20.mov,,Live_20,train_A_pretrain;trainlist_live,1,,none,8667dbcd316b38141729c057adf7517fe0602608,no official source maps a video to a person identity,NO_EVIDENCE,"protocol name = video stem (preprocessing.py L31, config_siwm.py L162-176); not a person id"
Live/Live_200.avi,Live/Live_200.avi,,Live_200,testlist_live;train_A_pretrain,1,,none,8667dbcd316b38141729c057adf7517fe0602608,no official source maps a video to a person identity,NO_EVIDENCE,"protocol name = video stem (preprocessing.py L31, config_siwm.py L162-176); not a person id"
Live/Live_201.avi,Live/Live_201.avi,,Live_201,train_A_pretrain;trainlist_live,1,,none,8667dbcd316b38141729c057adf7517fe0602608,no official source maps a video to a person identity,NO_EVIDENCE,"protocol name = video stem (preprocessing.py L31, config_siwm.py L162-176); not a person id"
Live/Live_202.avi,Live/Live_202.avi,,Live_202,train_A_pretrain;trainlist_live,1,,none,8667dbcd316b38141729c057adf7517fe0602608,no official source maps a video to a person identity,NO_EVIDENCE,"protocol name = video stem (preprocessing.py L31, config_siwm.py L162-176); not a person id"
Live/Live_203.avi,Live/Live_203.avi,,Live_203,testlist_live;train_A_pretrain,1,,none,8667dbcd316b38141729c057adf7517fe0602608,no official source maps a video to a person identity,NO_EVIDENCE,"protocol name = video stem (preprocessing.py L31, config_siwm.py L162-176); not a person id"
Live/Live_204.avi,Live/Live_204.avi,,Live_204,train_A_pretrain;trainlist_live,1,,none,8667dbcd316b38141729c057adf7517fe0602608,no official source maps a video to a person identity,NO_EVIDENCE,"protocol name = video stem (preprocessing.py L31, config_siwm.py L162-176); not a person id"
Live/Live_205.avi,Live/Live_205.avi,,Live_205,train_A_pretrain;trainlist_live,1,,none,8667dbcd316b38141729c057adf7517fe0602608,no official source maps a video to a person identity,NO_EVIDENCE,"protocol name = video stem (preprocessing.py L31, config_siwm.py L162-176); not a person id"
Live/Live_206.avi,Live/Live_206.avi,,Live_206,testlist_live;train_A_pretrain,1,,none,8667dbcd316b38141729c057adf7517fe0602608,no official source maps a video to a person identity,NO_EVIDENCE,"protocol name = video stem (preprocessing.py L31, config_siwm.py L162-176); not a person id"
Live/Live_207.avi,Live/Live_207.avi,,Live_207,train_A_pretrain;trainlist_live,1,,none,8667dbcd316b38141729c057adf7517fe0602608,no official source maps a video to a person identity,NO_EVIDENCE,"protocol name = video stem (preprocessing.py L31, config_siwm.py L162-176); not a person id"
Live/Live_208.avi,Live/Live_208.avi,,Live_208,train_A_pretrain;trainlist_live,1,,none,8667dbcd316b38141729c057adf7517fe0602608,no official source maps a video to a person identity,NO_EVIDENCE,"protocol name = video stem (preprocessing.py L31, config_siwm.py L162-176); not a person id"
Live/Live_209.avi,Live/Live_209.avi,,Live_209,test_A_pretrain;testlist_live,1,,none,8667dbcd316b38141729c057adf7517fe0602608,no official source maps a video to a person identity,NO_EVIDENCE,"protocol name = video stem (preprocessing.py L31, config_siwm.py L162-176); not a person id"
Live/Live_21.mov,Live/Live_21.mov,,Live_21,test_A_pretrain;trainlist_live,1,,none,8667dbcd316b38141729c057adf7517fe0602608,no official source maps a video to a person identity,NO_EVIDENCE,"protocol name = video stem (preprocessing.py L31, config_siwm.py L162-176); not a person id"
Live/Live_210.avi,Live/Live_210.avi,,Live_210,test_A_pretrain;trainlist_live,1,,none,8667dbcd316b38141729c057adf7517fe0602608,no official source maps a video to a person identity,NO_EVIDENCE,"protocol name = video stem (preprocessing.py L31, config_siwm.py L162-176); not a person id"
Live/Live_211.avi,Live/Live_211.avi,,Live_211,testlist_live;train_A_pretrain,1,,none,8667dbcd316b38141729c057adf7517fe0602608,no official source maps a video to a person identity,NO_EVIDENCE,"protocol name = video stem (preprocessing.py L31, config_siwm.py L162-176); not a person id"
Live/Live_212.avi,Live/Live_212.avi,,Live_212,train_A_pretrain;trainlist_live,1,,none,8667dbcd316b38141729c057adf7517fe0602608,no official source maps a video to a person identity,NO_EVIDENCE,"protocol name = video stem (preprocessing.py L31, config_siwm.py L162-176); not a person id"
Live/Live_213.avi,Live/Live_213.avi,,Live_213,train_A_pretrain;trainlist_live,1,,none,8667dbcd316b38141729c057adf7517fe0602608,no official source maps a video to a person identity,NO_EVIDENCE,"protocol name = video stem (preprocessing.py L31, config_siwm.py L162-176); not a person id"
Live/Live_214.avi,Live/Live_214.avi,,Live_214,testlist_live;train_A_pretrain,1,,none,8667dbcd316b38141729c057adf7517fe0602608,no official source maps a video to a person identity,NO_EVIDENCE,"protocol name = video stem (preprocessing.py L31, config_siwm.py L162-176); not a person id"
Live/Live_215.avi,Live/Live_215.avi,,Live_215,train_A_pretrain;trainlist_live,1,,none,8667dbcd316b38141729c057adf7517fe0602608,no official source maps a video to a person identity,NO_EVIDENCE,"protocol name = video stem (preprocessing.py L31, config_siwm.py L162-176); not a person id"
Live/Live_216.avi,Live/Live_216.avi,,Live_216,train_A_pretrain;trainlist_live,1,,none,8667dbcd316b38141729c057adf7517fe0602608,no official source maps a video to a person identity,NO_EVIDENCE,"protocol name = video stem (preprocessing.py L31, config_siwm.py L162-176); not a person id"
Live/Live_217.avi,Live/Live_217.avi,,Live_217,test_A_pretrain;testlist_live,1,,none,8667dbcd316b38141729c057adf7517fe0602608,no official source maps a video to a person identity,NO_EVIDENCE,"protocol name = video stem (preprocessing.py L31, config_siwm.py L162-176); not a person id"
Live/Live_218.avi,Live/Live_218.avi,,Live_218,test_A_pretrain;trainlist_live,1,,none,8667dbcd316b38141729c057adf7517fe0602608,no official source maps a video to a person identity,NO_EVIDENCE,"protocol name = video stem (preprocessing.py L31, config_siwm.py L162-176); not a person id"
Live/Live_219.avi,Live/Live_219.avi,,Live_219,train_A_pretrain;trainlist_live,1,,none,8667dbcd316b38141729c057adf7517fe0602608,no official source maps a video to a person identity,NO_EVIDENCE,"protocol name = video stem (preprocessing.py L31, config_siwm.py L162-176); not a person id"
Live/Live_22.mov,Live/Live_22.mov,,Live_22,testlist_live;train_A_pretrain,1,,none,8667dbcd316b38141729c057adf7517fe0602608,no official source maps a video to a person identity,NO_EVIDENCE,"protocol name = video stem (preprocessing.py L31, config_siwm.py L162-176); not a person id"
Live/Live_220.avi,Live/Live_220.avi,,Live_220,train_B_spoof;train_C_race;train_D_age;train_E_ill;trainlist_live,1,,none,8667dbcd316b38141729c057adf7517fe0602608,no official source maps a video to a person identity,NO_EVIDENCE,"protocol name = video stem (preprocessing.py L31, config_siwm.py L162-176); not a person id"
Live/Live_221.avi,Live/Live_221.avi,,Live_221,train_C_race;trainlist_live,1,,none,8667dbcd316b38141729c057adf7517fe0602608,no official source maps a video to a person identity,NO_EVIDENCE,"protocol name = video stem (preprocessing.py L31, config_siwm.py L162-176); not a person id"
Live/Live_222.avi,Live/Live_222.avi,,Live_222,testlist_live;train_A_pretrain,1,,none,8667dbcd316b38141729c057adf7517fe0602608,no official source maps a video to a person identity,NO_EVIDENCE,"protocol name = video stem (preprocessing.py L31, config_siwm.py L162-176); not a person id"
Live/Live_223.avi,Live/Live_223.avi,,Live_223,train_A_pretrain;trainlist_live,1,,none,8667dbcd316b38141729c057adf7517fe0602608,no official source maps a video to a person identity,NO_EVIDENCE,"protocol name = video stem (preprocessing.py L31, config_siwm.py L162-176); not a person id"
Live/Live_224.avi,Live/Live_224.avi,,Live_224,train_A_pretrain;trainlist_live,1,,none,8667dbcd316b38141729c057adf7517fe0602608,no official source maps a video to a person identity,NO_EVIDENCE,"protocol name = video stem (preprocessing.py L31, config_siwm.py L162-176); not a person id"
Live/Live_225.avi,Live/Live_225.avi,,Live_225,testlist_live;train_A_pretrain,1,,none,8667dbcd316b38141729c057adf7517fe0602608,no official source maps a video to a person identity,NO_EVIDENCE,"protocol name = video stem (preprocessing.py L31, config_siwm.py L162-176); not a person id"
Live/Live_226.avi,Live/Live_226.avi,,Live_226,train_A_pretrain;trainlist_live,1,,none,8667dbcd316b38141729c057adf7517fe0602608,no official source maps a video to a person identity,NO_EVIDENCE,"protocol name = video stem (preprocessing.py L31, config_siwm.py L162-176); not a person id"
Live/Live_227.avi,Live/Live_227.avi,,Live_227,train_A_pretrain;trainlist_live,1,,none,8667dbcd316b38141729c057adf7517fe0602608,no official source maps a video to a person identity,NO_EVIDENCE,"protocol name = video stem (preprocessing.py L31, config_siwm.py L162-176); not a person id"
Live/Live_228.avi,Live/Live_228.avi,,Live_228,testlist_live,1,,none,8667dbcd316b38141729c057adf7517fe0602608,no official source maps a video to a person identity,NO_EVIDENCE,"protocol name = video stem (preprocessing.py L31, config_siwm.py L162-176); not a person id"
Live/Live_229.avi,Live/Live_229.avi,,Live_229,trainlist_live,1,,none,8667dbcd316b38141729c057adf7517fe0602608,no official source maps a video to a person identity,NO_EVIDENCE,"protocol name = video stem (preprocessing.py L31, config_siwm.py L162-176); not a person id"
Live/Live_23.mov,Live/Live_23.mov,,Live_23,test_A_pretrain;trainlist_live,1,,none,8667dbcd316b38141729c057adf7517fe0602608,no official source maps a video to a person identity,NO_EVIDENCE,"protocol name = video stem (preprocessing.py L31, config_siwm.py L162-176); not a person id"
Live/Live_230.avi,Live/Live_230.avi,,Live_230,testlist_live,1,,none,8667dbcd316b38141729c057adf7517fe0602608,no official source maps a video to a person identity,NO_EVIDENCE,"protocol name = video stem (preprocessing.py L31, config_siwm.py L162-176); not a person id"
Live/Live_231.avi,Live/Live_231.avi,,Live_231,train_A_pretrain;trainlist_live,1,,none,8667dbcd316b38141729c057adf7517fe0602608,no official source maps a video to a person identity,NO_EVIDENCE,"protocol name = video stem (preprocessing.py L31, config_siwm.py L162-176); not a person id"
Live/Live_232.avi,Live/Live_232.avi,,Live_232,train_A_pretrain;trainlist_live,1,,none,8667dbcd316b38141729c057adf7517fe0602608,no official source maps a video to a person identity,NO_EVIDENCE,"protocol name = video stem (preprocessing.py L31, config_siwm.py L162-176); not a person id"
Live/Live_233.avi,Live/Live_233.avi,,Live_233,testlist_live;train_B_spoof,1,,none,8667dbcd316b38141729c057adf7517fe0602608,no official source maps a video to a person identity,NO_EVIDENCE,"protocol name = video stem (preprocessing.py L31, config_siwm.py L162-176); not a person id"
Live/Live_234.avi,Live/Live_234.avi,,Live_234,train_B_spoof;trainlist_live,1,,none,8667dbcd316b38141729c057adf7517fe0602608,no official source maps a video to a person identity,NO_EVIDENCE,"protocol name = video stem (preprocessing.py L31, config_siwm.py L162-176); not a person id"
Live/Live_235.avi,Live/Live_235.avi,,Live_235,train_B_spoof;trainlist_live,1,,none,8667dbcd316b38141729c057adf7517fe0602608,no official source maps a video to a person identity,NO_EVIDENCE,"protocol name = video stem (preprocessing.py L31, config_siwm.py L162-176); not a person id"
Live/Live_236.avi,Live/Live_236.avi,,Live_236,testlist_live;train_B_spoof,1,,none,8667dbcd316b38141729c057adf7517fe0602608,no official source maps a video to a person identity,NO_EVIDENCE,"protocol name = video stem (preprocessing.py L31, config_siwm.py L162-176); not a person id"
Live/Live_237.avi,Live/Live_237.avi,,Live_237,train_D_age;train_E_ill;trainlist_live,1,,none,8667dbcd316b38141729c057adf7517fe0602608,no official source maps a video to a person identity,NO_EVIDENCE,"protocol name = video stem (preprocessing.py L31, config_siwm.py L162-176); not a person id"
Live/Live_238.avi,Live/Live_238.avi,,Live_238,train_D_age;train_E_ill;trainlist_live,1,,none,8667dbcd316b38141729c057adf7517fe0602608,no official source maps a video to a person identity,NO_EVIDENCE,"protocol name = video stem (preprocessing.py L31, config_siwm.py L162-176); not a person id"
Live/Live_239.avi,Live/Live_239.avi,,Live_239,testlist_live;train_D_age;train_E_ill,1,,none,8667dbcd316b38141729c057adf7517fe0602608,no official source maps a video to a person identity,NO_EVIDENCE,"protocol name = video stem (preprocessing.py L31, config_siwm.py L162-176); not a person id"
Live/Live_24.mov,Live/Live_24.mov,,Live_24,train_A_pretrain;trainlist_live,1,,none,8667dbcd316b38141729c057adf7517fe0602608,no official source maps a video to a person identity,NO_EVIDENCE,"protocol name = video stem (preprocessing.py L31, config_siwm.py L162-176); not a person id"
Live/Live_240.avi,Live/Live_240.avi,,Live_240,train_A_pretrain;trainlist_live,1,,none,8667dbcd316b38141729c057adf7517fe0602608,no official source maps a video to a person identity,NO_EVIDENCE,"protocol name = video stem (preprocessing.py L31, config_siwm.py L162-176); not a person id"
Live/Live_241.avi,Live/Live_241.avi,,Live_241,testlist_live;train_A_pretrain,1,,none,8667dbcd316b38141729c057adf7517fe0602608,no official source maps a video to a person identity,NO_EVIDENCE,"protocol name = video stem (preprocessing.py L31, config_siwm.py L162-176); not a person id"
Live/Live_242.avi,Live/Live_242.avi,,Live_242,test_A_pretrain;trainlist_live,1,,none,8667dbcd316b38141729c057adf7517fe0602608,no official source maps a video to a person identity,NO_EVIDENCE,"protocol name = video stem (preprocessing.py L31, config_siwm.py L162-176); not a person id"
Live/Live_243.avi,Live/Live_243.avi,,Live_243,test_A_pretrain;trainlist_live,1,,none,8667dbcd316b38141729c057adf7517fe0602608,no official source maps a video to a person identity,NO_EVIDENCE,"protocol name = video stem (preprocessing.py L31, config_siwm.py L162-176); not a person id"
Live/Live_244.avi,Live/Live_244.avi,,Live_244,testlist_live;train_A_pretrain,1,,none,8667dbcd316b38141729c057adf7517fe0602608,no official source maps a video to a person identity,NO_EVIDENCE,"protocol name = video stem (preprocessing.py L31, config_siwm.py L162-176); not a person id"
Live/Live_245.avi,Live/Live_245.avi,,Live_245,train_A_pretrain;trainlist_live,1,,none,8667dbcd316b38141729c057adf7517fe0602608,no official source maps a video to a person identity,NO_EVIDENCE,"protocol name = video stem (preprocessing.py L31, config_siwm.py L162-176); not a person id"
Live/Live_246.avi,Live/Live_246.avi,,Live_246,train_A_pretrain;trainlist_live,1,,none,8667dbcd316b38141729c057adf7517fe0602608,no official source maps a video to a person identity,NO_EVIDENCE,"protocol name = video stem (preprocessing.py L31, config_siwm.py L162-176); not a person id"
Live/Live_247.avi,Live/Live_247.avi,,Live_247,testlist_live;train_A_pretrain,1,,none,8667dbcd316b38141729c057adf7517fe0602608,no official source maps a video to a person identity,NO_EVIDENCE,"protocol name = video stem (preprocessing.py L31, config_siwm.py L162-176); not a person id"
Live/Live_248.avi,Live/Live_248.avi,,Live_248,train_A_pretrain;trainlist_live,1,,none,8667dbcd316b38141729c057adf7517fe0602608,no official source maps a video to a person identity,NO_EVIDENCE,"protocol name = video stem (preprocessing.py L31, config_siwm.py L162-176); not a person id"
Live/Live_249.avi,Live/Live_249.avi,,Live_249,train_A_pretrain;trainlist_live,1,,none,8667dbcd316b38141729c057adf7517fe0602608,no official source maps a video to a person identity,NO_EVIDENCE,"protocol name = video stem (preprocessing.py L31, config_siwm.py L162-176); not a person id"
Live/Live_25.mov,Live/Live_25.mov,,Live_25,testlist_live;train_A_pretrain,1,,none,8667dbcd316b38141729c057adf7517fe0602608,no official source maps a video to a person identity,NO_EVIDENCE,"protocol name = video stem (preprocessing.py L31, config_siwm.py L162-176); not a person id"
Live/Live_250.avi,Live/Live_250.avi,,Live_250,train_A_pretrain;trainlist_live,1,,none,8667dbcd316b38141729c057adf7517fe0602608,no official source maps a video to a person identity,NO_EVIDENCE,"protocol name = video stem (preprocessing.py L31, config_siwm.py L162-176); not a person id"
Live/Live_251.avi,Live/Live_251.avi,,Live_251,train_A_pretrain;trainlist_live,1,,none,8667dbcd316b38141729c057adf7517fe0602608,no official source maps a video to a person identity,NO_EVIDENCE,"protocol name = video stem (preprocessing.py L31, config_siwm.py L162-176); not a person id"
Live/Live_252.avi,Live/Live_252.avi,,Live_252,testlist_live;train_A_pretrain,1,,none,8667dbcd316b38141729c057adf7517fe0602608,no official source maps a video to a person identity,NO_EVIDENCE,"protocol name = video stem (preprocessing.py L31, config_siwm.py L162-176); not a person id"
Live/Live_253.avi,Live/Live_253.avi,,Live_253,train_A_pretrain;trainlist_live,1,,none,8667dbcd316b38141729c057adf7517fe0602608,no official source maps a video to a person identity,NO_EVIDENCE,"protocol name = video stem (preprocessing.py L31, config_siwm.py L162-176); not a person id"
Live/Live_254.avi,Live/Live_254.avi,,Live_254,train_A_pretrain;trainlist_live,1,,none,8667dbcd316b38141729c057adf7517fe0602608,no official source maps a video to a person identity,NO_EVIDENCE,"protocol name = video stem (preprocessing.py L31, config_siwm.py L162-176); not a person id"
Live/Live_255.avi,Live/Live_255.avi,,Live_255,testlist_live;train_B_spoof;train_D_age;train_E_ill,1,,none,8667dbcd316b38141729c057adf7517fe0602608,no official source maps a video to a person identity,NO_EVIDENCE,"protocol name = video stem (preprocessing.py L31, config_siwm.py L162-176); not a person id"
Live/Live_256.avi,Live/Live_256.avi,,Live_256,train_B_spoof;train_D_age;train_E_ill;trainlist_live,1,,none,8667dbcd316b38141729c057adf7517fe0602608,no official source maps a video to a person identity,NO_EVIDENCE,"protocol name = video stem (preprocessing.py L31, config_siwm.py L162-176); not a person id"
Live/Live_257.avi,Live/Live_257.avi,,Live_257,train_B_spoof;train_C_race;train_D_age;train_E_ill;trainlist_live,1,,none,8667dbcd316b38141729c057adf7517fe0602608,no official source maps a video to a person identity,NO_EVIDENCE,"protocol name = video stem (preprocessing.py L31, config_siwm.py L162-176); not a person id"
Live/Live_258.avi,Live/Live_258.avi,,Live_258,testlist_live;train_A_pretrain,1,,none,8667dbcd316b38141729c057adf7517fe0602608,no official source maps a video to a person identity,NO_EVIDENCE,"protocol name = video stem (preprocessing.py L31, config_siwm.py L162-176); not a person id"
Live/Live_259.avi,Live/Live_259.avi,,Live_259,train_A_pretrain;trainlist_live,1,,none,8667dbcd316b38141729c057adf7517fe0602608,no official source maps a video to a person identity,NO_EVIDENCE,"protocol name = video stem (preprocessing.py L31, config_siwm.py L162-176); not a person id"
Live/Live_26.mov,Live/Live_26.mov,,Live_26,test_A_pretrain;trainlist_live,1,,none,8667dbcd316b38141729c057adf7517fe0602608,no official source maps a video to a person identity,NO_EVIDENCE,"protocol name = video stem (preprocessing.py L31, config_siwm.py L162-176); not a person id"
Live/Live_260.avi,Live/Live_260.avi,,Live_260,testlist_live;train_A_pretrain,1,,none,8667dbcd316b38141729c057adf7517fe0602608,no official source maps a video to a person identity,NO_EVIDENCE,"protocol name = video stem (preprocessing.py L31, config_siwm.py L162-176); not a person id"
Live/Live_261.avi,Live/Live_261.avi,,Live_261,train_A_pretrain;trainlist_live,1,,none,8667dbcd316b38141729c057adf7517fe0602608,no official source maps a video to a person identity,NO_EVIDENCE,"protocol name = video stem (preprocessing.py L31, config_siwm.py L162-176); not a person id"
Live/Live_262.avi,Live/Live_262.avi,,Live_262,train_A_pretrain;trainlist_live,1,,none,8667dbcd316b38141729c057adf7517fe0602608,no official source maps a video to a person identity,NO_EVIDENCE,"protocol name = video stem (preprocessing.py L31, config_siwm.py L162-176); not a person id"
Live/Live_263.avi,Live/Live_263.avi,,Live_263,testlist_live;train_A_pretrain,1,,none,8667dbcd316b38141729c057adf7517fe0602608,no official source maps a video to a person identity,NO_EVIDENCE,"protocol name = video stem (preprocessing.py L31, config_siwm.py L162-176); not a person id"
Live/Live_264.avi,Live/Live_264.avi,,Live_264,train_A_pretrain;trainlist_live,1,,none,8667dbcd316b38141729c057adf7517fe0602608,no official source maps a video to a person identity,NO_EVIDENCE,"protocol name = video stem (preprocessing.py L31, config_siwm.py L162-176); not a person id"
Live/Live_265.avi,Live/Live_265.avi,,Live_265,train_A_pretrain;trainlist_live,1,,none,8667dbcd316b38141729c057adf7517fe0602608,no official source maps a video to a person identity,NO_EVIDENCE,"protocol name = video stem (preprocessing.py L31, config_siwm.py L162-176); not a person id"
Live/Live_266.avi,Live/Live_266.avi,,Live_266,testlist_live;train_A_pretrain,1,,none,8667dbcd316b38141729c057adf7517fe0602608,no official source maps a video to a person identity,NO_EVIDENCE,"protocol name = video stem (preprocessing.py L31, config_siwm.py L162-176); not a person id"
Live/Live_267.avi,Live/Live_267.avi,,Live_267,train_A_pretrain;trainlist_live,1,,none,8667dbcd316b38141729c057adf7517fe0602608,no official source maps a video to a person identity,NO_EVIDENCE,"protocol name = video stem (preprocessing.py L31, config_siwm.py L162-176); not a person id"
Live/Live_268.avi,Live/Live_268.avi,,Live_268,train_A_pretrain;trainlist_live,1,,none,8667dbcd316b38141729c057adf7517fe0602608,no official source maps a video to a person identity,NO_EVIDENCE,"protocol name = video stem (preprocessing.py L31, config_siwm.py L162-176); not a person id"
Live/Live_269.avi,Live/Live_269.avi,,Live_269,testlist_live;train_A_pretrain,1,,none,8667dbcd316b38141729c057adf7517fe0602608,no official source maps a video to a person identity,NO_EVIDENCE,"protocol name = video stem (preprocessing.py L31, config_siwm.py L162-176); not a person id"
Live/Live_27.mov,Live/Live_27.mov,,Live_27,train_A_pretrain;trainlist_live,1,,none,8667dbcd316b38141729c057adf7517fe0602608,no official source maps a video to a person identity,NO_EVIDENCE,"protocol name = video stem (preprocessing.py L31, config_siwm.py L162-176); not a person id"
Live/Live_270.avi,Live/Live_270.avi,,Live_270,train_B_spoof;trainlist_live,1,,none,8667dbcd316b38141729c057adf7517fe0602608,no official source maps a video to a person identity,NO_EVIDENCE,"protocol name = video stem (preprocessing.py L31, config_siwm.py L162-176); not a person id"
Live/Live_271.avi,Live/Live_271.avi,,Live_271,testlist_live;train_B_spoof,1,,none,8667dbcd316b38141729c057adf7517fe0602608,no official source maps a video to a person identity,NO_EVIDENCE,"protocol name = video stem (preprocessing.py L31, config_siwm.py L162-176); not a person id"
Live/Live_272.avi,Live/Live_272.avi,,Live_272,train_A_pretrain;trainlist_live,1,,none,8667dbcd316b38141729c057adf7517fe0602608,no official source maps a video to a person identity,NO_EVIDENCE,"protocol name = video stem (preprocessing.py L31, config_siwm.py L162-176); not a person id"
Live/Live_273.avi,Live/Live_273.avi,,Live_273,train_A_pretrain;trainlist_live,1,,none,8667dbcd316b38141729c057adf7517fe0602608,no official source maps a video to a person identity,NO_EVIDENCE,"protocol name = video stem (preprocessing.py L31, config_siwm.py L162-176); not a person id"
Live/Live_274.avi,Live/Live_274.avi,,Live_274,testlist_live;train_A_pretrain,1,,none,8667dbcd316b38141729c057adf7517fe0602608,no official source maps a video to a person identity,NO_EVIDENCE,"protocol name = video stem (preprocessing.py L31, config_siwm.py L162-176); not a person id"
Live/Live_275.avi,Live/Live_275.avi,,Live_275,train_C_race;train_E_ill;trainlist_live,1,,none,8667dbcd316b38141729c057adf7517fe0602608,no official source maps a video to a person identity,NO_EVIDENCE,"protocol name = video stem (preprocessing.py L31, config_siwm.py L162-176); not a person id"
Live/Live_276.avi,Live/Live_276.avi,,Live_276,train_D_age;train_E_ill;trainlist_live,1,,none,8667dbcd316b38141729c057adf7517fe0602608,no official source maps a video to a person identity,NO_EVIDENCE,"protocol name = video stem (preprocessing.py L31, config_siwm.py L162-176); not a person id"
Live/Live_277.avi,Live/Live_277.avi,,Live_277,testlist_live;train_D_age;train_E_ill,1,,none,8667dbcd316b38141729c057adf7517fe0602608,no official source maps a video to a person identity,NO_EVIDENCE,"protocol name = video stem (preprocessing.py L31, config_siwm.py L162-176); not a person id"
Live/Live_278.avi,Live/Live_278.avi,,Live_278,train_A_pretrain;trainlist_live,1,,none,8667dbcd316b38141729c057adf7517fe0602608,no official source maps a video to a person identity,NO_EVIDENCE,"protocol name = video stem (preprocessing.py L31, config_siwm.py L162-176); not a person id"
Live/Live_279.avi,Live/Live_279.avi,,Live_279,train_A_pretrain;trainlist_live,1,,none,8667dbcd316b38141729c057adf7517fe0602608,no official source maps a video to a person identity,NO_EVIDENCE,"protocol name = video stem (preprocessing.py L31, config_siwm.py L162-176); not a person id"
Live/Live_28.mov,Live/Live_28.mov,,Live_28,testlist_live;train_A_pretrain,1,,none,8667dbcd316b38141729c057adf7517fe0602608,no official source maps a video to a person identity,NO_EVIDENCE,"protocol name = video stem (preprocessing.py L31, config_siwm.py L162-176); not a person id"
Live/Live_280.avi,Live/Live_280.avi,,Live_280,train_A_pretrain;trainlist_live,1,,none,8667dbcd316b38141729c057adf7517fe0602608,no official source maps a video to a person identity,NO_EVIDENCE,"protocol name = video stem (preprocessing.py L31, config_siwm.py L162-176); not a person id"
Live/Live_281.avi,Live/Live_281.avi,,Live_281,train_A_pretrain;trainlist_live,1,,none,8667dbcd316b38141729c057adf7517fe0602608,no official source maps a video to a person identity,NO_EVIDENCE,"protocol name = video stem (preprocessing.py L31, config_siwm.py L162-176); not a person id"
Live/Live_282.avi,Live/Live_282.avi,,Live_282,testlist_live;train_A_pretrain,1,,none,8667dbcd316b38141729c057adf7517fe0602608,no official source maps a video to a person identity,NO_EVIDENCE,"protocol name = video stem (preprocessing.py L31, config_siwm.py L162-176); not a person id"
Live/Live_283.avi,Live/Live_283.avi,,Live_283,train_A_pretrain;trainlist_live,1,,none,8667dbcd316b38141729c057adf7517fe0602608,no official source maps a video to a person identity,NO_EVIDENCE,"protocol name = video stem (preprocessing.py L31, config_siwm.py L162-176); not a person id"
Live/Live_284.avi,Live/Live_284.avi,,Live_284,train_A_pretrain;trainlist_live,1,,none,8667dbcd316b38141729c057adf7517fe0602608,no official source maps a video to a person identity,NO_EVIDENCE,"protocol name = video stem (preprocessing.py L31, config_siwm.py L162-176); not a person id"
Live/Live_285.avi,Live/Live_285.avi,,Live_285,testlist_live;train_A_pretrain,1,,none,8667dbcd316b38141729c057adf7517fe0602608,no official source maps a video to a person identity,NO_EVIDENCE,"protocol name = video stem (preprocessing.py L31, config_siwm.py L162-176); not a person id"
Live/Live_286.avi,Live/Live_286.avi,,Live_286,train_A_pretrain;trainlist_live,1,,none,8667dbcd316b38141729c057adf7517fe0602608,no official source maps a video to a person identity,NO_EVIDENCE,"protocol name = video stem (preprocessing.py L31, config_siwm.py L162-176); not a person id"
Live/Live_287.avi,Live/Live_287.avi,,Live_287,train_A_pretrain;trainlist_live,1,,none,8667dbcd316b38141729c057adf7517fe0602608,no official source maps a video to a person identity,NO_EVIDENCE,"protocol name = video stem (preprocessing.py L31, config_siwm.py L162-176); not a person id"
Live/Live_288.avi,Live/Live_288.avi,,Live_288,testlist_live;train_A_pretrain,1,,none,8667dbcd316b38141729c057adf7517fe0602608,no official source maps a video to a person identity,NO_EVIDENCE,"protocol name = video stem (preprocessing.py L31, config_siwm.py L162-176); not a person id"
Live/Live_289.avi,Live/Live_289.avi,,Live_289,test_C_race;trainlist_live,1,,none,8667dbcd316b38141729c057adf7517fe0602608,no official source maps a video to a person identity,NO_EVIDENCE,"protocol name = video stem (preprocessing.py L31, config_siwm.py L162-176); not a person id"
Live/Live_29.mov,Live/Live_29.mov,,Live_29,train_B_spoof;trainlist_live,1,,none,8667dbcd316b38141729c057adf7517fe0602608,no official source maps a video to a person identity,NO_EVIDENCE,"protocol name = video stem (preprocessing.py L31, config_siwm.py L162-176); not a person id"
Live/Live_290.avi,Live/Live_290.avi,,Live_290,testlist_live;train_B_spoof;train_D_age;train_E_ill,1,,none,8667dbcd316b38141729c057adf7517fe0602608,no official source maps a video to a person identity,NO_EVIDENCE,"protocol name = video stem (preprocessing.py L31, config_siwm.py L162-176); not a person id"
Live/Live_291.avi,Live/Live_291.avi,,Live_291,train_B_spoof;train_D_age;train_E_ill;trainlist_live,1,,none,8667dbcd316b38141729c057adf7517fe0602608,no official source maps a video to a person identity,NO_EVIDENCE,"protocol name = video stem (preprocessing.py L31, config_siwm.py L162-176); not a person id"
Live/Live_292.avi,Live/Live_292.avi,,Live_292,train_B_spoof;train_D_age;train_E_ill;trainlist_live,1,,none,8667dbcd316b38141729c057adf7517fe0602608,no official source maps a video to a person identity,NO_EVIDENCE,"protocol name = video stem (preprocessing.py L31, config_siwm.py L162-176); not a person id"
Live/Live_293.avi,Live/Live_293.avi,,Live_293,testlist_live;train_A_pretrain,1,,none,8667dbcd316b38141729c057adf7517fe0602608,no official source maps a video to a person identity,NO_EVIDENCE,"protocol name = video stem (preprocessing.py L31, config_siwm.py L162-176); not a person id"
Live/Live_294.avi,Live/Live_294.avi,,Live_294,train_A_pretrain;trainlist_live,1,,none,8667dbcd316b38141729c057adf7517fe0602608,no official source maps a video to a person identity,NO_EVIDENCE,"protocol name = video stem (preprocessing.py L31, config_siwm.py L162-176); not a person id"
Live/Live_295.avi,Live/Live_295.avi,,Live_295,train_A_pretrain;trainlist_live,1,,none,8667dbcd316b38141729c057adf7517fe0602608,no official source maps a video to a person identity,NO_EVIDENCE,"protocol name = video stem (preprocessing.py L31, config_siwm.py L162-176); not a person id"
Live/Live_296.avi,Live/Live_296.avi,,Live_296,testlist_live;train_A_pretrain,1,,none,8667dbcd316b38141729c057adf7517fe0602608,no official source maps a video to a person identity,NO_EVIDENCE,"protocol name = video stem (preprocessing.py L31, config_siwm.py L162-176); not a person id"
Live/Live_297.avi,Live/Live_297.avi,,Live_297,test_A_pretrain;trainlist_live,1,,none,8667dbcd316b38141729c057adf7517fe0602608,no official source maps a video to a person identity,NO_EVIDENCE,"protocol name = video stem (preprocessing.py L31, config_siwm.py L162-176); not a person id"
Live/Live_298.avi,Live/Live_298.avi,,Live_298,test_A_pretrain;trainlist_live,1,,none,8667dbcd316b38141729c057adf7517fe0602608,no official source maps a video to a person identity,NO_EVIDENCE,"protocol name = video stem (preprocessing.py L31, config_siwm.py L162-176); not a person id"
Live/Live_299.avi,Live/Live_299.avi,,Live_299,test_C_race;testlist_live,1,,none,8667dbcd316b38141729c057adf7517fe0602608,no official source maps a video to a person identity,NO_EVIDENCE,"protocol name = video stem (preprocessing.py L31, config_siwm.py L162-176); not a person id"
Live/Live_3.mov,Live/Live_3.mov,,Live_3,train_A_pretrain;trainlist_live,1,,none,8667dbcd316b38141729c057adf7517fe0602608,no official source maps a video to a person identity,NO_EVIDENCE,"protocol name = video stem (preprocessing.py L31, config_siwm.py L162-176); not a person id"
Live/Live_30.mov,Live/Live_30.mov,,Live_30,train_A_pretrain;trainlist_live,1,,none,8667dbcd316b38141729c057adf7517fe0602608,no official source maps a video to a person identity,NO_EVIDENCE,"protocol name = video stem (preprocessing.py L31, config_siwm.py L162-176); not a person id"
Live/Live_300.avi,Live/Live_300.avi,,Live_300,test_C_race;testlist_live,1,,none,8667dbcd316b38141729c057adf7517fe0602608,no official source maps a video to a person identity,NO_EVIDENCE,"protocol name = video stem (preprocessing.py L31, config_siwm.py L162-176); not a person id"
Live/Live_301.avi,Live/Live_301.avi,,Live_301,test_C_race;trainlist_live,1,,none,8667dbcd316b38141729c057adf7517fe0602608,no official source maps a video to a person identity,NO_EVIDENCE,"protocol name = video stem (preprocessing.py L31, config_siwm.py L162-176); not a person id"
Live/Live_302.avi,Live/Live_302.avi,,Live_302,train_A_pretrain;trainlist_live,1,,none,8667dbcd316b38141729c057adf7517fe0602608,no official source maps a video to a person identity,NO_EVIDENCE,"protocol name = video stem (preprocessing.py L31, config_siwm.py L162-176); not a person id"
Live/Live_303.avi,Live/Live_303.avi,,Live_303,testlist_live;train_A_pretrain,1,,none,8667dbcd316b38141729c057adf7517fe0602608,no official source maps a video to a person identity,NO_EVIDENCE,"protocol name = video stem (preprocessing.py L31, config_siwm.py L162-176); not a person id"
Live/Live_304.avi,Live/Live_304.avi,,Live_304,train_A_pretrain;trainlist_live,1,,none,8667dbcd316b38141729c057adf7517fe0602608,no official source maps a video to a person identity,NO_EVIDENCE,"protocol name = video stem (preprocessing.py L31, config_siwm.py L162-176); not a person id"
Live/Live_305.avi,Live/Live_305.avi,,Live_305,train_B_spoof;trainlist_live,1,,none,8667dbcd316b38141729c057adf7517fe0602608,no official source maps a video to a person identity,NO_EVIDENCE,"protocol name = video stem (preprocessing.py L31, config_siwm.py L162-176); not a person id"
Live/Live_306.avi,Live/Live_306.avi,,Live_306,testlist_live;train_B_spoof,1,,none,8667dbcd316b38141729c057adf7517fe0602608,no official source maps a video to a person identity,NO_EVIDENCE,"protocol name = video stem (preprocessing.py L31, config_siwm.py L162-176); not a person id"
Live/Live_307.avi,Live/Live_307.avi,,Live_307,train_B_spoof;trainlist_live,1,,none,8667dbcd316b38141729c057adf7517fe0602608,no official source maps a video to a person identity,NO_EVIDENCE,"protocol name = video stem (preprocessing.py L31, config_siwm.py L162-176); not a person id"
Live/Live_308.avi,Live/Live_308.avi,,Live_308,train_B_spoof;trainlist_live,1,,none,8667dbcd316b38141729c057adf7517fe0602608,no official source maps a video to a person identity,NO_EVIDENCE,"protocol name = video stem (preprocessing.py L31, config_siwm.py L162-176); not a person id"
Live/Live_309.avi,Live/Live_309.avi,,Live_309,testlist_live;train_B_spoof,1,,none,8667dbcd316b38141729c057adf7517fe0602608,no official source maps a video to a person identity,NO_EVIDENCE,"protocol name = video stem (preprocessing.py L31, config_siwm.py L162-176); not a person id"
Live/Live_31.mov,Live/Live_31.mov,,Live_31,train_C_race;train_D_age;train_E_ill;trainlist_live,1,,none,8667dbcd316b38141729c057adf7517fe0602608,no official source maps a video to a person identity,NO_EVIDENCE,"protocol name = video stem (preprocessing.py L31, config_siwm.py L162-176); not a person id"
Live/Live_310.avi,Live/Live_310.avi,,Live_310,train_B_spoof;trainlist_live,1,,none,8667dbcd316b38141729c057adf7517fe0602608,no official source maps a video to a person identity,NO_EVIDENCE,"protocol name = video stem (preprocessing.py L31, config_siwm.py L162-176); not a person id"
Live/Live_311.avi,Live/Live_311.avi,,Live_311,testlist_live;train_A_pretrain,1,,none,8667dbcd316b38141729c057adf7517fe0602608,no official source maps a video to a person identity,NO_EVIDENCE,"protocol name = video stem (preprocessing.py L31, config_siwm.py L162-176); not a person id"
Live/Live_312.avi,Live/Live_312.avi,,Live_312,train_A_pretrain;trainlist_live,1,,none,8667dbcd316b38141729c057adf7517fe0602608,no official source maps a video to a person identity,NO_EVIDENCE,"protocol name = video stem (preprocessing.py L31, config_siwm.py L162-176); not a person id"
Live/Live_313.avi,Live/Live_313.avi,,Live_313,test_A_pretrain;trainlist_live,1,,none,8667dbcd316b38141729c057adf7517fe0602608,no official source maps a video to a person identity,NO_EVIDENCE,"protocol name = video stem (preprocessing.py L31, config_siwm.py L162-176); not a person id"
Live/Live_314.avi,Live/Live_314.avi,,Live_314,test_A_pretrain;testlist_live,1,,none,8667dbcd316b38141729c057adf7517fe0602608,no official source maps a video to a person identity,NO_EVIDENCE,"protocol name = video stem (preprocessing.py L31, config_siwm.py L162-176); not a person id"
Live/Live_315.avi,Live/Live_315.avi,,Live_315,train_A_pretrain;trainlist_live,1,,none,8667dbcd316b38141729c057adf7517fe0602608,no official source maps a video to a person identity,NO_EVIDENCE,"protocol name = video stem (preprocessing.py L31, config_siwm.py L162-176); not a person id"
Live/Live_316.avi,Live/Live_316.avi,,Live_316,train_A_pretrain;trainlist_live,1,,none,8667dbcd316b38141729c057adf7517fe0602608,no official source maps a video to a person identity,NO_EVIDENCE,"protocol name = video stem (preprocessing.py L31, config_siwm.py L162-176); not a person id"
Live/Live_317.avi,Live/Live_317.avi,,Live_317,testlist_live;train_A_pretrain,1,,none,8667dbcd316b38141729c057adf7517fe0602608,no official source maps a video to a person identity,NO_EVIDENCE,"protocol name = video stem (preprocessing.py L31, config_siwm.py L162-176); not a person id"
Live/Live_318.avi,Live/Live_318.avi,,Live_318,train_A_pretrain;trainlist_live,1,,none,8667dbcd316b38141729c057adf7517fe0602608,no official source maps a video to a person identity,NO_EVIDENCE,"protocol name = video stem (preprocessing.py L31, config_siwm.py L162-176); not a person id"
Live/Live_319.avi,Live/Live_319.avi,,Live_319,train_A_pretrain;trainlist_live,1,,none,8667dbcd316b38141729c057adf7517fe0602608,no official source maps a video to a person identity,NO_EVIDENCE,"protocol name = video stem (preprocessing.py L31, config_siwm.py L162-176); not a person id"
Live/Live_32.mov,Live/Live_32.mov,,Live_32,testlist_live;train_A_pretrain,1,,none,8667dbcd316b38141729c057adf7517fe0602608,no official source maps a video to a person identity,NO_EVIDENCE,"protocol name = video stem (preprocessing.py L31, config_siwm.py L162-176); not a person id"
Live/Live_320.avi,Live/Live_320.avi,,Live_320,train_A_pretrain;trainlist_live,1,,none,8667dbcd316b38141729c057adf7517fe0602608,no official source maps a video to a person identity,NO_EVIDENCE,"protocol name = video stem (preprocessing.py L31, config_siwm.py L162-176); not a person id"
Live/Live_321.avi,Live/Live_321.avi,,Live_321,train_C_race;trainlist_live,1,,none,8667dbcd316b38141729c057adf7517fe0602608,no official source maps a video to a person identity,NO_EVIDENCE,"protocol name = video stem (preprocessing.py L31, config_siwm.py L162-176); not a person id"
Live/Live_322.avi,Live/Live_322.avi,,Live_322,testlist_live;train_C_race,1,,none,8667dbcd316b38141729c057adf7517fe0602608,no official source maps a video to a person identity,NO_EVIDENCE,"protocol name = video stem (preprocessing.py L31, config_siwm.py L162-176); not a person id"
Live/Live_323.avi,Live/Live_323.avi,,Live_323,train_A_pretrain;trainlist_live,1,,none,8667dbcd316b38141729c057adf7517fe0602608,no official source maps a video to a person identity,NO_EVIDENCE,"protocol name = video stem (preprocessing.py L31, config_siwm.py L162-176); not a person id"
Live/Live_324.avi,Live/Live_324.avi,,Live_324,train_A_pretrain;trainlist_live,1,,none,8667dbcd316b38141729c057adf7517fe0602608,no official source maps a video to a person identity,NO_EVIDENCE,"protocol name = video stem (preprocessing.py L31, config_siwm.py L162-176); not a person id"
Live/Live_325.avi,Live/Live_325.avi,,Live_325,testlist_live;train_A_pretrain,1,,none,8667dbcd316b38141729c057adf7517fe0602608,no official source maps a video to a person identity,NO_EVIDENCE,"protocol name = video stem (preprocessing.py L31, config_siwm.py L162-176); not a person id"
Live/Live_326.avi,Live/Live_326.avi,,Live_326,train_A_pretrain;trainlist_live,1,,none,8667dbcd316b38141729c057adf7517fe0602608,no official source maps a video to a person identity,NO_EVIDENCE,"protocol name = video stem (preprocessing.py L31, config_siwm.py L162-176); not a person id"
Live/Live_327.avi,Live/Live_327.avi,,Live_327,train_A_pretrain;trainlist_live,1,,none,8667dbcd316b38141729c057adf7517fe0602608,no official source maps a video to a person identity,NO_EVIDENCE,"protocol name = video stem (preprocessing.py L31, config_siwm.py L162-176); not a person id"
Live/Live_328.avi,Live/Live_328.avi,,Live_328,testlist_live;train_A_pretrain,1,,none,8667dbcd316b38141729c057adf7517fe0602608,no official source maps a video to a person identity,NO_EVIDENCE,"protocol name = video stem (preprocessing.py L31, config_siwm.py L162-176); not a person id"
Live/Live_329.avi,Live/Live_329.avi,,Live_329,train_A_pretrain;trainlist_live,1,,none,8667dbcd316b38141729c057adf7517fe0602608,no official source maps a video to a person identity,NO_EVIDENCE,"protocol name = video stem (preprocessing.py L31, config_siwm.py L162-176); not a person id"
Live/Live_33.mov,Live/Live_33.mov,,Live_33,train_A_pretrain;trainlist_live,1,,none,8667dbcd316b38141729c057adf7517fe0602608,no official source maps a video to a person identity,NO_EVIDENCE,"protocol name = video stem (preprocessing.py L31, config_siwm.py L162-176); not a person id"
Live/Live_330.avi,Live/Live_330.avi,,Live_330,testlist_live;train_A_pretrain,1,,none,8667dbcd316b38141729c057adf7517fe0602608,no official source maps a video to a person identity,NO_EVIDENCE,"protocol name = video stem (preprocessing.py L31, config_siwm.py L162-176); not a person id"
Live/Live_331.avi,Live/Live_331.avi,,Live_331,train_A_pretrain;trainlist_live,1,,none,8667dbcd316b38141729c057adf7517fe0602608,no official source maps a video to a person identity,NO_EVIDENCE,"protocol name = video stem (preprocessing.py L31, config_siwm.py L162-176); not a person id"
Live/Live_332.avi,Live/Live_332.avi,,Live_332,train_A_pretrain;trainlist_live,1,,none,8667dbcd316b38141729c057adf7517fe0602608,no official source maps a video to a person identity,NO_EVIDENCE,"protocol name = video stem (preprocessing.py L31, config_siwm.py L162-176); not a person id"
Live/Live_333.avi,Live/Live_333.avi,,Live_333,testlist_live;train_A_pretrain,1,,none,8667dbcd316b38141729c057adf7517fe0602608,no official source maps a video to a person identity,NO_EVIDENCE,"protocol name = video stem (preprocessing.py L31, config_siwm.py L162-176); not a person id"
Live/Live_334.avi,Live/Live_334.avi,,Live_334,train_A_pretrain;trainlist_live,1,,none,8667dbcd316b38141729c057adf7517fe0602608,no official source maps a video to a person identity,NO_EVIDENCE,"protocol name = video stem (preprocessing.py L31, config_siwm.py L162-176); not a person id"
Live/Live_335.avi,Live/Live_335.avi,,Live_335,train_A_pretrain;trainlist_live,1,,none,8667dbcd316b38141729c057adf7517fe0602608,no official source maps a video to a person identity,NO_EVIDENCE,"protocol name = video stem (preprocessing.py L31, config_siwm.py L162-176); not a person id"
Live/Live_336.avi,Live/Live_336.avi,,Live_336,testlist_live;train_B_spoof,1,,none,8667dbcd316b38141729c057adf7517fe0602608,no official source maps a video to a person identity,NO_EVIDENCE,"protocol name = video stem (preprocessing.py L31, config_siwm.py L162-176); not a person id"
Live/Live_337.avi,Live/Live_337.avi,,Live_337,train_B_spoof;trainlist_live,1,,none,8667dbcd316b38141729c057adf7517fe0602608,no official source maps a video to a person identity,NO_EVIDENCE,"protocol name = video stem (preprocessing.py L31, config_siwm.py L162-176); not a person id"
Live/Live_338.avi,Live/Live_338.avi,,Live_338,train_A_pretrain;trainlist_live,1,,none,8667dbcd316b38141729c057adf7517fe0602608,no official source maps a video to a person identity,NO_EVIDENCE,"protocol name = video stem (preprocessing.py L31, config_siwm.py L162-176); not a person id"
Live/Live_339.avi,Live/Live_339.avi,,Live_339,testlist_live;train_A_pretrain,1,,none,8667dbcd316b38141729c057adf7517fe0602608,no official source maps a video to a person identity,NO_EVIDENCE,"protocol name = video stem (preprocessing.py L31, config_siwm.py L162-176); not a person id"
Live/Live_34.mov,Live/Live_34.mov,,Live_34,test_D_age;test_E_ill;trainlist_live,1,,none,8667dbcd316b38141729c057adf7517fe0602608,no official source maps a video to a person identity,NO_EVIDENCE,"protocol name = video stem (preprocessing.py L31, config_siwm.py L162-176); not a person id"
Live/Live_340.avi,Live/Live_340.avi,,Live_340,train_A_pretrain;trainlist_live,1,,none,8667dbcd316b38141729c057adf7517fe0602608,no official source maps a video to a person identity,NO_EVIDENCE,"protocol name = video stem (preprocessing.py L31, config_siwm.py L162-176); not a person id"
Live/Live_341.avi,Live/Live_341.avi,,Live_341,testlist_live;train_A_pretrain,1,,none,8667dbcd316b38141729c057adf7517fe0602608,no official source maps a video to a person identity,NO_EVIDENCE,"protocol name = video stem (preprocessing.py L31, config_siwm.py L162-176); not a person id"
Live/Live_342.avi,Live/Live_342.avi,,Live_342,train_A_pretrain;trainlist_live,1,,none,8667dbcd316b38141729c057adf7517fe0602608,no official source maps a video to a person identity,NO_EVIDENCE,"protocol name = video stem (preprocessing.py L31, config_siwm.py L162-176); not a person id"
Live/Live_343.avi,Live/Live_343.avi,,Live_343,train_A_pretrain;trainlist_live,1,,none,8667dbcd316b38141729c057adf7517fe0602608,no official source maps a video to a person identity,NO_EVIDENCE,"protocol name = video stem (preprocessing.py L31, config_siwm.py L162-176); not a person id"
Live/Live_344.avi,Live/Live_344.avi,,Live_344,testlist_live;train_A_pretrain,1,,none,8667dbcd316b38141729c057adf7517fe0602608,no official source maps a video to a person identity,NO_EVIDENCE,"protocol name = video stem (preprocessing.py L31, config_siwm.py L162-176); not a person id"
Live/Live_345.avi,Live/Live_345.avi,,Live_345,train_A_pretrain;trainlist_live,1,,none,8667dbcd316b38141729c057adf7517fe0602608,no official source maps a video to a person identity,NO_EVIDENCE,"protocol name = video stem (preprocessing.py L31, config_siwm.py L162-176); not a person id"
Live/Live_346.avi,Live/Live_346.avi,,Live_346,train_A_pretrain;trainlist_live,1,,none,8667dbcd316b38141729c057adf7517fe0602608,no official source maps a video to a person identity,NO_EVIDENCE,"protocol name = video stem (preprocessing.py L31, config_siwm.py L162-176); not a person id"
Live/Live_347.avi,Live/Live_347.avi,,Live_347,testlist_live;train_A_pretrain,1,,none,8667dbcd316b38141729c057adf7517fe0602608,no official source maps a video to a person identity,NO_EVIDENCE,"protocol name = video stem (preprocessing.py L31, config_siwm.py L162-176); not a person id"
Live/Live_348.avi,Live/Live_348.avi,,Live_348,test_A_pretrain;trainlist_live,1,,none,8667dbcd316b38141729c057adf7517fe0602608,no official source maps a video to a person identity,NO_EVIDENCE,"protocol name = video stem (preprocessing.py L31, config_siwm.py L162-176); not a person id"
Live/Live_349.avi,Live/Live_349.avi,,Live_349,test_A_pretrain;trainlist_live,1,,none,8667dbcd316b38141729c057adf7517fe0602608,no official source maps a video to a person identity,NO_EVIDENCE,"protocol name = video stem (preprocessing.py L31, config_siwm.py L162-176); not a person id"
Live/Live_35.mov,Live/Live_35.mov,,Live_35,testlist_live;train_A_pretrain,1,,none,8667dbcd316b38141729c057adf7517fe0602608,no official source maps a video to a person identity,NO_EVIDENCE,"protocol name = video stem (preprocessing.py L31, config_siwm.py L162-176); not a person id"
Live/Live_350.avi,Live/Live_350.avi,,Live_350,train_A_pretrain;trainlist_live,1,,none,8667dbcd316b38141729c057adf7517fe0602608,no official source maps a video to a person identity,NO_EVIDENCE,"protocol name = video stem (preprocessing.py L31, config_siwm.py L162-176); not a person id"
Live/Live_351.avi,Live/Live_351.avi,,Live_351,train_A_pretrain;trainlist_live,1,,none,8667dbcd316b38141729c057adf7517fe0602608,no official source maps a video to a person identity,NO_EVIDENCE,"protocol name = video stem (preprocessing.py L31, config_siwm.py L162-176); not a person id"
Live/Live_352.avi,Live/Live_352.avi,,Live_352,testlist_live;train_A_pretrain,1,,none,8667dbcd316b38141729c057adf7517fe0602608,no official source maps a video to a person identity,NO_EVIDENCE,"protocol name = video stem (preprocessing.py L31, config_siwm.py L162-176); not a person id"
Live/Live_353.avi,Live/Live_353.avi,,Live_353,train_A_pretrain;trainlist_live,1,,none,8667dbcd316b38141729c057adf7517fe0602608,no official source maps a video to a person identity,NO_EVIDENCE,"protocol name = video stem (preprocessing.py L31, config_siwm.py L162-176); not a person id"
Live/Live_354.avi,Live/Live_354.avi,,Live_354,train_C_race;trainlist_live,1,,none,8667dbcd316b38141729c057adf7517fe0602608,no official source maps a video to a person identity,NO_EVIDENCE,"protocol name = video stem (preprocessing.py L31, config_siwm.py L162-176); not a person id"
Live/Live_355.avi,Live/Live_355.avi,,Live_355,testlist_live;train_A_pretrain,1,,none,8667dbcd316b38141729c057adf7517fe0602608,no official source maps a video to a person identity,NO_EVIDENCE,"protocol name = video stem (preprocessing.py L31, config_siwm.py L162-176); not a person id"
Live/Live_356.avi,Live/Live_356.avi,,Live_356,train_B_spoof;train_D_age;train_E_ill;trainlist_live,1,,none,8667dbcd316b38141729c057adf7517fe0602608,no official source maps a video to a person identity,NO_EVIDENCE,"protocol name = video stem (preprocessing.py L31, config_siwm.py L162-176); not a person id"
Live/Live_357.avi,Live/Live_357.avi,,Live_357,train_B_spoof;train_D_age;train_E_ill;trainlist_live,1,,none,8667dbcd316b38141729c057adf7517fe0602608,no official source maps a video to a person identity,NO_EVIDENCE,"protocol name = video stem (preprocessing.py L31, config_siwm.py L162-176); not a person id"
Live/Live_358.avi,Live/Live_358.avi,,Live_358,test_A_pretrain;testlist_live,1,,none,8667dbcd316b38141729c057adf7517fe0602608,no official source maps a video to a person identity,NO_EVIDENCE,"protocol name = video stem (preprocessing.py L31, config_siwm.py L162-176); not a person id"
Live/Live_359.avi,Live/Live_359.avi,,Live_359,train_A_pretrain;trainlist_live,1,,none,8667dbcd316b38141729c057adf7517fe0602608,no official source maps a video to a person identity,NO_EVIDENCE,"protocol name = video stem (preprocessing.py L31, config_siwm.py L162-176); not a person id"
Live/Live_36.mov,Live/Live_36.mov,,Live_36,train_B_spoof;trainlist_live,1,,none,8667dbcd316b38141729c057adf7517fe0602608,no official source maps a video to a person identity,NO_EVIDENCE,"protocol name = video stem (preprocessing.py L31, config_siwm.py L162-176); not a person id"
Live/Live_360.avi,Live/Live_360.avi,,Live_360,testlist_live;train_B_spoof;train_D_age;train_E_ill,1,,none,8667dbcd316b38141729c057adf7517fe0602608,no official source maps a video to a person identity,NO_EVIDENCE,"protocol name = video stem (preprocessing.py L31, config_siwm.py L162-176); not a person id"
Live/Live_361.avi,Live/Live_361.avi,,Live_361,train_B_spoof;train_C_race;train_D_age;train_E_ill;trainlist_live,1,,none,8667dbcd316b38141729c057adf7517fe0602608,no official source maps a video to a person identity,NO_EVIDENCE,"protocol name = video stem (preprocessing.py L31, config_siwm.py L162-176); not a person id"
Live/Live_362.avi,Live/Live_362.avi,,Live_362,train_A_pretrain;trainlist_live,1,,none,8667dbcd316b38141729c057adf7517fe0602608,no official source maps a video to a person identity,NO_EVIDENCE,"protocol name = video stem (preprocessing.py L31, config_siwm.py L162-176); not a person id"
Live/Live_363.avi,Live/Live_363.avi,,Live_363,testlist_live;train_B_spoof,1,,none,8667dbcd316b38141729c057adf7517fe0602608,no official source maps a video to a person identity,NO_EVIDENCE,"protocol name = video stem (preprocessing.py L31, config_siwm.py L162-176); not a person id"
Live/Live_364.avi,Live/Live_364.avi,,Live_364,train_B_spoof;trainlist_live,1,,none,8667dbcd316b38141729c057adf7517fe0602608,no official source maps a video to a person identity,NO_EVIDENCE,"protocol name = video stem (preprocessing.py L31, config_siwm.py L162-176); not a person id"
Live/Live_365.avi,Live/Live_365.avi,,Live_365,train_B_spoof;trainlist_live,1,,none,8667dbcd316b38141729c057adf7517fe0602608,no official source maps a video to a person identity,NO_EVIDENCE,"protocol name = video stem (preprocessing.py L31, config_siwm.py L162-176); not a person id"
Live/Live_366.avi,Live/Live_366.avi,,Live_366,testlist_live;train_A_pretrain,1,,none,8667dbcd316b38141729c057adf7517fe0602608,no official source maps a video to a person identity,NO_EVIDENCE,"protocol name = video stem (preprocessing.py L31, config_siwm.py L162-176); not a person id"
Live/Live_367.avi,Live/Live_367.avi,,Live_367,train_A_pretrain;trainlist_live,1,,none,8667dbcd316b38141729c057adf7517fe0602608,no official source maps a video to a person identity,NO_EVIDENCE,"protocol name = video stem (preprocessing.py L31, config_siwm.py L162-176); not a person id"
Live/Live_368.avi,Live/Live_368.avi,,Live_368,train_A_pretrain;trainlist_live,1,,none,8667dbcd316b38141729c057adf7517fe0602608,no official source maps a video to a person identity,NO_EVIDENCE,"protocol name = video stem (preprocessing.py L31, config_siwm.py L162-176); not a person id"
Live/Live_369.avi,Live/Live_369.avi,,Live_369,testlist_live;train_A_pretrain,1,,none,8667dbcd316b38141729c057adf7517fe0602608,no official source maps a video to a person identity,NO_EVIDENCE,"protocol name = video stem (preprocessing.py L31, config_siwm.py L162-176); not a person id"
Live/Live_37.mov,Live/Live_37.mov,,Live_37,train_D_age;train_E_ill;trainlist_live,1,,none,8667dbcd316b38141729c057adf7517fe0602608,no official source maps a video to a person identity,NO_EVIDENCE,"protocol name = video stem (preprocessing.py L31, config_siwm.py L162-176); not a person id"
Live/Live_370.avi,Live/Live_370.avi,,Live_370,test_A_pretrain;trainlist_live,1,,none,8667dbcd316b38141729c057adf7517fe0602608,no official source maps a video to a person identity,NO_EVIDENCE,"protocol name = video stem (preprocessing.py L31, config_siwm.py L162-176); not a person id"
Live/Live_371.avi,Live/Live_371.avi,,Live_371,testlist_live;train_A_pretrain,1,,none,8667dbcd316b38141729c057adf7517fe0602608,no official source maps a video to a person identity,NO_EVIDENCE,"protocol name = video stem (preprocessing.py L31, config_siwm.py L162-176); not a person id"
Live/Live_372.avi,Live/Live_372.avi,,Live_372,train_A_pretrain;trainlist_live,1,,none,8667dbcd316b38141729c057adf7517fe0602608,no official source maps a video to a person identity,NO_EVIDENCE,"protocol name = video stem (preprocessing.py L31, config_siwm.py L162-176); not a person id"
Live/Live_373.avi,Live/Live_373.avi,,Live_373,train_B_spoof;trainlist_live,1,,none,8667dbcd316b38141729c057adf7517fe0602608,no official source maps a video to a person identity,NO_EVIDENCE,"protocol name = video stem (preprocessing.py L31, config_siwm.py L162-176); not a person id"
Live/Live_374.avi,Live/Live_374.avi,,Live_374,test_B_spoof;testlist_live,1,,none,8667dbcd316b38141729c057adf7517fe0602608,no official source maps a video to a person identity,NO_EVIDENCE,"protocol name = video stem (preprocessing.py L31, config_siwm.py L162-176); not a person id"
Live/Live_375.avi,Live/Live_375.avi,,Live_375,train_B_spoof;trainlist_live,1,,none,8667dbcd316b38141729c057adf7517fe0602608,no official source maps a video to a person identity,NO_EVIDENCE,"protocol name = video stem (preprocessing.py L31, config_siwm.py L162-176); not a person id"
Live/Live_376.avi,Live/Live_376.avi,,Live_376,test_B_spoof;trainlist_live,1,,none,8667dbcd316b38141729c057adf7517fe0602608,no official source maps a video to a person identity,NO_EVIDENCE,"protocol name = video stem (preprocessing.py L31, config_siwm.py L162-176); not a person id"
Live/Live_377.avi,Live/Live_377.avi,,Live_377,testlist_live;train_A_pretrain,1,,none,8667dbcd316b38141729c057adf7517fe0602608,no official source maps a video to a person identity,NO_EVIDENCE,"protocol name = video stem (preprocessing.py L31, config_siwm.py L162-176); not a person id"
Live/Live_378.avi,Live/Live_378.avi,,Live_378,train_A_pretrain;trainlist_live,1,,none,8667dbcd316b38141729c057adf7517fe0602608,no official source maps a video to a person identity,NO_EVIDENCE,"protocol name = video stem (preprocessing.py L31, config_siwm.py L162-176); not a person id"
Live/Live_379.avi,Live/Live_379.avi,,Live_379,train_B_spoof;train_D_age;train_E_ill;trainlist_live,1,,none,8667dbcd316b38141729c057adf7517fe0602608,no official source maps a video to a person identity,NO_EVIDENCE,"protocol name = video stem (preprocessing.py L31, config_siwm.py L162-176); not a person id"
Live/Live_38.mov,Live/Live_38.mov,,Live_38,testlist_live;train_A_pretrain,1,,none,8667dbcd316b38141729c057adf7517fe0602608,no official source maps a video to a person identity,NO_EVIDENCE,"protocol name = video stem (preprocessing.py L31, config_siwm.py L162-176); not a person id"
Live/Live_380.avi,Live/Live_380.avi,,Live_380,train_A_pretrain;trainlist_live,1,,none,8667dbcd316b38141729c057adf7517fe0602608,no official source maps a video to a person identity,NO_EVIDENCE,"protocol name = video stem (preprocessing.py L31, config_siwm.py L162-176); not a person id"
Live/Live_381.avi,Live/Live_381.avi,,Live_381,train_A_pretrain;trainlist_live,1,,none,8667dbcd316b38141729c057adf7517fe0602608,no official source maps a video to a person identity,NO_EVIDENCE,"protocol name = video stem (preprocessing.py L31, config_siwm.py L162-176); not a person id"
Live/Live_382.avi,Live/Live_382.avi,,Live_382,testlist_live;train_A_pretrain,1,,none,8667dbcd316b38141729c057adf7517fe0602608,no official source maps a video to a person identity,NO_EVIDENCE,"protocol name = video stem (preprocessing.py L31, config_siwm.py L162-176); not a person id"
Live/Live_383.avi,Live/Live_383.avi,,Live_383,train_A_pretrain;trainlist_live,1,,none,8667dbcd316b38141729c057adf7517fe0602608,no official source maps a video to a person identity,NO_EVIDENCE,"protocol name = video stem (preprocessing.py L31, config_siwm.py L162-176); not a person id"
Live/Live_384.avi,Live/Live_384.avi,,Live_384,train_A_pretrain;trainlist_live,1,,none,8667dbcd316b38141729c057adf7517fe0602608,no official source maps a video to a person identity,NO_EVIDENCE,"protocol name = video stem (preprocessing.py L31, config_siwm.py L162-176); not a person id"
Live/Live_385.avi,Live/Live_385.avi,,Live_385,testlist_live;train_A_pretrain,1,,none,8667dbcd316b38141729c057adf7517fe0602608,no official source maps a video to a person identity,NO_EVIDENCE,"protocol name = video stem (preprocessing.py L31, config_siwm.py L162-176); not a person id"
Live/Live_386.avi,Live/Live_386.avi,,Live_386,train_A_pretrain;trainlist_live,1,,none,8667dbcd316b38141729c057adf7517fe0602608,no official source maps a video to a person identity,NO_EVIDENCE,"protocol name = video stem (preprocessing.py L31, config_siwm.py L162-176); not a person id"
Live/Live_387.avi,Live/Live_387.avi,,Live_387,test_A_pretrain;trainlist_live,1,,none,8667dbcd316b38141729c057adf7517fe0602608,no official source maps a video to a person identity,NO_EVIDENCE,"protocol name = video stem (preprocessing.py L31, config_siwm.py L162-176); not a person id"
Live/Live_388.avi,Live/Live_388.avi,,Live_388,testlist_live;train_A_pretrain,1,,none,8667dbcd316b38141729c057adf7517fe0602608,no official source maps a video to a person identity,NO_EVIDENCE,"protocol name = video stem (preprocessing.py L31, config_siwm.py L162-176); not a person id"
Live/Live_389.avi,Live/Live_389.avi,,Live_389,train_A_pretrain;trainlist_live,1,,none,8667dbcd316b38141729c057adf7517fe0602608,no official source maps a video to a person identity,NO_EVIDENCE,"protocol name = video stem (preprocessing.py L31, config_siwm.py L162-176); not a person id"
Live/Live_39.mov,Live/Live_39.mov,,Live_39,test_A_pretrain;trainlist_live,1,,none,8667dbcd316b38141729c057adf7517fe0602608,no official source maps a video to a person identity,NO_EVIDENCE,"protocol name = video stem (preprocessing.py L31, config_siwm.py L162-176); not a person id"
Live/Live_390.avi,Live/Live_390.avi,,Live_390,test_A_pretrain;testlist_live,1,,none,8667dbcd316b38141729c057adf7517fe0602608,no official source maps a video to a person identity,NO_EVIDENCE,"protocol name = video stem (preprocessing.py L31, config_siwm.py L162-176); not a person id"
Live/Live_391.avi,Live/Live_391.avi,,Live_391,train_A_pretrain;trainlist_live,1,,none,8667dbcd316b38141729c057adf7517fe0602608,no official source maps a video to a person identity,NO_EVIDENCE,"protocol name = video stem (preprocessing.py L31, config_siwm.py L162-176); not a person id"
Live/Live_392.avi,Live/Live_392.avi,,Live_392,train_A_pretrain;trainlist_live,1,,none,8667dbcd316b38141729c057adf7517fe0602608,no official source maps a video to a person identity,NO_EVIDENCE,"protocol name = video stem (preprocessing.py L31, config_siwm.py L162-176); not a person id"
Live/Live_393.avi,Live/Live_393.avi,,Live_393,testlist_live;train_A_pretrain,1,,none,8667dbcd316b38141729c057adf7517fe0602608,no official source maps a video to a person identity,NO_EVIDENCE,"protocol name = video stem (preprocessing.py L31, config_siwm.py L162-176); not a person id"
Live/Live_394.avi,Live/Live_394.avi,,Live_394,train_A_pretrain;trainlist_live,1,,none,8667dbcd316b38141729c057adf7517fe0602608,no official source maps a video to a person identity,NO_EVIDENCE,"protocol name = video stem (preprocessing.py L31, config_siwm.py L162-176); not a person id"
Live/Live_395.avi,Live/Live_395.avi,,Live_395,train_C_race;trainlist_live,1,,none,8667dbcd316b38141729c057adf7517fe0602608,no official source maps a video to a person identity,NO_EVIDENCE,"protocol name = video stem (preprocessing.py L31, config_siwm.py L162-176); not a person id"
Live/Live_396.avi,Live/Live_396.avi,,Live_396,testlist_live;train_A_pretrain,1,,none,8667dbcd316b38141729c057adf7517fe0602608,no official source maps a video to a person identity,NO_EVIDENCE,"protocol name = video stem (preprocessing.py L31, config_siwm.py L162-176); not a person id"
Live/Live_397.avi,Live/Live_397.avi,,Live_397,test_A_pretrain;trainlist_live,1,,none,8667dbcd316b38141729c057adf7517fe0602608,no official source maps a video to a person identity,NO_EVIDENCE,"protocol name = video stem (preprocessing.py L31, config_siwm.py L162-176); not a person id"
Live/Live_398.avi,Live/Live_398.avi,,Live_398,train_C_race;trainlist_live,1,,none,8667dbcd316b38141729c057adf7517fe0602608,no official source maps a video to a person identity,NO_EVIDENCE,"protocol name = video stem (preprocessing.py L31, config_siwm.py L162-176); not a person id"
Live/Live_399.avi,Live/Live_399.avi,,Live_399,testlist_live;train_C_race,1,,none,8667dbcd316b38141729c057adf7517fe0602608,no official source maps a video to a person identity,NO_EVIDENCE,"protocol name = video stem (preprocessing.py L31, config_siwm.py L162-176); not a person id"
Live/Live_4.mov,Live/Live_4.mov,,Live_4,train_D_age;train_E_ill;trainlist_live,1,,none,8667dbcd316b38141729c057adf7517fe0602608,no official source maps a video to a person identity,NO_EVIDENCE,"protocol name = video stem (preprocessing.py L31, config_siwm.py L162-176); not a person id"
Live/Live_40.mov,Live/Live_40.mov,,Live_40,train_A_pretrain;trainlist_live,1,,none,8667dbcd316b38141729c057adf7517fe0602608,no official source maps a video to a person identity,NO_EVIDENCE,"protocol name = video stem (preprocessing.py L31, config_siwm.py L162-176); not a person id"
Live/Live_400.avi,Live/Live_400.avi,,Live_400,test_A_pretrain;testlist_live,1,,none,8667dbcd316b38141729c057adf7517fe0602608,no official source maps a video to a person identity,NO_EVIDENCE,"protocol name = video stem (preprocessing.py L31, config_siwm.py L162-176); not a person id"
Live/Live_401.avi,Live/Live_401.avi,,Live_401,test_A_pretrain;trainlist_live,1,,none,8667dbcd316b38141729c057adf7517fe0602608,no official source maps a video to a person identity,NO_EVIDENCE,"protocol name = video stem (preprocessing.py L31, config_siwm.py L162-176); not a person id"
Live/Live_402.avi,Live/Live_402.avi,,Live_402,train_A_pretrain;trainlist_live,1,,none,8667dbcd316b38141729c057adf7517fe0602608,no official source maps a video to a person identity,NO_EVIDENCE,"protocol name = video stem (preprocessing.py L31, config_siwm.py L162-176); not a person id"
Live/Live_403.avi,Live/Live_403.avi,,Live_403,testlist_live;train_A_pretrain,1,,none,8667dbcd316b38141729c057adf7517fe0602608,no official source maps a video to a person identity,NO_EVIDENCE,"protocol name = video stem (preprocessing.py L31, config_siwm.py L162-176); not a person id"
Live/Live_404.avi,Live/Live_404.avi,,Live_404,train_A_pretrain;trainlist_live,1,,none,8667dbcd316b38141729c057adf7517fe0602608,no official source maps a video to a person identity,NO_EVIDENCE,"protocol name = video stem (preprocessing.py L31, config_siwm.py L162-176); not a person id"
Live/Live_405.avi,Live/Live_405.avi,,Live_405,train_A_pretrain;trainlist_live,1,,none,8667dbcd316b38141729c057adf7517fe0602608,no official source maps a video to a person identity,NO_EVIDENCE,"protocol name = video stem (preprocessing.py L31, config_siwm.py L162-176); not a person id"
Live/Live_406.avi,Live/Live_406.avi,,Live_406,testlist_live;train_A_pretrain,1,,none,8667dbcd316b38141729c057adf7517fe0602608,no official source maps a video to a person identity,NO_EVIDENCE,"protocol name = video stem (preprocessing.py L31, config_siwm.py L162-176); not a person id"
Live/Live_407.avi,Live/Live_407.avi,,Live_407,train_A_pretrain;trainlist_live,1,,none,8667dbcd316b38141729c057adf7517fe0602608,no official source maps a video to a person identity,NO_EVIDENCE,"protocol name = video stem (preprocessing.py L31, config_siwm.py L162-176); not a person id"
Live/Live_408.avi,Live/Live_408.avi,,Live_408,test_A_pretrain;trainlist_live,1,,none,8667dbcd316b38141729c057adf7517fe0602608,no official source maps a video to a person identity,NO_EVIDENCE,"protocol name = video stem (preprocessing.py L31, config_siwm.py L162-176); not a person id"
Live/Live_409.avi,Live/Live_409.avi,,Live_409,testlist_live;train_A_pretrain,1,,none,8667dbcd316b38141729c057adf7517fe0602608,no official source maps a video to a person identity,NO_EVIDENCE,"protocol name = video stem (preprocessing.py L31, config_siwm.py L162-176); not a person id"
Live/Live_41.mov,Live/Live_41.mov,,Live_41,train_A_pretrain;trainlist_live,1,,none,8667dbcd316b38141729c057adf7517fe0602608,no official source maps a video to a person identity,NO_EVIDENCE,"protocol name = video stem (preprocessing.py L31, config_siwm.py L162-176); not a person id"
Live/Live_410.avi,Live/Live_410.avi,,Live_410,train_A_pretrain;trainlist_live,1,,none,8667dbcd316b38141729c057adf7517fe0602608,no official source maps a video to a person identity,NO_EVIDENCE,"protocol name = video stem (preprocessing.py L31, config_siwm.py L162-176); not a person id"
Live/Live_411.avi,Live/Live_411.avi,,Live_411,testlist_live;train_A_pretrain,1,,none,8667dbcd316b38141729c057adf7517fe0602608,no official source maps a video to a person identity,NO_EVIDENCE,"protocol name = video stem (preprocessing.py L31, config_siwm.py L162-176); not a person id"
Live/Live_412.avi,Live/Live_412.avi,,Live_412,train_A_pretrain;trainlist_live,1,,none,8667dbcd316b38141729c057adf7517fe0602608,no official source maps a video to a person identity,NO_EVIDENCE,"protocol name = video stem (preprocessing.py L31, config_siwm.py L162-176); not a person id"
Live/Live_413.avi,Live/Live_413.avi,,Live_413,train_A_pretrain;trainlist_live,1,,none,8667dbcd316b38141729c057adf7517fe0602608,no official source maps a video to a person identity,NO_EVIDENCE,"protocol name = video stem (preprocessing.py L31, config_siwm.py L162-176); not a person id"
Live/Live_414.avi,Live/Live_414.avi,,Live_414,testlist_live;train_A_pretrain,1,,none,8667dbcd316b38141729c057adf7517fe0602608,no official source maps a video to a person identity,NO_EVIDENCE,"protocol name = video stem (preprocessing.py L31, config_siwm.py L162-176); not a person id"
Live/Live_415.avi,Live/Live_415.avi,,Live_415,train_A_pretrain;trainlist_live,1,,none,8667dbcd316b38141729c057adf7517fe0602608,no official source maps a video to a person identity,NO_EVIDENCE,"protocol name = video stem (preprocessing.py L31, config_siwm.py L162-176); not a person id"
Live/Live_416.avi,Live/Live_416.avi,,Live_416,train_A_pretrain;trainlist_live,1,,none,8667dbcd316b38141729c057adf7517fe0602608,no official source maps a video to a person identity,NO_EVIDENCE,"protocol name = video stem (preprocessing.py L31, config_siwm.py L162-176); not a person id"
Live/Live_417.avi,Live/Live_417.avi,,Live_417,testlist_live;train_A_pretrain,1,,none,8667dbcd316b38141729c057adf7517fe0602608,no official source maps a video to a person identity,NO_EVIDENCE,"protocol name = video stem (preprocessing.py L31, config_siwm.py L162-176); not a person id"
Live/Live_418.avi,Live/Live_418.avi,,Live_418,train_A_pretrain;trainlist_live,1,,none,8667dbcd316b38141729c057adf7517fe0602608,no official source maps a video to a person identity,NO_EVIDENCE,"protocol name = video stem (preprocessing.py L31, config_siwm.py L162-176); not a person id"
Live/Live_419.avi,Live/Live_419.avi,,Live_419,train_A_pretrain;trainlist_live,1,,none,8667dbcd316b38141729c057adf7517fe0602608,no official source maps a video to a person identity,NO_EVIDENCE,"protocol name = video stem (preprocessing.py L31, config_siwm.py L162-176); not a person id"
Live/Live_42.mov,Live/Live_42.mov,,Live_42,testlist_live;train_B_spoof;train_D_age;train_E_ill,1,,none,8667dbcd316b38141729c057adf7517fe0602608,no official source maps a video to a person identity,NO_EVIDENCE,"protocol name = video stem (preprocessing.py L31, config_siwm.py L162-176); not a person id"
Live/Live_420.avi,Live/Live_420.avi,,Live_420,train_A_pretrain;trainlist_live,1,,none,8667dbcd316b38141729c057adf7517fe0602608,no official source maps a video to a person identity,NO_EVIDENCE,"protocol name = video stem (preprocessing.py L31, config_siwm.py L162-176); not a person id"
Live/Live_421.avi,Live/Live_421.avi,,Live_421,train_A_pretrain;trainlist_live,1,,none,8667dbcd316b38141729c057adf7517fe0602608,no official source maps a video to a person identity,NO_EVIDENCE,"protocol name = video stem (preprocessing.py L31, config_siwm.py L162-176); not a person id"
Live/Live_422.avi,Live/Live_422.avi,,Live_422,testlist_live;train_A_pretrain,1,,none,8667dbcd316b38141729c057adf7517fe0602608,no official source maps a video to a person identity,NO_EVIDENCE,"protocol name = video stem (preprocessing.py L31, config_siwm.py L162-176); not a person id"
Live/Live_423.avi,Live/Live_423.avi,,Live_423,train_A_pretrain;trainlist_live,1,,none,8667dbcd316b38141729c057adf7517fe0602608,no official source maps a video to a person identity,NO_EVIDENCE,"protocol name = video stem (preprocessing.py L31, config_siwm.py L162-176); not a person id"
Live/Live_424.avi,Live/Live_424.avi,,Live_424,train_A_pretrain;trainlist_live,1,,none,8667dbcd316b38141729c057adf7517fe0602608,no official source maps a video to a person identity,NO_EVIDENCE,"protocol name = video stem (preprocessing.py L31, config_siwm.py L162-176); not a person id"
Live/Live_425.avi,Live/Live_425.avi,,Live_425,testlist_live;train_A_pretrain,1,,none,8667dbcd316b38141729c057adf7517fe0602608,no official source maps a video to a person identity,NO_EVIDENCE,"protocol name = video stem (preprocessing.py L31, config_siwm.py L162-176); not a person id"
Live/Live_426.avi,Live/Live_426.avi,,Live_426,train_A_pretrain;trainlist_live,1,,none,8667dbcd316b38141729c057adf7517fe0602608,no official source maps a video to a person identity,NO_EVIDENCE,"protocol name = video stem (preprocessing.py L31, config_siwm.py L162-176); not a person id"
Live/Live_427.avi,Live/Live_427.avi,,Live_427,test_A_pretrain;trainlist_live,1,,none,8667dbcd316b38141729c057adf7517fe0602608,no official source maps a video to a person identity,NO_EVIDENCE,"protocol name = video stem (preprocessing.py L31, config_siwm.py L162-176); not a person id"
Live/Live_428.avi,Live/Live_428.avi,,Live_428,testlist_live;train_A_pretrain,1,,none,8667dbcd316b38141729c057adf7517fe0602608,no official source maps a video to a person identity,NO_EVIDENCE,"protocol name = video stem (preprocessing.py L31, config_siwm.py L162-176); not a person id"
Live/Live_429.avi,Live/Live_429.avi,,Live_429,train_A_pretrain;trainlist_live,1,,none,8667dbcd316b38141729c057adf7517fe0602608,no official source maps a video to a person identity,NO_EVIDENCE,"protocol name = video stem (preprocessing.py L31, config_siwm.py L162-176); not a person id"
Live/Live_43.mov,Live/Live_43.mov,,Live_43,train_D_age;train_E_ill;trainlist_live,1,,none,8667dbcd316b38141729c057adf7517fe0602608,no official source maps a video to a person identity,NO_EVIDENCE,"protocol name = video stem (preprocessing.py L31, config_siwm.py L162-176); not a person id"
Live/Live_430.avi,Live/Live_430.avi,,Live_430,testlist_live;train_A_pretrain,1,,none,8667dbcd316b38141729c057adf7517fe0602608,no official source maps a video to a person identity,NO_EVIDENCE,"protocol name = video stem (preprocessing.py L31, config_siwm.py L162-176); not a person id"
Live/Live_431.avi,Live/Live_431.avi,,Live_431,train_A_pretrain;trainlist_live,1,,none,8667dbcd316b38141729c057adf7517fe0602608,no official source maps a video to a person identity,NO_EVIDENCE,"protocol name = video stem (preprocessing.py L31, config_siwm.py L162-176); not a person id"
Live/Live_432.avi,Live/Live_432.avi,,Live_432,train_A_pretrain;trainlist_live,1,,none,8667dbcd316b38141729c057adf7517fe0602608,no official source maps a video to a person identity,NO_EVIDENCE,"protocol name = video stem (preprocessing.py L31, config_siwm.py L162-176); not a person id"
Live/Live_433.avi,Live/Live_433.avi,,Live_433,testlist_live;train_A_pretrain,1,,none,8667dbcd316b38141729c057adf7517fe0602608,no official source maps a video to a person identity,NO_EVIDENCE,"protocol name = video stem (preprocessing.py L31, config_siwm.py L162-176); not a person id"
Live/Live_434.avi,Live/Live_434.avi,,Live_434,train_A_pretrain;trainlist_live,1,,none,8667dbcd316b38141729c057adf7517fe0602608,no official source maps a video to a person identity,NO_EVIDENCE,"protocol name = video stem (preprocessing.py L31, config_siwm.py L162-176); not a person id"
Live/Live_435.avi,Live/Live_435.avi,,Live_435,train_A_pretrain;trainlist_live,1,,none,8667dbcd316b38141729c057adf7517fe0602608,no official source maps a video to a person identity,NO_EVIDENCE,"protocol name = video stem (preprocessing.py L31, config_siwm.py L162-176); not a person id"
Live/Live_436.avi,Live/Live_436.avi,,Live_436,testlist_live;train_B_spoof;train_D_age;train_E_ill,1,,none,8667dbcd316b38141729c057adf7517fe0602608,no official source maps a video to a person identity,NO_EVIDENCE,"protocol name = video stem (preprocessing.py L31, config_siwm.py L162-176); not a person id"
Live/Live_437.avi,Live/Live_437.avi,,Live_437,train_B_spoof;train_C_race;train_D_age;train_E_ill;trainlist_live,1,,none,8667dbcd316b38141729c057adf7517fe0602608,no official source maps a video to a person identity,NO_EVIDENCE,"protocol name = video stem (preprocessing.py L31, config_siwm.py L162-176); not a person id"
Live/Live_438.avi,Live/Live_438.avi,,Live_438,train_A_pretrain;trainlist_live,1,,none,8667dbcd316b38141729c057adf7517fe0602608,no official source maps a video to a person identity,NO_EVIDENCE,"protocol name = video stem (preprocessing.py L31, config_siwm.py L162-176); not a person id"
Live/Live_439.avi,Live/Live_439.avi,,Live_439,testlist_live;train_A_pretrain,1,,none,8667dbcd316b38141729c057adf7517fe0602608,no official source maps a video to a person identity,NO_EVIDENCE,"protocol name = video stem (preprocessing.py L31, config_siwm.py L162-176); not a person id"
Live/Live_44.mov,Live/Live_44.mov,,Live_44,train_A_pretrain;trainlist_live,1,,none,8667dbcd316b38141729c057adf7517fe0602608,no official source maps a video to a person identity,NO_EVIDENCE,"protocol name = video stem (preprocessing.py L31, config_siwm.py L162-176); not a person id"
Live/Live_440.avi,Live/Live_440.avi,,Live_440,train_A_pretrain;trainlist_live,1,,none,8667dbcd316b38141729c057adf7517fe0602608,no official source maps a video to a person identity,NO_EVIDENCE,"protocol name = video stem (preprocessing.py L31, config_siwm.py L162-176); not a person id"
Live/Live_441.avi,Live/Live_441.avi,,Live_441,testlist_live;train_A_pretrain,1,,none,8667dbcd316b38141729c057adf7517fe0602608,no official source maps a video to a person identity,NO_EVIDENCE,"protocol name = video stem (preprocessing.py L31, config_siwm.py L162-176); not a person id"
Live/Live_442.avi,Live/Live_442.avi,,Live_442,train_A_pretrain;trainlist_live,1,,none,8667dbcd316b38141729c057adf7517fe0602608,no official source maps a video to a person identity,NO_EVIDENCE,"protocol name = video stem (preprocessing.py L31, config_siwm.py L162-176); not a person id"
Live/Live_443.avi,Live/Live_443.avi,,Live_443,train_D_age;train_E_ill;trainlist_live,1,,none,8667dbcd316b38141729c057adf7517fe0602608,no official source maps a video to a person identity,NO_EVIDENCE,"protocol name = video stem (preprocessing.py L31, config_siwm.py L162-176); not a person id"
Live/Live_444.avi,Live/Live_444.avi,,Live_444,testlist_live;train_D_age;train_E_ill,1,,none,8667dbcd316b38141729c057adf7517fe0602608,no official source maps a video to a person identity,NO_EVIDENCE,"protocol name = video stem (preprocessing.py L31, config_siwm.py L162-176); not a person id"
Live/Live_445.avi,Live/Live_445.avi,,Live_445,train_D_age;train_E_ill;trainlist_live,1,,none,8667dbcd316b38141729c057adf7517fe0602608,no official source maps a video to a person identity,NO_EVIDENCE,"protocol name = video stem (preprocessing.py L31, config_siwm.py L162-176); not a person id"
Live/Live_446.avi,Live/Live_446.avi,,Live_446,train_A_pretrain;trainlist_live,1,,none,8667dbcd316b38141729c057adf7517fe0602608,no official source maps a video to a person identity,NO_EVIDENCE,"protocol name = video stem (preprocessing.py L31, config_siwm.py L162-176); not a person id"
Live/Live_447.avi,Live/Live_447.avi,,Live_447,testlist_live;train_A_pretrain,1,,none,8667dbcd316b38141729c057adf7517fe0602608,no official source maps a video to a person identity,NO_EVIDENCE,"protocol name = video stem (preprocessing.py L31, config_siwm.py L162-176); not a person id"
Live/Live_448.avi,Live/Live_448.avi,,Live_448,train_A_pretrain;trainlist_live,1,,none,8667dbcd316b38141729c057adf7517fe0602608,no official source maps a video to a person identity,NO_EVIDENCE,"protocol name = video stem (preprocessing.py L31, config_siwm.py L162-176); not a person id"
Live/Live_449.avi,Live/Live_449.avi,,Live_449,train_A_pretrain;trainlist_live,1,,none,8667dbcd316b38141729c057adf7517fe0602608,no official source maps a video to a person identity,NO_EVIDENCE,"protocol name = video stem (preprocessing.py L31, config_siwm.py L162-176); not a person id"
Live/Live_45.mov,Live/Live_45.mov,,Live_45,testlist_live;train_A_pretrain,1,,none,8667dbcd316b38141729c057adf7517fe0602608,no official source maps a video to a person identity,NO_EVIDENCE,"protocol name = video stem (preprocessing.py L31, config_siwm.py L162-176); not a person id"
Live/Live_450.avi,Live/Live_450.avi,,Live_450,train_A_pretrain;trainlist_live,1,,none,8667dbcd316b38141729c057adf7517fe0602608,no official source maps a video to a person identity,NO_EVIDENCE,"protocol name = video stem (preprocessing.py L31, config_siwm.py L162-176); not a person id"
Live/Live_451.avi,Live/Live_451.avi,,Live_451,train_B_spoof;trainlist_live,1,,none,8667dbcd316b38141729c057adf7517fe0602608,no official source maps a video to a person identity,NO_EVIDENCE,"protocol name = video stem (preprocessing.py L31, config_siwm.py L162-176); not a person id"
Live/Live_452.avi,Live/Live_452.avi,,Live_452,testlist_live;train_B_spoof,1,,none,8667dbcd316b38141729c057adf7517fe0602608,no official source maps a video to a person identity,NO_EVIDENCE,"protocol name = video stem (preprocessing.py L31, config_siwm.py L162-176); not a person id"
Live/Live_453.avi,Live/Live_453.avi,,Live_453,test_B_spoof;trainlist_live,1,,none,8667dbcd316b38141729c057adf7517fe0602608,no official source maps a video to a person identity,NO_EVIDENCE,"protocol name = video stem (preprocessing.py L31, config_siwm.py L162-176); not a person id"
Live/Live_454.avi,Live/Live_454.avi,,Live_454,train_B_spoof;trainlist_live,1,,none,8667dbcd316b38141729c057adf7517fe0602608,no official source maps a video to a person identity,NO_EVIDENCE,"protocol name = video stem (preprocessing.py L31, config_siwm.py L162-176); not a person id"
Live/Live_455.avi,Live/Live_455.avi,,Live_455,testlist_live;train_A_pretrain,1,,none,8667dbcd316b38141729c057adf7517fe0602608,no official source maps a video to a person identity,NO_EVIDENCE,"protocol name = video stem (preprocessing.py L31, config_siwm.py L162-176); not a person id"
Live/Live_456.avi,Live/Live_456.avi,,Live_456,test_A_pretrain;trainlist_live,1,,none,8667dbcd316b38141729c057adf7517fe0602608,no official source maps a video to a person identity,NO_EVIDENCE,"protocol name = video stem (preprocessing.py L31, config_siwm.py L162-176); not a person id"
Live/Live_457.avi,Live/Live_457.avi,,Live_457,train_B_spoof;train_D_age;train_E_ill;trainlist_live,1,,none,8667dbcd316b38141729c057adf7517fe0602608,no official source maps a video to a person identity,NO_EVIDENCE,"protocol name = video stem (preprocessing.py L31, config_siwm.py L162-176); not a person id"
Live/Live_458.avi,Live/Live_458.avi,,Live_458,testlist_live;train_B_spoof;train_D_age;train_E_ill,1,,none,8667dbcd316b38141729c057adf7517fe0602608,no official source maps a video to a person identity,NO_EVIDENCE,"protocol name = video stem (preprocessing.py L31, config_siwm.py L162-176); not a person id"
Live/Live_459.avi,Live/Live_459.avi,,Live_459,train_B_spoof;train_D_age;train_E_ill;trainlist_live,1,,none,8667dbcd316b38141729c057adf7517fe0602608,no official source maps a video to a person identity,NO_EVIDENCE,"protocol name = video stem (preprocessing.py L31, config_siwm.py L162-176); not a person id"
Live/Live_46.mov,Live/Live_46.mov,,Live_46,train_A_pretrain;trainlist_live,1,,none,8667dbcd316b38141729c057adf7517fe0602608,no official source maps a video to a person identity,NO_EVIDENCE,"protocol name = video stem (preprocessing.py L31, config_siwm.py L162-176); not a person id"
Live/Live_460.avi,Live/Live_460.avi,,Live_460,testlist_live;train_B_spoof,1,,none,8667dbcd316b38141729c057adf7517fe0602608,no official source maps a video to a person identity,NO_EVIDENCE,"protocol name = video stem (preprocessing.py L31, config_siwm.py L162-176); not a person id"
Live/Live_461.avi,Live/Live_461.avi,,Live_461,train_B_spoof;trainlist_live,1,,none,8667dbcd316b38141729c057adf7517fe0602608,no official source maps a video to a person identity,NO_EVIDENCE,"protocol name = video stem (preprocessing.py L31, config_siwm.py L162-176); not a person id"
Live/Live_462.avi,Live/Live_462.avi,,Live_462,train_B_spoof;trainlist_live,1,,none,8667dbcd316b38141729c057adf7517fe0602608,no official source maps a video to a person identity,NO_EVIDENCE,"protocol name = video stem (preprocessing.py L31, config_siwm.py L162-176); not a person id"
Live/Live_463.avi,Live/Live_463.avi,,Live_463,testlist_live;train_B_spoof,1,,none,8667dbcd316b38141729c057adf7517fe0602608,no official source maps a video to a person identity,NO_EVIDENCE,"protocol name = video stem (preprocessing.py L31, config_siwm.py L162-176); not a person id"
Live/Live_464.avi,Live/Live_464.avi,,Live_464,train_C_race;trainlist_live,1,,none,8667dbcd316b38141729c057adf7517fe0602608,no official source maps a video to a person identity,NO_EVIDENCE,"protocol name = video stem (preprocessing.py L31, config_siwm.py L162-176); not a person id"
Live/Live_465.avi,Live/Live_465.avi,,Live_465,train_C_race;trainlist_live,1,,none,8667dbcd316b38141729c057adf7517fe0602608,no official source maps a video to a person identity,NO_EVIDENCE,"protocol name = video stem (preprocessing.py L31, config_siwm.py L162-176); not a person id"
Live/Live_466.avi,Live/Live_466.avi,,Live_466,testlist_live;train_A_pretrain,1,,none,8667dbcd316b38141729c057adf7517fe0602608,no official source maps a video to a person identity,NO_EVIDENCE,"protocol name = video stem (preprocessing.py L31, config_siwm.py L162-176); not a person id"
Live/Live_467.avi,Live/Live_467.avi,,Live_467,train_B_spoof;trainlist_live,1,,none,8667dbcd316b38141729c057adf7517fe0602608,no official source maps a video to a person identity,NO_EVIDENCE,"protocol name = video stem (preprocessing.py L31, config_siwm.py L162-176); not a person id"
Live/Live_468.avi,Live/Live_468.avi,,Live_468,train_B_spoof;trainlist_live,1,,none,8667dbcd316b38141729c057adf7517fe0602608,no official source maps a video to a person identity,NO_EVIDENCE,"protocol name = video stem (preprocessing.py L31, config_siwm.py L162-176); not a person id"
Live/Live_469.avi,Live/Live_469.avi,,Live_469,testlist_live;train_A_pretrain,1,,none,8667dbcd316b38141729c057adf7517fe0602608,no official source maps a video to a person identity,NO_EVIDENCE,"protocol name = video stem (preprocessing.py L31, config_siwm.py L162-176); not a person id"
Live/Live_47.mov,Live/Live_47.mov,,Live_47,train_A_pretrain;trainlist_live,1,,none,8667dbcd316b38141729c057adf7517fe0602608,no official source maps a video to a person identity,NO_EVIDENCE,"protocol name = video stem (preprocessing.py L31, config_siwm.py L162-176); not a person id"
Live/Live_470.avi,Live/Live_470.avi,,Live_470,train_A_pretrain;trainlist_live,1,,none,8667dbcd316b38141729c057adf7517fe0602608,no official source maps a video to a person identity,NO_EVIDENCE,"protocol name = video stem (preprocessing.py L31, config_siwm.py L162-176); not a person id"
Live/Live_471.avi,Live/Live_471.avi,,Live_471,testlist_live;train_A_pretrain,1,,none,8667dbcd316b38141729c057adf7517fe0602608,no official source maps a video to a person identity,NO_EVIDENCE,"protocol name = video stem (preprocessing.py L31, config_siwm.py L162-176); not a person id"
Live/Live_472.avi,Live/Live_472.avi,,Live_472,train_B_spoof;train_C_race;train_D_age;train_E_ill;trainlist_live,1,,none,8667dbcd316b38141729c057adf7517fe0602608,no official source maps a video to a person identity,NO_EVIDENCE,"protocol name = video stem (preprocessing.py L31, config_siwm.py L162-176); not a person id"
Live/Live_473.avi,Live/Live_473.avi,,Live_473,train_A_pretrain;trainlist_live,1,,none,8667dbcd316b38141729c057adf7517fe0602608,no official source maps a video to a person identity,NO_EVIDENCE,"protocol name = video stem (preprocessing.py L31, config_siwm.py L162-176); not a person id"
Live/Live_474.avi,Live/Live_474.avi,,Live_474,testlist_live;train_A_pretrain,1,,none,8667dbcd316b38141729c057adf7517fe0602608,no official source maps a video to a person identity,NO_EVIDENCE,"protocol name = video stem (preprocessing.py L31, config_siwm.py L162-176); not a person id"
Live/Live_475.avi,Live/Live_475.avi,,Live_475,train_A_pretrain;trainlist_live,1,,none,8667dbcd316b38141729c057adf7517fe0602608,no official source maps a video to a person identity,NO_EVIDENCE,"protocol name = video stem (preprocessing.py L31, config_siwm.py L162-176); not a person id"
Live/Live_476.avi,Live/Live_476.avi,,Live_476,train_A_pretrain;trainlist_live,1,,none,8667dbcd316b38141729c057adf7517fe0602608,no official source maps a video to a person identity,NO_EVIDENCE,"protocol name = video stem (preprocessing.py L31, config_siwm.py L162-176); not a person id"
Live/Live_477.avi,Live/Live_477.avi,,Live_477,testlist_live;train_A_pretrain,1,,none,8667dbcd316b38141729c057adf7517fe0602608,no official source maps a video to a person identity,NO_EVIDENCE,"protocol name = video stem (preprocessing.py L31, config_siwm.py L162-176); not a person id"
Live/Live_478.avi,Live/Live_478.avi,,Live_478,train_A_pretrain;trainlist_live,1,,none,8667dbcd316b38141729c057adf7517fe0602608,no official source maps a video to a person identity,NO_EVIDENCE,"protocol name = video stem (preprocessing.py L31, config_siwm.py L162-176); not a person id"
Live/Live_479.avi,Live/Live_479.avi,,Live_479,train_A_pretrain;trainlist_live,1,,none,8667dbcd316b38141729c057adf7517fe0602608,no official source maps a video to a person identity,NO_EVIDENCE,"protocol name = video stem (preprocessing.py L31, config_siwm.py L162-176); not a person id"
Live/Live_48.mov,Live/Live_48.mov,,Live_48,testlist_live;train_D_age;train_E_ill,1,,none,8667dbcd316b38141729c057adf7517fe0602608,no official source maps a video to a person identity,NO_EVIDENCE,"protocol name = video stem (preprocessing.py L31, config_siwm.py L162-176); not a person id"
Live/Live_480.avi,Live/Live_480.avi,,Live_480,test_A_pretrain;trainlist_live,1,,none,8667dbcd316b38141729c057adf7517fe0602608,no official source maps a video to a person identity,NO_EVIDENCE,"protocol name = video stem (preprocessing.py L31, config_siwm.py L162-176); not a person id"
Live/Live_481.avi,Live/Live_481.avi,,Live_481,test_A_pretrain;trainlist_live,1,,none,8667dbcd316b38141729c057adf7517fe0602608,no official source maps a video to a person identity,NO_EVIDENCE,"protocol name = video stem (preprocessing.py L31, config_siwm.py L162-176); not a person id"
Live/Live_482.avi,Live/Live_482.avi,,Live_482,test_A_pretrain;testlist_live,1,,none,8667dbcd316b38141729c057adf7517fe0602608,no official source maps a video to a person identity,NO_EVIDENCE,"protocol name = video stem (preprocessing.py L31, config_siwm.py L162-176); not a person id"
Live/Live_483.avi,Live/Live_483.avi,,Live_483,train_B_spoof;train_D_age;train_E_ill;trainlist_live,1,,none,8667dbcd316b38141729c057adf7517fe0602608,no official source maps a video to a person identity,NO_EVIDENCE,"protocol name = video stem (preprocessing.py L31, config_siwm.py L162-176); not a person id"
Live/Live_484.avi,Live/Live_484.avi,,Live_484,train_B_spoof;train_D_age;train_E_ill;trainlist_live,1,,none,8667dbcd316b38141729c057adf7517fe0602608,no official source maps a video to a person identity,NO_EVIDENCE,"protocol name = video stem (preprocessing.py L31, config_siwm.py L162-176); not a person id"
Live/Live_485.avi,Live/Live_485.avi,,Live_485,testlist_live;train_B_spoof;train_D_age;train_E_ill,1,,none,8667dbcd316b38141729c057adf7517fe0602608,no official source maps a video to a person identity,NO_EVIDENCE,"protocol name = video stem (preprocessing.py L31, config_siwm.py L162-176); not a person id"
Live/Live_486.avi,Live/Live_486.avi,,Live_486,train_B_spoof;train_D_age;train_E_ill;trainlist_live,1,,none,8667dbcd316b38141729c057adf7517fe0602608,no official source maps a video to a person identity,NO_EVIDENCE,"protocol name = video stem (preprocessing.py L31, config_siwm.py L162-176); not a person id"
Live/Live_487.avi,Live/Live_487.avi,,Live_487,train_B_spoof;train_C_race;train_D_age;train_E_ill;trainlist_live,1,,none,8667dbcd316b38141729c057adf7517fe0602608,no official source maps a video to a person identity,NO_EVIDENCE,"protocol name = video stem (preprocessing.py L31, config_siwm.py L162-176); not a person id"
Live/Live_488.avi,Live/Live_488.avi,,Live_488,testlist_live;train_C_race,1,,none,8667dbcd316b38141729c057adf7517fe0602608,no official source maps a video to a person identity,NO_EVIDENCE,"protocol name = video stem (preprocessing.py L31, config_siwm.py L162-176); not a person id"
Live/Live_489.avi,Live/Live_489.avi,,Live_489,train_C_race;trainlist_live,1,,none,8667dbcd316b38141729c057adf7517fe0602608,no official source maps a video to a person identity,NO_EVIDENCE,"protocol name = video stem (preprocessing.py L31, config_siwm.py L162-176); not a person id"
Live/Live_49.mov,Live/Live_49.mov,,Live_49,train_D_age;train_E_ill;trainlist_live,1,,none,8667dbcd316b38141729c057adf7517fe0602608,no official source maps a video to a person identity,NO_EVIDENCE,"protocol name = video stem (preprocessing.py L31, config_siwm.py L162-176); not a person id"
Live/Live_490.avi,Live/Live_490.avi,,Live_490,testlist_live;train_C_race,1,,none,8667dbcd316b38141729c057adf7517fe0602608,no official source maps a video to a person identity,NO_EVIDENCE,"protocol name = video stem (preprocessing.py L31, config_siwm.py L162-176); not a person id"
Live/Live_491.avi,Live/Live_491.avi,,Live_491,train_C_race;trainlist_live,1,,none,8667dbcd316b38141729c057adf7517fe0602608,no official source maps a video to a person identity,NO_EVIDENCE,"protocol name = video stem (preprocessing.py L31, config_siwm.py L162-176); not a person id"
Live/Live_492.avi,Live/Live_492.avi,,Live_492,train_C_race;trainlist_live,1,,none,8667dbcd316b38141729c057adf7517fe0602608,no official source maps a video to a person identity,NO_EVIDENCE,"protocol name = video stem (preprocessing.py L31, config_siwm.py L162-176); not a person id"
Live/Live_493.avi,Live/Live_493.avi,,Live_493,testlist_live;train_A_pretrain,1,,none,8667dbcd316b38141729c057adf7517fe0602608,no official source maps a video to a person identity,NO_EVIDENCE,"protocol name = video stem (preprocessing.py L31, config_siwm.py L162-176); not a person id"
Live/Live_494.avi,Live/Live_494.avi,,Live_494,train_A_pretrain;trainlist_live,1,,none,8667dbcd316b38141729c057adf7517fe0602608,no official source maps a video to a person identity,NO_EVIDENCE,"protocol name = video stem (preprocessing.py L31, config_siwm.py L162-176); not a person id"
Live/Live_495.avi,Live/Live_495.avi,,Live_495,train_A_pretrain;trainlist_live,1,,none,8667dbcd316b38141729c057adf7517fe0602608,no official source maps a video to a person identity,NO_EVIDENCE,"protocol name = video stem (preprocessing.py L31, config_siwm.py L162-176); not a person id"
Live/Live_496.avi,Live/Live_496.avi,,Live_496,test_A_pretrain;testlist_live,1,,none,8667dbcd316b38141729c057adf7517fe0602608,no official source maps a video to a person identity,NO_EVIDENCE,"protocol name = video stem (preprocessing.py L31, config_siwm.py L162-176); not a person id"
Live/Live_497.avi,Live/Live_497.avi,,Live_497,train_A_pretrain;trainlist_live,1,,none,8667dbcd316b38141729c057adf7517fe0602608,no official source maps a video to a person identity,NO_EVIDENCE,"protocol name = video stem (preprocessing.py L31, config_siwm.py L162-176); not a person id"
Live/Live_498.avi,Live/Live_498.avi,,Live_498,train_A_pretrain;trainlist_live,1,,none,8667dbcd316b38141729c057adf7517fe0602608,no official source maps a video to a person identity,NO_EVIDENCE,"protocol name = video stem (preprocessing.py L31, config_siwm.py L162-176); not a person id"
Live/Live_499.avi,Live/Live_499.avi,,Live_499,testlist_live;train_A_pretrain,1,,none,8667dbcd316b38141729c057adf7517fe0602608,no official source maps a video to a person identity,NO_EVIDENCE,"protocol name = video stem (preprocessing.py L31, config_siwm.py L162-176); not a person id"
Live/Live_5.mov,Live/Live_5.mov,,Live_5,train_A_pretrain;trainlist_live,1,,none,8667dbcd316b38141729c057adf7517fe0602608,no official source maps a video to a person identity,NO_EVIDENCE,"protocol name = video stem (preprocessing.py L31, config_siwm.py L162-176); not a person id"
Live/Live_50.mov,Live/Live_50.mov,,Live_50,test_C_race;test_D_age;test_E_ill;trainlist_live,1,,none,8667dbcd316b38141729c057adf7517fe0602608,no official source maps a video to a person identity,NO_EVIDENCE,"protocol name = video stem (preprocessing.py L31, config_siwm.py L162-176); not a person id"
Live/Live_500.avi,Live/Live_500.avi,,Live_500,testlist_live;train_A_pretrain,1,,none,8667dbcd316b38141729c057adf7517fe0602608,no official source maps a video to a person identity,NO_EVIDENCE,"protocol name = video stem (preprocessing.py L31, config_siwm.py L162-176); not a person id"
Live/Live_501.avi,Live/Live_501.avi,,Live_501,test_A_pretrain;trainlist_live,1,,none,8667dbcd316b38141729c057adf7517fe0602608,no official source maps a video to a person identity,NO_EVIDENCE,"protocol name = video stem (preprocessing.py L31, config_siwm.py L162-176); not a person id"
Live/Live_502.avi,Live/Live_502.avi,,Live_502,train_A_pretrain;trainlist_live,1,,none,8667dbcd316b38141729c057adf7517fe0602608,no official source maps a video to a person identity,NO_EVIDENCE,"protocol name = video stem (preprocessing.py L31, config_siwm.py L162-176); not a person id"
Live/Live_503.avi,Live/Live_503.avi,,Live_503,testlist_live;train_C_race;train_E_ill,1,,none,8667dbcd316b38141729c057adf7517fe0602608,no official source maps a video to a person identity,NO_EVIDENCE,"protocol name = video stem (preprocessing.py L31, config_siwm.py L162-176); not a person id"
Live/Live_504.avi,Live/Live_504.avi,,Live_504,train_C_race;train_E_ill;trainlist_live,1,,none,8667dbcd316b38141729c057adf7517fe0602608,no official source maps a video to a person identity,NO_EVIDENCE,"protocol name = video stem (preprocessing.py L31, config_siwm.py L162-176); not a person id"
Live/Live_51.mov,Live/Live_51.mov,,Live_51,train_D_age;train_E_ill;trainlist_live,1,,none,8667dbcd316b38141729c057adf7517fe0602608,no official source maps a video to a person identity,NO_EVIDENCE,"protocol name = video stem (preprocessing.py L31, config_siwm.py L162-176); not a person id"
Live/Live_52.mov,Live/Live_52.mov,,Live_52,testlist_live;train_A_pretrain,1,,none,8667dbcd316b38141729c057adf7517fe0602608,no official source maps a video to a person identity,NO_EVIDENCE,"protocol name = video stem (preprocessing.py L31, config_siwm.py L162-176); not a person id"
Live/Live_53.mov,Live/Live_53.mov,,Live_53,test_A_pretrain;trainlist_live,1,,none,8667dbcd316b38141729c057adf7517fe0602608,no official source maps a video to a person identity,NO_EVIDENCE,"protocol name = video stem (preprocessing.py L31, config_siwm.py L162-176); not a person id"
Live/Live_54.mov,Live/Live_54.mov,,Live_54,train_A_pretrain;trainlist_live,1,,none,8667dbcd316b38141729c057adf7517fe0602608,no official source maps a video to a person identity,NO_EVIDENCE,"protocol name = video stem (preprocessing.py L31, config_siwm.py L162-176); not a person id"
Live/Live_55.mov,Live/Live_55.mov,,Live_55,testlist_live;train_A_pretrain,1,,none,8667dbcd316b38141729c057adf7517fe0602608,no official source maps a video to a person identity,NO_EVIDENCE,"protocol name = video stem (preprocessing.py L31, config_siwm.py L162-176); not a person id"
Live/Live_56.mov,Live/Live_56.mov,,Live_56,test_D_age;test_E_ill;trainlist_live,1,,none,8667dbcd316b38141729c057adf7517fe0602608,no official source maps a video to a person identity,NO_EVIDENCE,"protocol name = video stem (preprocessing.py L31, config_siwm.py L162-176); not a person id"
Live/Live_57.mov,Live/Live_57.mov,,Live_57,test_A_pretrain;trainlist_live,1,,none,8667dbcd316b38141729c057adf7517fe0602608,no official source maps a video to a person identity,NO_EVIDENCE,"protocol name = video stem (preprocessing.py L31, config_siwm.py L162-176); not a person id"
Live/Live_58.mov,Live/Live_58.mov,,Live_58,testlist_live;train_A_pretrain,1,,none,8667dbcd316b38141729c057adf7517fe0602608,no official source maps a video to a person identity,NO_EVIDENCE,"protocol name = video stem (preprocessing.py L31, config_siwm.py L162-176); not a person id"
Live/Live_59.mov,Live/Live_59.mov,,Live_59,test_C_race;trainlist_live,1,,none,8667dbcd316b38141729c057adf7517fe0602608,no official source maps a video to a person identity,NO_EVIDENCE,"protocol name = video stem (preprocessing.py L31, config_siwm.py L162-176); not a person id"
Live/Live_6.mov,Live/Live_6.mov,,Live_6,train_B_spoof;train_D_age;train_E_ill;trainlist_live,1,,none,8667dbcd316b38141729c057adf7517fe0602608,no official source maps a video to a person identity,NO_EVIDENCE,"protocol name = video stem (preprocessing.py L31, config_siwm.py L162-176); not a person id"
Live/Live_60.mov,Live/Live_60.mov,,Live_60,testlist_live;train_A_pretrain,1,,none,8667dbcd316b38141729c057adf7517fe0602608,no official source maps a video to a person identity,NO_EVIDENCE,"protocol name = video stem (preprocessing.py L31, config_siwm.py L162-176); not a person id"
Live/Live_61.mov,Live/Live_61.mov,,Live_61,test_C_race;trainlist_live,1,,none,8667dbcd316b38141729c057adf7517fe0602608,no official source maps a video to a person identity,NO_EVIDENCE,"protocol name = video stem (preprocessing.py L31, config_siwm.py L162-176); not a person id"
Live/Live_610.mov,Live/Live_610.mov,,Live_610,train_A_pretrain;trainlist_live,1,,none,8667dbcd316b38141729c057adf7517fe0602608,no official source maps a video to a person identity,NO_EVIDENCE,"protocol name = video stem (preprocessing.py L31, config_siwm.py L162-176); not a person id"
Live/Live_611.mov,Live/Live_611.mov,,Live_611,testlist_live;train_B_spoof,1,,none,8667dbcd316b38141729c057adf7517fe0602608,no official source maps a video to a person identity,NO_EVIDENCE,"protocol name = video stem (preprocessing.py L31, config_siwm.py L162-176); not a person id"
Live/Live_612.mov,Live/Live_612.mov,,Live_612,train_A_pretrain;trainlist_live,1,,none,8667dbcd316b38141729c057adf7517fe0602608,no official source maps a video to a person identity,NO_EVIDENCE,"protocol name = video stem (preprocessing.py L31, config_siwm.py L162-176); not a person id"
Live/Live_613.mov,Live/Live_613.mov,,Live_613,train_B_spoof;trainlist_live,1,,none,8667dbcd316b38141729c057adf7517fe0602608,no official source maps a video to a person identity,NO_EVIDENCE,"protocol name = video stem (preprocessing.py L31, config_siwm.py L162-176); not a person id"
Live/Live_614.mov,Live/Live_614.mov,,Live_614,testlist_live;train_B_spoof,1,,none,8667dbcd316b38141729c057adf7517fe0602608,no official source maps a video to a person identity,NO_EVIDENCE,"protocol name = video stem (preprocessing.py L31, config_siwm.py L162-176); not a person id"
Live/Live_615.mov,Live/Live_615.mov,,Live_615,train_B_spoof;trainlist_live,1,,none,8667dbcd316b38141729c057adf7517fe0602608,no official source maps a video to a person identity,NO_EVIDENCE,"protocol name = video stem (preprocessing.py L31, config_siwm.py L162-176); not a person id"
Live/Live_616.mov,Live/Live_616.mov,,Live_616,train_B_spoof;train_D_age;train_E_ill;trainlist_live,1,,none,8667dbcd316b38141729c057adf7517fe0602608,no official source maps a video to a person identity,NO_EVIDENCE,"protocol name = video stem (preprocessing.py L31, config_siwm.py L162-176); not a person id"
Live/Live_617.mov,Live/Live_617.mov,,Live_617,testlist_live;train_B_spoof;train_D_age;train_E_ill,1,,none,8667dbcd316b38141729c057adf7517fe0602608,no official source maps a video to a person identity,NO_EVIDENCE,"protocol name = video stem (preprocessing.py L31, config_siwm.py L162-176); not a person id"
Live/Live_618.mov,Live/Live_618.mov,,Live_618,train_B_spoof;train_D_age;train_E_ill;trainlist_live,1,,none,8667dbcd316b38141729c057adf7517fe0602608,no official source maps a video to a person identity,NO_EVIDENCE,"protocol name = video stem (preprocessing.py L31, config_siwm.py L162-176); not a person id"
Live/Live_619.mov,Live/Live_619.mov,,Live_619,train_B_spoof;train_D_age;train_E_ill;trainlist_live,1,,none,8667dbcd316b38141729c057adf7517fe0602608,no official source maps a video to a person identity,NO_EVIDENCE,"protocol name = video stem (preprocessing.py L31, config_siwm.py L162-176); not a person id"
Live/Live_62.mov,Live/Live_62.mov,,Live_62,testlist_live;train_D_age;train_E_ill,1,,none,8667dbcd316b38141729c057adf7517fe0602608,no official source maps a video to a person identity,NO_EVIDENCE,"protocol name = video stem (preprocessing.py L31, config_siwm.py L162-176); not a person id"
Live/Live_620.mov,Live/Live_620.mov,,Live_620,train_B_spoof;train_C_race;train_D_age;train_E_ill;trainlist_live,1,,none,8667dbcd316b38141729c057adf7517fe0602608,no official source maps a video to a person identity,NO_EVIDENCE,"protocol name = video stem (preprocessing.py L31, config_siwm.py L162-176); not a person id"
Live/Live_621.mov,Live/Live_621.mov,,Live_621,test_A_pretrain;trainlist_live,1,,none,8667dbcd316b38141729c057adf7517fe0602608,no official source maps a video to a person identity,NO_EVIDENCE,"protocol name = video stem (preprocessing.py L31, config_siwm.py L162-176); not a person id"
Live/Live_622.mov,Live/Live_622.mov,,Live_622,testlist_live;train_B_spoof;train_D_age;train_E_ill,1,,none,8667dbcd316b38141729c057adf7517fe0602608,no official source maps a video to a person identity,NO_EVIDENCE,"protocol name = video stem (preprocessing.py L31, config_siwm.py L162-176); not a person id"
Live/Live_623.mov,Live/Live_623.mov,,Live_623,train_B_spoof;trainlist_live,1,,none,8667dbcd316b38141729c057adf7517fe0602608,no official source maps a video to a person identity,NO_EVIDENCE,"protocol name = video stem (preprocessing.py L31, config_siwm.py L162-176); not a person id"
Live/Live_624.mov,Live/Live_624.mov,,Live_624,test_A_pretrain;trainlist_live,1,,none,8667dbcd316b38141729c057adf7517fe0602608,no official source maps a video to a person identity,NO_EVIDENCE,"protocol name = video stem (preprocessing.py L31, config_siwm.py L162-176); not a person id"
Live/Live_625.mov,Live/Live_625.mov,,Live_625,testlist_live;train_A_pretrain,1,,none,8667dbcd316b38141729c057adf7517fe0602608,no official source maps a video to a person identity,NO_EVIDENCE,"protocol name = video stem (preprocessing.py L31, config_siwm.py L162-176); not a person id"
Live/Live_626.mov,Live/Live_626.mov,,Live_626,train_B_spoof;trainlist_live,1,,none,8667dbcd316b38141729c057adf7517fe0602608,no official source maps a video to a person identity,NO_EVIDENCE,"protocol name = video stem (preprocessing.py L31, config_siwm.py L162-176); not a person id"
Live/Live_627.mov,Live/Live_627.mov,,Live_627,train_A_pretrain;trainlist_live,1,,none,8667dbcd316b38141729c057adf7517fe0602608,no official source maps a video to a person identity,NO_EVIDENCE,"protocol name = video stem (preprocessing.py L31, config_siwm.py L162-176); not a person id"
Live/Live_628.mov,Live/Live_628.mov,,Live_628,test_B_spoof;testlist_live,1,,none,8667dbcd316b38141729c057adf7517fe0602608,no official source maps a video to a person identity,NO_EVIDENCE,"protocol name = video stem (preprocessing.py L31, config_siwm.py L162-176); not a person id"
Live/Live_629.mov,Live/Live_629.mov,,Live_629,train_A_pretrain;trainlist_live,1,,none,8667dbcd316b38141729c057adf7517fe0602608,no official source maps a video to a person identity,NO_EVIDENCE,"protocol name = video stem (preprocessing.py L31, config_siwm.py L162-176); not a person id"
Live/Live_63.mov,Live/Live_63.mov,,Live_63,train_D_age;train_E_ill;trainlist_live,1,,none,8667dbcd316b38141729c057adf7517fe0602608,no official source maps a video to a person identity,NO_EVIDENCE,"protocol name = video stem (preprocessing.py L31, config_siwm.py L162-176); not a person id"
Live/Live_630.mov,Live/Live_630.mov,,Live_630,testlist_live;train_A_pretrain,1,,none,8667dbcd316b38141729c057adf7517fe0602608,no official source maps a video to a person identity,NO_EVIDENCE,"protocol name = video stem (preprocessing.py L31, config_siwm.py L162-176); not a person id"
Live/Live_631.mov,Live/Live_631.mov,,Live_631,train_A_pretrain;trainlist_live,1,,none,8667dbcd316b38141729c057adf7517fe0602608,no official source maps a video to a person identity,NO_EVIDENCE,"protocol name = video stem (preprocessing.py L31, config_siwm.py L162-176); not a person id"
Live/Live_632.mov,Live/Live_632.mov,,Live_632,train_A_pretrain;trainlist_live,1,,none,8667dbcd316b38141729c057adf7517fe0602608,no official source maps a video to a person identity,NO_EVIDENCE,"protocol name = video stem (preprocessing.py L31, config_siwm.py L162-176); not a person id"
Live/Live_633.mov,Live/Live_633.mov,,Live_633,testlist_live;train_B_spoof,1,,none,8667dbcd316b38141729c057adf7517fe0602608,no official source maps a video to a person identity,NO_EVIDENCE,"protocol name = video stem (preprocessing.py L31, config_siwm.py L162-176); not a person id"
Live/Live_634.mov,Live/Live_634.mov,,Live_634,train_A_pretrain;trainlist_live,1,,none,8667dbcd316b38141729c057adf7517fe0602608,no official source maps a video to a person identity,NO_EVIDENCE,"protocol name = video stem (preprocessing.py L31, config_siwm.py L162-176); not a person id"
Live/Live_635.mov,Live/Live_635.mov,,Live_635,train_A_pretrain;trainlist_live,1,,none,8667dbcd316b38141729c057adf7517fe0602608,no official source maps a video to a person identity,NO_EVIDENCE,"protocol name = video stem (preprocessing.py L31, config_siwm.py L162-176); not a person id"
Live/Live_636.mov,Live/Live_636.mov,,Live_636,testlist_live;train_A_pretrain,1,,none,8667dbcd316b38141729c057adf7517fe0602608,no official source maps a video to a person identity,NO_EVIDENCE,"protocol name = video stem (preprocessing.py L31, config_siwm.py L162-176); not a person id"
Live/Live_637.mov,Live/Live_637.mov,,Live_637,train_B_spoof;trainlist_live,1,,none,8667dbcd316b38141729c057adf7517fe0602608,no official source maps a video to a person identity,NO_EVIDENCE,"protocol name = video stem (preprocessing.py L31, config_siwm.py L162-176); not a person id"
Live/Live_638.mov,Live/Live_638.mov,,Live_638,train_B_spoof;trainlist_live,1,,none,8667dbcd316b38141729c057adf7517fe0602608,no official source maps a video to a person identity,NO_EVIDENCE,"protocol name = video stem (preprocessing.py L31, config_siwm.py L162-176); not a person id"
Live/Live_639.mov,Live/Live_639.mov,,Live_639,testlist_live;train_A_pretrain,1,,none,8667dbcd316b38141729c057adf7517fe0602608,no official source maps a video to a person identity,NO_EVIDENCE,"protocol name = video stem (preprocessing.py L31, config_siwm.py L162-176); not a person id"
Live/Live_64.mov,Live/Live_64.mov,,Live_64,test_C_race;trainlist_live,1,,none,8667dbcd316b38141729c057adf7517fe0602608,no official source maps a video to a person identity,NO_EVIDENCE,"protocol name = video stem (preprocessing.py L31, config_siwm.py L162-176); not a person id"
Live/Live_640.mov,Live/Live_640.mov,,Live_640,test_A_pretrain;trainlist_live,1,,none,8667dbcd316b38141729c057adf7517fe0602608,no official source maps a video to a person identity,NO_EVIDENCE,"protocol name = video stem (preprocessing.py L31, config_siwm.py L162-176); not a person id"
Live/Live_641.mov,Live/Live_641.mov,,Live_641,testlist_live;train_A_pretrain,1,,none,8667dbcd316b38141729c057adf7517fe0602608,no official source maps a video to a person identity,NO_EVIDENCE,"protocol name = video stem (preprocessing.py L31, config_siwm.py L162-176); not a person id"
Live/Live_642.mov,Live/Live_642.mov,,Live_642,train_A_pretrain;trainlist_live,1,,none,8667dbcd316b38141729c057adf7517fe0602608,no official source maps a video to a person identity,NO_EVIDENCE,"protocol name = video stem (preprocessing.py L31, config_siwm.py L162-176); not a person id"
Live/Live_643.mov,Live/Live_643.mov,,Live_643,train_A_pretrain;trainlist_live,1,,none,8667dbcd316b38141729c057adf7517fe0602608,no official source maps a video to a person identity,NO_EVIDENCE,"protocol name = video stem (preprocessing.py L31, config_siwm.py L162-176); not a person id"
Live/Live_644.mov,Live/Live_644.mov,,Live_644,testlist_live;train_A_pretrain,1,,none,8667dbcd316b38141729c057adf7517fe0602608,no official source maps a video to a person identity,NO_EVIDENCE,"protocol name = video stem (preprocessing.py L31, config_siwm.py L162-176); not a person id"
Live/Live_645.mov,Live/Live_645.mov,,Live_645,test_A_pretrain;trainlist_live,1,,none,8667dbcd316b38141729c057adf7517fe0602608,no official source maps a video to a person identity,NO_EVIDENCE,"protocol name = video stem (preprocessing.py L31, config_siwm.py L162-176); not a person id"
Live/Live_646.mov,Live/Live_646.mov,,Live_646,train_A_pretrain;trainlist_live,1,,none,8667dbcd316b38141729c057adf7517fe0602608,no official source maps a video to a person identity,NO_EVIDENCE,"protocol name = video stem (preprocessing.py L31, config_siwm.py L162-176); not a person id"
Live/Live_647.mov,Live/Live_647.mov,,Live_647,testlist_live;train_B_spoof,1,,none,8667dbcd316b38141729c057adf7517fe0602608,no official source maps a video to a person identity,NO_EVIDENCE,"protocol name = video stem (preprocessing.py L31, config_siwm.py L162-176); not a person id"
Live/Live_648.mov,Live/Live_648.mov,,Live_648,train_B_spoof;trainlist_live,1,,none,8667dbcd316b38141729c057adf7517fe0602608,no official source maps a video to a person identity,NO_EVIDENCE,"protocol name = video stem (preprocessing.py L31, config_siwm.py L162-176); not a person id"
Live/Live_649.mov,Live/Live_649.mov,,Live_649,train_A_pretrain;trainlist_live,1,,none,8667dbcd316b38141729c057adf7517fe0602608,no official source maps a video to a person identity,NO_EVIDENCE,"protocol name = video stem (preprocessing.py L31, config_siwm.py L162-176); not a person id"
Live/Live_65.mov,Live/Live_65.mov,,Live_65,test_C_race;testlist_live,1,,none,8667dbcd316b38141729c057adf7517fe0602608,no official source maps a video to a person identity,NO_EVIDENCE,"protocol name = video stem (preprocessing.py L31, config_siwm.py L162-176); not a person id"
Live/Live_650.mov,Live/Live_650.mov,,Live_650,train_A_pretrain;trainlist_live,1,,none,8667dbcd316b38141729c057adf7517fe0602608,no official source maps a video to a person identity,NO_EVIDENCE,"protocol name = video stem (preprocessing.py L31, config_siwm.py L162-176); not a person id"
Live/Live_651.mov,Live/Live_651.mov,,Live_651,test_A_pretrain;train_A_pretrain;trainlist_live,1,,none,8667dbcd316b38141729c057adf7517fe0602608,no official source maps a video to a person identity,NO_EVIDENCE,"protocol name = video stem (preprocessing.py L31, config_siwm.py L162-176); not a person id"
Live/Live_652.mov,Live/Live_652.mov,,Live_652,test_A_pretrain;testlist_live;train_A_pretrain,1,,none,8667dbcd316b38141729c057adf7517fe0602608,no official source maps a video to a person identity,NO_EVIDENCE,"protocol name = video stem (preprocessing.py L31, config_siwm.py L162-176); not a person id"
Live/Live_653.mov,Live/Live_653.mov,,Live_653,train_A_pretrain;trainlist_live,1,,none,8667dbcd316b38141729c057adf7517fe0602608,no official source maps a video to a person identity,NO_EVIDENCE,"protocol name = video stem (preprocessing.py L31, config_siwm.py L162-176); not a person id"
Live/Live_654.mov,Live/Live_654.mov,,Live_654,train_B_spoof;trainlist_live,1,,none,8667dbcd316b38141729c057adf7517fe0602608,no official source maps a video to a person identity,NO_EVIDENCE,"protocol name = video stem (preprocessing.py L31, config_siwm.py L162-176); not a person id"
Live/Live_655.mov,Live/Live_655.mov,,Live_655,testlist_live;train_B_spoof,1,,none,8667dbcd316b38141729c057adf7517fe0602608,no official source maps a video to a person identity,NO_EVIDENCE,"protocol name = video stem (preprocessing.py L31, config_siwm.py L162-176); not a person id"
Live/Live_656.mov,Live/Live_656.mov,,Live_656,train_B_spoof;trainlist_live,1,,none,8667dbcd316b38141729c057adf7517fe0602608,no official source maps a video to a person identity,NO_EVIDENCE,"protocol name = video stem (preprocessing.py L31, config_siwm.py L162-176); not a person id"
Live/Live_657.mov,Live/Live_657.mov,,Live_657,train_A_pretrain;trainlist_live,1,,none,8667dbcd316b38141729c057adf7517fe0602608,no official source maps a video to a person identity,NO_EVIDENCE,"protocol name = video stem (preprocessing.py L31, config_siwm.py L162-176); not a person id"
Live/Live_658.mov,Live/Live_658.mov,,Live_658,test_D_age;testlist_live,1,,none,8667dbcd316b38141729c057adf7517fe0602608,no official source maps a video to a person identity,NO_EVIDENCE,"protocol name = video stem (preprocessing.py L31, config_siwm.py L162-176); not a person id"
Live/Live_659.mov,Live/Live_659.mov,,Live_659,train_B_spoof;trainlist_live,1,,none,8667dbcd316b38141729c057adf7517fe0602608,no official source maps a video to a person identity,NO_EVIDENCE,"protocol name = video stem (preprocessing.py L31, config_siwm.py L162-176); not a person id"
Live/Live_66.mov,Live/Live_66.mov,,Live_66,test_C_race;trainlist_live,1,,none,8667dbcd316b38141729c057adf7517fe0602608,no official source maps a video to a person identity,NO_EVIDENCE,"protocol name = video stem (preprocessing.py L31, config_siwm.py L162-176); not a person id"
Live/Live_660.mov,Live/Live_660.mov,,Live_660,test_D_age;testlist_live,1,,none,8667dbcd316b38141729c057adf7517fe0602608,no official source maps a video to a person identity,NO_EVIDENCE,"protocol name = video stem (preprocessing.py L31, config_siwm.py L162-176); not a person id"
Live/Live_661.mp4,Live/Live_661.mp4,,Live_661,test_D_age;test_E_ill;trainlist_live,1,,none,8667dbcd316b38141729c057adf7517fe0602608,no official source maps a video to a person identity,NO_EVIDENCE,"protocol name = video stem (preprocessing.py L31, config_siwm.py L162-176); not a person id"
Live/Live_662.mp4,Live/Live_662.mp4,,Live_662,test_A_pretrain;trainlist_live,1,,none,8667dbcd316b38141729c057adf7517fe0602608,no official source maps a video to a person identity,NO_EVIDENCE,"protocol name = video stem (preprocessing.py L31, config_siwm.py L162-176); not a person id"
Live/Live_663.mp4,Live/Live_663.mp4,,Live_663,testlist_live;train_B_spoof;train_D_age;train_E_ill,1,,none,8667dbcd316b38141729c057adf7517fe0602608,no official source maps a video to a person identity,NO_EVIDENCE,"protocol name = video stem (preprocessing.py L31, config_siwm.py L162-176); not a person id"
Live/Live_664.mp4,Live/Live_664.mp4,,Live_664,test_D_age;train_E_ill;trainlist_live,1,,none,8667dbcd316b38141729c057adf7517fe0602608,no official source maps a video to a person identity,NO_EVIDENCE,"protocol name = video stem (preprocessing.py L31, config_siwm.py L162-176); not a person id"
Live/Live_665.mp4,Live/Live_665.mp4,,Live_665,train_A_pretrain;trainlist_live,1,,none,8667dbcd316b38141729c057adf7517fe0602608,no official source maps a video to a person identity,NO_EVIDENCE,"protocol name = video stem (preprocessing.py L31, config_siwm.py L162-176); not a person id"
Live/Live_666.mp4,Live/Live_666.mp4,,Live_666,testlist_live;train_A_pretrain,1,,none,8667dbcd316b38141729c057adf7517fe0602608,no official source maps a video to a person identity,NO_EVIDENCE,"protocol name = video stem (preprocessing.py L31, config_siwm.py L162-176); not a person id"
Live/Live_667.mp4,Live/Live_667.mp4,,Live_667,test_D_age;train_E_ill;trainlist_live,1,,none,8667dbcd316b38141729c057adf7517fe0602608,no official source maps a video to a person identity,NO_EVIDENCE,"protocol name = video stem (preprocessing.py L31, config_siwm.py L162-176); not a person id"
Live/Live_668.mp4,Live/Live_668.mp4,,Live_668,test_D_age;trainlist_live,1,,none,8667dbcd316b38141729c057adf7517fe0602608,no official source maps a video to a person identity,NO_EVIDENCE,"protocol name = video stem (preprocessing.py L31, config_siwm.py L162-176); not a person id"
Live/Live_669.mp4,Live/Live_669.mp4,,Live_669,testlist_live;train_A_pretrain,1,,none,8667dbcd316b38141729c057adf7517fe0602608,no official source maps a video to a person identity,NO_EVIDENCE,"protocol name = video stem (preprocessing.py L31, config_siwm.py L162-176); not a person id"
Live/Live_67.mov,Live/Live_67.mov,,Live_67,train_C_race;train_D_age;train_E_ill;trainlist_live,1,,none,8667dbcd316b38141729c057adf7517fe0602608,no official source maps a video to a person identity,NO_EVIDENCE,"protocol name = video stem (preprocessing.py L31, config_siwm.py L162-176); not a person id"
Live/Live_670.mp4,Live/Live_670.mp4,,Live_670,test_C_race;trainlist_live,1,,none,8667dbcd316b38141729c057adf7517fe0602608,no official source maps a video to a person identity,NO_EVIDENCE,"protocol name = video stem (preprocessing.py L31, config_siwm.py L162-176); not a person id"
Live/Live_671.mp4,Live/Live_671.mp4,,Live_671,testlist_live;train_A_pretrain,1,,none,8667dbcd316b38141729c057adf7517fe0602608,no official source maps a video to a person identity,NO_EVIDENCE,"protocol name = video stem (preprocessing.py L31, config_siwm.py L162-176); not a person id"
Live/Live_672.mp4,Live/Live_672.mp4,,Live_672,test_D_age;train_E_ill;trainlist_live,1,,none,8667dbcd316b38141729c057adf7517fe0602608,no official source maps a video to a person identity,NO_EVIDENCE,"protocol name = video stem (preprocessing.py L31, config_siwm.py L162-176); not a person id"
Live/Live_673.mp4,Live/Live_673.mp4,,Live_673,train_D_age;train_E_ill;trainlist_live,1,,none,8667dbcd316b38141729c057adf7517fe0602608,no official source maps a video to a person identity,NO_EVIDENCE,"protocol name = video stem (preprocessing.py L31, config_siwm.py L162-176); not a person id"
Live/Live_674.mp4,Live/Live_674.mp4,,Live_674,test_C_race;testlist_live,1,,none,8667dbcd316b38141729c057adf7517fe0602608,no official source maps a video to a person identity,NO_EVIDENCE,"protocol name = video stem (preprocessing.py L31, config_siwm.py L162-176); not a person id"
Live/Live_675.mp4,Live/Live_675.mp4,,Live_675,test_A_pretrain;trainlist_live,1,,none,8667dbcd316b38141729c057adf7517fe0602608,no official source maps a video to a person identity,NO_EVIDENCE,"protocol name = video stem (preprocessing.py L31, config_siwm.py L162-176); not a person id"
Live/Live_676.mp4,Live/Live_676.mp4,,Live_676,train_A_pretrain;trainlist_live,1,,none,8667dbcd316b38141729c057adf7517fe0602608,no official source maps a video to a person identity,NO_EVIDENCE,"protocol name = video stem (preprocessing.py L31, config_siwm.py L162-176); not a person id"
Live/Live_677.mp4,Live/Live_677.mp4,,Live_677,testlist_live;train_D_age;train_E_ill,1,,none,8667dbcd316b38141729c057adf7517fe0602608,no official source maps a video to a person identity,NO_EVIDENCE,"protocol name = video stem (preprocessing.py L31, config_siwm.py L162-176); not a person id"
Live/Live_678.mp4,Live/Live_678.mp4,,Live_678,test_C_race;trainlist_live,1,,none,8667dbcd316b38141729c057adf7517fe0602608,no official source maps a video to a person identity,NO_EVIDENCE,"protocol name = video stem (preprocessing.py L31, config_siwm.py L162-176); not a person id"
Live/Live_679.mp4,Live/Live_679.mp4,,Live_679,train_D_age;train_E_ill;trainlist_live,1,,none,8667dbcd316b38141729c057adf7517fe0602608,no official source maps a video to a person identity,NO_EVIDENCE,"protocol name = video stem (preprocessing.py L31, config_siwm.py L162-176); not a person id"
Live/Live_68.mov,Live/Live_68.mov,,Live_68,test_C_race;testlist_live,1,,none,8667dbcd316b38141729c057adf7517fe0602608,no official source maps a video to a person identity,NO_EVIDENCE,"protocol name = video stem (preprocessing.py L31, config_siwm.py L162-176); not a person id"
Live/Live_680.mp4,Live/Live_680.mp4,,Live_680,train_A_pretrain;trainlist_live,1,,none,8667dbcd316b38141729c057adf7517fe0602608,no official source maps a video to a person identity,NO_EVIDENCE,"protocol name = video stem (preprocessing.py L31, config_siwm.py L162-176); not a person id"
Live/Live_681.mp4,Live/Live_681.mp4,,Live_681,test_A_pretrain;trainlist_live,1,,none,8667dbcd316b38141729c057adf7517fe0602608,no official source maps a video to a person identity,NO_EVIDENCE,"protocol name = video stem (preprocessing.py L31, config_siwm.py L162-176); not a person id"
Live/Live_682.mp4,Live/Live_682.mp4,,Live_682,testlist_live;train_A_pretrain,1,,none,8667dbcd316b38141729c057adf7517fe0602608,no official source maps a video to a person identity,NO_EVIDENCE,"protocol name = video stem (preprocessing.py L31, config_siwm.py L162-176); not a person id"
Live/Live_683.mp4,Live/Live_683.mp4,,Live_683,test_D_age;train_E_ill;trainlist_live,1,,none,8667dbcd316b38141729c057adf7517fe0602608,no official source maps a video to a person identity,NO_EVIDENCE,"protocol name = video stem (preprocessing.py L31, config_siwm.py L162-176); not a person id"
Live/Live_684.mp4,Live/Live_684.mp4,,Live_684,train_A_pretrain;trainlist_live,1,,none,8667dbcd316b38141729c057adf7517fe0602608,no official source maps a video to a person identity,NO_EVIDENCE,"protocol name = video stem (preprocessing.py L31, config_siwm.py L162-176); not a person id"
Live/Live_685.mp4,Live/Live_685.mp4,,Live_685,test_D_age;testlist_live;train_E_ill,1,,none,8667dbcd316b38141729c057adf7517fe0602608,no official source maps a video to a person identity,NO_EVIDENCE,"protocol name = video stem (preprocessing.py L31, config_siwm.py L162-176); not a person id"
Live/Live_686.mp4,Live/Live_686.mp4,,Live_686,train_D_age;train_E_ill;trainlist_live,1,,none,8667dbcd316b38141729c057adf7517fe0602608,no official source maps a video to a person identity,NO_EVIDENCE,"protocol name = video stem (preprocessing.py L31, config_siwm.py L162-176); not a person id"
Live/Live_687.mp4,Live/Live_687.mp4,,Live_687,train_A_pretrain;trainlist_live,1,,none,8667dbcd316b38141729c057adf7517fe0602608,no official source maps a video to a person identity,NO_EVIDENCE,"protocol name = video stem (preprocessing.py L31, config_siwm.py L162-176); not a person id"
Live/Live_688.mp4,Live/Live_688.mp4,,Live_688,testlist_live;train_D_age;train_E_ill,1,,none,8667dbcd316b38141729c057adf7517fe0602608,no official source maps a video to a person identity,NO_EVIDENCE,"protocol name = video stem (preprocessing.py L31, config_siwm.py L162-176); not a person id"
Live/Live_689.mp4,Live/Live_689.mp4,,Live_689,test_C_race;trainlist_live,1,,none,8667dbcd316b38141729c057adf7517fe0602608,no official source maps a video to a person identity,NO_EVIDENCE,"protocol name = video stem (preprocessing.py L31, config_siwm.py L162-176); not a person id"
Live/Live_69.mov,Live/Live_69.mov,,Live_69,test_C_race;trainlist_live,1,,none,8667dbcd316b38141729c057adf7517fe0602608,no official source maps a video to a person identity,NO_EVIDENCE,"protocol name = video stem (preprocessing.py L31, config_siwm.py L162-176); not a person id"
Live/Live_690.mp4,Live/Live_690.mp4,,Live_690,test_C_race;testlist_live,1,,none,8667dbcd316b38141729c057adf7517fe0602608,no official source maps a video to a person identity,NO_EVIDENCE,"protocol name = video stem (preprocessing.py L31, config_siwm.py L162-176); not a person id"
Live/Live_691.mp4,Live/Live_691.mp4,,Live_691,train_A_pretrain;trainlist_live,1,,none,8667dbcd316b38141729c057adf7517fe0602608,no official source maps a video to a person identity,NO_EVIDENCE,"protocol name = video stem (preprocessing.py L31, config_siwm.py L162-176); not a person id"
Live/Live_692.mp4,Live/Live_692.mp4,,Live_692,train_A_pretrain;trainlist_live,1,,none,8667dbcd316b38141729c057adf7517fe0602608,no official source maps a video to a person identity,NO_EVIDENCE,"protocol name = video stem (preprocessing.py L31, config_siwm.py L162-176); not a person id"
Live/Live_693.mp4,Live/Live_693.mp4,,Live_693,testlist_live;train_C_race;train_D_age;train_E_ill,1,,none,8667dbcd316b38141729c057adf7517fe0602608,no official source maps a video to a person identity,NO_EVIDENCE,"protocol name = video stem (preprocessing.py L31, config_siwm.py L162-176); not a person id"
Live/Live_694.mp4,Live/Live_694.mp4,,Live_694,train_A_pretrain;trainlist_live,1,,none,8667dbcd316b38141729c057adf7517fe0602608,no official source maps a video to a person identity,NO_EVIDENCE,"protocol name = video stem (preprocessing.py L31, config_siwm.py L162-176); not a person id"
Live/Live_695.mp4,Live/Live_695.mp4,,Live_695,test_A_pretrain;trainlist_live,1,,none,8667dbcd316b38141729c057adf7517fe0602608,no official source maps a video to a person identity,NO_EVIDENCE,"protocol name = video stem (preprocessing.py L31, config_siwm.py L162-176); not a person id"
Live/Live_696.mp4,Live/Live_696.mp4,,Live_696,test_C_race;testlist_live,1,,none,8667dbcd316b38141729c057adf7517fe0602608,no official source maps a video to a person identity,NO_EVIDENCE,"protocol name = video stem (preprocessing.py L31, config_siwm.py L162-176); not a person id"
Live/Live_697.mp4,Live/Live_697.mp4,,Live_697,train_B_spoof;trainlist_live,1,,none,8667dbcd316b38141729c057adf7517fe0602608,no official source maps a video to a person identity,NO_EVIDENCE,"protocol name = video stem (preprocessing.py L31, config_siwm.py L162-176); not a person id"
Live/Live_698.mp4,Live/Live_698.mp4,,Live_698,test_D_age;test_E_ill;trainlist_live,1,,none,8667dbcd316b38141729c057adf7517fe0602608,no official source maps a video to a person identity,NO_EVIDENCE,"protocol name = video stem (preprocessing.py L31, config_siwm.py L162-176); not a person id"
Live/Live_699.mp4,Live/Live_699.mp4,,Live_699,testlist_live;train_A_pretrain,1,,none,8667dbcd316b38141729c057adf7517fe0602608,no official source maps a video to a person identity,NO_EVIDENCE,"protocol name = video stem (preprocessing.py L31, config_siwm.py L162-176); not a person id"
Live/Live_7.mov,Live/Live_7.mov,,Live_7,test_B_spoof;test_D_age;test_E_ill;trainlist_live,1,,none,8667dbcd316b38141729c057adf7517fe0602608,no official source maps a video to a person identity,NO_EVIDENCE,"protocol name = video stem (preprocessing.py L31, config_siwm.py L162-176); not a person id"
Live/Live_70.mov,Live/Live_70.mov,,Live_70,test_D_age;train_E_ill;trainlist_live,1,,none,8667dbcd316b38141729c057adf7517fe0602608,no official source maps a video to a person identity,NO_EVIDENCE,"protocol name = video stem (preprocessing.py L31, config_siwm.py L162-176); not a person id"
Live/Live_700.mp4,Live/Live_700.mp4,,Live_700,test_D_age;testlist_live;train_E_ill,1,,none,8667dbcd316b38141729c057adf7517fe0602608,no official source maps a video to a person identity,NO_EVIDENCE,"protocol name = video stem (preprocessing.py L31, config_siwm.py L162-176); not a person id"
Live/Live_701.mp4,Live/Live_701.mp4,,Live_701,train_D_age;train_E_ill;trainlist_live,1,,none,8667dbcd316b38141729c057adf7517fe0602608,no official source maps a video to a person identity,NO_EVIDENCE,"protocol name = video stem (preprocessing.py L31, config_siwm.py L162-176); not a person id"
Live/Live_702.mp4,Live/Live_702.mp4,,Live_702,test_D_age;test_E_ill;trainlist_live,1,,none,8667dbcd316b38141729c057adf7517fe0602608,no official source maps a video to a person identity,NO_EVIDENCE,"protocol name = video stem (preprocessing.py L31, config_siwm.py L162-176); not a person id"
Live/Live_703.mp4,Live/Live_703.mp4,,Live_703,testlist_live;train_A_pretrain,1,,none,8667dbcd316b38141729c057adf7517fe0602608,no official source maps a video to a person identity,NO_EVIDENCE,"protocol name = video stem (preprocessing.py L31, config_siwm.py L162-176); not a person id"
Live/Live_704.mp4,Live/Live_704.mp4,,Live_704,train_A_pretrain;trainlist_live,1,,none,8667dbcd316b38141729c057adf7517fe0602608,no official source maps a video to a person identity,NO_EVIDENCE,"protocol name = video stem (preprocessing.py L31, config_siwm.py L162-176); not a person id"
Live/Live_705.mp4,Live/Live_705.mp4,,Live_705,test_D_age;train_E_ill;trainlist_live,1,,none,8667dbcd316b38141729c057adf7517fe0602608,no official source maps a video to a person identity,NO_EVIDENCE,"protocol name = video stem (preprocessing.py L31, config_siwm.py L162-176); not a person id"
Live/Live_706.mp4,Live/Live_706.mp4,,Live_706,test_D_age;testlist_live;train_E_ill,1,,none,8667dbcd316b38141729c057adf7517fe0602608,no official source maps a video to a person identity,NO_EVIDENCE,"protocol name = video stem (preprocessing.py L31, config_siwm.py L162-176); not a person id"
Live/Live_707.mp4,Live/Live_707.mp4,,Live_707,train_A_pretrain;trainlist_live,1,,none,8667dbcd316b38141729c057adf7517fe0602608,no official source maps a video to a person identity,NO_EVIDENCE,"protocol name = video stem (preprocessing.py L31, config_siwm.py L162-176); not a person id"
Live/Live_708.mp4,Live/Live_708.mp4,,Live_708,train_A_pretrain;trainlist_live,1,,none,8667dbcd316b38141729c057adf7517fe0602608,no official source maps a video to a person identity,NO_EVIDENCE,"protocol name = video stem (preprocessing.py L31, config_siwm.py L162-176); not a person id"
Live/Live_709.mp4,Live/Live_709.mp4,,Live_709,testlist_live;train_B_spoof;train_D_age;train_E_ill,1,,none,8667dbcd316b38141729c057adf7517fe0602608,no official source maps a video to a person identity,NO_EVIDENCE,"protocol name = video stem (preprocessing.py L31, config_siwm.py L162-176); not a person id"
Live/Live_71.mov,Live/Live_71.mov,,Live_71,train_C_race;train_D_age;train_E_ill;trainlist_live,1,,none,8667dbcd316b38141729c057adf7517fe0602608,no official source maps a video to a person identity,NO_EVIDENCE,"protocol name = video stem (preprocessing.py L31, config_siwm.py L162-176); not a person id"
Live/Live_710.mp4,Live/Live_710.mp4,,Live_710,test_D_age;trainlist_live,1,,none,8667dbcd316b38141729c057adf7517fe0602608,no official source maps a video to a person identity,NO_EVIDENCE,"protocol name = video stem (preprocessing.py L31, config_siwm.py L162-176); not a person id"
Live/Live_711.mp4,Live/Live_711.mp4,,Live_711,testlist_live;train_B_spoof;train_D_age;train_E_ill,1,,none,8667dbcd316b38141729c057adf7517fe0602608,no official source maps a video to a person identity,NO_EVIDENCE,"protocol name = video stem (preprocessing.py L31, config_siwm.py L162-176); not a person id"
Live/Live_712.mp4,Live/Live_712.mp4,,Live_712,train_A_pretrain;trainlist_live,1,,none,8667dbcd316b38141729c057adf7517fe0602608,no official source maps a video to a person identity,NO_EVIDENCE,"protocol name = video stem (preprocessing.py L31, config_siwm.py L162-176); not a person id"
Live/Live_713.mp4,Live/Live_713.mp4,,Live_713,train_D_age;train_E_ill;trainlist_live,1,,none,8667dbcd316b38141729c057adf7517fe0602608,no official source maps a video to a person identity,NO_EVIDENCE,"protocol name = video stem (preprocessing.py L31, config_siwm.py L162-176); not a person id"
Live/Live_714.mp4,Live/Live_714.mp4,,Live_714,testlist_live;train_C_race;train_D_age;train_E_ill,1,,none,8667dbcd316b38141729c057adf7517fe0602608,no official source maps a video to a person identity,NO_EVIDENCE,"protocol name = video stem (preprocessing.py L31, config_siwm.py L162-176); not a person id"
Live/Live_715.mp4,Live/Live_715.mp4,,Live_715,train_A_pretrain;trainlist_live,1,,none,8667dbcd316b38141729c057adf7517fe0602608,no official source maps a video to a person identity,NO_EVIDENCE,"protocol name = video stem (preprocessing.py L31, config_siwm.py L162-176); not a person id"
Live/Live_716.mp4,Live/Live_716.mp4,,Live_716,test_C_race;trainlist_live,1,,none,8667dbcd316b38141729c057adf7517fe0602608,no official source maps a video to a person identity,NO_EVIDENCE,"protocol name = video stem (preprocessing.py L31, config_siwm.py L162-176); not a person id"
Live/Live_717.mp4,Live/Live_717.mp4,,Live_717,test_D_age;testlist_live,1,,none,8667dbcd316b38141729c057adf7517fe0602608,no official source maps a video to a person identity,NO_EVIDENCE,"protocol name = video stem (preprocessing.py L31, config_siwm.py L162-176); not a person id"
Live/Live_718.mp4,Live/Live_718.mp4,,Live_718,train_D_age;train_E_ill;trainlist_live,1,,none,8667dbcd316b38141729c057adf7517fe0602608,no official source maps a video to a person identity,NO_EVIDENCE,"protocol name = video stem (preprocessing.py L31, config_siwm.py L162-176); not a person id"
Live/Live_719.mp4,Live/Live_719.mp4,,Live_719,train_D_age;train_E_ill;trainlist_live,1,,none,8667dbcd316b38141729c057adf7517fe0602608,no official source maps a video to a person identity,NO_EVIDENCE,"protocol name = video stem (preprocessing.py L31, config_siwm.py L162-176); not a person id"
Live/Live_72.mov,Live/Live_72.mov,,Live_72,testlist_live;train_D_age;train_E_ill,1,,none,8667dbcd316b38141729c057adf7517fe0602608,no official source maps a video to a person identity,NO_EVIDENCE,"protocol name = video stem (preprocessing.py L31, config_siwm.py L162-176); not a person id"
Live/Live_720.mp4,Live/Live_720.mp4,,Live_720,train_D_age;train_E_ill;trainlist_live,1,,none,8667dbcd316b38141729c057adf7517fe0602608,no official source maps a video to a person identity,NO_EVIDENCE,"protocol name = video stem (preprocessing.py L31, config_siwm.py L162-176); not a person id"
Live/Live_721.mp4,Live/Live_721.mp4,,Live_721,train_A_pretrain;trainlist_live,1,,none,8667dbcd316b38141729c057adf7517fe0602608,no official source maps a video to a person identity,NO_EVIDENCE,"protocol name = video stem (preprocessing.py L31, config_siwm.py L162-176); not a person id"
Live/Live_722.mp4,Live/Live_722.mp4,,Live_722,testlist_live;train_A_pretrain,1,,none,8667dbcd316b38141729c057adf7517fe0602608,no official source maps a video to a person identity,NO_EVIDENCE,"protocol name = video stem (preprocessing.py L31, config_siwm.py L162-176); not a person id"
Live/Live_723.mp4,Live/Live_723.mp4,,Live_723,test_C_race;trainlist_live,1,,none,8667dbcd316b38141729c057adf7517fe0602608,no official source maps a video to a person identity,NO_EVIDENCE,"protocol name = video stem (preprocessing.py L31, config_siwm.py L162-176); not a person id"
Live/Live_724.mp4,Live/Live_724.mp4,,Live_724,train_A_pretrain;trainlist_live,1,,none,8667dbcd316b38141729c057adf7517fe0602608,no official source maps a video to a person identity,NO_EVIDENCE,"protocol name = video stem (preprocessing.py L31, config_siwm.py L162-176); not a person id"
Live/Live_725.mp4,Live/Live_725.mp4,,Live_725,testlist_live;train_A_pretrain,1,,none,8667dbcd316b38141729c057adf7517fe0602608,no official source maps a video to a person identity,NO_EVIDENCE,"protocol name = video stem (preprocessing.py L31, config_siwm.py L162-176); not a person id"
Live/Live_726.mp4,Live/Live_726.mp4,,Live_726,train_A_pretrain;trainlist_live,1,,none,8667dbcd316b38141729c057adf7517fe0602608,no official source maps a video to a person identity,NO_EVIDENCE,"protocol name = video stem (preprocessing.py L31, config_siwm.py L162-176); not a person id"
Live/Live_727.mp4,Live/Live_727.mp4,,Live_727,train_A_pretrain;trainlist_live,1,,none,8667dbcd316b38141729c057adf7517fe0602608,no official source maps a video to a person identity,NO_EVIDENCE,"protocol name = video stem (preprocessing.py L31, config_siwm.py L162-176); not a person id"
Live/Live_728.mp4,Live/Live_728.mp4,,Live_728,testlist_live;train_A_pretrain,1,,none,8667dbcd316b38141729c057adf7517fe0602608,no official source maps a video to a person identity,NO_EVIDENCE,"protocol name = video stem (preprocessing.py L31, config_siwm.py L162-176); not a person id"
Live/Live_729.mp4,Live/Live_729.mp4,,Live_729,train_A_pretrain;trainlist_live,1,,none,8667dbcd316b38141729c057adf7517fe0602608,no official source maps a video to a person identity,NO_EVIDENCE,"protocol name = video stem (preprocessing.py L31, config_siwm.py L162-176); not a person id"
Live/Live_73.mov,Live/Live_73.mov,,Live_73,train_A_pretrain;trainlist_live,1,,none,8667dbcd316b38141729c057adf7517fe0602608,no official source maps a video to a person identity,NO_EVIDENCE,"protocol name = video stem (preprocessing.py L31, config_siwm.py L162-176); not a person id"
Live/Live_730.mp4,Live/Live_730.mp4,,Live_730,testlist_live;train_A_pretrain,1,,none,8667dbcd316b38141729c057adf7517fe0602608,no official source maps a video to a person identity,NO_EVIDENCE,"protocol name = video stem (preprocessing.py L31, config_siwm.py L162-176); not a person id"
Live/Live_731.mp4,Live/Live_731.mp4,,Live_731,train_D_age;train_E_ill;trainlist_live,1,,none,8667dbcd316b38141729c057adf7517fe0602608,no official source maps a video to a person identity,NO_EVIDENCE,"protocol name = video stem (preprocessing.py L31, config_siwm.py L162-176); not a person id"
Live/Live_732.mp4,Live/Live_732.mp4,,Live_732,train_D_age;train_E_ill;trainlist_live,1,,none,8667dbcd316b38141729c057adf7517fe0602608,no official source maps a video to a person identity,NO_EVIDENCE,"protocol name = video stem (preprocessing.py L31, config_siwm.py L162-176); not a person id"
Live/Live_733.mp4,Live/Live_733.mp4,,Live_733,test_A_pretrain;testlist_live,1,,none,8667dbcd316b38141729c057adf7517fe0602608,no official source maps a video to a person identity,NO_EVIDENCE,"protocol name = video stem (preprocessing.py L31, config_siwm.py L162-176); not a person id"
Live/Live_734.mp4,Live/Live_734.mp4,,Live_734,train_D_age;train_E_ill;trainlist_live,1,,none,8667dbcd316b38141729c057adf7517fe0602608,no official source maps a video to a person identity,NO_EVIDENCE,"protocol name = video stem (preprocessing.py L31, config_siwm.py L162-176); not a person id"
Live/Live_735.mp4,Live/Live_735.mp4,,Live_735,train_A_pretrain;trainlist_live,1,,none,8667dbcd316b38141729c057adf7517fe0602608,no official source maps a video to a person identity,NO_EVIDENCE,"protocol name = video stem (preprocessing.py L31, config_siwm.py L162-176); not a person id"
Live/Live_736.mp4,Live/Live_736.mp4,,Live_736,test_C_race;testlist_live,1,,none,8667dbcd316b38141729c057adf7517fe0602608,no official source maps a video to a person identity,NO_EVIDENCE,"protocol name = video stem (preprocessing.py L31, config_siwm.py L162-176); not a person id"
Live/Live_737.mp4,Live/Live_737.mp4,,Live_737,test_D_age;train_E_ill;trainlist_live,1,,none,8667dbcd316b38141729c057adf7517fe0602608,no official source maps a video to a person identity,NO_EVIDENCE,"protocol name = video stem (preprocessing.py L31, config_siwm.py L162-176); not a person id"
Live/Live_738.mp4,Live/Live_738.mp4,,Live_738,train_A_pretrain;trainlist_live,1,,none,8667dbcd316b38141729c057adf7517fe0602608,no official source maps a video to a person identity,NO_EVIDENCE,"protocol name = video stem (preprocessing.py L31, config_siwm.py L162-176); not a person id"
Live/Live_739.mp4,Live/Live_739.mp4,,Live_739,testlist_live;train_A_pretrain,1,,none,8667dbcd316b38141729c057adf7517fe0602608,no official source maps a video to a person identity,NO_EVIDENCE,"protocol name = video stem (preprocessing.py L31, config_siwm.py L162-176); not a person id"
Live/Live_74.mov,Live/Live_74.mov,,Live_74,train_A_pretrain;trainlist_live,1,,none,8667dbcd316b38141729c057adf7517fe0602608,no official source maps a video to a person identity,NO_EVIDENCE,"protocol name = video stem (preprocessing.py L31, config_siwm.py L162-176); not a person id"
Live/Live_740.mp4,Live/Live_740.mp4,,Live_740,test_C_race;test_D_age;test_E_ill;trainlist_live,1,,none,8667dbcd316b38141729c057adf7517fe0602608,no official source maps a video to a person identity,NO_EVIDENCE,"protocol name = video stem (preprocessing.py L31, config_siwm.py L162-176); not a person id"
Live/Live_741.mp4,Live/Live_741.mp4,,Live_741,test_D_age;testlist_live;train_E_ill,1,,none,8667dbcd316b38141729c057adf7517fe0602608,no official source maps a video to a person identity,NO_EVIDENCE,"protocol name = video stem (preprocessing.py L31, config_siwm.py L162-176); not a person id"
Live/Live_742.mp4,Live/Live_742.mp4,,Live_742,train_A_pretrain;trainlist_live,1,,none,8667dbcd316b38141729c057adf7517fe0602608,no official source maps a video to a person identity,NO_EVIDENCE,"protocol name = video stem (preprocessing.py L31, config_siwm.py L162-176); not a person id"
Live/Live_743.mp4,Live/Live_743.mp4,,Live_743,test_E_ill;train_D_age;trainlist_live,1,,none,8667dbcd316b38141729c057adf7517fe0602608,no official source maps a video to a person identity,NO_EVIDENCE,"protocol name = video stem (preprocessing.py L31, config_siwm.py L162-176); not a person id"
Live/Live_744.mp4,Live/Live_744.mp4,,Live_744,testlist_live;train_A_pretrain,1,,none,8667dbcd316b38141729c057adf7517fe0602608,no official source maps a video to a person identity,NO_EVIDENCE,"protocol name = video stem (preprocessing.py L31, config_siwm.py L162-176); not a person id"
Live/Live_745.mp4,Live/Live_745.mp4,,Live_745,test_D_age;test_E_ill;trainlist_live,1,,none,8667dbcd316b38141729c057adf7517fe0602608,no official source maps a video to a person identity,NO_EVIDENCE,"protocol name = video stem (preprocessing.py L31, config_siwm.py L162-176); not a person id"
Live/Live_746.mp4,Live/Live_746.mp4,,Live_746,train_A_pretrain;trainlist_live,1,,none,8667dbcd316b38141729c057adf7517fe0602608,no official source maps a video to a person identity,NO_EVIDENCE,"protocol name = video stem (preprocessing.py L31, config_siwm.py L162-176); not a person id"
Live/Live_747.mp4,Live/Live_747.mp4,,Live_747,test_A_pretrain;testlist_live,1,,none,8667dbcd316b38141729c057adf7517fe0602608,no official source maps a video to a person identity,NO_EVIDENCE,"protocol name = video stem (preprocessing.py L31, config_siwm.py L162-176); not a person id"
Live/Live_748.mp4,Live/Live_748.mp4,,Live_748,train_A_pretrain;trainlist_live,1,,none,8667dbcd316b38141729c057adf7517fe0602608,no official source maps a video to a person identity,NO_EVIDENCE,"protocol name = video stem (preprocessing.py L31, config_siwm.py L162-176); not a person id"
Live/Live_749.mp4,Live/Live_749.mp4,,Live_749,test_C_race;trainlist_live,1,,none,8667dbcd316b38141729c057adf7517fe0602608,no official source maps a video to a person identity,NO_EVIDENCE,"protocol name = video stem (preprocessing.py L31, config_siwm.py L162-176); not a person id"
Live/Live_75.mov,Live/Live_75.mov,,Live_75,testlist_live;train_B_spoof;train_D_age;train_E_ill,1,,none,8667dbcd316b38141729c057adf7517fe0602608,no official source maps a video to a person identity,NO_EVIDENCE,"protocol name = video stem (preprocessing.py L31, config_siwm.py L162-176); not a person id"
Live/Live_750.mp4,Live/Live_750.mp4,,Live_750,test_C_race;trainlist_live,1,,none,8667dbcd316b38141729c057adf7517fe0602608,no official source maps a video to a person identity,NO_EVIDENCE,"protocol name = video stem (preprocessing.py L31, config_siwm.py L162-176); not a person id"
Live/Live_751.mp4,Live/Live_751.mp4,,Live_751,trainlist_live,1,,none,8667dbcd316b38141729c057adf7517fe0602608,no official source maps a video to a person identity,NO_EVIDENCE,"protocol name = video stem (preprocessing.py L31, config_siwm.py L162-176); not a person id"
Live/Live_752.mp4,Live/Live_752.mp4,,Live_752,test_C_race;testlist_live,1,,none,8667dbcd316b38141729c057adf7517fe0602608,no official source maps a video to a person identity,NO_EVIDENCE,"protocol name = video stem (preprocessing.py L31, config_siwm.py L162-176); not a person id"
Live/Live_753.mp4,Live/Live_753.mp4,,Live_753,train_A_pretrain;trainlist_live,1,,none,8667dbcd316b38141729c057adf7517fe0602608,no official source maps a video to a person identity,NO_EVIDENCE,"protocol name = video stem (preprocessing.py L31, config_siwm.py L162-176); not a person id"
Live/Live_754.mp4,Live/Live_754.mp4,,Live_754,test_C_race;trainlist_live,1,,none,8667dbcd316b38141729c057adf7517fe0602608,no official source maps a video to a person identity,NO_EVIDENCE,"protocol name = video stem (preprocessing.py L31, config_siwm.py L162-176); not a person id"
Live/Live_755.mp4,Live/Live_755.mp4,,Live_755,testlist_live;train_D_age;train_E_ill,1,,none,8667dbcd316b38141729c057adf7517fe0602608,no official source maps a video to a person identity,NO_EVIDENCE,"protocol name = video stem (preprocessing.py L31, config_siwm.py L162-176); not a person id"
Live/Live_756.mp4,Live/Live_756.mp4,,Live_756,train_D_age;train_E_ill;trainlist_live,1,,none,8667dbcd316b38141729c057adf7517fe0602608,no official source maps a video to a person identity,NO_EVIDENCE,"protocol name = video stem (preprocessing.py L31, config_siwm.py L162-176); not a person id"
Live/Live_757.mp4,Live/Live_757.mp4,,Live_757,train_A_pretrain;trainlist_live,1,,none,8667dbcd316b38141729c057adf7517fe0602608,no official source maps a video to a person identity,NO_EVIDENCE,"protocol name = video stem (preprocessing.py L31, config_siwm.py L162-176); not a person id"
Live/Live_758.mp4,Live/Live_758.mp4,,Live_758,testlist_live;train_A_pretrain,1,,none,8667dbcd316b38141729c057adf7517fe0602608,no official source maps a video to a person identity,NO_EVIDENCE,"protocol name = video stem (preprocessing.py L31, config_siwm.py L162-176); not a person id"
Live/Live_759.mp4,Live/Live_759.mp4,,Live_759,train_C_race;train_D_age;train_E_ill;trainlist_live,1,,none,8667dbcd316b38141729c057adf7517fe0602608,no official source maps a video to a person identity,NO_EVIDENCE,"protocol name = video stem (preprocessing.py L31, config_siwm.py L162-176); not a person id"
Live/Live_76.mov,Live/Live_76.mov,,Live_76,train_A_pretrain;trainlist_live,1,,none,8667dbcd316b38141729c057adf7517fe0602608,no official source maps a video to a person identity,NO_EVIDENCE,"protocol name = video stem (preprocessing.py L31, config_siwm.py L162-176); not a person id"
Live/Live_760.mp4,Live/Live_760.mp4,,Live_760,test_D_age;test_E_ill;testlist_live,1,,none,8667dbcd316b38141729c057adf7517fe0602608,no official source maps a video to a person identity,NO_EVIDENCE,"protocol name = video stem (preprocessing.py L31, config_siwm.py L162-176); not a person id"
Live/Live_761.mp4,Live/Live_761.mp4,,Live_761,test_C_race;trainlist_live,1,,none,8667dbcd316b38141729c057adf7517fe0602608,no official source maps a video to a person identity,NO_EVIDENCE,"protocol name = video stem (preprocessing.py L31, config_siwm.py L162-176); not a person id"
Live/Live_762.mp4,Live/Live_762.mp4,,Live_762,trainlist_live,1,,none,8667dbcd316b38141729c057adf7517fe0602608,no official source maps a video to a person identity,NO_EVIDENCE,"protocol name = video stem (preprocessing.py L31, config_siwm.py L162-176); not a person id"
Live/Live_763.mp4,Live/Live_763.mp4,,Live_763,testlist_live;train_A_pretrain,1,,none,8667dbcd316b38141729c057adf7517fe0602608,no official source maps a video to a person identity,NO_EVIDENCE,"protocol name = video stem (preprocessing.py L31, config_siwm.py L162-176); not a person id"
Live/Live_764.mp4,Live/Live_764.mp4,,Live_764,test_A_pretrain;trainlist_live,1,,none,8667dbcd316b38141729c057adf7517fe0602608,no official source maps a video to a person identity,NO_EVIDENCE,"protocol name = video stem (preprocessing.py L31, config_siwm.py L162-176); not a person id"
Live/Live_765.mp4,Live/Live_765.mp4,,Live_765,train_A_pretrain;trainlist_live,1,,none,8667dbcd316b38141729c057adf7517fe0602608,no official source maps a video to a person identity,NO_EVIDENCE,"protocol name = video stem (preprocessing.py L31, config_siwm.py L162-176); not a person id"
Live/Live_766.mp4,Live/Live_766.mp4,,Live_766,testlist_live;train_A_pretrain,1,,none,8667dbcd316b38141729c057adf7517fe0602608,no official source maps a video to a person identity,NO_EVIDENCE,"protocol name = video stem (preprocessing.py L31, config_siwm.py L162-176); not a person id"
Live/Live_767.mp4,Live/Live_767.mp4,,Live_767,train_D_age;train_E_ill;trainlist_live,1,,none,8667dbcd316b38141729c057adf7517fe0602608,no official source maps a video to a person identity,NO_EVIDENCE,"protocol name = video stem (preprocessing.py L31, config_siwm.py L162-176); not a person id"
Live/Live_768.mp4,Live/Live_768.mp4,,Live_768,train_B_spoof;train_C_race;train_D_age;train_E_ill;trainlist_live,1,,none,8667dbcd316b38141729c057adf7517fe0602608,no official source maps a video to a person identity,NO_EVIDENCE,"protocol name = video stem (preprocessing.py L31, config_siwm.py L162-176); not a person id"
Live/Live_769.mp4,Live/Live_769.mp4,,Live_769,testlist_live;train_A_pretrain,1,,none,8667dbcd316b38141729c057adf7517fe0602608,no official source maps a video to a person identity,NO_EVIDENCE,"protocol name = video stem (preprocessing.py L31, config_siwm.py L162-176); not a person id"
Live/Live_77.mov,Live/Live_77.mov,,Live_77,train_D_age;train_E_ill;trainlist_live,1,,none,8667dbcd316b38141729c057adf7517fe0602608,no official source maps a video to a person identity,NO_EVIDENCE,"protocol name = video stem (preprocessing.py L31, config_siwm.py L162-176); not a person id"
Live/Live_770.mp4,Live/Live_770.mp4,,Live_770,train_B_spoof;trainlist_live,1,,none,8667dbcd316b38141729c057adf7517fe0602608,no official source maps a video to a person identity,NO_EVIDENCE,"protocol name = video stem (preprocessing.py L31, config_siwm.py L162-176); not a person id"
Live/Live_771.mp4,Live/Live_771.mp4,,Live_771,test_A_pretrain;testlist_live,1,,none,8667dbcd316b38141729c057adf7517fe0602608,no official source maps a video to a person identity,NO_EVIDENCE,"protocol name = video stem (preprocessing.py L31, config_siwm.py L162-176); not a person id"
Live/Live_772.mp4,Live/Live_772.mp4,,Live_772,train_A_pretrain;trainlist_live,1,,none,8667dbcd316b38141729c057adf7517fe0602608,no official source maps a video to a person identity,NO_EVIDENCE,"protocol name = video stem (preprocessing.py L31, config_siwm.py L162-176); not a person id"
Live/Live_773.mp4,Live/Live_773.mp4,,Live_773,test_A_pretrain;trainlist_live,1,,none,8667dbcd316b38141729c057adf7517fe0602608,no official source maps a video to a person identity,NO_EVIDENCE,"protocol name = video stem (preprocessing.py L31, config_siwm.py L162-176); not a person id"
Live/Live_774.mp4,Live/Live_774.mp4,,Live_774,testlist_live;train_A_pretrain,1,,none,8667dbcd316b38141729c057adf7517fe0602608,no official source maps a video to a person identity,NO_EVIDENCE,"protocol name = video stem (preprocessing.py L31, config_siwm.py L162-176); not a person id"
Live/Live_775.mp4,Live/Live_775.mp4,,Live_775,train_D_age;train_E_ill;trainlist_live,1,,none,8667dbcd316b38141729c057adf7517fe0602608,no official source maps a video to a person identity,NO_EVIDENCE,"protocol name = video stem (preprocessing.py L31, config_siwm.py L162-176); not a person id"
Live/Live_776.mp4,Live/Live_776.mp4,,Live_776,train_C_race;train_D_age;train_E_ill;trainlist_live,1,,none,8667dbcd316b38141729c057adf7517fe0602608,no official source maps a video to a person identity,NO_EVIDENCE,"protocol name = video stem (preprocessing.py L31, config_siwm.py L162-176); not a person id"
Live/Live_777.mp4,Live/Live_777.mp4,,Live_777,testlist_live;train_A_pretrain,1,,none,8667dbcd316b38141729c057adf7517fe0602608,no official source maps a video to a person identity,NO_EVIDENCE,"protocol name = video stem (preprocessing.py L31, config_siwm.py L162-176); not a person id"
Live/Live_778.mp4,Live/Live_778.mp4,,Live_778,train_D_age;train_E_ill;trainlist_live,1,,none,8667dbcd316b38141729c057adf7517fe0602608,no official source maps a video to a person identity,NO_EVIDENCE,"protocol name = video stem (preprocessing.py L31, config_siwm.py L162-176); not a person id"
Live/Live_779.mp4,Live/Live_779.mp4,,Live_779,test_E_ill;train_D_age;trainlist_live,1,,none,8667dbcd316b38141729c057adf7517fe0602608,no official source maps a video to a person identity,NO_EVIDENCE,"protocol name = video stem (preprocessing.py L31, config_siwm.py L162-176); not a person id"
Live/Live_78.mov,Live/Live_78.mov,,Live_78,testlist_live;train_D_age;train_E_ill,1,,none,8667dbcd316b38141729c057adf7517fe0602608,no official source maps a video to a person identity,NO_EVIDENCE,"protocol name = video stem (preprocessing.py L31, config_siwm.py L162-176); not a person id"
Live/Live_780.mp4,Live/Live_780.mp4,,Live_780,test_D_age;test_E_ill;trainlist_live,1,,none,8667dbcd316b38141729c057adf7517fe0602608,no official source maps a video to a person identity,NO_EVIDENCE,"protocol name = video stem (preprocessing.py L31, config_siwm.py L162-176); not a person id"
Live/Live_781.mp4,Live/Live_781.mp4,,Live_781,train_A_pretrain;trainlist_live,1,,none,8667dbcd316b38141729c057adf7517fe0602608,no official source maps a video to a person identity,NO_EVIDENCE,"protocol name = video stem (preprocessing.py L31, config_siwm.py L162-176); not a person id"
Live/Live_782.mp4,Live/Live_782.mp4,,Live_782,test_A_pretrain;testlist_live,1,,none,8667dbcd316b38141729c057adf7517fe0602608,no official source maps a video to a person identity,NO_EVIDENCE,"protocol name = video stem (preprocessing.py L31, config_siwm.py L162-176); not a person id"
Live/Live_783.mp4,Live/Live_783.mp4,,Live_783,test_A_pretrain;trainlist_live,1,,none,8667dbcd316b38141729c057adf7517fe0602608,no official source maps a video to a person identity,NO_EVIDENCE,"protocol name = video stem (preprocessing.py L31, config_siwm.py L162-176); not a person id"
Live/Live_784.mp4,Live/Live_784.mp4,,Live_784,train_B_spoof;trainlist_live,1,,none,8667dbcd316b38141729c057adf7517fe0602608,no official source maps a video to a person identity,NO_EVIDENCE,"protocol name = video stem (preprocessing.py L31, config_siwm.py L162-176); not a person id"
Live/Live_785.mp4,Live/Live_785.mp4,,Live_785,testlist_live;train_B_spoof;train_D_age;train_E_ill,1,,none,8667dbcd316b38141729c057adf7517fe0602608,no official source maps a video to a person identity,NO_EVIDENCE,"protocol name = video stem (preprocessing.py L31, config_siwm.py L162-176); not a person id"
Live/Live_786.mp4,Live/Live_786.mp4,,Live_786,train_D_age;train_E_ill;trainlist_live,1,,none,8667dbcd316b38141729c057adf7517fe0602608,no official source maps a video to a person identity,NO_EVIDENCE,"protocol name = video stem (preprocessing.py L31, config_siwm.py L162-176); not a person id"
Live/Live_787.mp4,Live/Live_787.mp4,,Live_787,train_D_age;train_E_ill;trainlist_live,1,,none,8667dbcd316b38141729c057adf7517fe0602608,no official source maps a video to a person identity,NO_EVIDENCE,"protocol name = video stem (preprocessing.py L31, config_siwm.py L162-176); not a person id"
Live/Live_788.mp4,Live/Live_788.mp4,,Live_788,testlist_live;train_A_pretrain,1,,none,8667dbcd316b38141729c057adf7517fe0602608,no official source maps a video to a person identity,NO_EVIDENCE,"protocol name = video stem (preprocessing.py L31, config_siwm.py L162-176); not a person id"
Live/Live_789.mp4,Live/Live_789.mp4,,Live_789,train_D_age;train_E_ill;trainlist_live,1,,none,8667dbcd316b38141729c057adf7517fe0602608,no official source maps a video to a person identity,NO_EVIDENCE,"protocol name = video stem (preprocessing.py L31, config_siwm.py L162-176); not a person id"
Live/Live_79.mov,Live/Live_79.mov,,Live_79,trainlist_live,1,,none,8667dbcd316b38141729c057adf7517fe0602608,no official source maps a video to a person identity,NO_EVIDENCE,"protocol name = video stem (preprocessing.py L31, config_siwm.py L162-176); not a person id"
Live/Live_790.mp4,Live/Live_790.mp4,,Live_790,test_A_pretrain;testlist_live,1,,none,8667dbcd316b38141729c057adf7517fe0602608,no official source maps a video to a person identity,NO_EVIDENCE,"protocol name = video stem (preprocessing.py L31, config_siwm.py L162-176); not a person id"
Live/Live_791.mp4,Live/Live_791.mp4,,Live_791,train_C_race;train_D_age;train_E_ill;trainlist_live,1,,none,8667dbcd316b38141729c057adf7517fe0602608,no official source maps a video to a person identity,NO_EVIDENCE,"protocol name = video stem (preprocessing.py L31, config_siwm.py L162-176); not a person id"
Live/Live_792.mp4,Live/Live_792.mp4,,Live_792,test_C_race;trainlist_live,1,,none,8667dbcd316b38141729c057adf7517fe0602608,no official source maps a video to a person identity,NO_EVIDENCE,"protocol name = video stem (preprocessing.py L31, config_siwm.py L162-176); not a person id"
Live/Live_793.mp4,Live/Live_793.mp4,,Live_793,testlist_live;train_D_age;train_E_ill,1,,none,8667dbcd316b38141729c057adf7517fe0602608,no official source maps a video to a person identity,NO_EVIDENCE,"protocol name = video stem (preprocessing.py L31, config_siwm.py L162-176); not a person id"
Live/Live_794.mp4,Live/Live_794.mp4,,Live_794,train_D_age;train_E_ill;trainlist_live,1,,none,8667dbcd316b38141729c057adf7517fe0602608,no official source maps a video to a person identity,NO_EVIDENCE,"protocol name = video stem (preprocessing.py L31, config_siwm.py L162-176); not a person id"
Live/Live_795.mp4,Live/Live_795.mp4,,Live_795,train_D_age;train_E_ill;trainlist_live,1,,none,8667dbcd316b38141729c057adf7517fe0602608,no official source maps a video to a person identity,NO_EVIDENCE,"protocol name = video stem (preprocessing.py L31, config_siwm.py L162-176); not a person id"
Live/Live_796.mp4,Live/Live_796.mp4,,Live_796,testlist_live;train_D_age;train_E_ill,1,,none,8667dbcd316b38141729c057adf7517fe0602608,no official source maps a video to a person identity,NO_EVIDENCE,"protocol name = video stem (preprocessing.py L31, config_siwm.py L162-176); not a person id"
Live/Live_797.mp4,Live/Live_797.mp4,,Live_797,train_D_age;train_E_ill;trainlist_live,1,,none,8667dbcd316b38141729c057adf7517fe0602608,no official source maps a video to a person identity,NO_EVIDENCE,"protocol name = video stem (preprocessing.py L31, config_siwm.py L162-176); not a person id"
Live/Live_798.mp4,Live/Live_798.mp4,,Live_798,train_A_pretrain;trainlist_live,1,,none,8667dbcd316b38141729c057adf7517fe0602608,no official source maps a video to a person identity,NO_EVIDENCE,"protocol name = video stem (preprocessing.py L31, config_siwm.py L162-176); not a person id"
Live/Live_799.mp4,Live/Live_799.mp4,,Live_799,test_A_pretrain;testlist_live,1,,none,8667dbcd316b38141729c057adf7517fe0602608,no official source maps a video to a person identity,NO_EVIDENCE,"protocol name = video stem (preprocessing.py L31, config_siwm.py L162-176); not a person id"
Live/Live_8.mov,Live/Live_8.mov,,Live_8,test_C_race;trainlist_live,1,,none,8667dbcd316b38141729c057adf7517fe0602608,no official source maps a video to a person identity,NO_EVIDENCE,"protocol name = video stem (preprocessing.py L31, config_siwm.py L162-176); not a person id"
Live/Live_80.mov,Live/Live_80.mov,,Live_80,train_A_pretrain;trainlist_live,1,,none,8667dbcd316b38141729c057adf7517fe0602608,no official source maps a video to a person identity,NO_EVIDENCE,"protocol name = video stem (preprocessing.py L31, config_siwm.py L162-176); not a person id"
Live/Live_800.mp4,Live/Live_800.mp4,,Live_800,testlist_live;train_A_pretrain,1,,none,8667dbcd316b38141729c057adf7517fe0602608,no official source maps a video to a person identity,NO_EVIDENCE,"protocol name = video stem (preprocessing.py L31, config_siwm.py L162-176); not a person id"
Live/Live_801.mp4,Live/Live_801.mp4,,Live_801,train_A_pretrain;trainlist_live,1,,none,8667dbcd316b38141729c057adf7517fe0602608,no official source maps a video to a person identity,NO_EVIDENCE,"protocol name = video stem (preprocessing.py L31, config_siwm.py L162-176); not a person id"
Live/Live_802.mp4,Live/Live_802.mp4,,Live_802,train_A_pretrain;trainlist_live,1,,none,8667dbcd316b38141729c057adf7517fe0602608,no official source maps a video to a person identity,NO_EVIDENCE,"protocol name = video stem (preprocessing.py L31, config_siwm.py L162-176); not a person id"
Live/Live_803.mp4,Live/Live_803.mp4,,Live_803,testlist_live;train_A_pretrain,1,,none,8667dbcd316b38141729c057adf7517fe0602608,no official source maps a video to a person identity,NO_EVIDENCE,"protocol name = video stem (preprocessing.py L31, config_siwm.py L162-176); not a person id"
Live/Live_804.mp4,Live/Live_804.mp4,,Live_804,train_A_pretrain;trainlist_live,1,,none,8667dbcd316b38141729c057adf7517fe0602608,no official source maps a video to a person identity,NO_EVIDENCE,"protocol name = video stem (preprocessing.py L31, config_siwm.py L162-176); not a person id"
Live/Live_805.mp4,Live/Live_805.mp4,,Live_805,train_A_pretrain;trainlist_live,1,,none,8667dbcd316b38141729c057adf7517fe0602608,no official source maps a video to a person identity,NO_EVIDENCE,"protocol name = video stem (preprocessing.py L31, config_siwm.py L162-176); not a person id"
Live/Live_806.mp4,Live/Live_806.mp4,,Live_806,test_D_age;test_E_ill;testlist_live,1,,none,8667dbcd316b38141729c057adf7517fe0602608,no official source maps a video to a person identity,NO_EVIDENCE,"protocol name = video stem (preprocessing.py L31, config_siwm.py L162-176); not a person id"
Live/Live_807.mp4,Live/Live_807.mp4,,Live_807,trainlist_live,1,,none,8667dbcd316b38141729c057adf7517fe0602608,no official source maps a video to a person identity,NO_EVIDENCE,"protocol name = video stem (preprocessing.py L31, config_siwm.py L162-176); not a person id"
Live/Live_808.mp4,Live/Live_808.mp4,,Live_808,train_A_pretrain;trainlist_live,1,,none,8667dbcd316b38141729c057adf7517fe0602608,no official source maps a video to a person identity,NO_EVIDENCE,"protocol name = video stem (preprocessing.py L31, config_siwm.py L162-176); not a person id"
Live/Live_809.mp4,Live/Live_809.mp4,,Live_809,test_A_pretrain;testlist_live,1,,none,8667dbcd316b38141729c057adf7517fe0602608,no official source maps a video to a person identity,NO_EVIDENCE,"protocol name = video stem (preprocessing.py L31, config_siwm.py L162-176); not a person id"
Live/Live_81.mov,Live/Live_81.mov,,Live_81,train_C_race;train_D_age;train_E_ill;trainlist_live,1,,none,8667dbcd316b38141729c057adf7517fe0602608,no official source maps a video to a person identity,NO_EVIDENCE,"protocol name = video stem (preprocessing.py L31, config_siwm.py L162-176); not a person id"
Live/Live_810.mp4,Live/Live_810.mp4,,Live_810,train_A_pretrain;trainlist_live,1,,none,8667dbcd316b38141729c057adf7517fe0602608,no official source maps a video to a person identity,NO_EVIDENCE,"protocol name = video stem (preprocessing.py L31, config_siwm.py L162-176); not a person id"
Live/Live_811.mp4,Live/Live_811.mp4,,Live_811,testlist_live;train_D_age;train_E_ill,1,,none,8667dbcd316b38141729c057adf7517fe0602608,no official source maps a video to a person identity,NO_EVIDENCE,"protocol name = video stem (preprocessing.py L31, config_siwm.py L162-176); not a person id"
Live/Live_812.mp4,Live/Live_812.mp4,,Live_812,train_D_age;train_E_ill;trainlist_live,1,,none,8667dbcd316b38141729c057adf7517fe0602608,no official source maps a video to a person identity,NO_EVIDENCE,"protocol name = video stem (preprocessing.py L31, config_siwm.py L162-176); not a person id"
Live/Live_813.mp4,Live/Live_813.mp4,,Live_813,train_D_age;train_E_ill;trainlist_live,1,,none,8667dbcd316b38141729c057adf7517fe0602608,no official source maps a video to a person identity,NO_EVIDENCE,"protocol name = video stem (preprocessing.py L31, config_siwm.py L162-176); not a person id"
Live/Live_814.mp4,Live/Live_814.mp4,,Live_814,testlist_live;train_C_race;train_D_age;train_E_ill,1,,none,8667dbcd316b38141729c057adf7517fe0602608,no official source maps a video to a person identity,NO_EVIDENCE,"protocol name = video stem (preprocessing.py L31, config_siwm.py L162-176); not a person id"
Live/Live_815.mp4,Live/Live_815.mp4,,Live_815,train_A_pretrain;trainlist_live,1,,none,8667dbcd316b38141729c057adf7517fe0602608,no official source maps a video to a person identity,NO_EVIDENCE,"protocol name = video stem (preprocessing.py L31, config_siwm.py L162-176); not a person id"
Live/Live_816.mp4,Live/Live_816.mp4,,Live_816,train_A_pretrain;trainlist_live,1,,none,8667dbcd316b38141729c057adf7517fe0602608,no official source maps a video to a person identity,NO_EVIDENCE,"protocol name = video stem (preprocessing.py L31, config_siwm.py L162-176); not a person id"
Live/Live_817.mp4,Live/Live_817.mp4,,Live_817,test_C_race;testlist_live,1,,none,8667dbcd316b38141729c057adf7517fe0602608,no official source maps a video to a person identity,NO_EVIDENCE,"protocol name = video stem (preprocessing.py L31, config_siwm.py L162-176); not a person id"
Live/Live_818.mp4,Live/Live_818.mp4,,Live_818,train_A_pretrain;trainlist_live,1,,none,8667dbcd316b38141729c057adf7517fe0602608,no official source maps a video to a person identity,NO_EVIDENCE,"protocol name = video stem (preprocessing.py L31, config_siwm.py L162-176); not a person id"
Live/Live_819.mp4,Live/Live_819.mp4,,Live_819,train_D_age;train_E_ill;trainlist_live,1,,none,8667dbcd316b38141729c057adf7517fe0602608,no official source maps a video to a person identity,NO_EVIDENCE,"protocol name = video stem (preprocessing.py L31, config_siwm.py L162-176); not a person id"
Live/Live_82.mov,Live/Live_82.mov,,Live_82,test_A_pretrain;testlist_live,1,,none,8667dbcd316b38141729c057adf7517fe0602608,no official source maps a video to a person identity,NO_EVIDENCE,"protocol name = video stem (preprocessing.py L31, config_siwm.py L162-176); not a person id"
Live/Live_820.mp4,Live/Live_820.mp4,,Live_820,train_D_age;train_E_ill;trainlist_live,1,,none,8667dbcd316b38141729c057adf7517fe0602608,no official source maps a video to a person identity,NO_EVIDENCE,"protocol name = video stem (preprocessing.py L31, config_siwm.py L162-176); not a person id"
Live/Live_821.mp4,Live/Live_821.mp4,,Live_821,train_D_age;train_E_ill;trainlist_live,1,,none,8667dbcd316b38141729c057adf7517fe0602608,no official source maps a video to a person identity,NO_EVIDENCE,"protocol name = video stem (preprocessing.py L31, config_siwm.py L162-176); not a person id"
Live/Live_822.mp4,Live/Live_822.mp4,,Live_822,testlist_live,1,,none,8667dbcd316b38141729c057adf7517fe0602608,no official source maps a video to a person identity,NO_EVIDENCE,"protocol name = video stem (preprocessing.py L31, config_siwm.py L162-176); not a person id"
Live/Live_823.mp4,Live/Live_823.mp4,,Live_823,test_A_pretrain;trainlist_live,1,,none,8667dbcd316b38141729c057adf7517fe0602608,no official source maps a video to a person identity,NO_EVIDENCE,"protocol name = video stem (preprocessing.py L31, config_siwm.py L162-176); not a person id"
Live/Live_824.mp4,Live/Live_824.mp4,,Live_824,train_A_pretrain;trainlist_live,1,,none,8667dbcd316b38141729c057adf7517fe0602608,no official source maps a video to a person identity,NO_EVIDENCE,"protocol name = video stem (preprocessing.py L31, config_siwm.py L162-176); not a person id"
Live/Live_825.mp4,Live/Live_825.mp4,,Live_825,testlist_live;train_D_age;train_E_ill,1,,none,8667dbcd316b38141729c057adf7517fe0602608,no official source maps a video to a person identity,NO_EVIDENCE,"protocol name = video stem (preprocessing.py L31, config_siwm.py L162-176); not a person id"
Live/Live_826.mp4,Live/Live_826.mp4,,Live_826,train_C_race;train_D_age;train_E_ill;trainlist_live,1,,none,8667dbcd316b38141729c057adf7517fe0602608,no official source maps a video to a person identity,NO_EVIDENCE,"protocol name = video stem (preprocessing.py L31, config_siwm.py L162-176); not a person id"
Live/Live_827.mp4,Live/Live_827.mp4,,Live_827,train_A_pretrain;trainlist_live,1,,none,8667dbcd316b38141729c057adf7517fe0602608,no official source maps a video to a person identity,NO_EVIDENCE,"protocol name = video stem (preprocessing.py L31, config_siwm.py L162-176); not a person id"
Live/Live_828.mp4,Live/Live_828.mp4,,Live_828,testlist_live;train_A_pretrain,1,,none,8667dbcd316b38141729c057adf7517fe0602608,no official source maps a video to a person identity,NO_EVIDENCE,"protocol name = video stem (preprocessing.py L31, config_siwm.py L162-176); not a person id"
Live/Live_829.mp4,Live/Live_829.mp4,,Live_829,train_A_pretrain;trainlist_live,1,,none,8667dbcd316b38141729c057adf7517fe0602608,no official source maps a video to a person identity,NO_EVIDENCE,"protocol name = video stem (preprocessing.py L31, config_siwm.py L162-176); not a person id"
Live/Live_83.mov,Live/Live_83.mov,,Live_83,train_A_pretrain;trainlist_live,1,,none,8667dbcd316b38141729c057adf7517fe0602608,no official source maps a video to a person identity,NO_EVIDENCE,"protocol name = video stem (preprocessing.py L31, config_siwm.py L162-176); not a person id"
Live/Live_830.mp4,Live/Live_830.mp4,,Live_830,testlist_live;train_A_pretrain,1,,none,8667dbcd316b38141729c057adf7517fe0602608,no official source maps a video to a person identity,NO_EVIDENCE,"protocol name = video stem (preprocessing.py L31, config_siwm.py L162-176); not a person id"
Live/Live_831.mp4,Live/Live_831.mp4,,Live_831,train_B_spoof;train_D_age;train_E_ill;trainlist_live,1,,none,8667dbcd316b38141729c057adf7517fe0602608,no official source maps a video to a person identity,NO_EVIDENCE,"protocol name = video stem (preprocessing.py L31, config_siwm.py L162-176); not a person id"
Live/Live_832.mp4,Live/Live_832.mp4,,Live_832,test_A_pretrain;trainlist_live,1,,none,8667dbcd316b38141729c057adf7517fe0602608,no official source maps a video to a person identity,NO_EVIDENCE,"protocol name = video stem (preprocessing.py L31, config_siwm.py L162-176); not a person id"
Live/Live_833.mp4,Live/Live_833.mp4,,Live_833,test_A_pretrain;testlist_live,1,,none,8667dbcd316b38141729c057adf7517fe0602608,no official source maps a video to a person identity,NO_EVIDENCE,"protocol name = video stem (preprocessing.py L31, config_siwm.py L162-176); not a person id"
Live/Live_834.mp4,Live/Live_834.mp4,,Live_834,train_C_race;train_D_age;train_E_ill;trainlist_live,1,,none,8667dbcd316b38141729c057adf7517fe0602608,no official source maps a video to a person identity,NO_EVIDENCE,"protocol name = video stem (preprocessing.py L31, config_siwm.py L162-176); not a person id"
Live/Live_835.mp4,Live/Live_835.mp4,,Live_835,train_A_pretrain;trainlist_live,1,,none,8667dbcd316b38141729c057adf7517fe0602608,no official source maps a video to a person identity,NO_EVIDENCE,"protocol name = video stem (preprocessing.py L31, config_siwm.py L162-176); not a person id"
Live/Live_836.mp4,Live/Live_836.mp4,,Live_836,test_C_race;test_D_age;test_E_ill;testlist_live,1,,none,8667dbcd316b38141729c057adf7517fe0602608,no official source maps a video to a person identity,NO_EVIDENCE,"protocol name = video stem (preprocessing.py L31, config_siwm.py L162-176); not a person id"
Live/Live_837.mp4,Live/Live_837.mp4,,Live_837,train_D_age;train_E_ill;trainlist_live,1,,none,8667dbcd316b38141729c057adf7517fe0602608,no official source maps a video to a person identity,NO_EVIDENCE,"protocol name = video stem (preprocessing.py L31, config_siwm.py L162-176); not a person id"
Live/Live_838.mp4,Live/Live_838.mp4,,Live_838,train_A_pretrain;trainlist_live,1,,none,8667dbcd316b38141729c057adf7517fe0602608,no official source maps a video to a person identity,NO_EVIDENCE,"protocol name = video stem (preprocessing.py L31, config_siwm.py L162-176); not a person id"
Live/Live_839.mp4,Live/Live_839.mp4,,Live_839,testlist_live;train_D_age;train_E_ill,1,,none,8667dbcd316b38141729c057adf7517fe0602608,no official source maps a video to a person identity,NO_EVIDENCE,"protocol name = video stem (preprocessing.py L31, config_siwm.py L162-176); not a person id"
Live/Live_84.mov,Live/Live_84.mov,,Live_84,test_A_pretrain;trainlist_live,1,,none,8667dbcd316b38141729c057adf7517fe0602608,no official source maps a video to a person identity,NO_EVIDENCE,"protocol name = video stem (preprocessing.py L31, config_siwm.py L162-176); not a person id"
Live/Live_840.mp4,Live/Live_840.mp4,,Live_840,train_A_pretrain;trainlist_live,1,,none,8667dbcd316b38141729c057adf7517fe0602608,no official source maps a video to a person identity,NO_EVIDENCE,"protocol name = video stem (preprocessing.py L31, config_siwm.py L162-176); not a person id"
Live/Live_841.mp4,Live/Live_841.mp4,,Live_841,testlist_live;train_A_pretrain,1,,none,8667dbcd316b38141729c057adf7517fe0602608,no official source maps a video to a person identity,NO_EVIDENCE,"protocol name = video stem (preprocessing.py L31, config_siwm.py L162-176); not a person id"
Live/Live_842.mp4,Live/Live_842.mp4,,Live_842,train_A_pretrain;trainlist_live,1,,none,8667dbcd316b38141729c057adf7517fe0602608,no official source maps a video to a person identity,NO_EVIDENCE,"protocol name = video stem (preprocessing.py L31, config_siwm.py L162-176); not a person id"
Live/Live_843.mp4,Live/Live_843.mp4,,Live_843,train_A_pretrain;trainlist_live,1,,none,8667dbcd316b38141729c057adf7517fe0602608,no official source maps a video to a person identity,NO_EVIDENCE,"protocol name = video stem (preprocessing.py L31, config_siwm.py L162-176); not a person id"
Live/Live_844.mp4,Live/Live_844.mp4,,Live_844,testlist_live;train_A_pretrain,1,,none,8667dbcd316b38141729c057adf7517fe0602608,no official source maps a video to a person identity,NO_EVIDENCE,"protocol name = video stem (preprocessing.py L31, config_siwm.py L162-176); not a person id"
Live/Live_845.mp4,Live/Live_845.mp4,,Live_845,train_D_age;train_E_ill;trainlist_live,1,,none,8667dbcd316b38141729c057adf7517fe0602608,no official source maps a video to a person identity,NO_EVIDENCE,"protocol name = video stem (preprocessing.py L31, config_siwm.py L162-176); not a person id"
Live/Live_846.mp4,Live/Live_846.mp4,,Live_846,train_B_spoof;trainlist_live,1,,none,8667dbcd316b38141729c057adf7517fe0602608,no official source maps a video to a person identity,NO_EVIDENCE,"protocol name = video stem (preprocessing.py L31, config_siwm.py L162-176); not a person id"
Live/Live_847.mp4,Live/Live_847.mp4,,Live_847,test_C_race;test_D_age;test_E_ill;testlist_live,1,,none,8667dbcd316b38141729c057adf7517fe0602608,no official source maps a video to a person identity,NO_EVIDENCE,"protocol name = video stem (preprocessing.py L31, config_siwm.py L162-176); not a person id"
Live/Live_848.mp4,Live/Live_848.mp4,,Live_848,train_D_age;train_E_ill;trainlist_live,1,,none,8667dbcd316b38141729c057adf7517fe0602608,no official source maps a video to a person identity,NO_EVIDENCE,"protocol name = video stem (preprocessing.py L31, config_siwm.py L162-176); not a person id"
Live/Live_849.mp4,Live/Live_849.mp4,,Live_849,test_D_age;test_E_ill;trainlist_live,1,,none,8667dbcd316b38141729c057adf7517fe0602608,no official source maps a video to a person identity,NO_EVIDENCE,"protocol name = video stem (preprocessing.py L31, config_siwm.py L162-176); not a person id"
Live/Live_85.mov,Live/Live_85.mov,,Live_85,testlist_live;train_C_race,1,,none,8667dbcd316b38141729c057adf7517fe0602608,no official source maps a video to a person identity,NO_EVIDENCE,"protocol name = video stem (preprocessing.py L31, config_siwm.py L162-176); not a person id"
Live/Live_850.mp4,Live/Live_850.mp4,,Live_850,test_D_age;test_E_ill;trainlist_live,1,,none,8667dbcd316b38141729c057adf7517fe0602608,no official source maps a video to a person identity,NO_EVIDENCE,"protocol name = video stem (preprocessing.py L31, config_siwm.py L162-176); not a person id"
Live/Live_851.mp4,Live/Live_851.mp4,,Live_851,train_D_age;train_E_ill;trainlist_live,1,,none,8667dbcd316b38141729c057adf7517fe0602608,no official source maps a video to a person identity,NO_EVIDENCE,"protocol name = video stem (preprocessing.py L31, config_siwm.py L162-176); not a person id"
Live/Live_852.mp4,Live/Live_852.mp4,,Live_852,test_C_race;test_D_age;test_E_ill;testlist_live,1,,none,8667dbcd316b38141729c057adf7517fe0602608,no official source maps a video to a person identity,NO_EVIDENCE,"protocol name = video stem (preprocessing.py L31, config_siwm.py L162-176); not a person id"
Live/Live_853.mp4,Live/Live_853.mp4,,Live_853,train_D_age;trainlist_live,1,,none,8667dbcd316b38141729c057adf7517fe0602608,no official source maps a video to a person identity,NO_EVIDENCE,"protocol name = video stem (preprocessing.py L31, config_siwm.py L162-176); not a person id"
Live/Live_854.mp4,Live/Live_854.mp4,,Live_854,test_E_ill;train_D_age;trainlist_live,1,,none,8667dbcd316b38141729c057adf7517fe0602608,no official source maps a video to a person identity,NO_EVIDENCE,"protocol name = video stem (preprocessing.py L31, config_siwm.py L162-176); not a person id"
Live/Live_855.mp4,Live/Live_855.mp4,,Live_855,testlist_live;train_A_pretrain,1,,none,8667dbcd316b38141729c057adf7517fe0602608,no official source maps a video to a person identity,NO_EVIDENCE,"protocol name = video stem (preprocessing.py L31, config_siwm.py L162-176); not a person id"
Live/Live_856.mp4,Live/Live_856.mp4,,Live_856,train_D_age;train_E_ill;trainlist_live,1,,none,8667dbcd316b38141729c057adf7517fe0602608,no official source maps a video to a person identity,NO_EVIDENCE,"protocol name = video stem (preprocessing.py L31, config_siwm.py L162-176); not a person id"
Live/Live_857.mp4,Live/Live_857.mp4,,Live_857,train_A_pretrain;trainlist_live,1,,none,8667dbcd316b38141729c057adf7517fe0602608,no official source maps a video to a person identity,NO_EVIDENCE,"protocol name = video stem (preprocessing.py L31, config_siwm.py L162-176); not a person id"
Live/Live_858.mp4,Live/Live_858.mp4,,Live_858,testlist_live;train_C_race;train_D_age;train_E_ill,1,,none,8667dbcd316b38141729c057adf7517fe0602608,no official source maps a video to a person identity,NO_EVIDENCE,"protocol name = video stem (preprocessing.py L31, config_siwm.py L162-176); not a person id"
Live/Live_859.mp4,Live/Live_859.mp4,,Live_859,train_D_age;train_E_ill;trainlist_live,1,,none,8667dbcd316b38141729c057adf7517fe0602608,no official source maps a video to a person identity,NO_EVIDENCE,"protocol name = video stem (preprocessing.py L31, config_siwm.py L162-176); not a person id"
Live/Live_86.mov,Live/Live_86.mov,,Live_86,train_C_race;trainlist_live,1,,none,8667dbcd316b38141729c057adf7517fe0602608,no official source maps a video to a person identity,NO_EVIDENCE,"protocol name = video stem (preprocessing.py L31, config_siwm.py L162-176); not a person id"
Live/Live_860.mp4,Live/Live_860.mp4,,Live_860,testlist_live;train_D_age;train_E_ill,1,,none,8667dbcd316b38141729c057adf7517fe0602608,no official source maps a video to a person identity,NO_EVIDENCE,"protocol name = video stem (preprocessing.py L31, config_siwm.py L162-176); not a person id"
Live/Live_861.mp4,Live/Live_861.mp4,,Live_861,train_A_pretrain;trainlist_live,1,,none,8667dbcd316b38141729c057adf7517fe0602608,no official source maps a video to a person identity,NO_EVIDENCE,"protocol name = video stem (preprocessing.py L31, config_siwm.py L162-176); not a person id"
Live/Live_862.mp4,Live/Live_862.mp4,,Live_862,train_B_spoof;train_D_age;train_E_ill;trainlist_live,1,,none,8667dbcd316b38141729c057adf7517fe0602608,no official source maps a video to a person identity,NO_EVIDENCE,"protocol name = video stem (preprocessing.py L31, config_siwm.py L162-176); not a person id"
Live/Live_863.mp4,Live/Live_863.mp4,,Live_863,testlist_live;train_A_pretrain,1,,none,8667dbcd316b38141729c057adf7517fe0602608,no official source maps a video to a person identity,NO_EVIDENCE,"protocol name = video stem (preprocessing.py L31, config_siwm.py L162-176); not a person id"
Live/Live_864.mp4,Live/Live_864.mp4,,Live_864,train_A_pretrain;trainlist_live,1,,none,8667dbcd316b38141729c057adf7517fe0602608,no official source maps a video to a person identity,NO_EVIDENCE,"protocol name = video stem (preprocessing.py L31, config_siwm.py L162-176); not a person id"
Live/Live_865.mp4,Live/Live_865.mp4,,Live_865,test_A_pretrain;trainlist_live,1,,none,8667dbcd316b38141729c057adf7517fe0602608,no official source maps a video to a person identity,NO_EVIDENCE,"protocol name = video stem (preprocessing.py L31, config_siwm.py L162-176); not a person id"
Live/Live_866.mp4,Live/Live_866.mp4,,Live_866,testlist_live;train_A_pretrain,1,,none,8667dbcd316b38141729c057adf7517fe0602608,no official source maps a video to a person identity,NO_EVIDENCE,"protocol name = video stem (preprocessing.py L31, config_siwm.py L162-176); not a person id"
Live/Live_867.mp4,Live/Live_867.mp4,,Live_867,train_A_pretrain;trainlist_live,1,,none,8667dbcd316b38141729c057adf7517fe0602608,no official source maps a video to a person identity,NO_EVIDENCE,"protocol name = video stem (preprocessing.py L31, config_siwm.py L162-176); not a person id"
Live/Live_868.mp4,Live/Live_868.mp4,,Live_868,train_D_age;train_E_ill;trainlist_live,1,,none,8667dbcd316b38141729c057adf7517fe0602608,no official source maps a video to a person identity,NO_EVIDENCE,"protocol name = video stem (preprocessing.py L31, config_siwm.py L162-176); not a person id"
Live/Live_869.mp4,Live/Live_869.mp4,,Live_869,testlist_live;train_B_spoof;train_D_age;train_E_ill,1,,none,8667dbcd316b38141729c057adf7517fe0602608,no official source maps a video to a person identity,NO_EVIDENCE,"protocol name = video stem (preprocessing.py L31, config_siwm.py L162-176); not a person id"
Live/Live_87.mov,Live/Live_87.mov,,Live_87,test_D_age;test_E_ill;trainlist_live,1,,none,8667dbcd316b38141729c057adf7517fe0602608,no official source maps a video to a person identity,NO_EVIDENCE,"protocol name = video stem (preprocessing.py L31, config_siwm.py L162-176); not a person id"
Live/Live_870.mp4,Live/Live_870.mp4,,Live_870,train_A_pretrain;trainlist_live,1,,none,8667dbcd316b38141729c057adf7517fe0602608,no official source maps a video to a person identity,NO_EVIDENCE,"protocol name = video stem (preprocessing.py L31, config_siwm.py L162-176); not a person id"
Live/Live_871.mp4,Live/Live_871.mp4,,Live_871,testlist_live;train_D_age;train_E_ill,1,,none,8667dbcd316b38141729c057adf7517fe0602608,no official source maps a video to a person identity,NO_EVIDENCE,"protocol name = video stem (preprocessing.py L31, config_siwm.py L162-176); not a person id"
Live/Live_872.mp4,Live/Live_872.mp4,,Live_872,test_C_race;trainlist_live,1,,none,8667dbcd316b38141729c057adf7517fe0602608,no official source maps a video to a person identity,NO_EVIDENCE,"protocol name = video stem (preprocessing.py L31, config_siwm.py L162-176); not a person id"
Live/Live_873.mp4,Live/Live_873.mp4,,Live_873,train_A_pretrain;trainlist_live,1,,none,8667dbcd316b38141729c057adf7517fe0602608,no official source maps a video to a person identity,NO_EVIDENCE,"protocol name = video stem (preprocessing.py L31, config_siwm.py L162-176); not a person id"
Live/Live_874.mp4,Live/Live_874.mp4,,Live_874,testlist_live;train_D_age;train_E_ill,1,,none,8667dbcd316b38141729c057adf7517fe0602608,no official source maps a video to a person identity,NO_EVIDENCE,"protocol name = video stem (preprocessing.py L31, config_siwm.py L162-176); not a person id"
Live/Live_875.mp4,Live/Live_875.mp4,,Live_875,train_A_pretrain;trainlist_live,1,,none,8667dbcd316b38141729c057adf7517fe0602608,no official source maps a video to a person identity,NO_EVIDENCE,"protocol name = video stem (preprocessing.py L31, config_siwm.py L162-176); not a person id"
Live/Live_876.mp4,Live/Live_876.mp4,,Live_876,train_D_age;train_E_ill;trainlist_live,1,,none,8667dbcd316b38141729c057adf7517fe0602608,no official source maps a video to a person identity,NO_EVIDENCE,"protocol name = video stem (preprocessing.py L31, config_siwm.py L162-176); not a person id"
Live/Live_877.mp4,Live/Live_877.mp4,,Live_877,testlist_live;train_A_pretrain,1,,none,8667dbcd316b38141729c057adf7517fe0602608,no official source maps a video to a person identity,NO_EVIDENCE,"protocol name = video stem (preprocessing.py L31, config_siwm.py L162-176); not a person id"
Live/Live_878.mp4,Live/Live_878.mp4,,Live_878,train_A_pretrain;trainlist_live,1,,none,8667dbcd316b38141729c057adf7517fe0602608,no official source maps a video to a person identity,NO_EVIDENCE,"protocol name = video stem (preprocessing.py L31, config_siwm.py L162-176); not a person id"
Live/Live_879.mp4,Live/Live_879.mp4,,Live_879,test_A_pretrain;trainlist_live,1,,none,8667dbcd316b38141729c057adf7517fe0602608,no official source maps a video to a person identity,NO_EVIDENCE,"protocol name = video stem (preprocessing.py L31, config_siwm.py L162-176); not a person id"
Live/Live_88.mov,Live/Live_88.mov,,Live_88,testlist_live;train_C_race,1,,none,8667dbcd316b38141729c057adf7517fe0602608,no official source maps a video to a person identity,NO_EVIDENCE,"protocol name = video stem (preprocessing.py L31, config_siwm.py L162-176); not a person id"
Live/Live_880.mp4,Live/Live_880.mp4,,Live_880,train_D_age;train_E_ill;trainlist_live,1,,none,8667dbcd316b38141729c057adf7517fe0602608,no official source maps a video to a person identity,NO_EVIDENCE,"protocol name = video stem (preprocessing.py L31, config_siwm.py L162-176); not a person id"
Live/Live_881.mp4,Live/Live_881.mp4,,Live_881,train_D_age;train_E_ill;trainlist_live,1,,none,8667dbcd316b38141729c057adf7517fe0602608,no official source maps a video to a person identity,NO_EVIDENCE,"protocol name = video stem (preprocessing.py L31, config_siwm.py L162-176); not a person id"
Live/Live_882.mp4,Live/Live_882.mp4,,Live_882,testlist_live;train_A_pretrain,1,,none,8667dbcd316b38141729c057adf7517fe0602608,no official source maps a video to a person identity,NO_EVIDENCE,"protocol name = video stem (preprocessing.py L31, config_siwm.py L162-176); not a person id"
Live/Live_883.mp4,Live/Live_883.mp4,,Live_883,train_D_age;train_E_ill;trainlist_live,1,,none,8667dbcd316b38141729c057adf7517fe0602608,no official source maps a video to a person identity,NO_EVIDENCE,"protocol name = video stem (preprocessing.py L31, config_siwm.py L162-176); not a person id"
Live/Live_884.mp4,Live/Live_884.mp4,,Live_884,test_D_age;test_E_ill;trainlist_live,1,,none,8667dbcd316b38141729c057adf7517fe0602608,no official source maps a video to a person identity,NO_EVIDENCE,"protocol name = video stem (preprocessing.py L31, config_siwm.py L162-176); not a person id"
Live/Live_885.mp4,Live/Live_885.mp4,,Live_885,testlist_live,1,,none,8667dbcd316b38141729c057adf7517fe0602608,no official source maps a video to a person identity,NO_EVIDENCE,"protocol name = video stem (preprocessing.py L31, config_siwm.py L162-176); not a person id"
Live/Live_886.mp4,Live/Live_886.mp4,,Live_886,train_A_pretrain;trainlist_live,1,,none,8667dbcd316b38141729c057adf7517fe0602608,no official source maps a video to a person identity,NO_EVIDENCE,"protocol name = video stem (preprocessing.py L31, config_siwm.py L162-176); not a person id"
Live/Live_887.mp4,Live/Live_887.mp4,,Live_887,train_A_pretrain;trainlist_live,1,,none,8667dbcd316b38141729c057adf7517fe0602608,no official source maps a video to a person identity,NO_EVIDENCE,"protocol name = video stem (preprocessing.py L31, config_siwm.py L162-176); not a person id"
Live/Live_888.mp4,Live/Live_888.mp4,,Live_888,test_A_pretrain;testlist_live,1,,none,8667dbcd316b38141729c057adf7517fe0602608,no official source maps a video to a person identity,NO_EVIDENCE,"protocol name = video stem (preprocessing.py L31, config_siwm.py L162-176); not a person id"
Live/Live_889.mp4,Live/Live_889.mp4,,Live_889,train_C_race;train_D_age;train_E_ill;trainlist_live,1,,none,8667dbcd316b38141729c057adf7517fe0602608,no official source maps a video to a person identity,NO_EVIDENCE,"protocol name = video stem (preprocessing.py L31, config_siwm.py L162-176); not a person id"
Live/Live_89.mov,Live/Live_89.mov,,Live_89,train_A_pretrain;trainlist_live,1,,none,8667dbcd316b38141729c057adf7517fe0602608,no official source maps a video to a person identity,NO_EVIDENCE,"protocol name = video stem (preprocessing.py L31, config_siwm.py L162-176); not a person id"
Live/Live_890.mp4,Live/Live_890.mp4,,Live_890,test_C_race;testlist_live;train_E_ill,1,,none,8667dbcd316b38141729c057adf7517fe0602608,no official source maps a video to a person identity,NO_EVIDENCE,"protocol name = video stem (preprocessing.py L31, config_siwm.py L162-176); not a person id"
Live/Live_891.mp4,Live/Live_891.mp4,,Live_891,test_A_pretrain;trainlist_live,1,,none,8667dbcd316b38141729c057adf7517fe0602608,no official source maps a video to a person identity,NO_EVIDENCE,"protocol name = video stem (preprocessing.py L31, config_siwm.py L162-176); not a person id"
Live/Live_9.mov,Live/Live_9.mov,,Live_9,train_A_pretrain;trainlist_live,1,,none,8667dbcd316b38141729c057adf7517fe0602608,no official source maps a video to a person identity,NO_EVIDENCE,"protocol name = video stem (preprocessing.py L31, config_siwm.py L162-176); not a person id"
Live/Live_90.mov,Live/Live_90.mov,,Live_90,train_A_pretrain;trainlist_live,1,,none,8667dbcd316b38141729c057adf7517fe0602608,no official source maps a video to a person identity,NO_EVIDENCE,"protocol name = video stem (preprocessing.py L31, config_siwm.py L162-176); not a person id"
Live/Live_91.mov,Live/Live_91.mov,,Live_91,test_D_age;test_E_ill;testlist_live,1,,none,8667dbcd316b38141729c057adf7517fe0602608,no official source maps a video to a person identity,NO_EVIDENCE,"protocol name = video stem (preprocessing.py L31, config_siwm.py L162-176); not a person id"
Live/Live_92.mov,Live/Live_92.mov,,Live_92,test_B_spoof;test_D_age;test_E_ill;trainlist_live,1,,none,8667dbcd316b38141729c057adf7517fe0602608,no official source maps a video to a person identity,NO_EVIDENCE,"protocol name = video stem (preprocessing.py L31, config_siwm.py L162-176); not a person id"
Live/Live_93.mov,Live/Live_93.mov,,Live_93,train_A_pretrain;trainlist_live,1,,none,8667dbcd316b38141729c057adf7517fe0602608,no official source maps a video to a person identity,NO_EVIDENCE,"protocol name = video stem (preprocessing.py L31, config_siwm.py L162-176); not a person id"
Live/Live_94.mov,Live/Live_94.mov,,Live_94,testlist_live;train_B_spoof,1,,none,8667dbcd316b38141729c057adf7517fe0602608,no official source maps a video to a person identity,NO_EVIDENCE,"protocol name = video stem (preprocessing.py L31, config_siwm.py L162-176); not a person id"
Live/Live_95.mov,Live/Live_95.mov,,Live_95,train_A_pretrain;trainlist_live,1,,none,8667dbcd316b38141729c057adf7517fe0602608,no official source maps a video to a person identity,NO_EVIDENCE,"protocol name = video stem (preprocessing.py L31, config_siwm.py L162-176); not a person id"
Live/Live_96.mov,Live/Live_96.mov,,Live_96,test_C_race;trainlist_live,1,,none,8667dbcd316b38141729c057adf7517fe0602608,no official source maps a video to a person identity,NO_EVIDENCE,"protocol name = video stem (preprocessing.py L31, config_siwm.py L162-176); not a person id"
Live/Live_97.mov,Live/Live_97.mov,,Live_97,testlist_live;train_A_pretrain,1,,none,8667dbcd316b38141729c057adf7517fe0602608,no official source maps a video to a person identity,NO_EVIDENCE,"protocol name = video stem (preprocessing.py L31, config_siwm.py L162-176); not a person id"
Live/Live_98.mov,Live/Live_98.mov,,Live_98,test_A_pretrain;trainlist_live,1,,none,8667dbcd316b38141729c057adf7517fe0602608,no official source maps a video to a person identity,NO_EVIDENCE,"protocol name = video stem (preprocessing.py L31, config_siwm.py L162-176); not a person id"
Live/Live_99.mov,Live/Live_99.mov,,Live_99,train_A_pretrain;trainlist_live,1,,none,8667dbcd316b38141729c057adf7517fe0602608,no official source maps a video to a person identity,NO_EVIDENCE,"protocol name = video stem (preprocessing.py L31, config_siwm.py L162-176); not a person id"
Spoof/Makeup_Cosmetic/Makeup_Co_10.mov,Spoof/Makeup_Cosmetic/Makeup_Co_10.mov,Makeup_Cosmetic,Makeup_Co_10,test_B_spoof;testlist_all,1,,none,8667dbcd316b38141729c057adf7517fe0602608,no official source maps a video to a person identity,NO_EVIDENCE,"protocol name = video stem (preprocessing.py L31, config_siwm.py L162-176); not a person id"
Spoof/Makeup_Cosmetic/Makeup_Co_11.mov,Spoof/Makeup_Cosmetic/Makeup_Co_11.mov,Makeup_Cosmetic,Makeup_Co_11,train_B_spoof;trainlist_all,4,,none,8667dbcd316b38141729c057adf7517fe0602608,no official source maps a video to a person identity,NO_EVIDENCE,"protocol name = video stem (preprocessing.py L31, config_siwm.py L162-176); not a person id"
Spoof/Makeup_Cosmetic/Makeup_Co_12.mov,Spoof/Makeup_Cosmetic/Makeup_Co_12.mov,Makeup_Cosmetic,Makeup_Co_12,train_B_spoof;trainlist_all,4,,none,8667dbcd316b38141729c057adf7517fe0602608,no official source maps a video to a person identity,NO_EVIDENCE,"protocol name = video stem (preprocessing.py L31, config_siwm.py L162-176); not a person id"
Spoof/Makeup_Cosmetic/Makeup_Co_13.mov,Spoof/Makeup_Cosmetic/Makeup_Co_13.mov,Makeup_Cosmetic,Makeup_Co_13,testlist_all;train_B_spoof,3,,none,8667dbcd316b38141729c057adf7517fe0602608,no official source maps a video to a person identity,NO_EVIDENCE,"protocol name = video stem (preprocessing.py L31, config_siwm.py L162-176); not a person id"
Spoof/Makeup_Cosmetic/Makeup_Co_14.mov,Spoof/Makeup_Cosmetic/Makeup_Co_14.mov,Makeup_Cosmetic,Makeup_Co_14,train_B_spoof;trainlist_all,4,,none,8667dbcd316b38141729c057adf7517fe0602608,no official source maps a video to a person identity,NO_EVIDENCE,"protocol name = video stem (preprocessing.py L31, config_siwm.py L162-176); not a person id"
Spoof/Makeup_Cosmetic/Makeup_Co_15.mov,Spoof/Makeup_Cosmetic/Makeup_Co_15.mov,Makeup_Cosmetic,Makeup_Co_15,train_B_spoof;trainlist_all,4,,none,8667dbcd316b38141729c057adf7517fe0602608,no official source maps a video to a person identity,NO_EVIDENCE,"protocol name = video stem (preprocessing.py L31, config_siwm.py L162-176); not a person id"
Spoof/Makeup_Cosmetic/Makeup_Co_18.mov,Spoof/Makeup_Cosmetic/Makeup_Co_18.mov,Makeup_Cosmetic,Makeup_Co_18,train_B_spoof;trainlist_all,4,,none,8667dbcd316b38141729c057adf7517fe0602608,no official source maps a video to a person identity,NO_EVIDENCE,"protocol name = video stem (preprocessing.py L31, config_siwm.py L162-176); not a person id"
Spoof/Makeup_Cosmetic/Makeup_Co_19.mov,Spoof/Makeup_Cosmetic/Makeup_Co_19.mov,Makeup_Cosmetic,Makeup_Co_19,testlist_all;train_B_spoof,3,,none,8667dbcd316b38141729c057adf7517fe0602608,no official source maps a video to a person identity,NO_EVIDENCE,"protocol name = video stem (preprocessing.py L31, config_siwm.py L162-176); not a person id"
Spoof/Makeup_Cosmetic/Makeup_Co_20.mov,Spoof/Makeup_Cosmetic/Makeup_Co_20.mov,Makeup_Cosmetic,Makeup_Co_20,testlist_all;train_B_spoof,2,,none,8667dbcd316b38141729c057adf7517fe0602608,no official source maps a video to a person identity,NO_EVIDENCE,"protocol name = video stem (preprocessing.py L31, config_siwm.py L162-176); not a person id"
Spoof/Makeup_Cosmetic/Makeup_Co_21.mov,Spoof/Makeup_Cosmetic/Makeup_Co_21.mov,Makeup_Cosmetic,Makeup_Co_21,test_B_spoof;trainlist_all,4,,none,8667dbcd316b38141729c057adf7517fe0602608,no official source maps a video to a person identity,NO_EVIDENCE,"protocol name = video stem (preprocessing.py L31, config_siwm.py L162-176); not a person id"
Spoof/Makeup_Cosmetic/Makeup_Co_22.mov,Spoof/Makeup_Cosmetic/Makeup_Co_22.mov,Makeup_Cosmetic,Makeup_Co_22,train_B_spoof;trainlist_all,4,,none,8667dbcd316b38141729c057adf7517fe0602608,no official source maps a video to a person identity,NO_EVIDENCE,"protocol name = video stem (preprocessing.py L31, config_siwm.py L162-176); not a person id"
Spoof/Makeup_Cosmetic/Makeup_Co_23.mov,Spoof/Makeup_Cosmetic/Makeup_Co_23.mov,Makeup_Cosmetic,Makeup_Co_23,test_B_spoof;trainlist_all,4,,none,8667dbcd316b38141729c057adf7517fe0602608,no official source maps a video to a person identity,NO_EVIDENCE,"protocol name = video stem (preprocessing.py L31, config_siwm.py L162-176); not a person id"
Spoof/Makeup_Cosmetic/Makeup_Co_24.mov,Spoof/Makeup_Cosmetic/Makeup_Co_24.mov,Makeup_Cosmetic,Makeup_Co_24,test_B_spoof;testlist_all,1,,none,8667dbcd316b38141729c057adf7517fe0602608,no official source maps a video to a person identity,NO_EVIDENCE,"protocol name = video stem (preprocessing.py L31, config_siwm.py L162-176); not a person id"
Spoof/Makeup_Cosmetic/Makeup_Co_25.mov,Spoof/Makeup_Cosmetic/Makeup_Co_25.mov,Makeup_Cosmetic,Makeup_Co_25,train_B_spoof;trainlist_all,4,,none,8667dbcd316b38141729c057adf7517fe0602608,no official source maps a video to a person identity,NO_EVIDENCE,"protocol name = video stem (preprocessing.py L31, config_siwm.py L162-176); not a person id"
Spoof/Makeup_Cosmetic/Makeup_Co_28.mov,Spoof/Makeup_Cosmetic/Makeup_Co_28.mov,Makeup_Cosmetic,Makeup_Co_28,testlist_all;train_B_spoof,2,,none,8667dbcd316b38141729c057adf7517fe0602608,no official source maps a video to a person identity,NO_EVIDENCE,"protocol name = video stem (preprocessing.py L31, config_siwm.py L162-176); not a person id"
Spoof/Makeup_Cosmetic/Makeup_Co_29.mov,Spoof/Makeup_Cosmetic/Makeup_Co_29.mov,Makeup_Cosmetic,Makeup_Co_29,testlist_all;train_B_spoof,3,,none,8667dbcd316b38141729c057adf7517fe0602608,no official source maps a video to a person identity,NO_EVIDENCE,"protocol name = video stem (preprocessing.py L31, config_siwm.py L162-176); not a person id"
Spoof/Makeup_Cosmetic/Makeup_Co_30.mov,Spoof/Makeup_Cosmetic/Makeup_Co_30.mov,Makeup_Cosmetic,Makeup_Co_30,train_B_spoof;trainlist_all,4,,none,8667dbcd316b38141729c057adf7517fe0602608,no official source maps a video to a person identity,NO_EVIDENCE,"protocol name = video stem (preprocessing.py L31, config_siwm.py L162-176); not a person id"
Spoof/Makeup_Cosmetic/Makeup_Co_31.mov,Spoof/Makeup_Cosmetic/Makeup_Co_31.mov,Makeup_Cosmetic,Makeup_Co_31,train_B_spoof;trainlist_all,4,,none,8667dbcd316b38141729c057adf7517fe0602608,no official source maps a video to a person identity,NO_EVIDENCE,"protocol name = video stem (preprocessing.py L31, config_siwm.py L162-176); not a person id"
Spoof/Makeup_Cosmetic/Makeup_Co_32.mov,Spoof/Makeup_Cosmetic/Makeup_Co_32.mov,Makeup_Cosmetic,Makeup_Co_32,testlist_all;train_B_spoof,3,,none,8667dbcd316b38141729c057adf7517fe0602608,no official source maps a video to a person identity,NO_EVIDENCE,"protocol name = video stem (preprocessing.py L31, config_siwm.py L162-176); not a person id"
Spoof/Makeup_Cosmetic/Makeup_Co_33.mov,Spoof/Makeup_Cosmetic/Makeup_Co_33.mov,Makeup_Cosmetic,Makeup_Co_33,train_B_spoof;trainlist_all,4,,none,8667dbcd316b38141729c057adf7517fe0602608,no official source maps a video to a person identity,NO_EVIDENCE,"protocol name = video stem (preprocessing.py L31, config_siwm.py L162-176); not a person id"
Spoof/Makeup_Cosmetic/Makeup_Co_34.mov,Spoof/Makeup_Cosmetic/Makeup_Co_34.mov,Makeup_Cosmetic,Makeup_Co_34,train_B_spoof;trainlist_all,4,,none,8667dbcd316b38141729c057adf7517fe0602608,no official source maps a video to a person identity,NO_EVIDENCE,"protocol name = video stem (preprocessing.py L31, config_siwm.py L162-176); not a person id"
Spoof/Makeup_Cosmetic/Makeup_Co_35.mov,Spoof/Makeup_Cosmetic/Makeup_Co_35.mov,Makeup_Cosmetic,Makeup_Co_35,test_B_spoof;testlist_all,1,,none,8667dbcd316b38141729c057adf7517fe0602608,no official source maps a video to a person identity,NO_EVIDENCE,"protocol name = video stem (preprocessing.py L31, config_siwm.py L162-176); not a person id"
Spoof/Makeup_Cosmetic/Makeup_Co_36.mov,Spoof/Makeup_Cosmetic/Makeup_Co_36.mov,Makeup_Cosmetic,Makeup_Co_36,testlist_all;train_B_spoof,2,,none,8667dbcd316b38141729c057adf7517fe0602608,no official source maps a video to a person identity,NO_EVIDENCE,"protocol name = video stem (preprocessing.py L31, config_siwm.py L162-176); not a person id"
Spoof/Makeup_Cosmetic/Makeup_Co_37.mov,Spoof/Makeup_Cosmetic/Makeup_Co_37.mov,Makeup_Cosmetic,Makeup_Co_37,testlist_all;train_B_spoof,2,,none,8667dbcd316b38141729c057adf7517fe0602608,no official source maps a video to a person identity,NO_EVIDENCE,"protocol name = video stem (preprocessing.py L31, config_siwm.py L162-176); not a person id"
Spoof/Makeup_Cosmetic/Makeup_Co_38.mov,Spoof/Makeup_Cosmetic/Makeup_Co_38.mov,Makeup_Cosmetic,Makeup_Co_38,testlist_all;train_B_spoof,3,,none,8667dbcd316b38141729c057adf7517fe0602608,no official source maps a video to a person identity,NO_EVIDENCE,"protocol name = video stem (preprocessing.py L31, config_siwm.py L162-176); not a person id"
Spoof/Makeup_Cosmetic/Makeup_Co_39.mov,Spoof/Makeup_Cosmetic/Makeup_Co_39.mov,Makeup_Cosmetic,Makeup_Co_39,test_B_spoof;testlist_all,1,,none,8667dbcd316b38141729c057adf7517fe0602608,no official source maps a video to a person identity,NO_EVIDENCE,"protocol name = video stem (preprocessing.py L31, config_siwm.py L162-176); not a person id"
Spoof/Makeup_Cosmetic/Makeup_Co_40.mov,Spoof/Makeup_Cosmetic/Makeup_Co_40.mov,Makeup_Cosmetic,Makeup_Co_40,testlist_all;train_B_spoof,2,,none,8667dbcd316b38141729c057adf7517fe0602608,no official source maps a video to a person identity,NO_EVIDENCE,"protocol name = video stem (preprocessing.py L31, config_siwm.py L162-176); not a person id"
Spoof/Makeup_Cosmetic/Makeup_Co_41.mov,Spoof/Makeup_Cosmetic/Makeup_Co_41.mov,Makeup_Cosmetic,Makeup_Co_41,train_B_spoof;trainlist_all,3,,none,8667dbcd316b38141729c057adf7517fe0602608,no official source maps a video to a person identity,NO_EVIDENCE,"protocol name = video stem (preprocessing.py L31, config_siwm.py L162-176); not a person id"
Spoof/Makeup_Cosmetic/Makeup_Co_42.mov,Spoof/Makeup_Cosmetic/Makeup_Co_42.mov,Makeup_Cosmetic,Makeup_Co_42,train_B_spoof;trainlist_all,3,,none,8667dbcd316b38141729c057adf7517fe0602608,no official source maps a video to a person identity,NO_EVIDENCE,"protocol name = video stem (preprocessing.py L31, config_siwm.py L162-176); not a person id"
Spoof/Makeup_Cosmetic/Makeup_Co_43.mov,Spoof/Makeup_Cosmetic/Makeup_Co_43.mov,Makeup_Cosmetic,Makeup_Co_43,train_B_spoof;trainlist_all,3,,none,8667dbcd316b38141729c057adf7517fe0602608,no official source maps a video to a person identity,NO_EVIDENCE,"protocol name = video stem (preprocessing.py L31, config_siwm.py L162-176); not a person id"
Spoof/Makeup_Cosmetic/Makeup_Co_44.mov,Spoof/Makeup_Cosmetic/Makeup_Co_44.mov,Makeup_Cosmetic,Makeup_Co_44,train_B_spoof;trainlist_all,3,,none,8667dbcd316b38141729c057adf7517fe0602608,no official source maps a video to a person identity,NO_EVIDENCE,"protocol name = video stem (preprocessing.py L31, config_siwm.py L162-176); not a person id"
Spoof/Makeup_Cosmetic/Makeup_Co_45.mov,Spoof/Makeup_Cosmetic/Makeup_Co_45.mov,Makeup_Cosmetic,Makeup_Co_45,train_B_spoof;trainlist_all,3,,none,8667dbcd316b38141729c057adf7517fe0602608,no official source maps a video to a person identity,NO_EVIDENCE,"protocol name = video stem (preprocessing.py L31, config_siwm.py L162-176); not a person id"
Spoof/Makeup_Cosmetic/Makeup_Co_46.mov,Spoof/Makeup_Cosmetic/Makeup_Co_46.mov,Makeup_Cosmetic,Makeup_Co_46,test_B_spoof;testlist_all,1,,none,8667dbcd316b38141729c057adf7517fe0602608,no official source maps a video to a person identity,NO_EVIDENCE,"protocol name = video stem (preprocessing.py L31, config_siwm.py L162-176); not a person id"
Spoof/Makeup_Cosmetic/Makeup_Co_47.mov,Spoof/Makeup_Cosmetic/Makeup_Co_47.mov,Makeup_Cosmetic,Makeup_Co_47,test_B_spoof;testlist_all,1,,none,8667dbcd316b38141729c057adf7517fe0602608,no official source maps a video to a person identity,NO_EVIDENCE,"protocol name = video stem (preprocessing.py L31, config_siwm.py L162-176); not a person id"
Spoof/Makeup_Cosmetic/Makeup_Co_48.mov,Spoof/Makeup_Cosmetic/Makeup_Co_48.mov,Makeup_Cosmetic,Makeup_Co_48,train_B_spoof;trainlist_all,3,,none,8667dbcd316b38141729c057adf7517fe0602608,no official source maps a video to a person identity,NO_EVIDENCE,"protocol name = video stem (preprocessing.py L31, config_siwm.py L162-176); not a person id"
Spoof/Makeup_Cosmetic/Makeup_Co_49.mov,Spoof/Makeup_Cosmetic/Makeup_Co_49.mov,Makeup_Cosmetic,Makeup_Co_49,test_B_spoof;testlist_all,1,,none,8667dbcd316b38141729c057adf7517fe0602608,no official source maps a video to a person identity,NO_EVIDENCE,"protocol name = video stem (preprocessing.py L31, config_siwm.py L162-176); not a person id"
Spoof/Makeup_Cosmetic/Makeup_Co_5.mov,Spoof/Makeup_Cosmetic/Makeup_Co_5.mov,Makeup_Cosmetic,Makeup_Co_5,train_B_spoof;trainlist_all,4,,none,8667dbcd316b38141729c057adf7517fe0602608,no official source maps a video to a person identity,NO_EVIDENCE,"protocol name = video stem (preprocessing.py L31, config_siwm.py L162-176); not a person id"
Spoof/Makeup_Cosmetic/Makeup_Co_50.mov,Spoof/Makeup_Cosmetic/Makeup_Co_50.mov,Makeup_Cosmetic,Makeup_Co_50,testlist_all;train_B_spoof,2,,none,8667dbcd316b38141729c057adf7517fe0602608,no official source maps a video to a person identity,NO_EVIDENCE,"protocol name = video stem (preprocessing.py L31, config_siwm.py L162-176); not a person id"
Spoof/Makeup_Cosmetic/Makeup_Co_51.mov,Spoof/Makeup_Cosmetic/Makeup_Co_51.mov,Makeup_Cosmetic,Makeup_Co_51,testlist_all;train_B_spoof,3,,none,8667dbcd316b38141729c057adf7517fe0602608,no official source maps a video to a person identity,NO_EVIDENCE,"protocol name = video stem (preprocessing.py L31, config_siwm.py L162-176); not a person id"
Spoof/Makeup_Cosmetic/Makeup_Co_52.mov,Spoof/Makeup_Cosmetic/Makeup_Co_52.mov,Makeup_Cosmetic,Makeup_Co_52,testlist_all;train_B_spoof,2,,none,8667dbcd316b38141729c057adf7517fe0602608,no official source maps a video to a person identity,NO_EVIDENCE,"protocol name = video stem (preprocessing.py L31, config_siwm.py L162-176); not a person id"
Spoof/Makeup_Cosmetic/Makeup_Co_53.mov,Spoof/Makeup_Cosmetic/Makeup_Co_53.mov,Makeup_Cosmetic,Makeup_Co_53,testlist_all;train_B_spoof,2,,none,8667dbcd316b38141729c057adf7517fe0602608,no official source maps a video to a person identity,NO_EVIDENCE,"protocol name = video stem (preprocessing.py L31, config_siwm.py L162-176); not a person id"
Spoof/Makeup_Cosmetic/Makeup_Co_54.mov,Spoof/Makeup_Cosmetic/Makeup_Co_54.mov,Makeup_Cosmetic,Makeup_Co_54,testlist_all;train_B_spoof,3,,none,8667dbcd316b38141729c057adf7517fe0602608,no official source maps a video to a person identity,NO_EVIDENCE,"protocol name = video stem (preprocessing.py L31, config_siwm.py L162-176); not a person id"
Spoof/Makeup_Cosmetic/Makeup_Co_55.mp4,Spoof/Makeup_Cosmetic/Makeup_Co_55.mp4,Makeup_Cosmetic,Makeup_Co_55,train_B_spoof;trainlist_all,3,,none,8667dbcd316b38141729c057adf7517fe0602608,no official source maps a video to a person identity,NO_EVIDENCE,"protocol name = video stem (preprocessing.py L31, config_siwm.py L162-176); not a person id"
Spoof/Makeup_Cosmetic/Makeup_Co_56.mp4,Spoof/Makeup_Cosmetic/Makeup_Co_56.mp4,Makeup_Cosmetic,Makeup_Co_56,train_B_spoof;trainlist_all,3,,none,8667dbcd316b38141729c057adf7517fe0602608,no official source maps a video to a person identity,NO_EVIDENCE,"protocol name = video stem (preprocessing.py L31, config_siwm.py L162-176); not a person id"
Spoof/Makeup_Cosmetic/Makeup_Co_57.mp4,Spoof/Makeup_Cosmetic/Makeup_Co_57.mp4,Makeup_Cosmetic,Makeup_Co_57,train_B_spoof;trainlist_all,3,,none,8667dbcd316b38141729c057adf7517fe0602608,no official source maps a video to a person identity,NO_EVIDENCE,"protocol name = video stem (preprocessing.py L31, config_siwm.py L162-176); not a person id"
Spoof/Makeup_Cosmetic/Makeup_Co_58.mp4,Spoof/Makeup_Cosmetic/Makeup_Co_58.mp4,Makeup_Cosmetic,Makeup_Co_58,train_B_spoof;trainlist_all,3,,none,8667dbcd316b38141729c057adf7517fe0602608,no official source maps a video to a person identity,NO_EVIDENCE,"protocol name = video stem (preprocessing.py L31, config_siwm.py L162-176); not a person id"
Spoof/Makeup_Cosmetic/Makeup_Co_59.mp4,Spoof/Makeup_Cosmetic/Makeup_Co_59.mp4,Makeup_Cosmetic,Makeup_Co_59,train_B_spoof;trainlist_all,3,,none,8667dbcd316b38141729c057adf7517fe0602608,no official source maps a video to a person identity,NO_EVIDENCE,"protocol name = video stem (preprocessing.py L31, config_siwm.py L162-176); not a person id"
Spoof/Makeup_Cosmetic/Makeup_Co_6.mov,Spoof/Makeup_Cosmetic/Makeup_Co_6.mov,Makeup_Cosmetic,Makeup_Co_6,train_B_spoof;trainlist_all,4,,none,8667dbcd316b38141729c057adf7517fe0602608,no official source maps a video to a person identity,NO_EVIDENCE,"protocol name = video stem (preprocessing.py L31, config_siwm.py L162-176); not a person id"
Spoof/Makeup_Cosmetic/Makeup_Co_60.mp4,Spoof/Makeup_Cosmetic/Makeup_Co_60.mp4,Makeup_Cosmetic,Makeup_Co_60,train_B_spoof;trainlist_all,3,,none,8667dbcd316b38141729c057adf7517fe0602608,no official source maps a video to a person identity,NO_EVIDENCE,"protocol name = video stem (preprocessing.py L31, config_siwm.py L162-176); not a person id"
Spoof/Makeup_Cosmetic/Makeup_Co_7.mov,Spoof/Makeup_Cosmetic/Makeup_Co_7.mov,Makeup_Cosmetic,Makeup_Co_7,testlist_all;train_B_spoof,2,,none,8667dbcd316b38141729c057adf7517fe0602608,no official source maps a video to a person identity,NO_EVIDENCE,"protocol name = video stem (preprocessing.py L31, config_siwm.py L162-176); not a person id"
Spoof/Makeup_Cosmetic/Makeup_Co_8.mov,Spoof/Makeup_Cosmetic/Makeup_Co_8.mov,Makeup_Cosmetic,Makeup_Co_8,train_B_spoof;trainlist_all,4,,none,8667dbcd316b38141729c057adf7517fe0602608,no official source maps a video to a person identity,NO_EVIDENCE,"protocol name = video stem (preprocessing.py L31, config_siwm.py L162-176); not a person id"
Spoof/Makeup_Cosmetic/Makeup_Co_9.mov,Spoof/Makeup_Cosmetic/Makeup_Co_9.mov,Makeup_Cosmetic,Makeup_Co_9,testlist_all;train_B_spoof,3,,none,8667dbcd316b38141729c057adf7517fe0602608,no official source maps a video to a person identity,NO_EVIDENCE,"protocol name = video stem (preprocessing.py L31, config_siwm.py L162-176); not a person id"
Spoof/Makeup_Impersonation/Makeup_Im_1.mov,Spoof/Makeup_Impersonation/Makeup_Im_1.mov,Makeup_Impersonation,Makeup_Im_1,train_A_pretrain;trainlist_all,3,,none,8667dbcd316b38141729c057adf7517fe0602608,no official source maps a video to a person identity,NO_EVIDENCE,"protocol name = video stem (preprocessing.py L31, config_siwm.py L162-176); not a person id"
Spoof/Makeup_Impersonation/Makeup_Im_10.mov,Spoof/Makeup_Impersonation/Makeup_Im_10.mov,Makeup_Impersonation,Makeup_Im_10,train_A_pretrain;trainlist_all,3,,none,8667dbcd316b38141729c057adf7517fe0602608,no official source maps a video to a person identity,NO_EVIDENCE,"protocol name = video stem (preprocessing.py L31, config_siwm.py L162-176); not a person id"
Spoof/Makeup_Impersonation/Makeup_Im_11.mov,Spoof/Makeup_Impersonation/Makeup_Im_11.mov,Makeup_Impersonation,Makeup_Im_11,train_A_pretrain;trainlist_all,3,,none,8667dbcd316b38141729c057adf7517fe0602608,no official source maps a video to a person identity,NO_EVIDENCE,"protocol name = video stem (preprocessing.py L31, config_siwm.py L162-176); not a person id"
Spoof/Makeup_Impersonation/Makeup_Im_12.mov,Spoof/Makeup_Impersonation/Makeup_Im_12.mov,Makeup_Impersonation,Makeup_Im_12,test_A_pretrain;trainlist_all,3,,none,8667dbcd316b38141729c057adf7517fe0602608,no official source maps a video to a person identity,NO_EVIDENCE,"protocol name = video stem (preprocessing.py L31, config_siwm.py L162-176); not a person id"
Spoof/Makeup_Impersonation/Makeup_Im_13.mov,Spoof/Makeup_Impersonation/Makeup_Im_13.mov,Makeup_Impersonation,Makeup_Im_13,train_A_pretrain;trainlist_all,3,,none,8667dbcd316b38141729c057adf7517fe0602608,no official source maps a video to a person identity,NO_EVIDENCE,"protocol name = video stem (preprocessing.py L31, config_siwm.py L162-176); not a person id"
Spoof/Makeup_Impersonation/Makeup_Im_14.mov,Spoof/Makeup_Impersonation/Makeup_Im_14.mov,Makeup_Impersonation,Makeup_Im_14,test_A_pretrain;trainlist_all,3,,none,8667dbcd316b38141729c057adf7517fe0602608,no official source maps a video to a person identity,NO_EVIDENCE,"protocol name = video stem (preprocessing.py L31, config_siwm.py L162-176); not a person id"
Spoof/Makeup_Impersonation/Makeup_Im_15.mov,Spoof/Makeup_Impersonation/Makeup_Im_15.mov,Makeup_Impersonation,Makeup_Im_15,train_A_pretrain;trainlist_all,3,,none,8667dbcd316b38141729c057adf7517fe0602608,no official source maps a video to a person identity,NO_EVIDENCE,"protocol name = video stem (preprocessing.py L31, config_siwm.py L162-176); not a person id"
Spoof/Makeup_Impersonation/Makeup_Im_16.mov,Spoof/Makeup_Impersonation/Makeup_Im_16.mov,Makeup_Impersonation,Makeup_Im_16,train_A_pretrain;trainlist_all,3,,none,8667dbcd316b38141729c057adf7517fe0602608,no official source maps a video to a person identity,NO_EVIDENCE,"protocol name = video stem (preprocessing.py L31, config_siwm.py L162-176); not a person id"
Spoof/Makeup_Impersonation/Makeup_Im_17.mov,Spoof/Makeup_Impersonation/Makeup_Im_17.mov,Makeup_Impersonation,Makeup_Im_17,train_A_pretrain;trainlist_all,3,,none,8667dbcd316b38141729c057adf7517fe0602608,no official source maps a video to a person identity,NO_EVIDENCE,"protocol name = video stem (preprocessing.py L31, config_siwm.py L162-176); not a person id"
Spoof/Makeup_Impersonation/Makeup_Im_18.mov,Spoof/Makeup_Impersonation/Makeup_Im_18.mov,Makeup_Impersonation,Makeup_Im_18,train_A_pretrain;trainlist_all,3,,none,8667dbcd316b38141729c057adf7517fe0602608,no official source maps a video to a person identity,NO_EVIDENCE,"protocol name = video stem (preprocessing.py L31, config_siwm.py L162-176); not a person id"
Spoof/Makeup_Impersonation/Makeup_Im_19.mov,Spoof/Makeup_Impersonation/Makeup_Im_19.mov,Makeup_Impersonation,Makeup_Im_19,train_A_pretrain;trainlist_all,3,,none,8667dbcd316b38141729c057adf7517fe0602608,no official source maps a video to a person identity,NO_EVIDENCE,"protocol name = video stem (preprocessing.py L31, config_siwm.py L162-176); not a person id"
Spoof/Makeup_Impersonation/Makeup_Im_2.mov,Spoof/Makeup_Impersonation/Makeup_Im_2.mov,Makeup_Impersonation,Makeup_Im_2,train_A_pretrain;trainlist_all,3,,none,8667dbcd316b38141729c057adf7517fe0602608,no official source maps a video to a person identity,NO_EVIDENCE,"protocol name = video stem (preprocessing.py L31, config_siwm.py L162-176); not a person id"
Spoof/Makeup_Impersonation/Makeup_Im_20.mov,Spoof/Makeup_Impersonation/Makeup_Im_20.mov,Makeup_Impersonation,Makeup_Im_20,test_A_pretrain;trainlist_all,3,,none,8667dbcd316b38141729c057adf7517fe0602608,no official source maps a video to a person identity,NO_EVIDENCE,"protocol name = video stem (preprocessing.py L31, config_siwm.py L162-176); not a person id"
Spoof/Makeup_Impersonation/Makeup_Im_21.mov,Spoof/Makeup_Impersonation/Makeup_Im_21.mov,Makeup_Impersonation,Makeup_Im_21,train_A_pretrain;trainlist_all,3,,none,8667dbcd316b38141729c057adf7517fe0602608,no official source maps a video to a person identity,NO_EVIDENCE,"protocol name = video stem (preprocessing.py L31, config_siwm.py L162-176); not a person id"
Spoof/Makeup_Impersonation/Makeup_Im_22.mov,Spoof/Makeup_Impersonation/Makeup_Im_22.mov,Makeup_Impersonation,Makeup_Im_22,train_A_pretrain;trainlist_all,3,,none,8667dbcd316b38141729c057adf7517fe0602608,no official source maps a video to a person identity,NO_EVIDENCE,"protocol name = video stem (preprocessing.py L31, config_siwm.py L162-176); not a person id"
Spoof/Makeup_Impersonation/Makeup_Im_23.mov,Spoof/Makeup_Impersonation/Makeup_Im_23.mov,Makeup_Impersonation,Makeup_Im_23,test_A_pretrain;trainlist_all,2,,none,8667dbcd316b38141729c057adf7517fe0602608,no official source maps a video to a person identity,NO_EVIDENCE,"protocol name = video stem (preprocessing.py L31, config_siwm.py L162-176); not a person id"
Spoof/Makeup_Impersonation/Makeup_Im_24.mov,Spoof/Makeup_Impersonation/Makeup_Im_24.mov,Makeup_Impersonation,Makeup_Im_24,test_A_pretrain;trainlist_all,2,,none,8667dbcd316b38141729c057adf7517fe0602608,no official source maps a video to a person identity,NO_EVIDENCE,"protocol name = video stem (preprocessing.py L31, config_siwm.py L162-176); not a person id"
Spoof/Makeup_Impersonation/Makeup_Im_25.mov,Spoof/Makeup_Impersonation/Makeup_Im_25.mov,Makeup_Impersonation,Makeup_Im_25,train_A_pretrain;trainlist_all,2,,none,8667dbcd316b38141729c057adf7517fe0602608,no official source maps a video to a person identity,NO_EVIDENCE,"protocol name = video stem (preprocessing.py L31, config_siwm.py L162-176); not a person id"
Spoof/Makeup_Impersonation/Makeup_Im_26.mov,Spoof/Makeup_Impersonation/Makeup_Im_26.mov,Makeup_Impersonation,Makeup_Im_26,train_A_pretrain;trainlist_all,2,,none,8667dbcd316b38141729c057adf7517fe0602608,no official source maps a video to a person identity,NO_EVIDENCE,"protocol name = video stem (preprocessing.py L31, config_siwm.py L162-176); not a person id"
Spoof/Makeup_Impersonation/Makeup_Im_27.mov,Spoof/Makeup_Impersonation/Makeup_Im_27.mov,Makeup_Impersonation,Makeup_Im_27,train_A_pretrain;trainlist_all,2,,none,8667dbcd316b38141729c057adf7517fe0602608,no official source maps a video to a person identity,NO_EVIDENCE,"protocol name = video stem (preprocessing.py L31, config_siwm.py L162-176); not a person id"
Spoof/Makeup_Impersonation/Makeup_Im_28.mov,Spoof/Makeup_Impersonation/Makeup_Im_28.mov,Makeup_Impersonation,Makeup_Im_28,train_A_pretrain;trainlist_all,2,,none,8667dbcd316b38141729c057adf7517fe0602608,no official source maps a video to a person identity,NO_EVIDENCE,"protocol name = video stem (preprocessing.py L31, config_siwm.py L162-176); not a person id"
Spoof/Makeup_Impersonation/Makeup_Im_29.mov,Spoof/Makeup_Impersonation/Makeup_Im_29.mov,Makeup_Impersonation,Makeup_Im_29,train_A_pretrain;trainlist_all,2,,none,8667dbcd316b38141729c057adf7517fe0602608,no official source maps a video to a person identity,NO_EVIDENCE,"protocol name = video stem (preprocessing.py L31, config_siwm.py L162-176); not a person id"
Spoof/Makeup_Impersonation/Makeup_Im_3.mov,Spoof/Makeup_Impersonation/Makeup_Im_3.mov,Makeup_Impersonation,Makeup_Im_3,train_A_pretrain;trainlist_all,3,,none,8667dbcd316b38141729c057adf7517fe0602608,no official source maps a video to a person identity,NO_EVIDENCE,"protocol name = video stem (preprocessing.py L31, config_siwm.py L162-176); not a person id"
Spoof/Makeup_Impersonation/Makeup_Im_30.mov,Spoof/Makeup_Impersonation/Makeup_Im_30.mov,Makeup_Impersonation,Makeup_Im_30,train_A_pretrain;trainlist_all,2,,none,8667dbcd316b38141729c057adf7517fe0602608,no official source maps a video to a person identity,NO_EVIDENCE,"protocol name = video stem (preprocessing.py L31, config_siwm.py L162-176); not a person id"
Spoof/Makeup_Impersonation/Makeup_Im_31.mov,Spoof/Makeup_Impersonation/Makeup_Im_31.mov,Makeup_Impersonation,Makeup_Im_31,train_A_pretrain;trainlist_all,2,,none,8667dbcd316b38141729c057adf7517fe0602608,no official source maps a video to a person identity,NO_EVIDENCE,"protocol name = video stem (preprocessing.py L31, config_siwm.py L162-176); not a person id"
Spoof/Makeup_Impersonation/Makeup_Im_32.mov,Spoof/Makeup_Impersonation/Makeup_Im_32.mov,Makeup_Impersonation,Makeup_Im_32,train_A_pretrain;trainlist_all,2,,none,8667dbcd316b38141729c057adf7517fe0602608,no official source maps a video to a person identity,NO_EVIDENCE,"protocol name = video stem (preprocessing.py L31, config_siwm.py L162-176); not a person id"
Spoof/Makeup_Impersonation/Makeup_Im_33.mov,Spoof/Makeup_Impersonation/Makeup_Im_33.mov,Makeup_Impersonation,Makeup_Im_33,train_A_pretrain;trainlist_all,2,,none,8667dbcd316b38141729c057adf7517fe0602608,no official source maps a video to a person identity,NO_EVIDENCE,"protocol name = video stem (preprocessing.py L31, config_siwm.py L162-176); not a person id"
Spoof/Makeup_Impersonation/Makeup_Im_34.mov,Spoof/Makeup_Impersonation/Makeup_Im_34.mov,Makeup_Impersonation,Makeup_Im_34,train_A_pretrain;trainlist_all,2,,none,8667dbcd316b38141729c057adf7517fe0602608,no official source maps a video to a person identity,NO_EVIDENCE,"protocol name = video stem (preprocessing.py L31, config_siwm.py L162-176); not a person id"
Spoof/Makeup_Impersonation/Makeup_Im_35.mov,Spoof/Makeup_Impersonation/Makeup_Im_35.mov,Makeup_Impersonation,Makeup_Im_35,test_A_pretrain;trainlist_all,2,,none,8667dbcd316b38141729c057adf7517fe0602608,no official source maps a video to a person identity,NO_EVIDENCE,"protocol name = video stem (preprocessing.py L31, config_siwm.py L162-176); not a person id"
Spoof/Makeup_Impersonation/Makeup_Im_36.mov,Spoof/Makeup_Impersonation/Makeup_Im_36.mov,Makeup_Impersonation,Makeup_Im_36,train_A_pretrain;trainlist_all,2,,none,8667dbcd316b38141729c057adf7517fe0602608,no official source maps a video to a person identity,NO_EVIDENCE,"protocol name = video stem (preprocessing.py L31, config_siwm.py L162-176); not a person id"
Spoof/Makeup_Impersonation/Makeup_Im_37.mov,Spoof/Makeup_Impersonation/Makeup_Im_37.mov,Makeup_Impersonation,Makeup_Im_37,train_A_pretrain;trainlist_all,2,,none,8667dbcd316b38141729c057adf7517fe0602608,no official source maps a video to a person identity,NO_EVIDENCE,"protocol name = video stem (preprocessing.py L31, config_siwm.py L162-176); not a person id"
Spoof/Makeup_Impersonation/Makeup_Im_38.mov,Spoof/Makeup_Impersonation/Makeup_Im_38.mov,Makeup_Impersonation,Makeup_Im_38,train_A_pretrain;trainlist_all,2,,none,8667dbcd316b38141729c057adf7517fe0602608,no official source maps a video to a person identity,NO_EVIDENCE,"protocol name = video stem (preprocessing.py L31, config_siwm.py L162-176); not a person id"
Spoof/Makeup_Impersonation/Makeup_Im_39.mov,Spoof/Makeup_Impersonation/Makeup_Im_39.mov,Makeup_Impersonation,Makeup_Im_39,train_A_pretrain;trainlist_all,2,,none,8667dbcd316b38141729c057adf7517fe0602608,no official source maps a video to a person identity,NO_EVIDENCE,"protocol name = video stem (preprocessing.py L31, config_siwm.py L162-176); not a person id"
Spoof/Makeup_Impersonation/Makeup_Im_4.mov,Spoof/Makeup_Impersonation/Makeup_Im_4.mov,Makeup_Impersonation,Makeup_Im_4,train_A_pretrain;trainlist_all,3,,none,8667dbcd316b38141729c057adf7517fe0602608,no official source maps a video to a person identity,NO_EVIDENCE,"protocol name = video stem (preprocessing.py L31, config_siwm.py L162-176); not a person id"
Spoof/Makeup_Impersonation/Makeup_Im_40.mov,Spoof/Makeup_Impersonation/Makeup_Im_40.mov,Makeup_Impersonation,Makeup_Im_40,testlist_all;train_A_pretrain,2,,none,8667dbcd316b38141729c057adf7517fe0602608,no official source maps a video to a person identity,NO_EVIDENCE,"protocol name = video stem (preprocessing.py L31, config_siwm.py L162-176); not a person id"
Spoof/Makeup_Impersonation/Makeup_Im_41.mov,Spoof/Makeup_Impersonation/Makeup_Im_41.mov,Makeup_Impersonation,Makeup_Im_41,testlist_all;train_A_pretrain,2,,none,8667dbcd316b38141729c057adf7517fe0602608,no official source maps a video to a person identity,NO_EVIDENCE,"protocol name = video stem (preprocessing.py L31, config_siwm.py L162-176); not a person id"
Spoof/Makeup_Impersonation/Makeup_Im_42.mov,Spoof/Makeup_Impersonation/Makeup_Im_42.mov,Makeup_Impersonation,Makeup_Im_42,testlist_all;train_A_pretrain,2,,none,8667dbcd316b38141729c057adf7517fe0602608,no official source maps a video to a person identity,NO_EVIDENCE,"protocol name = video stem (preprocessing.py L31, config_siwm.py L162-176); not a person id"
Spoof/Makeup_Impersonation/Makeup_Im_43.mov,Spoof/Makeup_Impersonation/Makeup_Im_43.mov,Makeup_Impersonation,Makeup_Im_43,testlist_all;train_A_pretrain,2,,none,8667dbcd316b38141729c057adf7517fe0602608,no official source maps a video to a person identity,NO_EVIDENCE,"protocol name = video stem (preprocessing.py L31, config_siwm.py L162-176); not a person id"
Spoof/Makeup_Impersonation/Makeup_Im_44.mov,Spoof/Makeup_Impersonation/Makeup_Im_44.mov,Makeup_Impersonation,Makeup_Im_44,test_A_pretrain;testlist_all,1,,none,8667dbcd316b38141729c057adf7517fe0602608,no official source maps a video to a person identity,NO_EVIDENCE,"protocol name = video stem (preprocessing.py L31, config_siwm.py L162-176); not a person id"
Spoof/Makeup_Impersonation/Makeup_Im_45.mov,Spoof/Makeup_Impersonation/Makeup_Im_45.mov,Makeup_Impersonation,Makeup_Im_45,testlist_all;train_A_pretrain,2,,none,8667dbcd316b38141729c057adf7517fe0602608,no official source maps a video to a person identity,NO_EVIDENCE,"protocol name = video stem (preprocessing.py L31, config_siwm.py L162-176); not a person id"
Spoof/Makeup_Impersonation/Makeup_Im_46.mov,Spoof/Makeup_Impersonation/Makeup_Im_46.mov,Makeup_Impersonation,Makeup_Im_46,testlist_all;train_A_pretrain,2,,none,8667dbcd316b38141729c057adf7517fe0602608,no official source maps a video to a person identity,NO_EVIDENCE,"protocol name = video stem (preprocessing.py L31, config_siwm.py L162-176); not a person id"
Spoof/Makeup_Impersonation/Makeup_Im_47.mov,Spoof/Makeup_Impersonation/Makeup_Im_47.mov,Makeup_Impersonation,Makeup_Im_47,testlist_all;train_A_pretrain,2,,none,8667dbcd316b38141729c057adf7517fe0602608,no official source maps a video to a person identity,NO_EVIDENCE,"protocol name = video stem (preprocessing.py L31, config_siwm.py L162-176); not a person id"
Spoof/Makeup_Impersonation/Makeup_Im_48.mov,Spoof/Makeup_Impersonation/Makeup_Im_48.mov,Makeup_Impersonation,Makeup_Im_48,testlist_all;train_A_pretrain,2,,none,8667dbcd316b38141729c057adf7517fe0602608,no official source maps a video to a person identity,NO_EVIDENCE,"protocol name = video stem (preprocessing.py L31, config_siwm.py L162-176); not a person id"
Spoof/Makeup_Impersonation/Makeup_Im_49.mov,Spoof/Makeup_Impersonation/Makeup_Im_49.mov,Makeup_Impersonation,Makeup_Im_49,testlist_all;train_A_pretrain,2,,none,8667dbcd316b38141729c057adf7517fe0602608,no official source maps a video to a person identity,NO_EVIDENCE,"protocol name = video stem (preprocessing.py L31, config_siwm.py L162-176); not a person id"
Spoof/Makeup_Impersonation/Makeup_Im_5.mov,Spoof/Makeup_Impersonation/Makeup_Im_5.mov,Makeup_Impersonation,Makeup_Im_5,train_A_pretrain;trainlist_all,3,,none,8667dbcd316b38141729c057adf7517fe0602608,no official source maps a video to a person identity,NO_EVIDENCE,"protocol name = video stem (preprocessing.py L31, config_siwm.py L162-176); not a person id"
Spoof/Makeup_Impersonation/Makeup_Im_50.mov,Spoof/Makeup_Impersonation/Makeup_Im_50.mov,Makeup_Impersonation,Makeup_Im_50,testlist_all;train_A_pretrain,2,,none,8667dbcd316b38141729c057adf7517fe0602608,no official source maps a video to a person identity,NO_EVIDENCE,"protocol name = video stem (preprocessing.py L31, config_siwm.py L162-176); not a person id"
Spoof/Makeup_Impersonation/Makeup_Im_51.mov,Spoof/Makeup_Impersonation/Makeup_Im_51.mov,Makeup_Impersonation,Makeup_Im_51,testlist_all;train_A_pretrain,2,,none,8667dbcd316b38141729c057adf7517fe0602608,no official source maps a video to a person identity,NO_EVIDENCE,"protocol name = video stem (preprocessing.py L31, config_siwm.py L162-176); not a person id"
Spoof/Makeup_Impersonation/Makeup_Im_52.mov,Spoof/Makeup_Impersonation/Makeup_Im_52.mov,Makeup_Impersonation,Makeup_Im_52,testlist_all;train_A_pretrain,2,,none,8667dbcd316b38141729c057adf7517fe0602608,no official source maps a video to a person identity,NO_EVIDENCE,"protocol name = video stem (preprocessing.py L31, config_siwm.py L162-176); not a person id"
Spoof/Makeup_Impersonation/Makeup_Im_53.mov,Spoof/Makeup_Impersonation/Makeup_Im_53.mov,Makeup_Impersonation,Makeup_Im_53,testlist_all;train_A_pretrain,2,,none,8667dbcd316b38141729c057adf7517fe0602608,no official source maps a video to a person identity,NO_EVIDENCE,"protocol name = video stem (preprocessing.py L31, config_siwm.py L162-176); not a person id"
Spoof/Makeup_Impersonation/Makeup_Im_56.mov,Spoof/Makeup_Impersonation/Makeup_Im_56.mov,Makeup_Impersonation,Makeup_Im_56,testlist_all;train_A_pretrain,2,,none,8667dbcd316b38141729c057adf7517fe0602608,no official source maps a video to a person identity,NO_EVIDENCE,"protocol name = video stem (preprocessing.py L31, config_siwm.py L162-176); not a person id"
Spoof/Makeup_Impersonation/Makeup_Im_57.mov,Spoof/Makeup_Impersonation/Makeup_Im_57.mov,Makeup_Impersonation,Makeup_Im_57,testlist_all;train_A_pretrain,1,,none,8667dbcd316b38141729c057adf7517fe0602608,no official source maps a video to a person identity,NO_EVIDENCE,"protocol name = video stem (preprocessing.py L31, config_siwm.py L162-176); not a person id"
Spoof/Makeup_Impersonation/Makeup_Im_58.mov,Spoof/Makeup_Impersonation/Makeup_Im_58.mov,Makeup_Impersonation,Makeup_Im_58,testlist_all;train_A_pretrain,2,,none,8667dbcd316b38141729c057adf7517fe0602608,no official source maps a video to a person identity,NO_EVIDENCE,"protocol name = video stem (preprocessing.py L31, config_siwm.py L162-176); not a person id"
Spoof/Makeup_Impersonation/Makeup_Im_59.mov,Spoof/Makeup_Impersonation/Makeup_Im_59.mov,Makeup_Impersonation,Makeup_Im_59,testlist_all;train_A_pretrain,2,,none,8667dbcd316b38141729c057adf7517fe0602608,no official source maps a video to a person identity,NO_EVIDENCE,"protocol name = video stem (preprocessing.py L31, config_siwm.py L162-176); not a person id"
Spoof/Makeup_Impersonation/Makeup_Im_6.mov,Spoof/Makeup_Impersonation/Makeup_Im_6.mov,Makeup_Impersonation,Makeup_Im_6,train_A_pretrain;trainlist_all,3,,none,8667dbcd316b38141729c057adf7517fe0602608,no official source maps a video to a person identity,NO_EVIDENCE,"protocol name = video stem (preprocessing.py L31, config_siwm.py L162-176); not a person id"
Spoof/Makeup_Impersonation/Makeup_Im_60.mov,Spoof/Makeup_Impersonation/Makeup_Im_60.mov,Makeup_Impersonation,Makeup_Im_60,testlist_all;train_A_pretrain,2,,none,8667dbcd316b38141729c057adf7517fe0602608,no official source maps a video to a person identity,NO_EVIDENCE,"protocol name = video stem (preprocessing.py L31, config_siwm.py L162-176); not a person id"
Spoof/Makeup_Impersonation/Makeup_Im_61.mov,Spoof/Makeup_Impersonation/Makeup_Im_61.mov,Makeup_Impersonation,Makeup_Im_61,testlist_all;train_A_pretrain,2,,none,8667dbcd316b38141729c057adf7517fe0602608,no official source maps a video to a person identity,NO_EVIDENCE,"protocol name = video stem (preprocessing.py L31, config_siwm.py L162-176); not a person id"
Spoof/Makeup_Impersonation/Makeup_Im_62.mov,Spoof/Makeup_Impersonation/Makeup_Im_62.mov,Makeup_Impersonation,Makeup_Im_62,testlist_all;train_A_pretrain,1,,none,8667dbcd316b38141729c057adf7517fe0602608,no official source maps a video to a person identity,NO_EVIDENCE,"protocol name = video stem (preprocessing.py L31, config_siwm.py L162-176); not a person id"
Spoof/Makeup_Impersonation/Makeup_Im_63.mov,Spoof/Makeup_Impersonation/Makeup_Im_63.mov,Makeup_Impersonation,Makeup_Im_63,testlist_all;train_A_pretrain,2,,none,8667dbcd316b38141729c057adf7517fe0602608,no official source maps a video to a person identity,NO_EVIDENCE,"protocol name = video stem (preprocessing.py L31, config_siwm.py L162-176); not a person id"
Spoof/Makeup_Impersonation/Makeup_Im_7.mov,Spoof/Makeup_Impersonation/Makeup_Im_7.mov,Makeup_Impersonation,Makeup_Im_7,train_A_pretrain;trainlist_all,3,,none,8667dbcd316b38141729c057adf7517fe0602608,no official source maps a video to a person identity,NO_EVIDENCE,"protocol name = video stem (preprocessing.py L31, config_siwm.py L162-176); not a person id"
Spoof/Makeup_Impersonation/Makeup_Im_8.mov,Spoof/Makeup_Impersonation/Makeup_Im_8.mov,Makeup_Impersonation,Makeup_Im_8,train_A_pretrain;trainlist_all,3,,none,8667dbcd316b38141729c057adf7517fe0602608,no official source maps a video to a person identity,NO_EVIDENCE,"protocol name = video stem (preprocessing.py L31, config_siwm.py L162-176); not a person id"
Spoof/Makeup_Impersonation/Makeup_Im_9.mov,Spoof/Makeup_Impersonation/Makeup_Im_9.mov,Makeup_Impersonation,Makeup_Im_9,train_A_pretrain;trainlist_all,3,,none,8667dbcd316b38141729c057adf7517fe0602608,no official source maps a video to a person identity,NO_EVIDENCE,"protocol name = video stem (preprocessing.py L31, config_siwm.py L162-176); not a person id"
Spoof/Makeup_Obfuscation/Makeup_Ob_1.mp4,Spoof/Makeup_Obfuscation/Makeup_Ob_1.mp4,Makeup_Obfuscation,Makeup_Ob_1,testlist_all;train_A_pretrain,5,,none,8667dbcd316b38141729c057adf7517fe0602608,no official source maps a video to a person identity,NO_EVIDENCE,"protocol name = video stem (preprocessing.py L31, config_siwm.py L162-176); not a person id"
Spoof/Makeup_Obfuscation/Makeup_Ob_10.mp4,Spoof/Makeup_Obfuscation/Makeup_Ob_10.mp4,Makeup_Obfuscation,Makeup_Ob_10,test_A_pretrain;trainlist_all,9,,none,8667dbcd316b38141729c057adf7517fe0602608,no official source maps a video to a person identity,NO_EVIDENCE,"protocol name = video stem (preprocessing.py L31, config_siwm.py L162-176); not a person id"
Spoof/Makeup_Obfuscation/Makeup_Ob_11.mp4,Spoof/Makeup_Obfuscation/Makeup_Ob_11.mp4,Makeup_Obfuscation,Makeup_Ob_11,train_A_pretrain;trainlist_all,8,,none,8667dbcd316b38141729c057adf7517fe0602608,no official source maps a video to a person identity,NO_EVIDENCE,"protocol name = video stem (preprocessing.py L31, config_siwm.py L162-176); not a person id"
Spoof/Makeup_Obfuscation/Makeup_Ob_12.mp4,Spoof/Makeup_Obfuscation/Makeup_Ob_12.mp4,Makeup_Obfuscation,Makeup_Ob_12,train_A_pretrain;trainlist_all,8,,none,8667dbcd316b38141729c057adf7517fe0602608,no official source maps a video to a person identity,NO_EVIDENCE,"protocol name = video stem (preprocessing.py L31, config_siwm.py L162-176); not a person id"
Spoof/Makeup_Obfuscation/Makeup_Ob_13.mp4,Spoof/Makeup_Obfuscation/Makeup_Ob_13.mp4,Makeup_Obfuscation,Makeup_Ob_13,train_A_pretrain;trainlist_all,8,,none,8667dbcd316b38141729c057adf7517fe0602608,no official source maps a video to a person identity,NO_EVIDENCE,"protocol name = video stem (preprocessing.py L31, config_siwm.py L162-176); not a person id"
Spoof/Makeup_Obfuscation/Makeup_Ob_14.mp4,Spoof/Makeup_Obfuscation/Makeup_Ob_14.mp4,Makeup_Obfuscation,Makeup_Ob_14,train_A_pretrain;trainlist_all,8,,none,8667dbcd316b38141729c057adf7517fe0602608,no official source maps a video to a person identity,NO_EVIDENCE,"protocol name = video stem (preprocessing.py L31, config_siwm.py L162-176); not a person id"
Spoof/Makeup_Obfuscation/Makeup_Ob_15.mp4,Spoof/Makeup_Obfuscation/Makeup_Ob_15.mp4,Makeup_Obfuscation,Makeup_Ob_15,testlist_all;train_A_pretrain,5,,none,8667dbcd316b38141729c057adf7517fe0602608,no official source maps a video to a person identity,NO_EVIDENCE,"protocol name = video stem (preprocessing.py L31, config_siwm.py L162-176); not a person id"
Spoof/Makeup_Obfuscation/Makeup_Ob_16.mp4,Spoof/Makeup_Obfuscation/Makeup_Ob_16.mp4,Makeup_Obfuscation,Makeup_Ob_16,testlist_all;train_A_pretrain,5,,none,8667dbcd316b38141729c057adf7517fe0602608,no official source maps a video to a person identity,NO_EVIDENCE,"protocol name = video stem (preprocessing.py L31, config_siwm.py L162-176); not a person id"
Spoof/Makeup_Obfuscation/Makeup_Ob_17.mp4,Spoof/Makeup_Obfuscation/Makeup_Ob_17.mp4,Makeup_Obfuscation,Makeup_Ob_17,test_A_pretrain;testlist_all,1,,none,8667dbcd316b38141729c057adf7517fe0602608,no official source maps a video to a person identity,NO_EVIDENCE,"protocol name = video stem (preprocessing.py L31, config_siwm.py L162-176); not a person id"
Spoof/Makeup_Obfuscation/Makeup_Ob_18.mp4,Spoof/Makeup_Obfuscation/Makeup_Ob_18.mp4,Makeup_Obfuscation,Makeup_Ob_18,testlist_all;train_A_pretrain,6,,none,8667dbcd316b38141729c057adf7517fe0602608,no official source maps a video to a person identity,NO_EVIDENCE,"protocol name = video stem (preprocessing.py L31, config_siwm.py L162-176); not a person id"
Spoof/Makeup_Obfuscation/Makeup_Ob_19.mp4,Spoof/Makeup_Obfuscation/Makeup_Ob_19.mp4,Makeup_Obfuscation,Makeup_Ob_19,train_A_pretrain;trainlist_all,8,,none,8667dbcd316b38141729c057adf7517fe0602608,no official source maps a video to a person identity,NO_EVIDENCE,"protocol name = video stem (preprocessing.py L31, config_siwm.py L162-176); not a person id"
Spoof/Makeup_Obfuscation/Makeup_Ob_2.mp4,Spoof/Makeup_Obfuscation/Makeup_Ob_2.mp4,Makeup_Obfuscation,Makeup_Ob_2,testlist_all;train_A_pretrain,5,,none,8667dbcd316b38141729c057adf7517fe0602608,no official source maps a video to a person identity,NO_EVIDENCE,"protocol name = video stem (preprocessing.py L31, config_siwm.py L162-176); not a person id"
Spoof/Makeup_Obfuscation/Makeup_Ob_20.mp4,Spoof/Makeup_Obfuscation/Makeup_Ob_20.mp4,Makeup_Obfuscation,Makeup_Ob_20,train_A_pretrain;trainlist_all,8,,none,8667dbcd316b38141729c057adf7517fe0602608,no official source maps a video to a person identity,NO_EVIDENCE,"protocol name = video stem (preprocessing.py L31, config_siwm.py L162-176); not a person id"
Spoof/Makeup_Obfuscation/Makeup_Ob_21.mp4,Spoof/Makeup_Obfuscation/Makeup_Ob_21.mp4,Makeup_Obfuscation,Makeup_Ob_21,train_A_pretrain;trainlist_all,8,,none,8667dbcd316b38141729c057adf7517fe0602608,no official source maps a video to a person identity,NO_EVIDENCE,"protocol name = video stem (preprocessing.py L31, config_siwm.py L162-176); not a person id"
Spoof/Makeup_Obfuscation/Makeup_Ob_22.mp4,Spoof/Makeup_Obfuscation/Makeup_Ob_22.mp4,Makeup_Obfuscation,Makeup_Ob_22,train_A_pretrain;trainlist_all,8,,none,8667dbcd316b38141729c057adf7517fe0602608,no official source maps a video to a person identity,NO_EVIDENCE,"protocol name = video stem (preprocessing.py L31, config_siwm.py L162-176); not a person id"
Spoof/Makeup_Obfuscation/Makeup_Ob_3.mp4,Spoof/Makeup_Obfuscation/Makeup_Ob_3.mp4,Makeup_Obfuscation,Makeup_Ob_3,testlist_all;train_A_pretrain,5,,none,8667dbcd316b38141729c057adf7517fe0602608,no official source maps a video to a person identity,NO_EVIDENCE,"protocol name = video stem (preprocessing.py L31, config_siwm.py L162-176); not a person id"
Spoof/Makeup_Obfuscation/Makeup_Ob_4.mp4,Spoof/Makeup_Obfuscation/Makeup_Ob_4.mp4,Makeup_Obfuscation,Makeup_Ob_4,testlist_all;train_A_pretrain,5,,none,8667dbcd316b38141729c057adf7517fe0602608,no official source maps a video to a person identity,NO_EVIDENCE,"protocol name = video stem (preprocessing.py L31, config_siwm.py L162-176); not a person id"
Spoof/Makeup_Obfuscation/Makeup_Ob_5.mp4,Spoof/Makeup_Obfuscation/Makeup_Ob_5.mp4,Makeup_Obfuscation,Makeup_Ob_5,train_A_pretrain;trainlist_all,9,,none,8667dbcd316b38141729c057adf7517fe0602608,no official source maps a video to a person identity,NO_EVIDENCE,"protocol name = video stem (preprocessing.py L31, config_siwm.py L162-176); not a person id"
Spoof/Makeup_Obfuscation/Makeup_Ob_6.mp4,Spoof/Makeup_Obfuscation/Makeup_Ob_6.mp4,Makeup_Obfuscation,Makeup_Ob_6,test_A_pretrain;testlist_all,1,,none,8667dbcd316b38141729c057adf7517fe0602608,no official source maps a video to a person identity,NO_EVIDENCE,"protocol name = video stem (preprocessing.py L31, config_siwm.py L162-176); not a person id"
Spoof/Makeup_Obfuscation/Makeup_Ob_7.mp4,Spoof/Makeup_Obfuscation/Makeup_Ob_7.mp4,Makeup_Obfuscation,Makeup_Ob_7,train_A_pretrain;trainlist_all,9,,none,8667dbcd316b38141729c057adf7517fe0602608,no official source maps a video to a person identity,NO_EVIDENCE,"protocol name = video stem (preprocessing.py L31, config_siwm.py L162-176); not a person id"
Spoof/Makeup_Obfuscation/Makeup_Ob_8.mp4,Spoof/Makeup_Obfuscation/Makeup_Ob_8.mp4,Makeup_Obfuscation,Makeup_Ob_8,testlist_all;train_A_pretrain,6,,none,8667dbcd316b38141729c057adf7517fe0602608,no official source maps a video to a person identity,NO_EVIDENCE,"protocol name = video stem (preprocessing.py L31, config_siwm.py L162-176); not a person id"
Spoof/Makeup_Obfuscation/Makeup_Ob_9.mp4,Spoof/Makeup_Obfuscation/Makeup_Ob_9.mp4,Makeup_Obfuscation,Makeup_Ob_9,train_A_pretrain;trainlist_all,9,,none,8667dbcd316b38141729c057adf7517fe0602608,no official source maps a video to a person identity,NO_EVIDENCE,"protocol name = video stem (preprocessing.py L31, config_siwm.py L162-176); not a person id"
Spoof/Mannequin/Mask_Mann_1.mov,Spoof/Mannequin/Mask_Mann_1.mov,Mannequin,Mask_Mann_1,train_B_spoof;trainlist_all,4,,none,8667dbcd316b38141729c057adf7517fe0602608,no official source maps a video to a person identity,NO_EVIDENCE,"protocol name = video stem (preprocessing.py L31, config_siwm.py L162-176); not a person id"
Spoof/Mannequin/Mask_Mann_10.mov,Spoof/Mannequin/Mask_Mann_10.mov,Mannequin,Mask_Mann_10,test_B_spoof;trainlist_all,4,,none,8667dbcd316b38141729c057adf7517fe0602608,no official source maps a video to a person identity,NO_EVIDENCE,"protocol name = video stem (preprocessing.py L31, config_siwm.py L162-176); not a person id"
Spoof/Mannequin/Mask_Mann_11.mov,Spoof/Mannequin/Mask_Mann_11.mov,Mannequin,Mask_Mann_11,testlist_all;train_B_spoof,3,,none,8667dbcd316b38141729c057adf7517fe0602608,no official source maps a video to a person identity,NO_EVIDENCE,"protocol name = video stem (preprocessing.py L31, config_siwm.py L162-176); not a person id"
Spoof/Mannequin/Mask_Mann_12.mov,Spoof/Mannequin/Mask_Mann_12.mov,Mannequin,Mask_Mann_12,train_B_spoof;trainlist_all,4,,none,8667dbcd316b38141729c057adf7517fe0602608,no official source maps a video to a person identity,NO_EVIDENCE,"protocol name = video stem (preprocessing.py L31, config_siwm.py L162-176); not a person id"
Spoof/Mannequin/Mask_Mann_13.mov,Spoof/Mannequin/Mask_Mann_13.mov,Mannequin,Mask_Mann_13,testlist_all;train_B_spoof,3,,none,8667dbcd316b38141729c057adf7517fe0602608,no official source maps a video to a person identity,NO_EVIDENCE,"protocol name = video stem (preprocessing.py L31, config_siwm.py L162-176); not a person id"
Spoof/Mannequin/Mask_Mann_14.mov,Spoof/Mannequin/Mask_Mann_14.mov,Mannequin,Mask_Mann_14,testlist_all;train_B_spoof,3,,none,8667dbcd316b38141729c057adf7517fe0602608,no official source maps a video to a person identity,NO_EVIDENCE,"protocol name = video stem (preprocessing.py L31, config_siwm.py L162-176); not a person id"
Spoof/Mannequin/Mask_Mann_15.mov,Spoof/Mannequin/Mask_Mann_15.mov,Mannequin,Mask_Mann_15,testlist_all;train_B_spoof,4,,none,8667dbcd316b38141729c057adf7517fe0602608,no official source maps a video to a person identity,NO_EVIDENCE,"protocol name = video stem (preprocessing.py L31, config_siwm.py L162-176); not a person id"
Spoof/Mannequin/Mask_Mann_16.mov,Spoof/Mannequin/Mask_Mann_16.mov,Mannequin,Mask_Mann_16,train_B_spoof;trainlist_all,4,,none,8667dbcd316b38141729c057adf7517fe0602608,no official source maps a video to a person identity,NO_EVIDENCE,"protocol name = video stem (preprocessing.py L31, config_siwm.py L162-176); not a person id"
Spoof/Mannequin/Mask_Mann_17.mov,Spoof/Mannequin/Mask_Mann_17.mov,Mannequin,Mask_Mann_17,train_B_spoof;trainlist_all,4,,none,8667dbcd316b38141729c057adf7517fe0602608,no official source maps a video to a person identity,NO_EVIDENCE,"protocol name = video stem (preprocessing.py L31, config_siwm.py L162-176); not a person id"
Spoof/Mannequin/Mask_Mann_18.mov,Spoof/Mannequin/Mask_Mann_18.mov,Mannequin,Mask_Mann_18,train_B_spoof;trainlist_all,4,,none,8667dbcd316b38141729c057adf7517fe0602608,no official source maps a video to a person identity,NO_EVIDENCE,"protocol name = video stem (preprocessing.py L31, config_siwm.py L162-176); not a person id"
Spoof/Mannequin/Mask_Mann_19.mov,Spoof/Mannequin/Mask_Mann_19.mov,Mannequin,Mask_Mann_19,test_B_spoof;trainlist_all,4,,none,8667dbcd316b38141729c057adf7517fe0602608,no official source maps a video to a person identity,NO_EVIDENCE,"protocol name = video stem (preprocessing.py L31, config_siwm.py L162-176); not a person id"
Spoof/Mannequin/Mask_Mann_2.mov,Spoof/Mannequin/Mask_Mann_2.mov,Mannequin,Mask_Mann_2,train_B_spoof;trainlist_all,4,,none,8667dbcd316b38141729c057adf7517fe0602608,no official source maps a video to a person identity,NO_EVIDENCE,"protocol name = video stem (preprocessing.py L31, config_siwm.py L162-176); not a person id"
Spoof/Mannequin/Mask_Mann_20.mov,Spoof/Mannequin/Mask_Mann_20.mov,Mannequin,Mask_Mann_20,train_B_spoof;trainlist_all,4,,none,8667dbcd316b38141729c057adf7517fe0602608,no official source maps a video to a person identity,NO_EVIDENCE,"protocol name = video stem (preprocessing.py L31, config_siwm.py L162-176); not a person id"
Spoof/Mannequin/Mask_Mann_21.mov,Spoof/Mannequin/Mask_Mann_21.mov,Mannequin,Mask_Mann_21,train_B_spoof;trainlist_all,4,,none,8667dbcd316b38141729c057adf7517fe0602608,no official source maps a video to a person identity,NO_EVIDENCE,"protocol name = video stem (preprocessing.py L31, config_siwm.py L162-176); not a person id"
Spoof/Mannequin/Mask_Mann_22.mov,Spoof/Mannequin/Mask_Mann_22.mov,Mannequin,Mask_Mann_22,train_B_spoof;trainlist_all,4,,none,8667dbcd316b38141729c057adf7517fe0602608,no official source maps a video to a person identity,NO_EVIDENCE,"protocol name = video stem (preprocessing.py L31, config_siwm.py L162-176); not a person id"
Spoof/Mannequin/Mask_Mann_23.mov,Spoof/Mannequin/Mask_Mann_23.mov,Mannequin,Mask_Mann_23,train_B_spoof;trainlist_all,4,,none,8667dbcd316b38141729c057adf7517fe0602608,no official source maps a video to a person identity,NO_EVIDENCE,"protocol name = video stem (preprocessing.py L31, config_siwm.py L162-176); not a person id"
Spoof/Mannequin/Mask_Mann_24.mov,Spoof/Mannequin/Mask_Mann_24.mov,Mannequin,Mask_Mann_24,train_B_spoof;trainlist_all,4,,none,8667dbcd316b38141729c057adf7517fe0602608,no official source maps a video to a person identity,NO_EVIDENCE,"protocol name = video stem (preprocessing.py L31, config_siwm.py L162-176); not a person id"
Spoof/Mannequin/Mask_Mann_25.mov,Spoof/Mannequin/Mask_Mann_25.mov,Mannequin,Mask_Mann_25,testlist_all;train_B_spoof,3,,none,8667dbcd316b38141729c057adf7517fe0602608,no official source maps a video to a person identity,NO_EVIDENCE,"protocol name = video stem (preprocessing.py L31, config_siwm.py L162-176); not a person id"
Spoof/Mannequin/Mask_Mann_26.mov,Spoof/Mannequin/Mask_Mann_26.mov,Mannequin,Mask_Mann_26,testlist_all;train_B_spoof,3,,none,8667dbcd316b38141729c057adf7517fe0602608,no official source maps a video to a person identity,NO_EVIDENCE,"protocol name = video stem (preprocessing.py L31, config_siwm.py L162-176); not a person id"
Spoof/Mannequin/Mask_Mann_27.mov,Spoof/Mannequin/Mask_Mann_27.mov,Mannequin,Mask_Mann_27,train_B_spoof;trainlist_all,4,,none,8667dbcd316b38141729c057adf7517fe0602608,no official source maps a video to a person identity,NO_EVIDENCE,"protocol name = video stem (preprocessing.py L31, config_siwm.py L162-176); not a person id"
Spoof/Mannequin/Mask_Mann_28.mov,Spoof/Mannequin/Mask_Mann_28.mov,Mannequin,Mask_Mann_28,testlist_all;train_B_spoof,3,,none,8667dbcd316b38141729c057adf7517fe0602608,no official source maps a video to a person identity,NO_EVIDENCE,"protocol name = video stem (preprocessing.py L31, config_siwm.py L162-176); not a person id"
Spoof/Mannequin/Mask_Mann_29.mov,Spoof/Mannequin/Mask_Mann_29.mov,Mannequin,Mask_Mann_29,train_B_spoof;trainlist_all,4,,none,8667dbcd316b38141729c057adf7517fe0602608,no official source maps a video to a person identity,NO_EVIDENCE,"protocol name = video stem (preprocessing.py L31, config_siwm.py L162-176); not a person id"
Spoof/Mannequin/Mask_Mann_3.mov,Spoof/Mannequin/Mask_Mann_3.mov,Mannequin,Mask_Mann_3,train_B_spoof;trainlist_all,4,,none,8667dbcd316b38141729c057adf7517fe0602608,no official source maps a video to a person identity,NO_EVIDENCE,"protocol name = video stem (preprocessing.py L31, config_siwm.py L162-176); not a person id"
Spoof/Mannequin/Mask_Mann_30.mov,Spoof/Mannequin/Mask_Mann_30.mov,Mannequin,Mask_Mann_30,testlist_all;train_B_spoof,3,,none,8667dbcd316b38141729c057adf7517fe0602608,no official source maps a video to a person identity,NO_EVIDENCE,"protocol name = video stem (preprocessing.py L31, config_siwm.py L162-176); not a person id"
Spoof/Mannequin/Mask_Mann_31.mov,Spoof/Mannequin/Mask_Mann_31.mov,Mannequin,Mask_Mann_31,train_B_spoof;trainlist_all,4,,none,8667dbcd316b38141729c057adf7517fe0602608,no official source maps a video to a person identity,NO_EVIDENCE,"protocol name = video stem (preprocessing.py L31, config_siwm.py L162-176); not a person id"
Spoof/Mannequin/Mask_Mann_32.mov,Spoof/Mannequin/Mask_Mann_32.mov,Mannequin,Mask_Mann_32,test_B_spoof;testlist_all,1,,none,8667dbcd316b38141729c057adf7517fe0602608,no official source maps a video to a person identity,NO_EVIDENCE,"protocol name = video stem (preprocessing.py L31, config_siwm.py L162-176); not a person id"
Spoof/Mannequin/Mask_Mann_33.mov,Spoof/Mannequin/Mask_Mann_33.mov,Mannequin,Mask_Mann_33,test_B_spoof;testlist_all,1,,none,8667dbcd316b38141729c057adf7517fe0602608,no official source maps a video to a person identity,NO_EVIDENCE,"protocol name = video stem (preprocessing.py L31, config_siwm.py L162-176); not a person id"
Spoof/Mannequin/Mask_Mann_34.mov,Spoof/Mannequin/Mask_Mann_34.mov,Mannequin,Mask_Mann_34,test_B_spoof;trainlist_all,4,,none,8667dbcd316b38141729c057adf7517fe0602608,no official source maps a video to a person identity,NO_EVIDENCE,"protocol name = video stem (preprocessing.py L31, config_siwm.py L162-176); not a person id"
Spoof/Mannequin/Mask_Mann_35.mov,Spoof/Mannequin/Mask_Mann_35.mov,Mannequin,Mask_Mann_35,test_B_spoof;trainlist_all,4,,none,8667dbcd316b38141729c057adf7517fe0602608,no official source maps a video to a person identity,NO_EVIDENCE,"protocol name = video stem (preprocessing.py L31, config_siwm.py L162-176); not a person id"
Spoof/Mannequin/Mask_Mann_36.mov,Spoof/Mannequin/Mask_Mann_36.mov,Mannequin,Mask_Mann_36,train_B_spoof;trainlist_all,3,,none,8667dbcd316b38141729c057adf7517fe0602608,no official source maps a video to a person identity,NO_EVIDENCE,"protocol name = video stem (preprocessing.py L31, config_siwm.py L162-176); not a person id"
Spoof/Mannequin/Mask_Mann_37.mov,Spoof/Mannequin/Mask_Mann_37.mov,Mannequin,Mask_Mann_37,train_B_spoof;trainlist_all,3,,none,8667dbcd316b38141729c057adf7517fe0602608,no official source maps a video to a person identity,NO_EVIDENCE,"protocol name = video stem (preprocessing.py L31, config_siwm.py L162-176); not a person id"
Spoof/Mannequin/Mask_Mann_38.mov,Spoof/Mannequin/Mask_Mann_38.mov,Mannequin,Mask_Mann_38,train_B_spoof;trainlist_all,3,,none,8667dbcd316b38141729c057adf7517fe0602608,no official source maps a video to a person identity,NO_EVIDENCE,"protocol name = video stem (preprocessing.py L31, config_siwm.py L162-176); not a person id"
Spoof/Mannequin/Mask_Mann_39.mov,Spoof/Mannequin/Mask_Mann_39.mov,Mannequin,Mask_Mann_39,train_B_spoof;trainlist_all,3,,none,8667dbcd316b38141729c057adf7517fe0602608,no official source maps a video to a person identity,NO_EVIDENCE,"protocol name = video stem (preprocessing.py L31, config_siwm.py L162-176); not a person id"
Spoof/Mannequin/Mask_Mann_4.mov,Spoof/Mannequin/Mask_Mann_4.mov,Mannequin,Mask_Mann_4,train_B_spoof;trainlist_all,4,,none,8667dbcd316b38141729c057adf7517fe0602608,no official source maps a video to a person identity,NO_EVIDENCE,"protocol name = video stem (preprocessing.py L31, config_siwm.py L162-176); not a person id"
Spoof/Mannequin/Mask_Mann_40.mov,Spoof/Mannequin/Mask_Mann_40.mov,Mannequin,Mask_Mann_40,testlist_all;train_B_spoof,3,,none,8667dbcd316b38141729c057adf7517fe0602608,no official source maps a video to a person identity,NO_EVIDENCE,"protocol name = video stem (preprocessing.py L31, config_siwm.py L162-176); not a person id"
Spoof/Mannequin/Mask_Mann_5.mov,Spoof/Mannequin/Mask_Mann_5.mov,Mannequin,Mask_Mann_5,train_B_spoof;trainlist_all,4,,none,8667dbcd316b38141729c057adf7517fe0602608,no official source maps a video to a person identity,NO_EVIDENCE,"protocol name = video stem (preprocessing.py L31, config_siwm.py L162-176); not a person id"
Spoof/Mannequin/Mask_Mann_6.mov,Spoof/Mannequin/Mask_Mann_6.mov,Mannequin,Mask_Mann_6,testlist_all;train_B_spoof,3,,none,8667dbcd316b38141729c057adf7517fe0602608,no official source maps a video to a person identity,NO_EVIDENCE,"protocol name = video stem (preprocessing.py L31, config_siwm.py L162-176); not a person id"
Spoof/Mannequin/Mask_Mann_7.mov,Spoof/Mannequin/Mask_Mann_7.mov,Mannequin,Mask_Mann_7,test_B_spoof;testlist_all,1,,none,8667dbcd316b38141729c057adf7517fe0602608,no official source maps a video to a person identity,NO_EVIDENCE,"protocol name = video stem (preprocessing.py L31, config_siwm.py L162-176); not a person id"
Spoof/Mannequin/Mask_Mann_8.mov,Spoof/Mannequin/Mask_Mann_8.mov,Mannequin,Mask_Mann_8,train_B_spoof;trainlist_all,4,,none,8667dbcd316b38141729c057adf7517fe0602608,no official source maps a video to a person identity,NO_EVIDENCE,"protocol name = video stem (preprocessing.py L31, config_siwm.py L162-176); not a person id"
Spoof/Mannequin/Mask_Mann_9.mov,Spoof/Mannequin/Mask_Mann_9.mov,Mannequin,Mask_Mann_9,test_B_spoof;testlist_all,1,,none,8667dbcd316b38141729c057adf7517fe0602608,no official source maps a video to a person identity,NO_EVIDENCE,"protocol name = video stem (preprocessing.py L31, config_siwm.py L162-176); not a person id"
Spoof/Mask_HalfMask/Mask_Half_1.mov,Spoof/Mask_HalfMask/Mask_Half_1.mov,Mask_HalfMask,Mask_Half_1,testlist_all;train_A_pretrain,2,,none,8667dbcd316b38141729c057adf7517fe0602608,no official source maps a video to a person identity,NO_EVIDENCE,"protocol name = video stem (preprocessing.py L31, config_siwm.py L162-176); not a person id"
Spoof/Mask_HalfMask/Mask_Half_10.mov,Spoof/Mask_HalfMask/Mask_Half_10.mov,Mask_HalfMask,Mask_Half_10,testlist_all;train_A_pretrain,1,,none,8667dbcd316b38141729c057adf7517fe0602608,no official source maps a video to a person identity,NO_EVIDENCE,"protocol name = video stem (preprocessing.py L31, config_siwm.py L162-176); not a person id"
Spoof/Mask_HalfMask/Mask_Half_11.mov,Spoof/Mask_HalfMask/Mask_Half_11.mov,Mask_HalfMask,Mask_Half_11,testlist_all;train_A_pretrain,2,,none,8667dbcd316b38141729c057adf7517fe0602608,no official source maps a video to a person identity,NO_EVIDENCE,"protocol name = video stem (preprocessing.py L31, config_siwm.py L162-176); not a person id"
Spoof/Mask_HalfMask/Mask_Half_12.mov,Spoof/Mask_HalfMask/Mask_Half_12.mov,Mask_HalfMask,Mask_Half_12,testlist_all;train_A_pretrain,2,,none,8667dbcd316b38141729c057adf7517fe0602608,no official source maps a video to a person identity,NO_EVIDENCE,"protocol name = video stem (preprocessing.py L31, config_siwm.py L162-176); not a person id"
Spoof/Mask_HalfMask/Mask_Half_13.mov,Spoof/Mask_HalfMask/Mask_Half_13.mov,Mask_HalfMask,Mask_Half_13,train_A_pretrain;trainlist_all,2,,none,8667dbcd316b38141729c057adf7517fe0602608,no official source maps a video to a person identity,NO_EVIDENCE,"protocol name = video stem (preprocessing.py L31, config_siwm.py L162-176); not a person id"
Spoof/Mask_HalfMask/Mask_Half_14.mov,Spoof/Mask_HalfMask/Mask_Half_14.mov,Mask_HalfMask,Mask_Half_14,testlist_all;train_A_pretrain,1,,none,8667dbcd316b38141729c057adf7517fe0602608,no official source maps a video to a person identity,NO_EVIDENCE,"protocol name = video stem (preprocessing.py L31, config_siwm.py L162-176); not a person id"
Spoof/Mask_HalfMask/Mask_Half_15.mov,Spoof/Mask_HalfMask/Mask_Half_15.mov,Mask_HalfMask,Mask_Half_15,train_A_pretrain;trainlist_all,2,,none,8667dbcd316b38141729c057adf7517fe0602608,no official source maps a video to a person identity,NO_EVIDENCE,"protocol name = video stem (preprocessing.py L31, config_siwm.py L162-176); not a person id"
Spoof/Mask_HalfMask/Mask_Half_16.mov,Spoof/Mask_HalfMask/Mask_Half_16.mov,Mask_HalfMask,Mask_Half_16,train_A_pretrain;trainlist_all,2,,none,8667dbcd316b38141729c057adf7517fe0602608,no official source maps a video to a person identity,NO_EVIDENCE,"protocol name = video stem (preprocessing.py L31, config_siwm.py L162-176); not a person id"
Spoof/Mask_HalfMask/Mask_Half_17.mov,Spoof/Mask_HalfMask/Mask_Half_17.mov,Mask_HalfMask,Mask_Half_17,train_A_pretrain;trainlist_all,2,,none,8667dbcd316b38141729c057adf7517fe0602608,no official source maps a video to a person identity,NO_EVIDENCE,"protocol name = video stem (preprocessing.py L31, config_siwm.py L162-176); not a person id"
Spoof/Mask_HalfMask/Mask_Half_18.mov,Spoof/Mask_HalfMask/Mask_Half_18.mov,Mask_HalfMask,Mask_Half_18,testlist_all;train_A_pretrain,2,,none,8667dbcd316b38141729c057adf7517fe0602608,no official source maps a video to a person identity,NO_EVIDENCE,"protocol name = video stem (preprocessing.py L31, config_siwm.py L162-176); not a person id"
Spoof/Mask_HalfMask/Mask_Half_19.mov,Spoof/Mask_HalfMask/Mask_Half_19.mov,Mask_HalfMask,Mask_Half_19,train_A_pretrain;trainlist_all,2,,none,8667dbcd316b38141729c057adf7517fe0602608,no official source maps a video to a person identity,NO_EVIDENCE,"protocol name = video stem (preprocessing.py L31, config_siwm.py L162-176); not a person id"
Spoof/Mask_HalfMask/Mask_Half_2.mov,Spoof/Mask_HalfMask/Mask_Half_2.mov,Mask_HalfMask,Mask_Half_2,train_A_pretrain;trainlist_all,2,,none,8667dbcd316b38141729c057adf7517fe0602608,no official source maps a video to a person identity,NO_EVIDENCE,"protocol name = video stem (preprocessing.py L31, config_siwm.py L162-176); not a person id"
Spoof/Mask_HalfMask/Mask_Half_20.mov,Spoof/Mask_HalfMask/Mask_Half_20.mov,Mask_HalfMask,Mask_Half_20,train_A_pretrain;trainlist_all,2,,none,8667dbcd316b38141729c057adf7517fe0602608,no official source maps a video to a person identity,NO_EVIDENCE,"protocol name = video stem (preprocessing.py L31, config_siwm.py L162-176); not a person id"
Spoof/Mask_HalfMask/Mask_Half_21.mov,Spoof/Mask_HalfMask/Mask_Half_21.mov,Mask_HalfMask,Mask_Half_21,train_A_pretrain;trainlist_all,2,,none,8667dbcd316b38141729c057adf7517fe0602608,no official source maps a video to a person identity,NO_EVIDENCE,"protocol name = video stem (preprocessing.py L31, config_siwm.py L162-176); not a person id"
Spoof/Mask_HalfMask/Mask_Half_22.mov,Spoof/Mask_HalfMask/Mask_Half_22.mov,Mask_HalfMask,Mask_Half_22,train_A_pretrain;trainlist_all,2,,none,8667dbcd316b38141729c057adf7517fe0602608,no official source maps a video to a person identity,NO_EVIDENCE,"protocol name = video stem (preprocessing.py L31, config_siwm.py L162-176); not a person id"
Spoof/Mask_HalfMask/Mask_Half_23.mov,Spoof/Mask_HalfMask/Mask_Half_23.mov,Mask_HalfMask,Mask_Half_23,train_A_pretrain;trainlist_all,2,,none,8667dbcd316b38141729c057adf7517fe0602608,no official source maps a video to a person identity,NO_EVIDENCE,"protocol name = video stem (preprocessing.py L31, config_siwm.py L162-176); not a person id"
Spoof/Mask_HalfMask/Mask_Half_24.mov,Spoof/Mask_HalfMask/Mask_Half_24.mov,Mask_HalfMask,Mask_Half_24,train_A_pretrain;trainlist_all,2,,none,8667dbcd316b38141729c057adf7517fe0602608,no official source maps a video to a person identity,NO_EVIDENCE,"protocol name = video stem (preprocessing.py L31, config_siwm.py L162-176); not a person id"
Spoof/Mask_HalfMask/Mask_Half_25.mov,Spoof/Mask_HalfMask/Mask_Half_25.mov,Mask_HalfMask,Mask_Half_25,testlist_all;train_A_pretrain,1,,none,8667dbcd316b38141729c057adf7517fe0602608,no official source maps a video to a person identity,NO_EVIDENCE,"protocol name = video stem (preprocessing.py L31, config_siwm.py L162-176); not a person id"
Spoof/Mask_HalfMask/Mask_Half_26.mov,Spoof/Mask_HalfMask/Mask_Half_26.mov,Mask_HalfMask,Mask_Half_26,test_A_pretrain;trainlist_all,2,,none,8667dbcd316b38141729c057adf7517fe0602608,no official source maps a video to a person identity,NO_EVIDENCE,"protocol name = video stem (preprocessing.py L31, config_siwm.py L162-176); not a person id"
Spoof/Mask_HalfMask/Mask_Half_27.mov,Spoof/Mask_HalfMask/Mask_Half_27.mov,Mask_HalfMask,Mask_Half_27,testlist_all;train_A_pretrain,2,,none,8667dbcd316b38141729c057adf7517fe0602608,no official source maps a video to a person identity,NO_EVIDENCE,"protocol name = video stem (preprocessing.py L31, config_siwm.py L162-176); not a person id"
Spoof/Mask_HalfMask/Mask_Half_28.mov,Spoof/Mask_HalfMask/Mask_Half_28.mov,Mask_HalfMask,Mask_Half_28,testlist_all;train_A_pretrain,1,,none,8667dbcd316b38141729c057adf7517fe0602608,no official source maps a video to a person identity,NO_EVIDENCE,"protocol name = video stem (preprocessing.py L31, config_siwm.py L162-176); not a person id"
Spoof/Mask_HalfMask/Mask_Half_29.mov,Spoof/Mask_HalfMask/Mask_Half_29.mov,Mask_HalfMask,Mask_Half_29,train_A_pretrain;trainlist_all,2,,none,8667dbcd316b38141729c057adf7517fe0602608,no official source maps a video to a person identity,NO_EVIDENCE,"protocol name = video stem (preprocessing.py L31, config_siwm.py L162-176); not a person id"
Spoof/Mask_HalfMask/Mask_Half_3.mov,Spoof/Mask_HalfMask/Mask_Half_3.mov,Mask_HalfMask,Mask_Half_3,testlist_all;train_A_pretrain,1,,none,8667dbcd316b38141729c057adf7517fe0602608,no official source maps a video to a person identity,NO_EVIDENCE,"protocol name = video stem (preprocessing.py L31, config_siwm.py L162-176); not a person id"
Spoof/Mask_HalfMask/Mask_Half_30.mov,Spoof/Mask_HalfMask/Mask_Half_30.mov,Mask_HalfMask,Mask_Half_30,train_A_pretrain;trainlist_all,2,,none,8667dbcd316b38141729c057adf7517fe0602608,no official source maps a video to a person identity,NO_EVIDENCE,"protocol name = video stem (preprocessing.py L31, config_siwm.py L162-176); not a person id"
Spoof/Mask_HalfMask/Mask_Half_31.mov,Spoof/Mask_HalfMask/Mask_Half_31.mov,Mask_HalfMask,Mask_Half_31,testlist_all;train_A_pretrain,1,,none,8667dbcd316b38141729c057adf7517fe0602608,no official source maps a video to a person identity,NO_EVIDENCE,"protocol name = video stem (preprocessing.py L31, config_siwm.py L162-176); not a person id"
Spoof/Mask_HalfMask/Mask_Half_32.mov,Spoof/Mask_HalfMask/Mask_Half_32.mov,Mask_HalfMask,Mask_Half_32,testlist_all;train_A_pretrain,1,,none,8667dbcd316b38141729c057adf7517fe0602608,no official source maps a video to a person identity,NO_EVIDENCE,"protocol name = video stem (preprocessing.py L31, config_siwm.py L162-176); not a person id"
Spoof/Mask_HalfMask/Mask_Half_33.mov,Spoof/Mask_HalfMask/Mask_Half_33.mov,Mask_HalfMask,Mask_Half_33,testlist_all;train_A_pretrain,2,,none,8667dbcd316b38141729c057adf7517fe0602608,no official source maps a video to a person identity,NO_EVIDENCE,"protocol name = video stem (preprocessing.py L31, config_siwm.py L162-176); not a person id"
Spoof/Mask_HalfMask/Mask_Half_34.mov,Spoof/Mask_HalfMask/Mask_Half_34.mov,Mask_HalfMask,Mask_Half_34,train_A_pretrain;trainlist_all,2,,none,8667dbcd316b38141729c057adf7517fe0602608,no official source maps a video to a person identity,NO_EVIDENCE,"protocol name = video stem (preprocessing.py L31, config_siwm.py L162-176); not a person id"
Spoof/Mask_HalfMask/Mask_Half_35.mov,Spoof/Mask_HalfMask/Mask_Half_35.mov,Mask_HalfMask,Mask_Half_35,test_A_pretrain;trainlist_all,2,,none,8667dbcd316b38141729c057adf7517fe0602608,no official source maps a video to a person identity,NO_EVIDENCE,"protocol name = video stem (preprocessing.py L31, config_siwm.py L162-176); not a person id"
Spoof/Mask_HalfMask/Mask_Half_36.mov,Spoof/Mask_HalfMask/Mask_Half_36.mov,Mask_HalfMask,Mask_Half_36,train_A_pretrain;trainlist_all,2,,none,8667dbcd316b38141729c057adf7517fe0602608,no official source maps a video to a person identity,NO_EVIDENCE,"protocol name = video stem (preprocessing.py L31, config_siwm.py L162-176); not a person id"
Spoof/Mask_HalfMask/Mask_Half_37.mov,Spoof/Mask_HalfMask/Mask_Half_37.mov,Mask_HalfMask,Mask_Half_37,train_A_pretrain;trainlist_all,2,,none,8667dbcd316b38141729c057adf7517fe0602608,no official source maps a video to a person identity,NO_EVIDENCE,"protocol name = video stem (preprocessing.py L31, config_siwm.py L162-176); not a person id"
Spoof/Mask_HalfMask/Mask_Half_38.mov,Spoof/Mask_HalfMask/Mask_Half_38.mov,Mask_HalfMask,Mask_Half_38,train_A_pretrain;trainlist_all,2,,none,8667dbcd316b38141729c057adf7517fe0602608,no official source maps a video to a person identity,NO_EVIDENCE,"protocol name = video stem (preprocessing.py L31, config_siwm.py L162-176); not a person id"
Spoof/Mask_HalfMask/Mask_Half_39.mov,Spoof/Mask_HalfMask/Mask_Half_39.mov,Mask_HalfMask,Mask_Half_39,train_A_pretrain;trainlist_all,2,,none,8667dbcd316b38141729c057adf7517fe0602608,no official source maps a video to a person identity,NO_EVIDENCE,"protocol name = video stem (preprocessing.py L31, config_siwm.py L162-176); not a person id"
Spoof/Mask_HalfMask/Mask_Half_4.mov,Spoof/Mask_HalfMask/Mask_Half_4.mov,Mask_HalfMask,Mask_Half_4,test_A_pretrain;testlist_all,1,,none,8667dbcd316b38141729c057adf7517fe0602608,no official source maps a video to a person identity,NO_EVIDENCE,"protocol name = video stem (preprocessing.py L31, config_siwm.py L162-176); not a person id"
Spoof/Mask_HalfMask/Mask_Half_40.mov,Spoof/Mask_HalfMask/Mask_Half_40.mov,Mask_HalfMask,Mask_Half_40,testlist_all;train_A_pretrain,2,,none,8667dbcd316b38141729c057adf7517fe0602608,no official source maps a video to a person identity,NO_EVIDENCE,"protocol name = video stem (preprocessing.py L31, config_siwm.py L162-176); not a person id"
Spoof/Mask_HalfMask/Mask_Half_41.mov,Spoof/Mask_HalfMask/Mask_Half_41.mov,Mask_HalfMask,Mask_Half_41,train_A_pretrain;trainlist_all,2,,none,8667dbcd316b38141729c057adf7517fe0602608,no official source maps a video to a person identity,NO_EVIDENCE,"protocol name = video stem (preprocessing.py L31, config_siwm.py L162-176); not a person id"
Spoof/Mask_HalfMask/Mask_Half_42.mov,Spoof/Mask_HalfMask/Mask_Half_42.mov,Mask_HalfMask,Mask_Half_42,train_A_pretrain;trainlist_all,2,,none,8667dbcd316b38141729c057adf7517fe0602608,no official source maps a video to a person identity,NO_EVIDENCE,"protocol name = video stem (preprocessing.py L31, config_siwm.py L162-176); not a person id"
Spoof/Mask_HalfMask/Mask_Half_43.mov,Spoof/Mask_HalfMask/Mask_Half_43.mov,Mask_HalfMask,Mask_Half_43,train_A_pretrain;trainlist_all,2,,none,8667dbcd316b38141729c057adf7517fe0602608,no official source maps a video to a person identity,NO_EVIDENCE,"protocol name = video stem (preprocessing.py L31, config_siwm.py L162-176); not a person id"
Spoof/Mask_HalfMask/Mask_Half_44.mov,Spoof/Mask_HalfMask/Mask_Half_44.mov,Mask_HalfMask,Mask_Half_44,train_A_pretrain;trainlist_all,2,,none,8667dbcd316b38141729c057adf7517fe0602608,no official source maps a video to a person identity,NO_EVIDENCE,"protocol name = video stem (preprocessing.py L31, config_siwm.py L162-176); not a person id"
Spoof/Mask_HalfMask/Mask_Half_45.mov,Spoof/Mask_HalfMask/Mask_Half_45.mov,Mask_HalfMask,Mask_Half_45,train_A_pretrain;trainlist_all,2,,none,8667dbcd316b38141729c057adf7517fe0602608,no official source maps a video to a person identity,NO_EVIDENCE,"protocol name = video stem (preprocessing.py L31, config_siwm.py L162-176); not a person id"
Spoof/Mask_HalfMask/Mask_Half_46.mov,Spoof/Mask_HalfMask/Mask_Half_46.mov,Mask_HalfMask,Mask_Half_46,test_A_pretrain;trainlist_all,2,,none,8667dbcd316b38141729c057adf7517fe0602608,no official source maps a video to a person identity,NO_EVIDENCE,"protocol name = video stem (preprocessing.py L31, config_siwm.py L162-176); not a person id"
Spoof/Mask_HalfMask/Mask_Half_47.mov,Spoof/Mask_HalfMask/Mask_Half_47.mov,Mask_HalfMask,Mask_Half_47,train_A_pretrain;trainlist_all,2,,none,8667dbcd316b38141729c057adf7517fe0602608,no official source maps a video to a person identity,NO_EVIDENCE,"protocol name = video stem (preprocessing.py L31, config_siwm.py L162-176); not a person id"
Spoof/Mask_HalfMask/Mask_Half_48.mov,Spoof/Mask_HalfMask/Mask_Half_48.mov,Mask_HalfMask,Mask_Half_48,train_A_pretrain;trainlist_all,2,,none,8667dbcd316b38141729c057adf7517fe0602608,no official source maps a video to a person identity,NO_EVIDENCE,"protocol name = video stem (preprocessing.py L31, config_siwm.py L162-176); not a person id"
Spoof/Mask_HalfMask/Mask_Half_49.mov,Spoof/Mask_HalfMask/Mask_Half_49.mov,Mask_HalfMask,Mask_Half_49,test_A_pretrain;trainlist_all,2,,none,8667dbcd316b38141729c057adf7517fe0602608,no official source maps a video to a person identity,NO_EVIDENCE,"protocol name = video stem (preprocessing.py L31, config_siwm.py L162-176); not a person id"
Spoof/Mask_HalfMask/Mask_Half_5.mov,Spoof/Mask_HalfMask/Mask_Half_5.mov,Mask_HalfMask,Mask_Half_5,train_A_pretrain;trainlist_all,2,,none,8667dbcd316b38141729c057adf7517fe0602608,no official source maps a video to a person identity,NO_EVIDENCE,"protocol name = video stem (preprocessing.py L31, config_siwm.py L162-176); not a person id"
Spoof/Mask_HalfMask/Mask_Half_50.mov,Spoof/Mask_HalfMask/Mask_Half_50.mov,Mask_HalfMask,Mask_Half_50,testlist_all;train_A_pretrain,2,,none,8667dbcd316b38141729c057adf7517fe0602608,no official source maps a video to a person identity,NO_EVIDENCE,"protocol name = video stem (preprocessing.py L31, config_siwm.py L162-176); not a person id"
Spoof/Mask_HalfMask/Mask_Half_51.mov,Spoof/Mask_HalfMask/Mask_Half_51.mov,Mask_HalfMask,Mask_Half_51,train_A_pretrain;trainlist_all,2,,none,8667dbcd316b38141729c057adf7517fe0602608,no official source maps a video to a person identity,NO_EVIDENCE,"protocol name = video stem (preprocessing.py L31, config_siwm.py L162-176); not a person id"
Spoof/Mask_HalfMask/Mask_Half_52.mov,Spoof/Mask_HalfMask/Mask_Half_52.mov,Mask_HalfMask,Mask_Half_52,train_A_pretrain;trainlist_all,2,,none,8667dbcd316b38141729c057adf7517fe0602608,no official source maps a video to a person identity,NO_EVIDENCE,"protocol name = video stem (preprocessing.py L31, config_siwm.py L162-176); not a person id"
Spoof/Mask_HalfMask/Mask_Half_53.mov,Spoof/Mask_HalfMask/Mask_Half_53.mov,Mask_HalfMask,Mask_Half_53,train_A_pretrain;trainlist_all,2,,none,8667dbcd316b38141729c057adf7517fe0602608,no official source maps a video to a person identity,NO_EVIDENCE,"protocol name = video stem (preprocessing.py L31, config_siwm.py L162-176); not a person id"
Spoof/Mask_HalfMask/Mask_Half_54.mov,Spoof/Mask_HalfMask/Mask_Half_54.mov,Mask_HalfMask,Mask_Half_54,train_A_pretrain;trainlist_all,2,,none,8667dbcd316b38141729c057adf7517fe0602608,no official source maps a video to a person identity,NO_EVIDENCE,"protocol name = video stem (preprocessing.py L31, config_siwm.py L162-176); not a person id"
Spoof/Mask_HalfMask/Mask_Half_55.mov,Spoof/Mask_HalfMask/Mask_Half_55.mov,Mask_HalfMask,Mask_Half_55,train_A_pretrain;trainlist_all,2,,none,8667dbcd316b38141729c057adf7517fe0602608,no official source maps a video to a person identity,NO_EVIDENCE,"protocol name = video stem (preprocessing.py L31, config_siwm.py L162-176); not a person id"
Spoof/Mask_HalfMask/Mask_Half_56.mov,Spoof/Mask_HalfMask/Mask_Half_56.mov,Mask_HalfMask,Mask_Half_56,testlist_all;train_A_pretrain,1,,none,8667dbcd316b38141729c057adf7517fe0602608,no official source maps a video to a person identity,NO_EVIDENCE,"protocol name = video stem (preprocessing.py L31, config_siwm.py L162-176); not a person id"
Spoof/Mask_HalfMask/Mask_Half_57.mov,Spoof/Mask_HalfMask/Mask_Half_57.mov,Mask_HalfMask,Mask_Half_57,train_A_pretrain;trainlist_all,2,,none,8667dbcd316b38141729c057adf7517fe0602608,no official source maps a video to a person identity,NO_EVIDENCE,"protocol name = video stem (preprocessing.py L31, config_siwm.py L162-176); not a person id"
Spoof/Mask_HalfMask/Mask_Half_58.mov,Spoof/Mask_HalfMask/Mask_Half_58.mov,Mask_HalfMask,Mask_Half_58,train_A_pretrain;trainlist_all,2,,none,8667dbcd316b38141729c057adf7517fe0602608,no official source maps a video to a person identity,NO_EVIDENCE,"protocol name = video stem (preprocessing.py L31, config_siwm.py L162-176); not a person id"
Spoof/Mask_HalfMask/Mask_Half_59.mov,Spoof/Mask_HalfMask/Mask_Half_59.mov,Mask_HalfMask,Mask_Half_59,train_A_pretrain;trainlist_all,2,,none,8667dbcd316b38141729c057adf7517fe0602608,no official source maps a video to a person identity,NO_EVIDENCE,"protocol name = video stem (preprocessing.py L31, config_siwm.py L162-176); not a person id"
Spoof/Mask_HalfMask/Mask_Half_6.mov,Spoof/Mask_HalfMask/Mask_Half_6.mov,Mask_HalfMask,Mask_Half_6,train_A_pretrain;trainlist_all,2,,none,8667dbcd316b38141729c057adf7517fe0602608,no official source maps a video to a person identity,NO_EVIDENCE,"protocol name = video stem (preprocessing.py L31, config_siwm.py L162-176); not a person id"
Spoof/Mask_HalfMask/Mask_Half_60.mov,Spoof/Mask_HalfMask/Mask_Half_60.mov,Mask_HalfMask,Mask_Half_60,train_A_pretrain;trainlist_all,2,,none,8667dbcd316b38141729c057adf7517fe0602608,no official source maps a video to a person identity,NO_EVIDENCE,"protocol name = video stem (preprocessing.py L31, config_siwm.py L162-176); not a person id"
Spoof/Mask_HalfMask/Mask_Half_61.mov,Spoof/Mask_HalfMask/Mask_Half_61.mov,Mask_HalfMask,Mask_Half_61,train_A_pretrain;trainlist_all,2,,none,8667dbcd316b38141729c057adf7517fe0602608,no official source maps a video to a person identity,NO_EVIDENCE,"protocol name = video stem (preprocessing.py L31, config_siwm.py L162-176); not a person id"
Spoof/Mask_HalfMask/Mask_Half_62.mov,Spoof/Mask_HalfMask/Mask_Half_62.mov,Mask_HalfMask,Mask_Half_62,train_A_pretrain;trainlist_all,2,,none,8667dbcd316b38141729c057adf7517fe0602608,no official source maps a video to a person identity,NO_EVIDENCE,"protocol name = video stem (preprocessing.py L31, config_siwm.py L162-176); not a person id"
Spoof/Mask_HalfMask/Mask_Half_63.mov,Spoof/Mask_HalfMask/Mask_Half_63.mov,Mask_HalfMask,Mask_Half_63,train_A_pretrain;trainlist_all,2,,none,8667dbcd316b38141729c057adf7517fe0602608,no official source maps a video to a person identity,NO_EVIDENCE,"protocol name = video stem (preprocessing.py L31, config_siwm.py L162-176); not a person id"
Spoof/Mask_HalfMask/Mask_Half_64.mov,Spoof/Mask_HalfMask/Mask_Half_64.mov,Mask_HalfMask,Mask_Half_64,test_A_pretrain;trainlist_all,2,,none,8667dbcd316b38141729c057adf7517fe0602608,no official source maps a video to a person identity,NO_EVIDENCE,"protocol name = video stem (preprocessing.py L31, config_siwm.py L162-176); not a person id"
Spoof/Mask_HalfMask/Mask_Half_65.mov,Spoof/Mask_HalfMask/Mask_Half_65.mov,Mask_HalfMask,Mask_Half_65,train_A_pretrain;trainlist_all,2,,none,8667dbcd316b38141729c057adf7517fe0602608,no official source maps a video to a person identity,NO_EVIDENCE,"protocol name = video stem (preprocessing.py L31, config_siwm.py L162-176); not a person id"
Spoof/Mask_HalfMask/Mask_Half_66.mov,Spoof/Mask_HalfMask/Mask_Half_66.mov,Mask_HalfMask,Mask_Half_66,train_A_pretrain;trainlist_all,2,,none,8667dbcd316b38141729c057adf7517fe0602608,no official source maps a video to a person identity,NO_EVIDENCE,"protocol name = video stem (preprocessing.py L31, config_siwm.py L162-176); not a person id"
Spoof/Mask_HalfMask/Mask_Half_67.mov,Spoof/Mask_HalfMask/Mask_Half_67.mov,Mask_HalfMask,Mask_Half_67,train_A_pretrain;trainlist_all,2,,none,8667dbcd316b38141729c057adf7517fe0602608,no official source maps a video to a person identity,NO_EVIDENCE,"protocol name = video stem (preprocessing.py L31, config_siwm.py L162-176); not a person id"
Spoof/Mask_HalfMask/Mask_Half_68.mov,Spoof/Mask_HalfMask/Mask_Half_68.mov,Mask_HalfMask,Mask_Half_68,train_A_pretrain;trainlist_all,2,,none,8667dbcd316b38141729c057adf7517fe0602608,no official source maps a video to a person identity,NO_EVIDENCE,"protocol name = video stem (preprocessing.py L31, config_siwm.py L162-176); not a person id"
Spoof/Mask_HalfMask/Mask_Half_69.mov,Spoof/Mask_HalfMask/Mask_Half_69.mov,Mask_HalfMask,Mask_Half_69,train_A_pretrain;trainlist_all,1,,none,8667dbcd316b38141729c057adf7517fe0602608,no official source maps a video to a person identity,NO_EVIDENCE,"protocol name = video stem (preprocessing.py L31, config_siwm.py L162-176); not a person id"
Spoof/Mask_HalfMask/Mask_Half_7.mov,Spoof/Mask_HalfMask/Mask_Half_7.mov,Mask_HalfMask,Mask_Half_7,testlist_all;train_A_pretrain,1,,none,8667dbcd316b38141729c057adf7517fe0602608,no official source maps a video to a person identity,NO_EVIDENCE,"protocol name = video stem (preprocessing.py L31, config_siwm.py L162-176); not a person id"
Spoof/Mask_HalfMask/Mask_Half_70.mov,Spoof/Mask_HalfMask/Mask_Half_70.mov,Mask_HalfMask,Mask_Half_70,test_A_pretrain;trainlist_all,1,,none,8667dbcd316b38141729c057adf7517fe0602608,no official source maps a video to a person identity,NO_EVIDENCE,"protocol name = video stem (preprocessing.py L31, config_siwm.py L162-176); not a person id"
Spoof/Mask_HalfMask/Mask_Half_71.mov,Spoof/Mask_HalfMask/Mask_Half_71.mov,Mask_HalfMask,Mask_Half_71,train_A_pretrain;trainlist_all,2,,none,8667dbcd316b38141729c057adf7517fe0602608,no official source maps a video to a person identity,NO_EVIDENCE,"protocol name = video stem (preprocessing.py L31, config_siwm.py L162-176); not a person id"
Spoof/Mask_HalfMask/Mask_Half_72.mov,Spoof/Mask_HalfMask/Mask_Half_72.mov,Mask_HalfMask,Mask_Half_72,train_A_pretrain;trainlist_all,2,,none,8667dbcd316b38141729c057adf7517fe0602608,no official source maps a video to a person identity,NO_EVIDENCE,"protocol name = video stem (preprocessing.py L31, config_siwm.py L162-176); not a person id"
Spoof/Mask_HalfMask/Mask_Half_8.mov,Spoof/Mask_HalfMask/Mask_Half_8.mov,Mask_HalfMask,Mask_Half_8,testlist_all;train_A_pretrain,2,,none,8667dbcd316b38141729c057adf7517fe0602608,no official source maps a video to a person identity,NO_EVIDENCE,"protocol name = video stem (preprocessing.py L31, config_siwm.py L162-176); not a person id"
Spoof/Mask_HalfMask/Mask_Half_9.mov,Spoof/Mask_HalfMask/Mask_Half_9.mov,Mask_HalfMask,Mask_Half_9,testlist_all;train_A_pretrain,1,,none,8667dbcd316b38141729c057adf7517fe0602608,no official source maps a video to a person identity,NO_EVIDENCE,"protocol name = video stem (preprocessing.py L31, config_siwm.py L162-176); not a person id"
Spoof/Mask_PaperMask/Mask_Paper_1.mov,Spoof/Mask_PaperMask/Mask_Paper_1.mov,Mask_PaperMask,Mask_Paper_1,train_A_pretrain;trainlist_all,10,,none,8667dbcd316b38141729c057adf7517fe0602608,no official source maps a video to a person identity,NO_EVIDENCE,"protocol name = video stem (preprocessing.py L31, config_siwm.py L162-176); not a person id"
Spoof/Mask_PaperMask/Mask_Paper_10.mov,Spoof/Mask_PaperMask/Mask_Paper_10.mov,Mask_PaperMask,Mask_Paper_10,testlist_all;train_A_pretrain,7,,none,8667dbcd316b38141729c057adf7517fe0602608,no official source maps a video to a person identity,NO_EVIDENCE,"protocol name = video stem (preprocessing.py L31, config_siwm.py L162-176); not a person id"
Spoof/Mask_PaperMask/Mask_Paper_11.mov,Spoof/Mask_PaperMask/Mask_Paper_11.mov,Mask_PaperMask,Mask_Paper_11,train_A_pretrain;trainlist_all,9,,none,8667dbcd316b38141729c057adf7517fe0602608,no official source maps a video to a person identity,NO_EVIDENCE,"protocol name = video stem (preprocessing.py L31, config_siwm.py L162-176); not a person id"
Spoof/Mask_PaperMask/Mask_Paper_12.mov,Spoof/Mask_PaperMask/Mask_Paper_12.mov,Mask_PaperMask,Mask_Paper_12,testlist_all;train_A_pretrain,7,,none,8667dbcd316b38141729c057adf7517fe0602608,no official source maps a video to a person identity,NO_EVIDENCE,"protocol name = video stem (preprocessing.py L31, config_siwm.py L162-176); not a person id"
Spoof/Mask_PaperMask/Mask_Paper_13.mov,Spoof/Mask_PaperMask/Mask_Paper_13.mov,Mask_PaperMask,Mask_Paper_13,train_A_pretrain;trainlist_all,9,,none,8667dbcd316b38141729c057adf7517fe0602608,no official source maps a video to a person identity,NO_EVIDENCE,"protocol name = video stem (preprocessing.py L31, config_siwm.py L162-176); not a person id"
Spoof/Mask_PaperMask/Mask_Paper_14.mov,Spoof/Mask_PaperMask/Mask_Paper_14.mov,Mask_PaperMask,Mask_Paper_14,train_A_pretrain;trainlist_all,9,,none,8667dbcd316b38141729c057adf7517fe0602608,no official source maps a video to a person identity,NO_EVIDENCE,"protocol name = video stem (preprocessing.py L31, config_siwm.py L162-176); not a person id"
Spoof/Mask_PaperMask/Mask_Paper_15.mov,Spoof/Mask_PaperMask/Mask_Paper_15.mov,Mask_PaperMask,Mask_Paper_15,train_A_pretrain;trainlist_all,9,,none,8667dbcd316b38141729c057adf7517fe0602608,no official source maps a video to a person identity,NO_EVIDENCE,"protocol name = video stem (preprocessing.py L31, config_siwm.py L162-176); not a person id"
Spoof/Mask_PaperMask/Mask_Paper_16.mov,Spoof/Mask_PaperMask/Mask_Paper_16.mov,Mask_PaperMask,Mask_Paper_16,train_A_pretrain;trainlist_all,9,,none,8667dbcd316b38141729c057adf7517fe0602608,no official source maps a video to a person identity,NO_EVIDENCE,"protocol name = video stem (preprocessing.py L31, config_siwm.py L162-176); not a person id"
Spoof/Mask_PaperMask/Mask_Paper_17.mov,Spoof/Mask_PaperMask/Mask_Paper_17.mov,Mask_PaperMask,Mask_Paper_17,train_A_pretrain;trainlist_all,9,,none,8667dbcd316b38141729c057adf7517fe0602608,no official source maps a video to a person identity,NO_EVIDENCE,"protocol name = video stem (preprocessing.py L31, config_siwm.py L162-176); not a person id"
Spoof/Mask_PaperMask/Mask_Paper_2.mov,Spoof/Mask_PaperMask/Mask_Paper_2.mov,Mask_PaperMask,Mask_Paper_2,testlist_all;train_A_pretrain,7,,none,8667dbcd316b38141729c057adf7517fe0602608,no official source maps a video to a person identity,NO_EVIDENCE,"protocol name = video stem (preprocessing.py L31, config_siwm.py L162-176); not a person id"
Spoof/Mask_PaperMask/Mask_Paper_3.mov,Spoof/Mask_PaperMask/Mask_Paper_3.mov,Mask_PaperMask,Mask_Paper_3,train_A_pretrain;trainlist_all,9,,none,8667dbcd316b38141729c057adf7517fe0602608,no official source maps a video to a person identity,NO_EVIDENCE,"protocol name = video stem (preprocessing.py L31, config_siwm.py L162-176); not a person id"
Spoof/Mask_PaperMask/Mask_Paper_4.mov,Spoof/Mask_PaperMask/Mask_Paper_4.mov,Mask_PaperMask,Mask_Paper_4,testlist_all;train_A_pretrain,6,,none,8667dbcd316b38141729c057adf7517fe0602608,no official source maps a video to a person identity,NO_EVIDENCE,"protocol name = video stem (preprocessing.py L31, config_siwm.py L162-176); not a person id"
Spoof/Mask_PaperMask/Mask_Paper_5.mov,Spoof/Mask_PaperMask/Mask_Paper_5.mov,Mask_PaperMask,Mask_Paper_5,train_A_pretrain;trainlist_all,9,,none,8667dbcd316b38141729c057adf7517fe0602608,no official source maps a video to a person identity,NO_EVIDENCE,"protocol name = video stem (preprocessing.py L31, config_siwm.py L162-176); not a person id"
Spoof/Mask_PaperMask/Mask_Paper_6.mov,Spoof/Mask_PaperMask/Mask_Paper_6.mov,Mask_PaperMask,Mask_Paper_6,test_A_pretrain;testlist_all,1,,none,8667dbcd316b38141729c057adf7517fe0602608,no official source maps a video to a person identity,NO_EVIDENCE,"protocol name = video stem (preprocessing.py L31, config_siwm.py L162-176); not a person id"
Spoof/Mask_PaperMask/Mask_Paper_7.mov,Spoof/Mask_PaperMask/Mask_Paper_7.mov,Mask_PaperMask,Mask_Paper_7,train_A_pretrain;trainlist_all,9,,none,8667dbcd316b38141729c057adf7517fe0602608,no official source maps a video to a person identity,NO_EVIDENCE,"protocol name = video stem (preprocessing.py L31, config_siwm.py L162-176); not a person id"
Spoof/Mask_PaperMask/Mask_Paper_8.mov,Spoof/Mask_PaperMask/Mask_Paper_8.mov,Mask_PaperMask,Mask_Paper_8,testlist_all;train_A_pretrain,7,,none,8667dbcd316b38141729c057adf7517fe0602608,no official source maps a video to a person identity,NO_EVIDENCE,"protocol name = video stem (preprocessing.py L31, config_siwm.py L162-176); not a person id"
Spoof/Mask_PaperMask/Mask_Paper_9.mov,Spoof/Mask_PaperMask/Mask_Paper_9.mov,Mask_PaperMask,Mask_Paper_9,train_A_pretrain;trainlist_all,9,,none,8667dbcd316b38141729c057adf7517fe0602608,no official source maps a video to a person identity,NO_EVIDENCE,"protocol name = video stem (preprocessing.py L31, config_siwm.py L162-176); not a person id"
Spoof/Mask_TransparentMask/Mask_Trans_1.mov,Spoof/Mask_TransparentMask/Mask_Trans_1.mov,Mask_TransparentMask,Mask_Trans_1,train_A_pretrain;trainlist_all,5,,none,8667dbcd316b38141729c057adf7517fe0602608,no official source maps a video to a person identity,NO_EVIDENCE,"protocol name = video stem (preprocessing.py L31, config_siwm.py L162-176); not a person id"
Spoof/Mask_TransparentMask/Mask_Trans_10.mov,Spoof/Mask_TransparentMask/Mask_Trans_10.mov,Mask_TransparentMask,Mask_Trans_10,train_A_pretrain;trainlist_all,4,,none,8667dbcd316b38141729c057adf7517fe0602608,no official source maps a video to a person identity,NO_EVIDENCE,"protocol name = video stem (preprocessing.py L31, config_siwm.py L162-176); not a person id"
Spoof/Mask_TransparentMask/Mask_Trans_11.mov,Spoof/Mask_TransparentMask/Mask_Trans_11.mov,Mask_TransparentMask,Mask_Trans_11,test_A_pretrain;trainlist_all,4,,none,8667dbcd316b38141729c057adf7517fe0602608,no official source maps a video to a person identity,NO_EVIDENCE,"protocol name = video stem (preprocessing.py L31, config_siwm.py L162-176); not a person id"
Spoof/Mask_TransparentMask/Mask_Trans_12.mov,Spoof/Mask_TransparentMask/Mask_Trans_12.mov,Mask_TransparentMask,Mask_Trans_12,train_A_pretrain;trainlist_all,4,,none,8667dbcd316b38141729c057adf7517fe0602608,no official source maps a video to a person identity,NO_EVIDENCE,"protocol name = video stem (preprocessing.py L31, config_siwm.py L162-176); not a person id"
Spoof/Mask_TransparentMask/Mask_Trans_13.mov,Spoof/Mask_TransparentMask/Mask_Trans_13.mov,Mask_TransparentMask,Mask_Trans_13,train_A_pretrain;trainlist_all,4,,none,8667dbcd316b38141729c057adf7517fe0602608,no official source maps a video to a person identity,NO_EVIDENCE,"protocol name = video stem (preprocessing.py L31, config_siwm.py L162-176); not a person id"
Spoof/Mask_TransparentMask/Mask_Trans_14.mov,Spoof/Mask_TransparentMask/Mask_Trans_14.mov,Mask_TransparentMask,Mask_Trans_14,train_A_pretrain;trainlist_all,4,,none,8667dbcd316b38141729c057adf7517fe0602608,no official source maps a video to a person identity,NO_EVIDENCE,"protocol name = video stem (preprocessing.py L31, config_siwm.py L162-176); not a person id"
Spoof/Mask_TransparentMask/Mask_Trans_15.mov,Spoof/Mask_TransparentMask/Mask_Trans_15.mov,Mask_TransparentMask,Mask_Trans_15,train_A_pretrain;trainlist_all,4,,none,8667dbcd316b38141729c057adf7517fe0602608,no official source maps a video to a person identity,NO_EVIDENCE,"protocol name = video stem (preprocessing.py L31, config_siwm.py L162-176); not a person id"
Spoof/Mask_TransparentMask/Mask_Trans_16.mov,Spoof/Mask_TransparentMask/Mask_Trans_16.mov,Mask_TransparentMask,Mask_Trans_16,train_A_pretrain;trainlist_all,4,,none,8667dbcd316b38141729c057adf7517fe0602608,no official source maps a video to a person identity,NO_EVIDENCE,"protocol name = video stem (preprocessing.py L31, config_siwm.py L162-176); not a person id"
Spoof/Mask_TransparentMask/Mask_Trans_17.mov,Spoof/Mask_TransparentMask/Mask_Trans_17.mov,Mask_TransparentMask,Mask_Trans_17,train_A_pretrain;trainlist_all,4,,none,8667dbcd316b38141729c057adf7517fe0602608,no official source maps a video to a person identity,NO_EVIDENCE,"protocol name = video stem (preprocessing.py L31, config_siwm.py L162-176); not a person id"
Spoof/Mask_TransparentMask/Mask_Trans_18.mov,Spoof/Mask_TransparentMask/Mask_Trans_18.mov,Mask_TransparentMask,Mask_Trans_18,test_A_pretrain;testlist_all,1,,none,8667dbcd316b38141729c057adf7517fe0602608,no official source maps a video to a person identity,NO_EVIDENCE,"protocol name = video stem (preprocessing.py L31, config_siwm.py L162-176); not a person id"
Spoof/Mask_TransparentMask/Mask_Trans_19.mov,Spoof/Mask_TransparentMask/Mask_Trans_19.mov,Mask_TransparentMask,Mask_Trans_19,train_A_pretrain;trainlist_all,4,,none,8667dbcd316b38141729c057adf7517fe0602608,no official source maps a video to a person identity,NO_EVIDENCE,"protocol name = video stem (preprocessing.py L31, config_siwm.py L162-176); not a person id"
Spoof/Mask_TransparentMask/Mask_Trans_2.mov,Spoof/Mask_TransparentMask/Mask_Trans_2.mov,Mask_TransparentMask,Mask_Trans_2,train_A_pretrain;trainlist_all,5,,none,8667dbcd316b38141729c057adf7517fe0602608,no official source maps a video to a person identity,NO_EVIDENCE,"protocol name = video stem (preprocessing.py L31, config_siwm.py L162-176); not a person id"
Spoof/Mask_TransparentMask/Mask_Trans_20.mov,Spoof/Mask_TransparentMask/Mask_Trans_20.mov,Mask_TransparentMask,Mask_Trans_20,train_A_pretrain;trainlist_all,4,,none,8667dbcd316b38141729c057adf7517fe0602608,no official source maps a video to a person identity,NO_EVIDENCE,"protocol name = video stem (preprocessing.py L31, config_siwm.py L162-176); not a person id"
Spoof/Mask_TransparentMask/Mask_Trans_21.mov,Spoof/Mask_TransparentMask/Mask_Trans_21.mov,Mask_TransparentMask,Mask_Trans_21,train_A_pretrain;trainlist_all,4,,none,8667dbcd316b38141729c057adf7517fe0602608,no official source maps a video to a person identity,NO_EVIDENCE,"protocol name = video stem (preprocessing.py L31, config_siwm.py L162-176); not a person id"
Spoof/Mask_TransparentMask/Mask_Trans_22.mov,Spoof/Mask_TransparentMask/Mask_Trans_22.mov,Mask_TransparentMask,Mask_Trans_22,train_A_pretrain;trainlist_all,4,,none,8667dbcd316b38141729c057adf7517fe0602608,no official source maps a video to a person identity,NO_EVIDENCE,"protocol name = video stem (preprocessing.py L31, config_siwm.py L162-176); not a person id"
Spoof/Mask_TransparentMask/Mask_Trans_23.mov,Spoof/Mask_TransparentMask/Mask_Trans_23.mov,Mask_TransparentMask,Mask_Trans_23,train_A_pretrain;trainlist_all,4,,none,8667dbcd316b38141729c057adf7517fe0602608,no official source maps a video to a person identity,NO_EVIDENCE,"protocol name = video stem (preprocessing.py L31, config_siwm.py L162-176); not a person id"
Spoof/Mask_TransparentMask/Mask_Trans_24.mov,Spoof/Mask_TransparentMask/Mask_Trans_24.mov,Mask_TransparentMask,Mask_Trans_24,testlist_all;train_A_pretrain,2,,none,8667dbcd316b38141729c057adf7517fe0602608,no official source maps a video to a person identity,NO_EVIDENCE,"protocol name = video stem (preprocessing.py L31, config_siwm.py L162-176); not a person id"
Spoof/Mask_TransparentMask/Mask_Trans_25.mov,Spoof/Mask_TransparentMask/Mask_Trans_25.mov,Mask_TransparentMask,Mask_Trans_25,testlist_all;train_A_pretrain,2,,none,8667dbcd316b38141729c057adf7517fe0602608,no official source maps a video to a person identity,NO_EVIDENCE,"protocol name = video stem (preprocessing.py L31, config_siwm.py L162-176); not a person id"
Spoof/Mask_TransparentMask/Mask_Trans_26.mov,Spoof/Mask_TransparentMask/Mask_Trans_26.mov,Mask_TransparentMask,Mask_Trans_26,testlist_all;train_A_pretrain,2,,none,8667dbcd316b38141729c057adf7517fe0602608,no official source maps a video to a person identity,NO_EVIDENCE,"protocol name = video stem (preprocessing.py L31, config_siwm.py L162-176); not a person id"
Spoof/Mask_TransparentMask/Mask_Trans_27.mov,Spoof/Mask_TransparentMask/Mask_Trans_27.mov,Mask_TransparentMask,Mask_Trans_27,testlist_all;train_A_pretrain,2,,none,8667dbcd316b38141729c057adf7517fe0602608,no official source maps a video to a person identity,NO_EVIDENCE,"protocol name = video stem (preprocessing.py L31, config_siwm.py L162-176); not a person id"
Spoof/Mask_TransparentMask/Mask_Trans_28.mov,Spoof/Mask_TransparentMask/Mask_Trans_28.mov,Mask_TransparentMask,Mask_Trans_28,testlist_all;train_A_pretrain,2,,none,8667dbcd316b38141729c057adf7517fe0602608,no official source maps a video to a person identity,NO_EVIDENCE,"protocol name = video stem (preprocessing.py L31, config_siwm.py L162-176); not a person id"
Spoof/Mask_TransparentMask/Mask_Trans_29.mov,Spoof/Mask_TransparentMask/Mask_Trans_29.mov,Mask_TransparentMask,Mask_Trans_29,testlist_all;train_A_pretrain,2,,none,8667dbcd316b38141729c057adf7517fe0602608,no official source maps a video to a person identity,NO_EVIDENCE,"protocol name = video stem (preprocessing.py L31, config_siwm.py L162-176); not a person id"
Spoof/Mask_TransparentMask/Mask_Trans_3.mov,Spoof/Mask_TransparentMask/Mask_Trans_3.mov,Mask_TransparentMask,Mask_Trans_3,train_A_pretrain;trainlist_all,5,,none,8667dbcd316b38141729c057adf7517fe0602608,no official source maps a video to a person identity,NO_EVIDENCE,"protocol name = video stem (preprocessing.py L31, config_siwm.py L162-176); not a person id"
Spoof/Mask_TransparentMask/Mask_Trans_30.mov,Spoof/Mask_TransparentMask/Mask_Trans_30.mov,Mask_TransparentMask,Mask_Trans_30,testlist_all;train_A_pretrain,2,,none,8667dbcd316b38141729c057adf7517fe0602608,no official source maps a video to a person identity,NO_EVIDENCE,"protocol name = video stem (preprocessing.py L31, config_siwm.py L162-176); not a person id"
Spoof/Mask_TransparentMask/Mask_Trans_31.mov,Spoof/Mask_TransparentMask/Mask_Trans_31.mov,Mask_TransparentMask,Mask_Trans_31,testlist_all;train_A_pretrain,2,,none,8667dbcd316b38141729c057adf7517fe0602608,no official source maps a video to a person identity,NO_EVIDENCE,"protocol name = video stem (preprocessing.py L31, config_siwm.py L162-176); not a person id"
Spoof/Mask_TransparentMask/Mask_Trans_32.mov,Spoof/Mask_TransparentMask/Mask_Trans_32.mov,Mask_TransparentMask,Mask_Trans_32,testlist_all;train_A_pretrain,2,,none,8667dbcd316b38141729c057adf7517fe0602608,no official source maps a video to a person identity,NO_EVIDENCE,"protocol name = video stem (preprocessing.py L31, config_siwm.py L162-176); not a person id"
Spoof/Mask_TransparentMask/Mask_Trans_33.mov,Spoof/Mask_TransparentMask/Mask_Trans_33.mov,Mask_TransparentMask,Mask_Trans_33,testlist_all;train_A_pretrain,2,,none,8667dbcd316b38141729c057adf7517fe0602608,no official source maps a video to a person identity,NO_EVIDENCE,"protocol name = video stem (preprocessing.py L31, config_siwm.py L162-176); not a person id"
Spoof/Mask_TransparentMask/Mask_Trans_34.mov,Spoof/Mask_TransparentMask/Mask_Trans_34.mov,Mask_TransparentMask,Mask_Trans_34,testlist_all;train_A_pretrain,2,,none,8667dbcd316b38141729c057adf7517fe0602608,no official source maps a video to a person identity,NO_EVIDENCE,"protocol name = video stem (preprocessing.py L31, config_siwm.py L162-176); not a person id"
Spoof/Mask_TransparentMask/Mask_Trans_35.mov,Spoof/Mask_TransparentMask/Mask_Trans_35.mov,Mask_TransparentMask,Mask_Trans_35,testlist_all;train_A_pretrain,2,,none,8667dbcd316b38141729c057adf7517fe0602608,no official source maps a video to a person identity,NO_EVIDENCE,"protocol name = video stem (preprocessing.py L31, config_siwm.py L162-176); not a person id"
Spoof/Mask_TransparentMask/Mask_Trans_36.mov,Spoof/Mask_TransparentMask/Mask_Trans_36.mov,Mask_TransparentMask,Mask_Trans_36,test_A_pretrain;testlist_all,1,,none,8667dbcd316b38141729c057adf7517fe0602608,no official source maps a video to a person identity,NO_EVIDENCE,"protocol name = video stem (preprocessing.py L31, config_siwm.py L162-176); not a person id"
Spoof/Mask_TransparentMask/Mask_Trans_37.mov,Spoof/Mask_TransparentMask/Mask_Trans_37.mov,Mask_TransparentMask,Mask_Trans_37,test_A_pretrain;testlist_all,1,,none,8667dbcd316b38141729c057adf7517fe0602608,no official source maps a video to a person identity,NO_EVIDENCE,"protocol name = video stem (preprocessing.py L31, config_siwm.py L162-176); not a person id"
Spoof/Mask_TransparentMask/Mask_Trans_38.mov,Spoof/Mask_TransparentMask/Mask_Trans_38.mov,Mask_TransparentMask,Mask_Trans_38,testlist_all;train_A_pretrain,2,,none,8667dbcd316b38141729c057adf7517fe0602608,no official source maps a video to a person identity,NO_EVIDENCE,"protocol name = video stem (preprocessing.py L31, config_siwm.py L162-176); not a person id"
Spoof/Mask_TransparentMask/Mask_Trans_39.mov,Spoof/Mask_TransparentMask/Mask_Trans_39.mov,Mask_TransparentMask,Mask_Trans_39,testlist_all;train_A_pretrain,2,,none,8667dbcd316b38141729c057adf7517fe0602608,no official source maps a video to a person identity,NO_EVIDENCE,"protocol name = video stem (preprocessing.py L31, config_siwm.py L162-176); not a person id"
Spoof/Mask_TransparentMask/Mask_Trans_4.mov,Spoof/Mask_TransparentMask/Mask_Trans_4.mov,Mask_TransparentMask,Mask_Trans_4,testlist_all;train_A_pretrain,2,,none,8667dbcd316b38141729c057adf7517fe0602608,no official source maps a video to a person identity,NO_EVIDENCE,"protocol name = video stem (preprocessing.py L31, config_siwm.py L162-176); not a person id"
Spoof/Mask_TransparentMask/Mask_Trans_40.mov,Spoof/Mask_TransparentMask/Mask_Trans_40.mov,Mask_TransparentMask,Mask_Trans_40,testlist_all;train_A_pretrain,2,,none,8667dbcd316b38141729c057adf7517fe0602608,no official source maps a video to a person identity,NO_EVIDENCE,"protocol name = video stem (preprocessing.py L31, config_siwm.py L162-176); not a person id"
Spoof/Mask_TransparentMask/Mask_Trans_41.mov,Spoof/Mask_TransparentMask/Mask_Trans_41.mov,Mask_TransparentMask,Mask_Trans_41,testlist_all;train_A_pretrain,2,,none,8667dbcd316b38141729c057adf7517fe0602608,no official source maps a video to a person identity,NO_EVIDENCE,"protocol name = video stem (preprocessing.py L31, config_siwm.py L162-176); not a person id"
Spoof/Mask_TransparentMask/Mask_Trans_42.mov,Spoof/Mask_TransparentMask/Mask_Trans_42.mov,Mask_TransparentMask,Mask_Trans_42,test_A_pretrain;testlist_all,1,,none,8667dbcd316b38141729c057adf7517fe0602608,no official source maps a video to a person identity,NO_EVIDENCE,"protocol name = video stem (preprocessing.py L31, config_siwm.py L162-176); not a person id"
Spoof/Mask_TransparentMask/Mask_Trans_43.mov,Spoof/Mask_TransparentMask/Mask_Trans_43.mov,Mask_TransparentMask,Mask_Trans_43,testlist_all;train_A_pretrain,2,,none,8667dbcd316b38141729c057adf7517fe0602608,no official source maps a video to a person identity,NO_EVIDENCE,"protocol name = video stem (preprocessing.py L31, config_siwm.py L162-176); not a person id"
Spoof/Mask_TransparentMask/Mask_Trans_44.mov,Spoof/Mask_TransparentMask/Mask_Trans_44.mov,Mask_TransparentMask,Mask_Trans_44,testlist_all;train_A_pretrain,2,,none,8667dbcd316b38141729c057adf7517fe0602608,no official source maps a video to a person identity,NO_EVIDENCE,"protocol name = video stem (preprocessing.py L31, config_siwm.py L162-176); not a person id"
Spoof/Mask_TransparentMask/Mask_Trans_45.mov,Spoof/Mask_TransparentMask/Mask_Trans_45.mov,Mask_TransparentMask,Mask_Trans_45,testlist_all;train_A_pretrain,2,,none,8667dbcd316b38141729c057adf7517fe0602608,no official source maps a video to a person identity,NO_EVIDENCE,"protocol name = video stem (preprocessing.py L31, config_siwm.py L162-176); not a person id"
Spoof/Mask_TransparentMask/Mask_Trans_46.mov,Spoof/Mask_TransparentMask/Mask_Trans_46.mov,Mask_TransparentMask,Mask_Trans_46,testlist_all;train_A_pretrain,2,,none,8667dbcd316b38141729c057adf7517fe0602608,no official source maps a video to a person identity,NO_EVIDENCE,"protocol name = video stem (preprocessing.py L31, config_siwm.py L162-176); not a person id"
Spoof/Mask_TransparentMask/Mask_Trans_47.mov,Spoof/Mask_TransparentMask/Mask_Trans_47.mov,Mask_TransparentMask,Mask_Trans_47,testlist_all;train_A_pretrain,2,,none,8667dbcd316b38141729c057adf7517fe0602608,no official source maps a video to a person identity,NO_EVIDENCE,"protocol name = video stem (preprocessing.py L31, config_siwm.py L162-176); not a person id"
Spoof/Mask_TransparentMask/Mask_Trans_48.mov,Spoof/Mask_TransparentMask/Mask_Trans_48.mov,Mask_TransparentMask,Mask_Trans_48,test_A_pretrain;testlist_all,1,,none,8667dbcd316b38141729c057adf7517fe0602608,no official source maps a video to a person identity,NO_EVIDENCE,"protocol name = video stem (preprocessing.py L31, config_siwm.py L162-176); not a person id"
Spoof/Mask_TransparentMask/Mask_Trans_49.mov,Spoof/Mask_TransparentMask/Mask_Trans_49.mov,Mask_TransparentMask,Mask_Trans_49,testlist_all;train_A_pretrain,2,,none,8667dbcd316b38141729c057adf7517fe0602608,no official source maps a video to a person identity,NO_EVIDENCE,"protocol name = video stem (preprocessing.py L31, config_siwm.py L162-176); not a person id"
Spoof/Mask_TransparentMask/Mask_Trans_5.mov,Spoof/Mask_TransparentMask/Mask_Trans_5.mov,Mask_TransparentMask,Mask_Trans_5,test_A_pretrain;trainlist_all,5,,none,8667dbcd316b38141729c057adf7517fe0602608,no official source maps a video to a person identity,NO_EVIDENCE,"protocol name = video stem (preprocessing.py L31, config_siwm.py L162-176); not a person id"
Spoof/Mask_TransparentMask/Mask_Trans_50.mov,Spoof/Mask_TransparentMask/Mask_Trans_50.mov,Mask_TransparentMask,Mask_Trans_50,testlist_all;train_A_pretrain,2,,none,8667dbcd316b38141729c057adf7517fe0602608,no official source maps a video to a person identity,NO_EVIDENCE,"protocol name = video stem (preprocessing.py L31, config_siwm.py L162-176); not a person id"
Spoof/Mask_TransparentMask/Mask_Trans_51.mp4,Spoof/Mask_TransparentMask/Mask_Trans_51.mp4,Mask_TransparentMask,Mask_Trans_51,train_A_pretrain;trainlist_all,4,,none,8667dbcd316b38141729c057adf7517fe0602608,no official source maps a video to a person identity,NO_EVIDENCE,"protocol name = video stem (preprocessing.py L31, config_siwm.py L162-176); not a person id"
Spoof/Mask_TransparentMask/Mask_Trans_52.mp4,Spoof/Mask_TransparentMask/Mask_Trans_52.mp4,Mask_TransparentMask,Mask_Trans_52,testlist_all;train_A_pretrain,2,,none,8667dbcd316b38141729c057adf7517fe0602608,no official source maps a video to a person identity,NO_EVIDENCE,"protocol name = video stem (preprocessing.py L31, config_siwm.py L162-176); not a person id"
Spoof/Mask_TransparentMask/Mask_Trans_53.mp4,Spoof/Mask_TransparentMask/Mask_Trans_53.mp4,Mask_TransparentMask,Mask_Trans_53,test_A_pretrain;testlist_all,1,,none,8667dbcd316b38141729c057adf7517fe0602608,no official source maps a video to a person identity,NO_EVIDENCE,"protocol name = video stem (preprocessing.py L31, config_siwm.py L162-176); not a person id"
Spoof/Mask_TransparentMask/Mask_Trans_54.mp4,Spoof/Mask_TransparentMask/Mask_Trans_54.mp4,Mask_TransparentMask,Mask_Trans_54,testlist_all;train_A_pretrain,2,,none,8667dbcd316b38141729c057adf7517fe0602608,no official source maps a video to a person identity,NO_EVIDENCE,"protocol name = video stem (preprocessing.py L31, config_siwm.py L162-176); not a person id"
Spoof/Mask_TransparentMask/Mask_Trans_55.mp4,Spoof/Mask_TransparentMask/Mask_Trans_55.mp4,Mask_TransparentMask,Mask_Trans_55,testlist_all;train_A_pretrain,2,,none,8667dbcd316b38141729c057adf7517fe0602608,no official source maps a video to a person identity,NO_EVIDENCE,"protocol name = video stem (preprocessing.py L31, config_siwm.py L162-176); not a person id"
Spoof/Mask_TransparentMask/Mask_Trans_56.mp4,Spoof/Mask_TransparentMask/Mask_Trans_56.mp4,Mask_TransparentMask,Mask_Trans_56,train_A_pretrain;trainlist_all,4,,none,8667dbcd316b38141729c057adf7517fe0602608,no official source maps a video to a person identity,NO_EVIDENCE,"protocol name = video stem (preprocessing.py L31, config_siwm.py L162-176); not a person id"
Spoof/Mask_TransparentMask/Mask_Trans_57.mp4,Spoof/Mask_TransparentMask/Mask_Trans_57.mp4,Mask_TransparentMask,Mask_Trans_57,testlist_all;train_A_pretrain,2,,none,8667dbcd316b38141729c057adf7517fe0602608,no official source maps a video to a person identity,NO_EVIDENCE,"protocol name = video stem (preprocessing.py L31, config_siwm.py L162-176); not a person id"
Spoof/Mask_TransparentMask/Mask_Trans_58.mp4,Spoof/Mask_TransparentMask/Mask_Trans_58.mp4,Mask_TransparentMask,Mask_Trans_58,train_A_pretrain;trainlist_all,4,,none,8667dbcd316b38141729c057adf7517fe0602608,no official source maps a video to a person identity,NO_EVIDENCE,"protocol name = video stem (preprocessing.py L31, config_siwm.py L162-176); not a person id"
Spoof/Mask_TransparentMask/Mask_Trans_59.mp4,Spoof/Mask_TransparentMask/Mask_Trans_59.mp4,Mask_TransparentMask,Mask_Trans_59,train_A_pretrain;trainlist_all,4,,none,8667dbcd316b38141729c057adf7517fe0602608,no official source maps a video to a person identity,NO_EVIDENCE,"protocol name = video stem (preprocessing.py L31, config_siwm.py L162-176); not a person id"
Spoof/Mask_TransparentMask/Mask_Trans_6.mov,Spoof/Mask_TransparentMask/Mask_Trans_6.mov,Mask_TransparentMask,Mask_Trans_6,testlist_all;train_A_pretrain,2,,none,8667dbcd316b38141729c057adf7517fe0602608,no official source maps a video to a person identity,NO_EVIDENCE,"protocol name = video stem (preprocessing.py L31, config_siwm.py L162-176); not a person id"
Spoof/Mask_TransparentMask/Mask_Trans_60.mp4,Spoof/Mask_TransparentMask/Mask_Trans_60.mp4,Mask_TransparentMask,Mask_Trans_60,train_A_pretrain,2,,none,8667dbcd316b38141729c057adf7517fe0602608,no official source maps a video to a person identity,NO_EVIDENCE,"protocol name = video stem (preprocessing.py L31, config_siwm.py L162-176); not a person id"
Spoof/Mask_TransparentMask/Mask_Trans_7.mov,Spoof/Mask_TransparentMask/Mask_Trans_7.mov,Mask_TransparentMask,Mask_Trans_7,train_A_pretrain;trainlist_all,4,,none,8667dbcd316b38141729c057adf7517fe0602608,no official source maps a video to a person identity,NO_EVIDENCE,"protocol name = video stem (preprocessing.py L31, config_siwm.py L162-176); not a person id"
Spoof/Mask_TransparentMask/Mask_Trans_8.mov,Spoof/Mask_TransparentMask/Mask_Trans_8.mov,Mask_TransparentMask,Mask_Trans_8,train_A_pretrain;trainlist_all,4,,none,8667dbcd316b38141729c057adf7517fe0602608,no official source maps a video to a person identity,NO_EVIDENCE,"protocol name = video stem (preprocessing.py L31, config_siwm.py L162-176); not a person id"
Spoof/Mask_TransparentMask/Mask_Trans_9.mov,Spoof/Mask_TransparentMask/Mask_Trans_9.mov,Mask_TransparentMask,Mask_Trans_9,train_A_pretrain;trainlist_all,4,,none,8667dbcd316b38141729c057adf7517fe0602608,no official source maps a video to a person identity,NO_EVIDENCE,"protocol name = video stem (preprocessing.py L31, config_siwm.py L162-176); not a person id"
Spoof/Paper/Paper_1.mov,Spoof/Paper/Paper_1.mov,Paper,Paper_1,testlist_all;train_D_age;train_E_ill,2,,none,8667dbcd316b38141729c057adf7517fe0602608,no official source maps a video to a person identity,NO_EVIDENCE,"protocol name = video stem (preprocessing.py L31, config_siwm.py L162-176); not a person id"
Spoof/Paper/Paper_10.mov,Spoof/Paper/Paper_10.mov,Paper,Paper_10,test_A_pretrain;testlist_all,1,,none,8667dbcd316b38141729c057adf7517fe0602608,no official source maps a video to a person identity,NO_EVIDENCE,"protocol name = video stem (preprocessing.py L31, config_siwm.py L162-176); not a person id"
Spoof/Paper/Paper_100.mov,Spoof/Paper/Paper_100.mov,Paper,Paper_100,testlist_all;train_A_pretrain,2,,none,8667dbcd316b38141729c057adf7517fe0602608,no official source maps a video to a person identity,NO_EVIDENCE,"protocol name = video stem (preprocessing.py L31, config_siwm.py L162-176); not a person id"
Spoof/Paper/Paper_101.mov,Spoof/Paper/Paper_101.mov,Paper,Paper_101,train_A_pretrain;trainlist_all,2,,none,8667dbcd316b38141729c057adf7517fe0602608,no official source maps a video to a person identity,NO_EVIDENCE,"protocol name = video stem (preprocessing.py L31, config_siwm.py L162-176); not a person id"
Spoof/Paper/Paper_102.mov,Spoof/Paper/Paper_102.mov,Paper,Paper_102,test_A_pretrain;testlist_all,1,,none,8667dbcd316b38141729c057adf7517fe0602608,no official source maps a video to a person identity,NO_EVIDENCE,"protocol name = video stem (preprocessing.py L31, config_siwm.py L162-176); not a person id"
Spoof/Paper/Paper_103.mov,Spoof/Paper/Paper_103.mov,Paper,Paper_103,test_A_pretrain;testlist_all,1,,none,8667dbcd316b38141729c057adf7517fe0602608,no official source maps a video to a person identity,NO_EVIDENCE,"protocol name = video stem (preprocessing.py L31, config_siwm.py L162-176); not a person id"
Spoof/Paper/Paper_104.mov,Spoof/Paper/Paper_104.mov,Paper,Paper_104,testlist_all;train_A_pretrain,2,,none,8667dbcd316b38141729c057adf7517fe0602608,no official source maps a video to a person identity,NO_EVIDENCE,"protocol name = video stem (preprocessing.py L31, config_siwm.py L162-176); not a person id"
Spoof/Paper/Paper_105.mov,Spoof/Paper/Paper_105.mov,Paper,Paper_105,train_A_pretrain;trainlist_all,2,,none,8667dbcd316b38141729c057adf7517fe0602608,no official source maps a video to a person identity,NO_EVIDENCE,"protocol name = video stem (preprocessing.py L31, config_siwm.py L162-176); not a person id"
Spoof/Paper/Paper_106.mov,Spoof/Paper/Paper_106.mov,Paper,Paper_106,testlist_all;train_A_pretrain,2,,none,8667dbcd316b38141729c057adf7517fe0602608,no official source maps a video to a person identity,NO_EVIDENCE,"protocol name = video stem (preprocessing.py L31, config_siwm.py L162-176); not a person id"
Spoof/Paper/Paper_107.mov,Spoof/Paper/Paper_107.mov,Paper,Paper_107,train_A_pretrain;trainlist_all,2,,none,8667dbcd316b38141729c057adf7517fe0602608,no official source maps a video to a person identity,NO_EVIDENCE,"protocol name = video stem (preprocessing.py L31, config_siwm.py L162-176); not a person id"
Spoof/Paper/Paper_108.mov,Spoof/Paper/Paper_108.mov,Paper,Paper_108,train_C_race;trainlist_all,4,,none,8667dbcd316b38141729c057adf7517fe0602608,no official source maps a video to a person identity,NO_EVIDENCE,"protocol name = video stem (preprocessing.py L31, config_siwm.py L162-176); not a person id"
Spoof/Paper/Paper_109.mov,Spoof/Paper/Paper_109.mov,Paper,Paper_109,train_C_race;trainlist_all,4,,none,8667dbcd316b38141729c057adf7517fe0602608,no official source maps a video to a person identity,NO_EVIDENCE,"protocol name = video stem (preprocessing.py L31, config_siwm.py L162-176); not a person id"
Spoof/Paper/Paper_11.mov,Spoof/Paper/Paper_11.mov,Paper,Paper_11,testlist_all;train_A_pretrain,2,,none,8667dbcd316b38141729c057adf7517fe0602608,no official source maps a video to a person identity,NO_EVIDENCE,"protocol name = video stem (preprocessing.py L31, config_siwm.py L162-176); not a person id"
Spoof/Paper/Paper_110.mov,Spoof/Paper/Paper_110.mov,Paper,Paper_110,testlist_all;train_A_pretrain,2,,none,8667dbcd316b38141729c057adf7517fe0602608,no official source maps a video to a person identity,NO_EVIDENCE,"protocol name = video stem (preprocessing.py L31, config_siwm.py L162-176); not a person id"
Spoof/Paper/Paper_111.mov,Spoof/Paper/Paper_111.mov,Paper,Paper_111,train_A_pretrain;trainlist_all,2,,none,8667dbcd316b38141729c057adf7517fe0602608,no official source maps a video to a person identity,NO_EVIDENCE,"protocol name = video stem (preprocessing.py L31, config_siwm.py L162-176); not a person id"
Spoof/Paper/Paper_112.mov,Spoof/Paper/Paper_112.mov,Paper,Paper_112,train_A_pretrain;trainlist_all,2,,none,8667dbcd316b38141729c057adf7517fe0602608,no official source maps a video to a person identity,NO_EVIDENCE,"protocol name = video stem (preprocessing.py L31, config_siwm.py L162-176); not a person id"
Spoof/Paper/Paper_113.mov,Spoof/Paper/Paper_113.mov,Paper,Paper_113,test_A_pretrain;trainlist_all,1,,none,8667dbcd316b38141729c057adf7517fe0602608,no official source maps a video to a person identity,NO_EVIDENCE,"protocol name = video stem (preprocessing.py L31, config_siwm.py L162-176); not a person id"
Spoof/Paper/Paper_114.mov,Spoof/Paper/Paper_114.mov,Paper,Paper_114,train_A_pretrain;trainlist_all,2,,none,8667dbcd316b38141729c057adf7517fe0602608,no official source maps a video to a person identity,NO_EVIDENCE,"protocol name = video stem (preprocessing.py L31, config_siwm.py L162-176); not a person id"
Spoof/Paper/Paper_115.mov,Spoof/Paper/Paper_115.mov,Paper,Paper_115,test_C_race;trainlist_all,1,,none,8667dbcd316b38141729c057adf7517fe0602608,no official source maps a video to a person identity,NO_EVIDENCE,"protocol name = video stem (preprocessing.py L31, config_siwm.py L162-176); not a person id"
Spoof/Paper/Paper_116.mov,Spoof/Paper/Paper_116.mov,Paper,Paper_116,test_C_race;testlist_all,1,,none,8667dbcd316b38141729c057adf7517fe0602608,no official source maps a video to a person identity,NO_EVIDENCE,"protocol name = video stem (preprocessing.py L31, config_siwm.py L162-176); not a person id"
Spoof/Paper/Paper_117.mov,Spoof/Paper/Paper_117.mov,Paper,Paper_117,train_A_pretrain;trainlist_all,2,,none,8667dbcd316b38141729c057adf7517fe0602608,no official source maps a video to a person identity,NO_EVIDENCE,"protocol name = video stem (preprocessing.py L31, config_siwm.py L162-176); not a person id"
Spoof/Paper/Paper_118.mov,Spoof/Paper/Paper_118.mov,Paper,Paper_118,test_C_race;trainlist_all,1,,none,8667dbcd316b38141729c057adf7517fe0602608,no official source maps a video to a person identity,NO_EVIDENCE,"protocol name = video stem (preprocessing.py L31, config_siwm.py L162-176); not a person id"
Spoof/Paper/Paper_119.mp4,Spoof/Paper/Paper_119.mp4,Paper,Paper_119,train_A_pretrain;trainlist_all,2,,none,8667dbcd316b38141729c057adf7517fe0602608,no official source maps a video to a person identity,NO_EVIDENCE,"protocol name = video stem (preprocessing.py L31, config_siwm.py L162-176); not a person id"
Spoof/Paper/Paper_12.mov,Spoof/Paper/Paper_12.mov,Paper,Paper_12,train_C_race;train_D_age;train_E_ill;trainlist_all,5,,none,8667dbcd316b38141729c057adf7517fe0602608,no official source maps a video to a person identity,NO_EVIDENCE,"protocol name = video stem (preprocessing.py L31, config_siwm.py L162-176); not a person id"
Spoof/Paper/Paper_120.mp4,Spoof/Paper/Paper_120.mp4,Paper,Paper_120,train_A_pretrain;trainlist_all,2,,none,8667dbcd316b38141729c057adf7517fe0602608,no official source maps a video to a person identity,NO_EVIDENCE,"protocol name = video stem (preprocessing.py L31, config_siwm.py L162-176); not a person id"
Spoof/Paper/Paper_121.mp4,Spoof/Paper/Paper_121.mp4,Paper,Paper_121,train_B_spoof;trainlist_all,1,,none,8667dbcd316b38141729c057adf7517fe0602608,no official source maps a video to a person identity,NO_EVIDENCE,"protocol name = video stem (preprocessing.py L31, config_siwm.py L162-176); not a person id"
Spoof/Paper/Paper_122.mp4,Spoof/Paper/Paper_122.mp4,Paper,Paper_122,train_B_spoof;trainlist_all,1,,none,8667dbcd316b38141729c057adf7517fe0602608,no official source maps a video to a person identity,NO_EVIDENCE,"protocol name = video stem (preprocessing.py L31, config_siwm.py L162-176); not a person id"
Spoof/Paper/Paper_123.mp4,Spoof/Paper/Paper_123.mp4,Paper,Paper_123,train_B_spoof;trainlist_all,1,,none,8667dbcd316b38141729c057adf7517fe0602608,no official source maps a video to a person identity,NO_EVIDENCE,"protocol name = video stem (preprocessing.py L31, config_siwm.py L162-176); not a person id"
Spoof/Paper/Paper_124.mp4,Spoof/Paper/Paper_124.mp4,Paper,Paper_124,train_B_spoof;trainlist_all,1,,none,8667dbcd316b38141729c057adf7517fe0602608,no official source maps a video to a person identity,NO_EVIDENCE,"protocol name = video stem (preprocessing.py L31, config_siwm.py L162-176); not a person id"
Spoof/Paper/Paper_125.mp4,Spoof/Paper/Paper_125.mp4,Paper,Paper_125,test_A_pretrain;trainlist_all,1,,none,8667dbcd316b38141729c057adf7517fe0602608,no official source maps a video to a person identity,NO_EVIDENCE,"protocol name = video stem (preprocessing.py L31, config_siwm.py L162-176); not a person id"
Spoof/Paper/Paper_126.mp4,Spoof/Paper/Paper_126.mp4,Paper,Paper_126,train_D_age;train_E_ill;trainlist_all,2,,none,8667dbcd316b38141729c057adf7517fe0602608,no official source maps a video to a person identity,NO_EVIDENCE,"protocol name = video stem (preprocessing.py L31, config_siwm.py L162-176); not a person id"
Spoof/Paper/Paper_127.mp4,Spoof/Paper/Paper_127.mp4,Paper,Paper_127,testlist_all;train_B_spoof,1,,none,8667dbcd316b38141729c057adf7517fe0602608,no official source maps a video to a person identity,NO_EVIDENCE,"protocol name = video stem (preprocessing.py L31, config_siwm.py L162-176); not a person id"
Spoof/Paper/Paper_128.mp4,Spoof/Paper/Paper_128.mp4,Paper,Paper_128,testlist_all;train_B_spoof,1,,none,8667dbcd316b38141729c057adf7517fe0602608,no official source maps a video to a person identity,NO_EVIDENCE,"protocol name = video stem (preprocessing.py L31, config_siwm.py L162-176); not a person id"
Spoof/Paper/Paper_129.mp4,Spoof/Paper/Paper_129.mp4,Paper,Paper_129,testlist_all;train_D_age;train_E_ill,2,,none,8667dbcd316b38141729c057adf7517fe0602608,no official source maps a video to a person identity,NO_EVIDENCE,"protocol name = video stem (preprocessing.py L31, config_siwm.py L162-176); not a person id"
Spoof/Paper/Paper_13.mov,Spoof/Paper/Paper_13.mov,Paper,Paper_13,testlist_all;train_D_age;train_E_ill,2,,none,8667dbcd316b38141729c057adf7517fe0602608,no official source maps a video to a person identity,NO_EVIDENCE,"protocol name = video stem (preprocessing.py L31, config_siwm.py L162-176); not a person id"
Spoof/Paper/Paper_130.mp4,Spoof/Paper/Paper_130.mp4,Paper,Paper_130,testlist_all;train_D_age;train_E_ill,2,,none,8667dbcd316b38141729c057adf7517fe0602608,no official source maps a video to a person identity,NO_EVIDENCE,"protocol name = video stem (preprocessing.py L31, config_siwm.py L162-176); not a person id"
Spoof/Paper/Paper_131.mp4,Spoof/Paper/Paper_131.mp4,Paper,Paper_131,testlist_all;train_B_spoof,1,,none,8667dbcd316b38141729c057adf7517fe0602608,no official source maps a video to a person identity,NO_EVIDENCE,"protocol name = video stem (preprocessing.py L31, config_siwm.py L162-176); not a person id"
Spoof/Paper/Paper_132.mp4,Spoof/Paper/Paper_132.mp4,Paper,Paper_132,testlist_all;train_B_spoof,1,,none,8667dbcd316b38141729c057adf7517fe0602608,no official source maps a video to a person identity,NO_EVIDENCE,"protocol name = video stem (preprocessing.py L31, config_siwm.py L162-176); not a person id"
Spoof/Paper/Paper_133.mp4,Spoof/Paper/Paper_133.mp4,Paper,Paper_133,testlist_all;train_B_spoof,1,,none,8667dbcd316b38141729c057adf7517fe0602608,no official source maps a video to a person identity,NO_EVIDENCE,"protocol name = video stem (preprocessing.py L31, config_siwm.py L162-176); not a person id"
Spoof/Paper/Paper_134.mp4,Spoof/Paper/Paper_134.mp4,Paper,Paper_134,testlist_all;train_B_spoof,1,,none,8667dbcd316b38141729c057adf7517fe0602608,no official source maps a video to a person identity,NO_EVIDENCE,"protocol name = video stem (preprocessing.py L31, config_siwm.py L162-176); not a person id"
Spoof/Paper/Paper_135.mp4,Spoof/Paper/Paper_135.mp4,Paper,Paper_135,testlist_all;train_C_race;train_D_age;train_E_ill,5,,none,8667dbcd316b38141729c057adf7517fe0602608,no official source maps a video to a person identity,NO_EVIDENCE,"protocol name = video stem (preprocessing.py L31, config_siwm.py L162-176); not a person id"
Spoof/Paper/Paper_136.mp4,Spoof/Paper/Paper_136.mp4,Paper,Paper_136,testlist_all;train_C_race;train_D_age;train_E_ill,5,,none,8667dbcd316b38141729c057adf7517fe0602608,no official source maps a video to a person identity,NO_EVIDENCE,"protocol name = video stem (preprocessing.py L31, config_siwm.py L162-176); not a person id"
Spoof/Paper/Paper_14.mov,Spoof/Paper/Paper_14.mov,Paper,Paper_14,test_D_age;test_E_ill;trainlist_all,2,,none,8667dbcd316b38141729c057adf7517fe0602608,no official source maps a video to a person identity,NO_EVIDENCE,"protocol name = video stem (preprocessing.py L31, config_siwm.py L162-176); not a person id"
Spoof/Paper/Paper_15.mov,Spoof/Paper/Paper_15.mov,Paper,Paper_15,train_A_pretrain;trainlist_all,2,,none,8667dbcd316b38141729c057adf7517fe0602608,no official source maps a video to a person identity,NO_EVIDENCE,"protocol name = video stem (preprocessing.py L31, config_siwm.py L162-176); not a person id"
Spoof/Paper/Paper_16.mov,Spoof/Paper/Paper_16.mov,Paper,Paper_16,test_A_pretrain;trainlist_all,2,,none,8667dbcd316b38141729c057adf7517fe0602608,no official source maps a video to a person identity,NO_EVIDENCE,"protocol name = video stem (preprocessing.py L31, config_siwm.py L162-176); not a person id"
Spoof/Paper/Paper_17.mov,Spoof/Paper/Paper_17.mov,Paper,Paper_17,train_D_age;train_E_ill;trainlist_all,2,,none,8667dbcd316b38141729c057adf7517fe0602608,no official source maps a video to a person identity,NO_EVIDENCE,"protocol name = video stem (preprocessing.py L31, config_siwm.py L162-176); not a person id"
Spoof/Paper/Paper_18.mov,Spoof/Paper/Paper_18.mov,Paper,Paper_18,train_D_age;train_E_ill;trainlist_all,2,,none,8667dbcd316b38141729c057adf7517fe0602608,no official source maps a video to a person identity,NO_EVIDENCE,"protocol name = video stem (preprocessing.py L31, config_siwm.py L162-176); not a person id"
Spoof/Paper/Paper_19.mov,Spoof/Paper/Paper_19.mov,Paper,Paper_19,train_B_spoof;train_C_race;train_D_age;train_E_ill;trainlist_all,5,,none,8667dbcd316b38141729c057adf7517fe0602608,no official source maps a video to a person identity,NO_EVIDENCE,"protocol name = video stem (preprocessing.py L31, config_siwm.py L162-176); not a person id"
Spoof/Paper/Paper_2.mov,Spoof/Paper/Paper_2.mov,Paper,Paper_2,testlist_all;train_A_pretrain,2,,none,8667dbcd316b38141729c057adf7517fe0602608,no official source maps a video to a person identity,NO_EVIDENCE,"protocol name = video stem (preprocessing.py L31, config_siwm.py L162-176); not a person id"
Spoof/Paper/Paper_20.mov,Spoof/Paper/Paper_20.mov,Paper,Paper_20,test_B_spoof;test_D_age;test_E_ill;trainlist_all,2,,none,8667dbcd316b38141729c057adf7517fe0602608,no official source maps a video to a person identity,NO_EVIDENCE,"protocol name = video stem (preprocessing.py L31, config_siwm.py L162-176); not a person id"
Spoof/Paper/Paper_21.mov,Spoof/Paper/Paper_21.mov,Paper,Paper_21,test_D_age;test_E_ill;trainlist_all,2,,none,8667dbcd316b38141729c057adf7517fe0602608,no official source maps a video to a person identity,NO_EVIDENCE,"protocol name = video stem (preprocessing.py L31, config_siwm.py L162-176); not a person id"
Spoof/Paper/Paper_22.mov,Spoof/Paper/Paper_22.mov,Paper,Paper_22,train_A_pretrain;trainlist_all,2,,none,8667dbcd316b38141729c057adf7517fe0602608,no official source maps a video to a person identity,NO_EVIDENCE,"protocol name = video stem (preprocessing.py L31, config_siwm.py L162-176); not a person id"
Spoof/Paper/Paper_23.mov,Spoof/Paper/Paper_23.mov,Paper,Paper_23,testlist_all;train_A_pretrain,2,,none,8667dbcd316b38141729c057adf7517fe0602608,no official source maps a video to a person identity,NO_EVIDENCE,"protocol name = video stem (preprocessing.py L31, config_siwm.py L162-176); not a person id"
Spoof/Paper/Paper_24.mov,Spoof/Paper/Paper_24.mov,Paper,Paper_24,train_A_pretrain;trainlist_all,2,,none,8667dbcd316b38141729c057adf7517fe0602608,no official source maps a video to a person identity,NO_EVIDENCE,"protocol name = video stem (preprocessing.py L31, config_siwm.py L162-176); not a person id"
Spoof/Paper/Paper_25.mov,Spoof/Paper/Paper_25.mov,Paper,Paper_25,train_A_pretrain;trainlist_all,3,,none,8667dbcd316b38141729c057adf7517fe0602608,no official source maps a video to a person identity,NO_EVIDENCE,"protocol name = video stem (preprocessing.py L31, config_siwm.py L162-176); not a person id"
Spoof/Paper/Paper_26.mov,Spoof/Paper/Paper_26.mov,Paper,Paper_26,testlist_all;train_A_pretrain,2,,none,8667dbcd316b38141729c057adf7517fe0602608,no official source maps a video to a person identity,NO_EVIDENCE,"protocol name = video stem (preprocessing.py L31, config_siwm.py L162-176); not a person id"
Spoof/Paper/Paper_27.mov,Spoof/Paper/Paper_27.mov,Paper,Paper_27,test_A_pretrain;trainlist_all,2,,none,8667dbcd316b38141729c057adf7517fe0602608,no official source maps a video to a person identity,NO_EVIDENCE,"protocol name = video stem (preprocessing.py L31, config_siwm.py L162-176); not a person id"
Spoof/Paper/Paper_28.mov,Spoof/Paper/Paper_28.mov,Paper,Paper_28,train_A_pretrain;trainlist_all,2,,none,8667dbcd316b38141729c057adf7517fe0602608,no official source maps a video to a person identity,NO_EVIDENCE,"protocol name = video stem (preprocessing.py L31, config_siwm.py L162-176); not a person id"
Spoof/Paper/Paper_29.mov,Spoof/Paper/Paper_29.mov,Paper,Paper_29,test_A_pretrain;trainlist_all,2,,none,8667dbcd316b38141729c057adf7517fe0602608,no official source maps a video to a person identity,NO_EVIDENCE,"protocol name = video stem (preprocessing.py L31, config_siwm.py L162-176); not a person id"
Spoof/Paper/Paper_3.mov,Spoof/Paper/Paper_3.mov,Paper,Paper_3,test_A_pretrain;testlist_all,1,,none,8667dbcd316b38141729c057adf7517fe0602608,no official source maps a video to a person identity,NO_EVIDENCE,"protocol name = video stem (preprocessing.py L31, config_siwm.py L162-176); not a person id"
Spoof/Paper/Paper_30.mov,Spoof/Paper/Paper_30.mov,Paper,Paper_30,train_C_race;trainlist_all,5,,none,8667dbcd316b38141729c057adf7517fe0602608,no official source maps a video to a person identity,NO_EVIDENCE,"protocol name = video stem (preprocessing.py L31, config_siwm.py L162-176); not a person id"
Spoof/Paper/Paper_31.mov,Spoof/Paper/Paper_31.mov,Paper,Paper_31,train_B_spoof;train_C_race;train_D_age;train_E_ill;trainlist_all,5,,none,8667dbcd316b38141729c057adf7517fe0602608,no official source maps a video to a person identity,NO_EVIDENCE,"protocol name = video stem (preprocessing.py L31, config_siwm.py L162-176); not a person id"
Spoof/Paper/Paper_32.mov,Spoof/Paper/Paper_32.mov,Paper,Paper_32,testlist_all;train_B_spoof;train_D_age;train_E_ill,2,,none,8667dbcd316b38141729c057adf7517fe0602608,no official source maps a video to a person identity,NO_EVIDENCE,"protocol name = video stem (preprocessing.py L31, config_siwm.py L162-176); not a person id"
Spoof/Paper/Paper_33.mov,Spoof/Paper/Paper_33.mov,Paper,Paper_33,testlist_all;train_A_pretrain,2,,none,8667dbcd316b38141729c057adf7517fe0602608,no official source maps a video to a person identity,NO_EVIDENCE,"protocol name = video stem (preprocessing.py L31, config_siwm.py L162-176); not a person id"
Spoof/Paper/Paper_34.mov,Spoof/Paper/Paper_34.mov,Paper,Paper_34,test_A_pretrain;trainlist_all,1,,none,8667dbcd316b38141729c057adf7517fe0602608,no official source maps a video to a person identity,NO_EVIDENCE,"protocol name = video stem (preprocessing.py L31, config_siwm.py L162-176); not a person id"
Spoof/Paper/Paper_35.mov,Spoof/Paper/Paper_35.mov,Paper,Paper_35,test_A_pretrain;trainlist_all,1,,none,8667dbcd316b38141729c057adf7517fe0602608,no official source maps a video to a person identity,NO_EVIDENCE,"protocol name = video stem (preprocessing.py L31, config_siwm.py L162-176); not a person id"
Spoof/Paper/Paper_36.mov,Spoof/Paper/Paper_36.mov,Paper,Paper_36,test_C_race;testlist_all,1,,none,8667dbcd316b38141729c057adf7517fe0602608,no official source maps a video to a person identity,NO_EVIDENCE,"protocol name = video stem (preprocessing.py L31, config_siwm.py L162-176); not a person id"
Spoof/Paper/Paper_37.mov,Spoof/Paper/Paper_37.mov,Paper,Paper_37,testlist_all;train_A_pretrain,2,,none,8667dbcd316b38141729c057adf7517fe0602608,no official source maps a video to a person identity,NO_EVIDENCE,"protocol name = video stem (preprocessing.py L31, config_siwm.py L162-176); not a person id"
Spoof/Paper/Paper_38.mov,Spoof/Paper/Paper_38.mov,Paper,Paper_38,train_A_pretrain;trainlist_all,2,,none,8667dbcd316b38141729c057adf7517fe0602608,no official source maps a video to a person identity,NO_EVIDENCE,"protocol name = video stem (preprocessing.py L31, config_siwm.py L162-176); not a person id"
Spoof/Paper/Paper_39.mov,Spoof/Paper/Paper_39.mov,Paper,Paper_39,train_A_pretrain;trainlist_all,2,,none,8667dbcd316b38141729c057adf7517fe0602608,no official source maps a video to a person identity,NO_EVIDENCE,"protocol name = video stem (preprocessing.py L31, config_siwm.py L162-176); not a person id"
Spoof/Paper/Paper_4.mov,Spoof/Paper/Paper_4.mov,Paper,Paper_4,test_A_pretrain;trainlist_all,2,,none,8667dbcd316b38141729c057adf7517fe0602608,no official source maps a video to a person identity,NO_EVIDENCE,"protocol name = video stem (preprocessing.py L31, config_siwm.py L162-176); not a person id"
Spoof/Paper/Paper_40.mov,Spoof/Paper/Paper_40.mov,Paper,Paper_40,testlist_all;train_A_pretrain,2,,none,8667dbcd316b38141729c057adf7517fe0602608,no official source maps a video to a person identity,NO_EVIDENCE,"protocol name = video stem (preprocessing.py L31, config_siwm.py L162-176); not a person id"
Spoof/Paper/Paper_41.mov,Spoof/Paper/Paper_41.mov,Paper,Paper_41,train_D_age;train_E_ill;trainlist_all,2,,none,8667dbcd316b38141729c057adf7517fe0602608,no official source maps a video to a person identity,NO_EVIDENCE,"protocol name = video stem (preprocessing.py L31, config_siwm.py L162-176); not a person id"
Spoof/Paper/Paper_42.mov,Spoof/Paper/Paper_42.mov,Paper,Paper_42,train_D_age;train_E_ill;trainlist_all,2,,none,8667dbcd316b38141729c057adf7517fe0602608,no official source maps a video to a person identity,NO_EVIDENCE,"protocol name = video stem (preprocessing.py L31, config_siwm.py L162-176); not a person id"
Spoof/Paper/Paper_43.mov,Spoof/Paper/Paper_43.mov,Paper,Paper_43,train_D_age;train_E_ill;trainlist_all,2,,none,8667dbcd316b38141729c057adf7517fe0602608,no official source maps a video to a person identity,NO_EVIDENCE,"protocol name = video stem (preprocessing.py L31, config_siwm.py L162-176); not a person id"
Spoof/Paper/Paper_44.mov,Spoof/Paper/Paper_44.mov,Paper,Paper_44,test_A_pretrain;trainlist_all,1,,none,8667dbcd316b38141729c057adf7517fe0602608,no official source maps a video to a person identity,NO_EVIDENCE,"protocol name = video stem (preprocessing.py L31, config_siwm.py L162-176); not a person id"
Spoof/Paper/Paper_45.mov,Spoof/Paper/Paper_45.mov,Paper,Paper_45,testlist_all;train_B_spoof,1,,none,8667dbcd316b38141729c057adf7517fe0602608,no official source maps a video to a person identity,NO_EVIDENCE,"protocol name = video stem (preprocessing.py L31, config_siwm.py L162-176); not a person id"
Spoof/Paper/Paper_46.mov,Spoof/Paper/Paper_46.mov,Paper,Paper_46,test_A_pretrain;testlist_all,1,,none,8667dbcd316b38141729c057adf7517fe0602608,no official source maps a video to a person identity,NO_EVIDENCE,"protocol name = video stem (preprocessing.py L31, config_siwm.py L162-176); not a person id"
Spoof/Paper/Paper_47.mov,Spoof/Paper/Paper_47.mov,Paper,Paper_47,train_A_pretrain;trainlist_all,2,,none,8667dbcd316b38141729c057adf7517fe0602608,no official source maps a video to a person identity,NO_EVIDENCE,"protocol name = video stem (preprocessing.py L31, config_siwm.py L162-176); not a person id"
Spoof/Paper/Paper_48.mov,Spoof/Paper/Paper_48.mov,Paper,Paper_48,testlist_all;train_D_age;train_E_ill,2,,none,8667dbcd316b38141729c057adf7517fe0602608,no official source maps a video to a person identity,NO_EVIDENCE,"protocol name = video stem (preprocessing.py L31, config_siwm.py L162-176); not a person id"
Spoof/Paper/Paper_49.mov,Spoof/Paper/Paper_49.mov,Paper,Paper_49,testlist_all;train_B_spoof;train_D_age;train_E_ill,2,,none,8667dbcd316b38141729c057adf7517fe0602608,no official source maps a video to a person identity,NO_EVIDENCE,"protocol name = video stem (preprocessing.py L31, config_siwm.py L162-176); not a person id"
Spoof/Paper/Paper_5.mov,Spoof/Paper/Paper_5.mov,Paper,Paper_5,train_D_age;train_E_ill;trainlist_all,2,,none,8667dbcd316b38141729c057adf7517fe0602608,no official source maps a video to a person identity,NO_EVIDENCE,"protocol name = video stem (preprocessing.py L31, config_siwm.py L162-176); not a person id"
Spoof/Paper/Paper_50.mov,Spoof/Paper/Paper_50.mov,Paper,Paper_50,testlist_all;train_D_age;train_E_ill,2,,none,8667dbcd316b38141729c057adf7517fe0602608,no official source maps a video to a person identity,NO_EVIDENCE,"protocol name = video stem (preprocessing.py L31, config_siwm.py L162-176); not a person id"
Spoof/Paper/Paper_51.mov,Spoof/Paper/Paper_51.mov,Paper,Paper_51,train_A_pretrain;trainlist_all,2,,none,8667dbcd316b38141729c057adf7517fe0602608,no official source maps a video to a person identity,NO_EVIDENCE,"protocol name = video stem (preprocessing.py L31, config_siwm.py L162-176); not a person id"
Spoof/Paper/Paper_52.mov,Spoof/Paper/Paper_52.mov,Paper,Paper_52,test_A_pretrain;testlist_all,1,,none,8667dbcd316b38141729c057adf7517fe0602608,no official source maps a video to a person identity,NO_EVIDENCE,"protocol name = video stem (preprocessing.py L31, config_siwm.py L162-176); not a person id"
Spoof/Paper/Paper_53.mov,Spoof/Paper/Paper_53.mov,Paper,Paper_53,testlist_all;train_A_pretrain,2,,none,8667dbcd316b38141729c057adf7517fe0602608,no official source maps a video to a person identity,NO_EVIDENCE,"protocol name = video stem (preprocessing.py L31, config_siwm.py L162-176); not a person id"
Spoof/Paper/Paper_54.mov,Spoof/Paper/Paper_54.mov,Paper,Paper_54,testlist_all;train_B_spoof,1,,none,8667dbcd316b38141729c057adf7517fe0602608,no official source maps a video to a person identity,NO_EVIDENCE,"protocol name = video stem (preprocessing.py L31, config_siwm.py L162-176); not a person id"
Spoof/Paper/Paper_55.mov,Spoof/Paper/Paper_55.mov,Paper,Paper_55,test_A_pretrain;testlist_all,1,,none,8667dbcd316b38141729c057adf7517fe0602608,no official source maps a video to a person identity,NO_EVIDENCE,"protocol name = video stem (preprocessing.py L31, config_siwm.py L162-176); not a person id"
Spoof/Paper/Paper_56.mov,Spoof/Paper/Paper_56.mov,Paper,Paper_56,testlist_all;train_B_spoof;train_D_age;train_E_ill,3,,none,8667dbcd316b38141729c057adf7517fe0602608,no official source maps a video to a person identity,NO_EVIDENCE,"protocol name = video stem (preprocessing.py L31, config_siwm.py L162-176); not a person id"
Spoof/Paper/Paper_57.mov,Spoof/Paper/Paper_57.mov,Paper,Paper_57,train_A_pretrain;trainlist_all,2,,none,8667dbcd316b38141729c057adf7517fe0602608,no official source maps a video to a person identity,NO_EVIDENCE,"protocol name = video stem (preprocessing.py L31, config_siwm.py L162-176); not a person id"
Spoof/Paper/Paper_58.mov,Spoof/Paper/Paper_58.mov,Paper,Paper_58,train_A_pretrain;trainlist_all,3,,none,8667dbcd316b38141729c057adf7517fe0602608,no official source maps a video to a person identity,NO_EVIDENCE,"protocol name = video stem (preprocessing.py L31, config_siwm.py L162-176); not a person id"
Spoof/Paper/Paper_59.mov,Spoof/Paper/Paper_59.mov,Paper,Paper_59,train_A_pretrain;trainlist_all,2,,none,8667dbcd316b38141729c057adf7517fe0602608,no official source maps a video to a person identity,NO_EVIDENCE,"protocol name = video stem (preprocessing.py L31, config_siwm.py L162-176); not a person id"
Spoof/Paper/Paper_6.mov,Spoof/Paper/Paper_6.mov,Paper,Paper_6,testlist_all;train_A_pretrain,2,,none,8667dbcd316b38141729c057adf7517fe0602608,no official source maps a video to a person identity,NO_EVIDENCE,"protocol name = video stem (preprocessing.py L31, config_siwm.py L162-176); not a person id"
Spoof/Paper/Paper_60.mov,Spoof/Paper/Paper_60.mov,Paper,Paper_60,test_B_spoof;trainlist_all,1,,none,8667dbcd316b38141729c057adf7517fe0602608,no official source maps a video to a person identity,NO_EVIDENCE,"protocol name = video stem (preprocessing.py L31, config_siwm.py L162-176); not a person id"
Spoof/Paper/Paper_61.mov,Spoof/Paper/Paper_61.mov,Paper,Paper_61,train_B_spoof;trainlist_all,1,,none,8667dbcd316b38141729c057adf7517fe0602608,no official source maps a video to a person identity,NO_EVIDENCE,"protocol name = video stem (preprocessing.py L31, config_siwm.py L162-176); not a person id"
Spoof/Paper/Paper_62.mov,Spoof/Paper/Paper_62.mov,Paper,Paper_62,testlist_all;train_B_spoof,1,,none,8667dbcd316b38141729c057adf7517fe0602608,no official source maps a video to a person identity,NO_EVIDENCE,"protocol name = video stem (preprocessing.py L31, config_siwm.py L162-176); not a person id"
Spoof/Paper/Paper_63.mov,Spoof/Paper/Paper_63.mov,Paper,Paper_63,test_A_pretrain;trainlist_all,1,,none,8667dbcd316b38141729c057adf7517fe0602608,no official source maps a video to a person identity,NO_EVIDENCE,"protocol name = video stem (preprocessing.py L31, config_siwm.py L162-176); not a person id"
Spoof/Paper/Paper_64.mov,Spoof/Paper/Paper_64.mov,Paper,Paper_64,train_A_pretrain;trainlist_all,2,,none,8667dbcd316b38141729c057adf7517fe0602608,no official source maps a video to a person identity,NO_EVIDENCE,"protocol name = video stem (preprocessing.py L31, config_siwm.py L162-176); not a person id"
Spoof/Paper/Paper_65.mov,Spoof/Paper/Paper_65.mov,Paper,Paper_65,train_A_pretrain;trainlist_all,2,,none,8667dbcd316b38141729c057adf7517fe0602608,no official source maps a video to a person identity,NO_EVIDENCE,"protocol name = video stem (preprocessing.py L31, config_siwm.py L162-176); not a person id"
Spoof/Paper/Paper_66.mov,Spoof/Paper/Paper_66.mov,Paper,Paper_66,test_A_pretrain;trainlist_all,1,,none,8667dbcd316b38141729c057adf7517fe0602608,no official source maps a video to a person identity,NO_EVIDENCE,"protocol name = video stem (preprocessing.py L31, config_siwm.py L162-176); not a person id"
Spoof/Paper/Paper_67.mov,Spoof/Paper/Paper_67.mov,Paper,Paper_67,testlist_all;train_A_pretrain,2,,none,8667dbcd316b38141729c057adf7517fe0602608,no official source maps a video to a person identity,NO_EVIDENCE,"protocol name = video stem (preprocessing.py L31, config_siwm.py L162-176); not a person id"
Spoof/Paper/Paper_68.mov,Spoof/Paper/Paper_68.mov,Paper,Paper_68,train_A_pretrain;trainlist_all,2,,none,8667dbcd316b38141729c057adf7517fe0602608,no official source maps a video to a person identity,NO_EVIDENCE,"protocol name = video stem (preprocessing.py L31, config_siwm.py L162-176); not a person id"
Spoof/Paper/Paper_69.mov,Spoof/Paper/Paper_69.mov,Paper,Paper_69,testlist_all;train_D_age;train_E_ill,2,,none,8667dbcd316b38141729c057adf7517fe0602608,no official source maps a video to a person identity,NO_EVIDENCE,"protocol name = video stem (preprocessing.py L31, config_siwm.py L162-176); not a person id"
Spoof/Paper/Paper_7.mov,Spoof/Paper/Paper_7.mov,Paper,Paper_7,train_D_age;train_E_ill;trainlist_all,2,,none,8667dbcd316b38141729c057adf7517fe0602608,no official source maps a video to a person identity,NO_EVIDENCE,"protocol name = video stem (preprocessing.py L31, config_siwm.py L162-176); not a person id"
Spoof/Paper/Paper_70.mov,Spoof/Paper/Paper_70.mov,Paper,Paper_70,test_A_pretrain;testlist_all,1,,none,8667dbcd316b38141729c057adf7517fe0602608,no official source maps a video to a person identity,NO_EVIDENCE,"protocol name = video stem (preprocessing.py L31, config_siwm.py L162-176); not a person id"
Spoof/Paper/Paper_71.mov,Spoof/Paper/Paper_71.mov,Paper,Paper_71,test_A_pretrain;testlist_all,1,,none,8667dbcd316b38141729c057adf7517fe0602608,no official source maps a video to a person identity,NO_EVIDENCE,"protocol name = video stem (preprocessing.py L31, config_siwm.py L162-176); not a person id"
Spoof/Paper/Paper_72.mov,Spoof/Paper/Paper_72.mov,Paper,Paper_72,train_D_age;train_E_ill;trainlist_all,2,,none,8667dbcd316b38141729c057adf7517fe0602608,no official source maps a video to a person identity,NO_EVIDENCE,"protocol name = video stem (preprocessing.py L31, config_siwm.py L162-176); not a person id"
Spoof/Paper/Paper_73.mov,Spoof/Paper/Paper_73.mov,Paper,Paper_73,train_A_pretrain;trainlist_all,2,,none,8667dbcd316b38141729c057adf7517fe0602608,no official source maps a video to a person identity,NO_EVIDENCE,"protocol name = video stem (preprocessing.py L31, config_siwm.py L162-176); not a person id"
Spoof/Paper/Paper_74.mov,Spoof/Paper/Paper_74.mov,Paper,Paper_74,train_A_pretrain;trainlist_all,2,,none,8667dbcd316b38141729c057adf7517fe0602608,no official source maps a video to a person identity,NO_EVIDENCE,"protocol name = video stem (preprocessing.py L31, config_siwm.py L162-176); not a person id"
Spoof/Paper/Paper_75.mov,Spoof/Paper/Paper_75.mov,Paper,Paper_75,train_A_pretrain;trainlist_all,2,,none,8667dbcd316b38141729c057adf7517fe0602608,no official source maps a video to a person identity,NO_EVIDENCE,"protocol name = video stem (preprocessing.py L31, config_siwm.py L162-176); not a person id"
Spoof/Paper/Paper_76.mov,Spoof/Paper/Paper_76.mov,Paper,Paper_76,test_A_pretrain;testlist_all,1,,none,8667dbcd316b38141729c057adf7517fe0602608,no official source maps a video to a person identity,NO_EVIDENCE,"protocol name = video stem (preprocessing.py L31, config_siwm.py L162-176); not a person id"
Spoof/Paper/Paper_77.mov,Spoof/Paper/Paper_77.mov,Paper,Paper_77,train_A_pretrain;trainlist_all,2,,none,8667dbcd316b38141729c057adf7517fe0602608,no official source maps a video to a person identity,NO_EVIDENCE,"protocol name = video stem (preprocessing.py L31, config_siwm.py L162-176); not a person id"
Spoof/Paper/Paper_78.mov,Spoof/Paper/Paper_78.mov,Paper,Paper_78,testlist_all;train_C_race,4,,none,8667dbcd316b38141729c057adf7517fe0602608,no official source maps a video to a person identity,NO_EVIDENCE,"protocol name = video stem (preprocessing.py L31, config_siwm.py L162-176); not a person id"
Spoof/Paper/Paper_79.mov,Spoof/Paper/Paper_79.mov,Paper,Paper_79,train_C_race;trainlist_all,4,,none,8667dbcd316b38141729c057adf7517fe0602608,no official source maps a video to a person identity,NO_EVIDENCE,"protocol name = video stem (preprocessing.py L31, config_siwm.py L162-176); not a person id"
Spoof/Paper/Paper_8.mov,Spoof/Paper/Paper_8.mov,Paper,Paper_8,test_C_race;test_D_age;test_E_ill;testlist_all;train_B_spoof,1,,none,8667dbcd316b38141729c057adf7517fe0602608,no official source maps a video to a person identity,NO_EVIDENCE,"protocol name = video stem (preprocessing.py L31, config_siwm.py L162-176); not a person id"
Spoof/Paper/Paper_80.mov,Spoof/Paper/Paper_80.mov,Paper,Paper_80,testlist_all;train_A_pretrain,2,,none,8667dbcd316b38141729c057adf7517fe0602608,no official source maps a video to a person identity,NO_EVIDENCE,"protocol name = video stem (preprocessing.py L31, config_siwm.py L162-176); not a person id"
Spoof/Paper/Paper_82.mov,Spoof/Paper/Paper_82.mov,Paper,Paper_82,testlist_all;train_C_race;train_D_age;train_E_ill,5,,none,8667dbcd316b38141729c057adf7517fe0602608,no official source maps a video to a person identity,NO_EVIDENCE,"protocol name = video stem (preprocessing.py L31, config_siwm.py L162-176); not a person id"
Spoof/Paper/Paper_83.mov,Spoof/Paper/Paper_83.mov,Paper,Paper_83,testlist_all;train_D_age;train_E_ill,2,,none,8667dbcd316b38141729c057adf7517fe0602608,no official source maps a video to a person identity,NO_EVIDENCE,"protocol name = video stem (preprocessing.py L31, config_siwm.py L162-176); not a person id"
Spoof/Paper/Paper_84.mov,Spoof/Paper/Paper_84.mov,Paper,Paper_84,train_D_age;train_E_ill;trainlist_all,2,,none,8667dbcd316b38141729c057adf7517fe0602608,no official source maps a video to a person identity,NO_EVIDENCE,"protocol name = video stem (preprocessing.py L31, config_siwm.py L162-176); not a person id"
Spoof/Paper/Paper_85.mov,Spoof/Paper/Paper_85.mov,Paper,Paper_85,test_A_pretrain;trainlist_all,1,,none,8667dbcd316b38141729c057adf7517fe0602608,no official source maps a video to a person identity,NO_EVIDENCE,"protocol name = video stem (preprocessing.py L31, config_siwm.py L162-176); not a person id"
Spoof/Paper/Paper_86.mov,Spoof/Paper/Paper_86.mov,Paper,Paper_86,test_A_pretrain;trainlist_all,1,,none,8667dbcd316b38141729c057adf7517fe0602608,no official source maps a video to a person identity,NO_EVIDENCE,"protocol name = video stem (preprocessing.py L31, config_siwm.py L162-176); not a person id"
Spoof/Paper/Paper_87.mov,Spoof/Paper/Paper_87.mov,Paper,Paper_87,testlist_all;train_A_pretrain,2,,none,8667dbcd316b38141729c057adf7517fe0602608,no official source maps a video to a person identity,NO_EVIDENCE,"protocol name = video stem (preprocessing.py L31, config_siwm.py L162-176); not a person id"
Spoof/Paper/Paper_88.mov,Spoof/Paper/Paper_88.mov,Paper,Paper_88,testlist_all;train_A_pretrain,2,,none,8667dbcd316b38141729c057adf7517fe0602608,no official source maps a video to a person identity,NO_EVIDENCE,"protocol name = video stem (preprocessing.py L31, config_siwm.py L162-176); not a person id"
Spoof/Paper/Paper_89.mov,Spoof/Paper/Paper_89.mov,Paper,Paper_89,train_A_pretrain;trainlist_all,2,,none,8667dbcd316b38141729c057adf7517fe0602608,no official source maps a video to a person identity,NO_EVIDENCE,"protocol name = video stem (preprocessing.py L31, config_siwm.py L162-176); not a person id"
Spoof/Paper/Paper_9.mov,Spoof/Paper/Paper_9.mov,Paper,Paper_9,test_C_race;test_D_age;test_E_ill;train_B_spoof;trainlist_all,2,,none,8667dbcd316b38141729c057adf7517fe0602608,no official source maps a video to a person identity,NO_EVIDENCE,"protocol name = video stem (preprocessing.py L31, config_siwm.py L162-176); not a person id"
Spoof/Paper/Paper_90.mov,Spoof/Paper/Paper_90.mov,Paper,Paper_90,test_A_pretrain;trainlist_all,1,,none,8667dbcd316b38141729c057adf7517fe0602608,no official source maps a video to a person identity,NO_EVIDENCE,"protocol name = video stem (preprocessing.py L31, config_siwm.py L162-176); not a person id"
Spoof/Paper/Paper_91.mov,Spoof/Paper/Paper_91.mov,Paper,Paper_91,train_D_age;train_E_ill;trainlist_all,2,,none,8667dbcd316b38141729c057adf7517fe0602608,no official source maps a video to a person identity,NO_EVIDENCE,"protocol name = video stem (preprocessing.py L31, config_siwm.py L162-176); not a person id"
Spoof/Paper/Paper_92.mov,Spoof/Paper/Paper_92.mov,Paper,Paper_92,train_B_spoof;trainlist_all,1,,none,8667dbcd316b38141729c057adf7517fe0602608,no official source maps a video to a person identity,NO_EVIDENCE,"protocol name = video stem (preprocessing.py L31, config_siwm.py L162-176); not a person id"
Spoof/Paper/Paper_93.mov,Spoof/Paper/Paper_93.mov,Paper,Paper_93,train_A_pretrain;trainlist_all,2,,none,8667dbcd316b38141729c057adf7517fe0602608,no official source maps a video to a person identity,NO_EVIDENCE,"protocol name = video stem (preprocessing.py L31, config_siwm.py L162-176); not a person id"
Spoof/Paper/Paper_94.mov,Spoof/Paper/Paper_94.mov,Paper,Paper_94,train_D_age;train_E_ill;trainlist_all,2,,none,8667dbcd316b38141729c057adf7517fe0602608,no official source maps a video to a person identity,NO_EVIDENCE,"protocol name = video stem (preprocessing.py L31, config_siwm.py L162-176); not a person id"
Spoof/Paper/Paper_95.mov,Spoof/Paper/Paper_95.mov,Paper,Paper_95,test_A_pretrain;trainlist_all,1,,none,8667dbcd316b38141729c057adf7517fe0602608,no official source maps a video to a person identity,NO_EVIDENCE,"protocol name = video stem (preprocessing.py L31, config_siwm.py L162-176); not a person id"
Spoof/Paper/Paper_96.mov,Spoof/Paper/Paper_96.mov,Paper,Paper_96,test_A_pretrain;trainlist_all,1,,none,8667dbcd316b38141729c057adf7517fe0602608,no official source maps a video to a person identity,NO_EVIDENCE,"protocol name = video stem (preprocessing.py L31, config_siwm.py L162-176); not a person id"
Spoof/Paper/Paper_97.mov,Spoof/Paper/Paper_97.mov,Paper,Paper_97,test_A_pretrain;testlist_all,1,,none,8667dbcd316b38141729c057adf7517fe0602608,no official source maps a video to a person identity,NO_EVIDENCE,"protocol name = video stem (preprocessing.py L31, config_siwm.py L162-176); not a person id"
Spoof/Paper/Paper_98.mov,Spoof/Paper/Paper_98.mov,Paper,Paper_98,testlist_all;train_A_pretrain,2,,none,8667dbcd316b38141729c057adf7517fe0602608,no official source maps a video to a person identity,NO_EVIDENCE,"protocol name = video stem (preprocessing.py L31, config_siwm.py L162-176); not a person id"
Spoof/Paper/Paper_99.mov,Spoof/Paper/Paper_99.mov,Paper,Paper_99,train_A_pretrain;trainlist_all,2,,none,8667dbcd316b38141729c057adf7517fe0602608,no official source maps a video to a person identity,NO_EVIDENCE,"protocol name = video stem (preprocessing.py L31, config_siwm.py L162-176); not a person id"
Spoof/Partial_Eye/Partial_Eye_1.mov,Spoof/Partial_Eye/Partial_Eye_1.mov,Partial_Eye,Partial_Eye_1,train_A_pretrain;trainlist_all,3,,none,8667dbcd316b38141729c057adf7517fe0602608,no official source maps a video to a person identity,NO_EVIDENCE,"protocol name = video stem (preprocessing.py L31, config_siwm.py L162-176); not a person id"
Spoof/Partial_Eye/Partial_Eye_10.mov,Spoof/Partial_Eye/Partial_Eye_10.mov,Partial_Eye,Partial_Eye_10,train_A_pretrain;trainlist_all,3,,none,8667dbcd316b38141729c057adf7517fe0602608,no official source maps a video to a person identity,NO_EVIDENCE,"protocol name = video stem (preprocessing.py L31, config_siwm.py L162-176); not a person id"
Spoof/Partial_Eye/Partial_Eye_11.mov,Spoof/Partial_Eye/Partial_Eye_11.mov,Partial_Eye,Partial_Eye_11,testlist_all;train_A_pretrain,2,,none,8667dbcd316b38141729c057adf7517fe0602608,no official source maps a video to a person identity,NO_EVIDENCE,"protocol name = video stem (preprocessing.py L31, config_siwm.py L162-176); not a person id"
Spoof/Partial_Eye/Partial_Eye_12.mov,Spoof/Partial_Eye/Partial_Eye_12.mov,Partial_Eye,Partial_Eye_12,testlist_all;train_A_pretrain,2,,none,8667dbcd316b38141729c057adf7517fe0602608,no official source maps a video to a person identity,NO_EVIDENCE,"protocol name = video stem (preprocessing.py L31, config_siwm.py L162-176); not a person id"
Spoof/Partial_Eye/Partial_Eye_13.mov,Spoof/Partial_Eye/Partial_Eye_13.mov,Partial_Eye,Partial_Eye_13,train_A_pretrain;trainlist_all,3,,none,8667dbcd316b38141729c057adf7517fe0602608,no official source maps a video to a person identity,NO_EVIDENCE,"protocol name = video stem (preprocessing.py L31, config_siwm.py L162-176); not a person id"
Spoof/Partial_Eye/Partial_Eye_14.mov,Spoof/Partial_Eye/Partial_Eye_14.mov,Partial_Eye,Partial_Eye_14,train_A_pretrain;trainlist_all,3,,none,8667dbcd316b38141729c057adf7517fe0602608,no official source maps a video to a person identity,NO_EVIDENCE,"protocol name = video stem (preprocessing.py L31, config_siwm.py L162-176); not a person id"
Spoof/Partial_Eye/Partial_Eye_15.mov,Spoof/Partial_Eye/Partial_Eye_15.mov,Partial_Eye,Partial_Eye_15,testlist_all;train_A_pretrain,2,,none,8667dbcd316b38141729c057adf7517fe0602608,no official source maps a video to a person identity,NO_EVIDENCE,"protocol name = video stem (preprocessing.py L31, config_siwm.py L162-176); not a person id"
Spoof/Partial_Eye/Partial_Eye_16.mov,Spoof/Partial_Eye/Partial_Eye_16.mov,Partial_Eye,Partial_Eye_16,testlist_all;train_A_pretrain,2,,none,8667dbcd316b38141729c057adf7517fe0602608,no official source maps a video to a person identity,NO_EVIDENCE,"protocol name = video stem (preprocessing.py L31, config_siwm.py L162-176); not a person id"
Spoof/Partial_Eye/Partial_Eye_17.mov,Spoof/Partial_Eye/Partial_Eye_17.mov,Partial_Eye,Partial_Eye_17,train_A_pretrain;trainlist_all,3,,none,8667dbcd316b38141729c057adf7517fe0602608,no official source maps a video to a person identity,NO_EVIDENCE,"protocol name = video stem (preprocessing.py L31, config_siwm.py L162-176); not a person id"
Spoof/Partial_Eye/Partial_Eye_18.mov,Spoof/Partial_Eye/Partial_Eye_18.mov,Partial_Eye,Partial_Eye_18,train_A_pretrain;trainlist_all,3,,none,8667dbcd316b38141729c057adf7517fe0602608,no official source maps a video to a person identity,NO_EVIDENCE,"protocol name = video stem (preprocessing.py L31, config_siwm.py L162-176); not a person id"
Spoof/Partial_Eye/Partial_Eye_19.mov,Spoof/Partial_Eye/Partial_Eye_19.mov,Partial_Eye,Partial_Eye_19,testlist_all;train_A_pretrain,2,,none,8667dbcd316b38141729c057adf7517fe0602608,no official source maps a video to a person identity,NO_EVIDENCE,"protocol name = video stem (preprocessing.py L31, config_siwm.py L162-176); not a person id"
Spoof/Partial_Eye/Partial_Eye_2.mov,Spoof/Partial_Eye/Partial_Eye_2.mov,Partial_Eye,Partial_Eye_2,train_A_pretrain;trainlist_all,3,,none,8667dbcd316b38141729c057adf7517fe0602608,no official source maps a video to a person identity,NO_EVIDENCE,"protocol name = video stem (preprocessing.py L31, config_siwm.py L162-176); not a person id"
Spoof/Partial_Eye/Partial_Eye_20.mov,Spoof/Partial_Eye/Partial_Eye_20.mov,Partial_Eye,Partial_Eye_20,train_A_pretrain;trainlist_all,3,,none,8667dbcd316b38141729c057adf7517fe0602608,no official source maps a video to a person identity,NO_EVIDENCE,"protocol name = video stem (preprocessing.py L31, config_siwm.py L162-176); not a person id"
Spoof/Partial_Eye/Partial_Eye_21.mov,Spoof/Partial_Eye/Partial_Eye_21.mov,Partial_Eye,Partial_Eye_21,train_A_pretrain;trainlist_all,3,,none,8667dbcd316b38141729c057adf7517fe0602608,no official source maps a video to a person identity,NO_EVIDENCE,"protocol name = video stem (preprocessing.py L31, config_siwm.py L162-176); not a person id"
Spoof/Partial_Eye/Partial_Eye_22.mov,Spoof/Partial_Eye/Partial_Eye_22.mov,Partial_Eye,Partial_Eye_22,testlist_all;train_A_pretrain,2,,none,8667dbcd316b38141729c057adf7517fe0602608,no official source maps a video to a person identity,NO_EVIDENCE,"protocol name = video stem (preprocessing.py L31, config_siwm.py L162-176); not a person id"
Spoof/Partial_Eye/Partial_Eye_23.mov,Spoof/Partial_Eye/Partial_Eye_23.mov,Partial_Eye,Partial_Eye_23,train_A_pretrain;trainlist_all,3,,none,8667dbcd316b38141729c057adf7517fe0602608,no official source maps a video to a person identity,NO_EVIDENCE,"protocol name = video stem (preprocessing.py L31, config_siwm.py L162-176); not a person id"
Spoof/Partial_Eye/Partial_Eye_24.mov,Spoof/Partial_Eye/Partial_Eye_24.mov,Partial_Eye,Partial_Eye_24,train_A_pretrain;trainlist_all,3,,none,8667dbcd316b38141729c057adf7517fe0602608,no official source maps a video to a person identity,NO_EVIDENCE,"protocol name = video stem (preprocessing.py L31, config_siwm.py L162-176); not a person id"
Spoof/Partial_Eye/Partial_Eye_25.mov,Spoof/Partial_Eye/Partial_Eye_25.mov,Partial_Eye,Partial_Eye_25,testlist_all;train_A_pretrain,2,,none,8667dbcd316b38141729c057adf7517fe0602608,no official source maps a video to a person identity,NO_EVIDENCE,"protocol name = video stem (preprocessing.py L31, config_siwm.py L162-176); not a person id"
Spoof/Partial_Eye/Partial_Eye_26.mov,Spoof/Partial_Eye/Partial_Eye_26.mov,Partial_Eye,Partial_Eye_26,train_A_pretrain;trainlist_all,3,,none,8667dbcd316b38141729c057adf7517fe0602608,no official source maps a video to a person identity,NO_EVIDENCE,"protocol name = video stem (preprocessing.py L31, config_siwm.py L162-176); not a person id"
Spoof/Partial_Eye/Partial_Eye_27.mov,Spoof/Partial_Eye/Partial_Eye_27.mov,Partial_Eye,Partial_Eye_27,train_A_pretrain;trainlist_all,3,,none,8667dbcd316b38141729c057adf7517fe0602608,no official source maps a video to a person identity,NO_EVIDENCE,"protocol name = video stem (preprocessing.py L31, config_siwm.py L162-176); not a person id"
Spoof/Partial_Eye/Partial_Eye_28.mov,Spoof/Partial_Eye/Partial_Eye_28.mov,Partial_Eye,Partial_Eye_28,testlist_all;train_A_pretrain,2,,none,8667dbcd316b38141729c057adf7517fe0602608,no official source maps a video to a person identity,NO_EVIDENCE,"protocol name = video stem (preprocessing.py L31, config_siwm.py L162-176); not a person id"
Spoof/Partial_Eye/Partial_Eye_29.mov,Spoof/Partial_Eye/Partial_Eye_29.mov,Partial_Eye,Partial_Eye_29,testlist_all;train_A_pretrain,2,,none,8667dbcd316b38141729c057adf7517fe0602608,no official source maps a video to a person identity,NO_EVIDENCE,"protocol name = video stem (preprocessing.py L31, config_siwm.py L162-176); not a person id"
Spoof/Partial_Eye/Partial_Eye_3.mov,Spoof/Partial_Eye/Partial_Eye_3.mov,Partial_Eye,Partial_Eye_3,train_A_pretrain;trainlist_all,3,,none,8667dbcd316b38141729c057adf7517fe0602608,no official source maps a video to a person identity,NO_EVIDENCE,"protocol name = video stem (preprocessing.py L31, config_siwm.py L162-176); not a person id"
Spoof/Partial_Eye/Partial_Eye_30.mov,Spoof/Partial_Eye/Partial_Eye_30.mov,Partial_Eye,Partial_Eye_30,testlist_all;train_A_pretrain,2,,none,8667dbcd316b38141729c057adf7517fe0602608,no official source maps a video to a person identity,NO_EVIDENCE,"protocol name = video stem (preprocessing.py L31, config_siwm.py L162-176); not a person id"
Spoof/Partial_Eye/Partial_Eye_31.mov,Spoof/Partial_Eye/Partial_Eye_31.mov,Partial_Eye,Partial_Eye_31,train_A_pretrain;trainlist_all,3,,none,8667dbcd316b38141729c057adf7517fe0602608,no official source maps a video to a person identity,NO_EVIDENCE,"protocol name = video stem (preprocessing.py L31, config_siwm.py L162-176); not a person id"
Spoof/Partial_Eye/Partial_Eye_32.mov,Spoof/Partial_Eye/Partial_Eye_32.mov,Partial_Eye,Partial_Eye_32,test_A_pretrain;testlist_all,1,,none,8667dbcd316b38141729c057adf7517fe0602608,no official source maps a video to a person identity,NO_EVIDENCE,"protocol name = video stem (preprocessing.py L31, config_siwm.py L162-176); not a person id"
Spoof/Partial_Eye/Partial_Eye_33.mov,Spoof/Partial_Eye/Partial_Eye_33.mov,Partial_Eye,Partial_Eye_33,test_A_pretrain;trainlist_all,3,,none,8667dbcd316b38141729c057adf7517fe0602608,no official source maps a video to a person identity,NO_EVIDENCE,"protocol name = video stem (preprocessing.py L31, config_siwm.py L162-176); not a person id"
Spoof/Partial_Eye/Partial_Eye_34.mov,Spoof/Partial_Eye/Partial_Eye_34.mov,Partial_Eye,Partial_Eye_34,train_A_pretrain;trainlist_all,3,,none,8667dbcd316b38141729c057adf7517fe0602608,no official source maps a video to a person identity,NO_EVIDENCE,"protocol name = video stem (preprocessing.py L31, config_siwm.py L162-176); not a person id"
Spoof/Partial_Eye/Partial_Eye_35.mov,Spoof/Partial_Eye/Partial_Eye_35.mov,Partial_Eye,Partial_Eye_35,train_A_pretrain;trainlist_all,3,,none,8667dbcd316b38141729c057adf7517fe0602608,no official source maps a video to a person identity,NO_EVIDENCE,"protocol name = video stem (preprocessing.py L31, config_siwm.py L162-176); not a person id"
Spoof/Partial_Eye/Partial_Eye_36.mov,Spoof/Partial_Eye/Partial_Eye_36.mov,Partial_Eye,Partial_Eye_36,testlist_all;train_A_pretrain,2,,none,8667dbcd316b38141729c057adf7517fe0602608,no official source maps a video to a person identity,NO_EVIDENCE,"protocol name = video stem (preprocessing.py L31, config_siwm.py L162-176); not a person id"
Spoof/Partial_Eye/Partial_Eye_37.mov,Spoof/Partial_Eye/Partial_Eye_37.mov,Partial_Eye,Partial_Eye_37,train_A_pretrain;trainlist_all,3,,none,8667dbcd316b38141729c057adf7517fe0602608,no official source maps a video to a person identity,NO_EVIDENCE,"protocol name = video stem (preprocessing.py L31, config_siwm.py L162-176); not a person id"
Spoof/Partial_Eye/Partial_Eye_38.mov,Spoof/Partial_Eye/Partial_Eye_38.mov,Partial_Eye,Partial_Eye_38,testlist_all;train_A_pretrain,2,,none,8667dbcd316b38141729c057adf7517fe0602608,no official source maps a video to a person identity,NO_EVIDENCE,"protocol name = video stem (preprocessing.py L31, config_siwm.py L162-176); not a person id"
Spoof/Partial_Eye/Partial_Eye_39.mov,Spoof/Partial_Eye/Partial_Eye_39.mov,Partial_Eye,Partial_Eye_39,testlist_all;train_A_pretrain,2,,none,8667dbcd316b38141729c057adf7517fe0602608,no official source maps a video to a person identity,NO_EVIDENCE,"protocol name = video stem (preprocessing.py L31, config_siwm.py L162-176); not a person id"
Spoof/Partial_Eye/Partial_Eye_4.mov,Spoof/Partial_Eye/Partial_Eye_4.mov,Partial_Eye,Partial_Eye_4,test_A_pretrain;testlist_all,1,,none,8667dbcd316b38141729c057adf7517fe0602608,no official source maps a video to a person identity,NO_EVIDENCE,"protocol name = video stem (preprocessing.py L31, config_siwm.py L162-176); not a person id"
Spoof/Partial_Eye/Partial_Eye_40.mov,Spoof/Partial_Eye/Partial_Eye_40.mov,Partial_Eye,Partial_Eye_40,train_A_pretrain;trainlist_all,3,,none,8667dbcd316b38141729c057adf7517fe0602608,no official source maps a video to a person identity,NO_EVIDENCE,"protocol name = video stem (preprocessing.py L31, config_siwm.py L162-176); not a person id"
Spoof/Partial_Eye/Partial_Eye_41.mov,Spoof/Partial_Eye/Partial_Eye_41.mov,Partial_Eye,Partial_Eye_41,train_A_pretrain;trainlist_all,3,,none,8667dbcd316b38141729c057adf7517fe0602608,no official source maps a video to a person identity,NO_EVIDENCE,"protocol name = video stem (preprocessing.py L31, config_siwm.py L162-176); not a person id"
Spoof/Partial_Eye/Partial_Eye_42.mov,Spoof/Partial_Eye/Partial_Eye_42.mov,Partial_Eye,Partial_Eye_42,train_A_pretrain;trainlist_all,3,,none,8667dbcd316b38141729c057adf7517fe0602608,no official source maps a video to a person identity,NO_EVIDENCE,"protocol name = video stem (preprocessing.py L31, config_siwm.py L162-176); not a person id"
Spoof/Partial_Eye/Partial_Eye_43.mov,Spoof/Partial_Eye/Partial_Eye_43.mov,Partial_Eye,Partial_Eye_43,train_A_pretrain;trainlist_all,3,,none,8667dbcd316b38141729c057adf7517fe0602608,no official source maps a video to a person identity,NO_EVIDENCE,"protocol name = video stem (preprocessing.py L31, config_siwm.py L162-176); not a person id"
Spoof/Partial_Eye/Partial_Eye_44.mov,Spoof/Partial_Eye/Partial_Eye_44.mov,Partial_Eye,Partial_Eye_44,testlist_all;train_A_pretrain,2,,none,8667dbcd316b38141729c057adf7517fe0602608,no official source maps a video to a person identity,NO_EVIDENCE,"protocol name = video stem (preprocessing.py L31, config_siwm.py L162-176); not a person id"
Spoof/Partial_Eye/Partial_Eye_45.mov,Spoof/Partial_Eye/Partial_Eye_45.mov,Partial_Eye,Partial_Eye_45,testlist_all;train_A_pretrain,2,,none,8667dbcd316b38141729c057adf7517fe0602608,no official source maps a video to a person identity,NO_EVIDENCE,"protocol name = video stem (preprocessing.py L31, config_siwm.py L162-176); not a person id"
Spoof/Partial_Eye/Partial_Eye_46.mov,Spoof/Partial_Eye/Partial_Eye_46.mov,Partial_Eye,Partial_Eye_46,testlist_all;train_A_pretrain,2,,none,8667dbcd316b38141729c057adf7517fe0602608,no official source maps a video to a person identity,NO_EVIDENCE,"protocol name = video stem (preprocessing.py L31, config_siwm.py L162-176); not a person id"
Spoof/Partial_Eye/Partial_Eye_47.mov,Spoof/Partial_Eye/Partial_Eye_47.mov,Partial_Eye,Partial_Eye_47,train_A_pretrain;trainlist_all,3,,none,8667dbcd316b38141729c057adf7517fe0602608,no official source maps a video to a person identity,NO_EVIDENCE,"protocol name = video stem (preprocessing.py L31, config_siwm.py L162-176); not a person id"
Spoof/Partial_Eye/Partial_Eye_48.mov,Spoof/Partial_Eye/Partial_Eye_48.mov,Partial_Eye,Partial_Eye_48,train_A_pretrain;trainlist_all,3,,none,8667dbcd316b38141729c057adf7517fe0602608,no official source maps a video to a person identity,NO_EVIDENCE,"protocol name = video stem (preprocessing.py L31, config_siwm.py L162-176); not a person id"
Spoof/Partial_Eye/Partial_Eye_49.mov,Spoof/Partial_Eye/Partial_Eye_49.mov,Partial_Eye,Partial_Eye_49,train_A_pretrain;trainlist_all,3,,none,8667dbcd316b38141729c057adf7517fe0602608,no official source maps a video to a person identity,NO_EVIDENCE,"protocol name = video stem (preprocessing.py L31, config_siwm.py L162-176); not a person id"
Spoof/Partial_Eye/Partial_Eye_5.mov,Spoof/Partial_Eye/Partial_Eye_5.mov,Partial_Eye,Partial_Eye_5,train_A_pretrain;trainlist_all,3,,none,8667dbcd316b38141729c057adf7517fe0602608,no official source maps a video to a person identity,NO_EVIDENCE,"protocol name = video stem (preprocessing.py L31, config_siwm.py L162-176); not a person id"
Spoof/Partial_Eye/Partial_Eye_50.mov,Spoof/Partial_Eye/Partial_Eye_50.mov,Partial_Eye,Partial_Eye_50,testlist_all;train_A_pretrain,2,,none,8667dbcd316b38141729c057adf7517fe0602608,no official source maps a video to a person identity,NO_EVIDENCE,"protocol name = video stem (preprocessing.py L31, config_siwm.py L162-176); not a person id"
Spoof/Partial_Eye/Partial_Eye_51.mov,Spoof/Partial_Eye/Partial_Eye_51.mov,Partial_Eye,Partial_Eye_51,testlist_all;train_A_pretrain,2,,none,8667dbcd316b38141729c057adf7517fe0602608,no official source maps a video to a person identity,NO_EVIDENCE,"protocol name = video stem (preprocessing.py L31, config_siwm.py L162-176); not a person id"
Spoof/Partial_Eye/Partial_Eye_52.mov,Spoof/Partial_Eye/Partial_Eye_52.mov,Partial_Eye,Partial_Eye_52,testlist_all;train_A_pretrain,2,,none,8667dbcd316b38141729c057adf7517fe0602608,no official source maps a video to a person identity,NO_EVIDENCE,"protocol name = video stem (preprocessing.py L31, config_siwm.py L162-176); not a person id"
Spoof/Partial_Eye/Partial_Eye_53.mov,Spoof/Partial_Eye/Partial_Eye_53.mov,Partial_Eye,Partial_Eye_53,train_A_pretrain;trainlist_all,3,,none,8667dbcd316b38141729c057adf7517fe0602608,no official source maps a video to a person identity,NO_EVIDENCE,"protocol name = video stem (preprocessing.py L31, config_siwm.py L162-176); not a person id"
Spoof/Partial_Eye/Partial_Eye_54.mov,Spoof/Partial_Eye/Partial_Eye_54.mov,Partial_Eye,Partial_Eye_54,testlist_all;train_A_pretrain,2,,none,8667dbcd316b38141729c057adf7517fe0602608,no official source maps a video to a person identity,NO_EVIDENCE,"protocol name = video stem (preprocessing.py L31, config_siwm.py L162-176); not a person id"
Spoof/Partial_Eye/Partial_Eye_55.mov,Spoof/Partial_Eye/Partial_Eye_55.mov,Partial_Eye,Partial_Eye_55,train_A_pretrain;trainlist_all,2,,none,8667dbcd316b38141729c057adf7517fe0602608,no official source maps a video to a person identity,NO_EVIDENCE,"protocol name = video stem (preprocessing.py L31, config_siwm.py L162-176); not a person id"
Spoof/Partial_Eye/Partial_Eye_56.mov,Spoof/Partial_Eye/Partial_Eye_56.mov,Partial_Eye,Partial_Eye_56,train_A_pretrain;trainlist_all,2,,none,8667dbcd316b38141729c057adf7517fe0602608,no official source maps a video to a person identity,NO_EVIDENCE,"protocol name = video stem (preprocessing.py L31, config_siwm.py L162-176); not a person id"
Spoof/Partial_Eye/Partial_Eye_57.mov,Spoof/Partial_Eye/Partial_Eye_57.mov,Partial_Eye,Partial_Eye_57,test_A_pretrain;testlist_all,1,,none,8667dbcd316b38141729c057adf7517fe0602608,no official source maps a video to a person identity,NO_EVIDENCE,"protocol name = video stem (preprocessing.py L31, config_siwm.py L162-176); not a person id"
Spoof/Partial_Eye/Partial_Eye_6.mov,Spoof/Partial_Eye/Partial_Eye_6.mov,Partial_Eye,Partial_Eye_6,train_A_pretrain;trainlist_all,3,,none,8667dbcd316b38141729c057adf7517fe0602608,no official source maps a video to a person identity,NO_EVIDENCE,"protocol name = video stem (preprocessing.py L31, config_siwm.py L162-176); not a person id"
Spoof/Partial_Eye/Partial_Eye_7.mov,Spoof/Partial_Eye/Partial_Eye_7.mov,Partial_Eye,Partial_Eye_7,train_A_pretrain;trainlist_all,3,,none,8667dbcd316b38141729c057adf7517fe0602608,no official source maps a video to a person identity,NO_EVIDENCE,"protocol name = video stem (preprocessing.py L31, config_siwm.py L162-176); not a person id"
Spoof/Partial_Eye/Partial_Eye_8.mov,Spoof/Partial_Eye/Partial_Eye_8.mov,Partial_Eye,Partial_Eye_8,train_A_pretrain;trainlist_all,3,,none,8667dbcd316b38141729c057adf7517fe0602608,no official source maps a video to a person identity,NO_EVIDENCE,"protocol name = video stem (preprocessing.py L31, config_siwm.py L162-176); not a person id"
Spoof/Partial_Eye/Partial_Eye_9.mov,Spoof/Partial_Eye/Partial_Eye_9.mov,Partial_Eye,Partial_Eye_9,train_A_pretrain;trainlist_all,3,,none,8667dbcd316b38141729c057adf7517fe0602608,no official source maps a video to a person identity,NO_EVIDENCE,"protocol name = video stem (preprocessing.py L31, config_siwm.py L162-176); not a person id"
Spoof/Partial_FunnyeyeGlasses/Partial_Funnyeye_1.mov,Spoof/Partial_FunnyeyeGlasses/Partial_Funnyeye_1.mov,Partial_FunnyeyeGlasses,Partial_Funnyeye_1,train_B_spoof;trainlist_all,2,,none,8667dbcd316b38141729c057adf7517fe0602608,no official source maps a video to a person identity,NO_EVIDENCE,"protocol name = video stem (preprocessing.py L31, config_siwm.py L162-176); not a person id"
Spoof/Partial_FunnyeyeGlasses/Partial_Funnyeye_10.mov,Spoof/Partial_FunnyeyeGlasses/Partial_Funnyeye_10.mov,Partial_FunnyeyeGlasses,Partial_Funnyeye_10,train_B_spoof;trainlist_all,2,,none,8667dbcd316b38141729c057adf7517fe0602608,no official source maps a video to a person identity,NO_EVIDENCE,"protocol name = video stem (preprocessing.py L31, config_siwm.py L162-176); not a person id"
Spoof/Partial_FunnyeyeGlasses/Partial_Funnyeye_100.mov,Spoof/Partial_FunnyeyeGlasses/Partial_Funnyeye_100.mov,Partial_FunnyeyeGlasses,Partial_Funnyeye_100,testlist_all;train_B_spoof,1,,none,8667dbcd316b38141729c057adf7517fe0602608,no official source maps a video to a person identity,NO_EVIDENCE,"protocol name = video stem (preprocessing.py L31, config_siwm.py L162-176); not a person id"
Spoof/Partial_FunnyeyeGlasses/Partial_Funnyeye_101.mov,Spoof/Partial_FunnyeyeGlasses/Partial_Funnyeye_101.mov,Partial_FunnyeyeGlasses,Partial_Funnyeye_101,train_B_spoof;trainlist_all,1,,none,8667dbcd316b38141729c057adf7517fe0602608,no official source maps a video to a person identity,NO_EVIDENCE,"protocol name = video stem (preprocessing.py L31, config_siwm.py L162-176); not a person id"
Spoof/Partial_FunnyeyeGlasses/Partial_Funnyeye_102.mov,Spoof/Partial_FunnyeyeGlasses/Partial_Funnyeye_102.mov,Partial_FunnyeyeGlasses,Partial_Funnyeye_102,testlist_all;train_B_spoof,1,,none,8667dbcd316b38141729c057adf7517fe0602608,no official source maps a video to a person identity,NO_EVIDENCE,"protocol name = video stem (preprocessing.py L31, config_siwm.py L162-176); not a person id"
Spoof/Partial_FunnyeyeGlasses/Partial_Funnyeye_103.mov,Spoof/Partial_FunnyeyeGlasses/Partial_Funnyeye_103.mov,Partial_FunnyeyeGlasses,Partial_Funnyeye_103,train_B_spoof;trainlist_all,1,,none,8667dbcd316b38141729c057adf7517fe0602608,no official source maps a video to a person identity,NO_EVIDENCE,"protocol name = video stem (preprocessing.py L31, config_siwm.py L162-176); not a person id"
Spoof/Partial_FunnyeyeGlasses/Partial_Funnyeye_104.mov,Spoof/Partial_FunnyeyeGlasses/Partial_Funnyeye_104.mov,Partial_FunnyeyeGlasses,Partial_Funnyeye_104,testlist_all;train_B_spoof,1,,none,8667dbcd316b38141729c057adf7517fe0602608,no official source maps a video to a person identity,NO_EVIDENCE,"protocol name = video stem (preprocessing.py L31, config_siwm.py L162-176); not a person id"
Spoof/Partial_FunnyeyeGlasses/Partial_Funnyeye_105.mov,Spoof/Partial_FunnyeyeGlasses/Partial_Funnyeye_105.mov,Partial_FunnyeyeGlasses,Partial_Funnyeye_105,train_B_spoof;trainlist_all,1,,none,8667dbcd316b38141729c057adf7517fe0602608,no official source maps a video to a person identity,NO_EVIDENCE,"protocol name = video stem (preprocessing.py L31, config_siwm.py L162-176); not a person id"
Spoof/Partial_FunnyeyeGlasses/Partial_Funnyeye_106.mov,Spoof/Partial_FunnyeyeGlasses/Partial_Funnyeye_106.mov,Partial_FunnyeyeGlasses,Partial_Funnyeye_106,train_B_spoof;trainlist_all,1,,none,8667dbcd316b38141729c057adf7517fe0602608,no official source maps a video to a person identity,NO_EVIDENCE,"protocol name = video stem (preprocessing.py L31, config_siwm.py L162-176); not a person id"
Spoof/Partial_FunnyeyeGlasses/Partial_Funnyeye_107.mov,Spoof/Partial_FunnyeyeGlasses/Partial_Funnyeye_107.mov,Partial_FunnyeyeGlasses,Partial_Funnyeye_107,train_B_spoof;trainlist_all,1,,none,8667dbcd316b38141729c057adf7517fe0602608,no official source maps a video to a person identity,NO_EVIDENCE,"protocol name = video stem (preprocessing.py L31, config_siwm.py L162-176); not a person id"
Spoof/Partial_FunnyeyeGlasses/Partial_Funnyeye_108.mov,Spoof/Partial_FunnyeyeGlasses/Partial_Funnyeye_108.mov,Partial_FunnyeyeGlasses,Partial_Funnyeye_108,testlist_all,1,,none,8667dbcd316b38141729c057adf7517fe0602608,no official source maps a video to a person identity,NO_EVIDENCE,"protocol name = video stem (preprocessing.py L31, config_siwm.py L162-176); not a person id"
Spoof/Partial_FunnyeyeGlasses/Partial_Funnyeye_109.mov,Spoof/Partial_FunnyeyeGlasses/Partial_Funnyeye_109.mov,Partial_FunnyeyeGlasses,Partial_Funnyeye_109,test_B_spoof;testlist_all,1,,none,8667dbcd316b38141729c057adf7517fe0602608,no official source maps a video to a person identity,NO_EVIDENCE,"protocol name = video stem (preprocessing.py L31, config_siwm.py L162-176); not a person id"
Spoof/Partial_FunnyeyeGlasses/Partial_Funnyeye_11.mov,Spoof/Partial_FunnyeyeGlasses/Partial_Funnyeye_11.mov,Partial_FunnyeyeGlasses,Partial_Funnyeye_11,train_B_spoof;trainlist_all,2,,none,8667dbcd316b38141729c057adf7517fe0602608,no official source maps a video to a person identity,NO_EVIDENCE,"protocol name = video stem (preprocessing.py L31, config_siwm.py L162-176); not a person id"
Spoof/Partial_FunnyeyeGlasses/Partial_Funnyeye_110.mov,Spoof/Partial_FunnyeyeGlasses/Partial_Funnyeye_110.mov,Partial_FunnyeyeGlasses,Partial_Funnyeye_110,train_B_spoof;trainlist_all,1,,none,8667dbcd316b38141729c057adf7517fe0602608,no official source maps a video to a person identity,NO_EVIDENCE,"protocol name = video stem (preprocessing.py L31, config_siwm.py L162-176); not a person id"
Spoof/Partial_FunnyeyeGlasses/Partial_Funnyeye_111.mov,Spoof/Partial_FunnyeyeGlasses/Partial_Funnyeye_111.mov,Partial_FunnyeyeGlasses,Partial_Funnyeye_111,test_B_spoof;testlist_all,1,,none,8667dbcd316b38141729c057adf7517fe0602608,no official source maps a video to a person identity,NO_EVIDENCE,"protocol name = video stem (preprocessing.py L31, config_siwm.py L162-176); not a person id"
Spoof/Partial_FunnyeyeGlasses/Partial_Funnyeye_112.mov,Spoof/Partial_FunnyeyeGlasses/Partial_Funnyeye_112.mov,Partial_FunnyeyeGlasses,Partial_Funnyeye_112,train_B_spoof;trainlist_all,1,,none,8667dbcd316b38141729c057adf7517fe0602608,no official source maps a video to a person identity,NO_EVIDENCE,"protocol name = video stem (preprocessing.py L31, config_siwm.py L162-176); not a person id"
Spoof/Partial_FunnyeyeGlasses/Partial_Funnyeye_113.mov,Spoof/Partial_FunnyeyeGlasses/Partial_Funnyeye_113.mov,Partial_FunnyeyeGlasses,Partial_Funnyeye_113,train_B_spoof;trainlist_all,1,,none,8667dbcd316b38141729c057adf7517fe0602608,no official source maps a video to a person identity,NO_EVIDENCE,"protocol name = video stem (preprocessing.py L31, config_siwm.py L162-176); not a person id"
Spoof/Partial_FunnyeyeGlasses/Partial_Funnyeye_114.mov,Spoof/Partial_FunnyeyeGlasses/Partial_Funnyeye_114.mov,Partial_FunnyeyeGlasses,Partial_Funnyeye_114,testlist_all;train_B_spoof,1,,none,8667dbcd316b38141729c057adf7517fe0602608,no official source maps a video to a person identity,NO_EVIDENCE,"protocol name = video stem (preprocessing.py L31, config_siwm.py L162-176); not a person id"
Spoof/Partial_FunnyeyeGlasses/Partial_Funnyeye_115.mov,Spoof/Partial_FunnyeyeGlasses/Partial_Funnyeye_115.mov,Partial_FunnyeyeGlasses,Partial_Funnyeye_115,testlist_all;train_B_spoof,1,,none,8667dbcd316b38141729c057adf7517fe0602608,no official source maps a video to a person identity,NO_EVIDENCE,"protocol name = video stem (preprocessing.py L31, config_siwm.py L162-176); not a person id"
Spoof/Partial_FunnyeyeGlasses/Partial_Funnyeye_116.mov,Spoof/Partial_FunnyeyeGlasses/Partial_Funnyeye_116.mov,Partial_FunnyeyeGlasses,Partial_Funnyeye_116,train_B_spoof;trainlist_all,1,,none,8667dbcd316b38141729c057adf7517fe0602608,no official source maps a video to a person identity,NO_EVIDENCE,"protocol name = video stem (preprocessing.py L31, config_siwm.py L162-176); not a person id"
Spoof/Partial_FunnyeyeGlasses/Partial_Funnyeye_117.mov,Spoof/Partial_FunnyeyeGlasses/Partial_Funnyeye_117.mov,Partial_FunnyeyeGlasses,Partial_Funnyeye_117,train_B_spoof;trainlist_all,1,,none,8667dbcd316b38141729c057adf7517fe0602608,no official source maps a video to a person identity,NO_EVIDENCE,"protocol name = video stem (preprocessing.py L31, config_siwm.py L162-176); not a person id"
Spoof/Partial_FunnyeyeGlasses/Partial_Funnyeye_118.mov,Spoof/Partial_FunnyeyeGlasses/Partial_Funnyeye_118.mov,Partial_FunnyeyeGlasses,Partial_Funnyeye_118,trainlist_all,1,,none,8667dbcd316b38141729c057adf7517fe0602608,no official source maps a video to a person identity,NO_EVIDENCE,"protocol name = video stem (preprocessing.py L31, config_siwm.py L162-176); not a person id"
Spoof/Partial_FunnyeyeGlasses/Partial_Funnyeye_119.mov,Spoof/Partial_FunnyeyeGlasses/Partial_Funnyeye_119.mov,Partial_FunnyeyeGlasses,Partial_Funnyeye_119,train_B_spoof;trainlist_all,1,,none,8667dbcd316b38141729c057adf7517fe0602608,no official source maps a video to a person identity,NO_EVIDENCE,"protocol name = video stem (preprocessing.py L31, config_siwm.py L162-176); not a person id"
Spoof/Partial_FunnyeyeGlasses/Partial_Funnyeye_12.mov,Spoof/Partial_FunnyeyeGlasses/Partial_Funnyeye_12.mov,Partial_FunnyeyeGlasses,Partial_Funnyeye_12,test_B_spoof;trainlist_all,1,,none,8667dbcd316b38141729c057adf7517fe0602608,no official source maps a video to a person identity,NO_EVIDENCE,"protocol name = video stem (preprocessing.py L31, config_siwm.py L162-176); not a person id"
Spoof/Partial_FunnyeyeGlasses/Partial_Funnyeye_120.mov,Spoof/Partial_FunnyeyeGlasses/Partial_Funnyeye_120.mov,Partial_FunnyeyeGlasses,Partial_Funnyeye_120,train_B_spoof;trainlist_all,1,,none,8667dbcd316b38141729c057adf7517fe0602608,no official source maps a video to a person identity,NO_EVIDENCE,"protocol name = video stem (preprocessing.py L31, config_siwm.py L162-176); not a person id"
Spoof/Partial_FunnyeyeGlasses/Partial_Funnyeye_121.mov,Spoof/Partial_FunnyeyeGlasses/Partial_Funnyeye_121.mov,Partial_FunnyeyeGlasses,Partial_Funnyeye_121,testlist_all;train_B_spoof,1,,none,8667dbcd316b38141729c057adf7517fe0602608,no official source maps a video to a person identity,NO_EVIDENCE,"protocol name = video stem (preprocessing.py L31, config_siwm.py L162-176); not a person id"
Spoof/Partial_FunnyeyeGlasses/Partial_Funnyeye_122.mov,Spoof/Partial_FunnyeyeGlasses/Partial_Funnyeye_122.mov,Partial_FunnyeyeGlasses,Partial_Funnyeye_122,testlist_all;train_B_spoof,1,,none,8667dbcd316b38141729c057adf7517fe0602608,no official source maps a video to a person identity,NO_EVIDENCE,"protocol name = video stem (preprocessing.py L31, config_siwm.py L162-176); not a person id"
Spoof/Partial_FunnyeyeGlasses/Partial_Funnyeye_123.mov,Spoof/Partial_FunnyeyeGlasses/Partial_Funnyeye_123.mov,Partial_FunnyeyeGlasses,Partial_Funnyeye_123,train_B_spoof;trainlist_all,1,,none,8667dbcd316b38141729c057adf7517fe0602608,no official source maps a video to a person identity,NO_EVIDENCE,"protocol name = video stem (preprocessing.py L31, config_siwm.py L162-176); not a person id"
Spoof/Partial_FunnyeyeGlasses/Partial_Funnyeye_124.mov,Spoof/Partial_FunnyeyeGlasses/Partial_Funnyeye_124.mov,Partial_FunnyeyeGlasses,Partial_Funnyeye_124,test_B_spoof;trainlist_all,1,,none,8667dbcd316b38141729c057adf7517fe0602608,no official source maps a video to a person identity,NO_EVIDENCE,"protocol name = video stem (preprocessing.py L31, config_siwm.py L162-176); not a person id"
Spoof/Partial_FunnyeyeGlasses/Partial_Funnyeye_125.mov,Spoof/Partial_FunnyeyeGlasses/Partial_Funnyeye_125.mov,Partial_FunnyeyeGlasses,Partial_Funnyeye_125,train_B_spoof;trainlist_all,1,,none,8667dbcd316b38141729c057adf7517fe0602608,no official source maps a video to a person identity,NO_EVIDENCE,"protocol name = video stem (preprocessing.py L31, config_siwm.py L162-176); not a person id"
Spoof/Partial_FunnyeyeGlasses/Partial_Funnyeye_126.mov,Spoof/Partial_FunnyeyeGlasses/Partial_Funnyeye_126.mov,Partial_FunnyeyeGlasses,Partial_Funnyeye_126,train_B_spoof;trainlist_all,1,,none,8667dbcd316b38141729c057adf7517fe0602608,no official source maps a video to a person identity,NO_EVIDENCE,"protocol name = video stem (preprocessing.py L31, config_siwm.py L162-176); not a person id"
Spoof/Partial_FunnyeyeGlasses/Partial_Funnyeye_127.mov,Spoof/Partial_FunnyeyeGlasses/Partial_Funnyeye_127.mov,Partial_FunnyeyeGlasses,Partial_Funnyeye_127,train_B_spoof;trainlist_all,1,,none,8667dbcd316b38141729c057adf7517fe0602608,no official source maps a video to a person identity,NO_EVIDENCE,"protocol name = video stem (preprocessing.py L31, config_siwm.py L162-176); not a person id"
Spoof/Partial_FunnyeyeGlasses/Partial_Funnyeye_128.mov,Spoof/Partial_FunnyeyeGlasses/Partial_Funnyeye_128.mov,Partial_FunnyeyeGlasses,Partial_Funnyeye_128,train_B_spoof;trainlist_all,1,,none,8667dbcd316b38141729c057adf7517fe0602608,no official source maps a video to a person identity,NO_EVIDENCE,"protocol name = video stem (preprocessing.py L31, config_siwm.py L162-176); not a person id"
Spoof/Partial_FunnyeyeGlasses/Partial_Funnyeye_129.mov,Spoof/Partial_FunnyeyeGlasses/Partial_Funnyeye_129.mov,Partial_FunnyeyeGlasses,Partial_Funnyeye_129,testlist_all;train_B_spoof,1,,none,8667dbcd316b38141729c057adf7517fe0602608,no official source maps a video to a person identity,NO_EVIDENCE,"protocol name = video stem (preprocessing.py L31, config_siwm.py L162-176); not a person id"
Spoof/Partial_FunnyeyeGlasses/Partial_Funnyeye_13.mov,Spoof/Partial_FunnyeyeGlasses/Partial_Funnyeye_13.mov,Partial_FunnyeyeGlasses,Partial_Funnyeye_13,testlist_all;train_B_spoof,1,,none,8667dbcd316b38141729c057adf7517fe0602608,no official source maps a video to a person identity,NO_EVIDENCE,"protocol name = video stem (preprocessing.py L31, config_siwm.py L162-176); not a person id"
Spoof/Partial_FunnyeyeGlasses/Partial_Funnyeye_130.mov,Spoof/Partial_FunnyeyeGlasses/Partial_Funnyeye_130.mov,Partial_FunnyeyeGlasses,Partial_Funnyeye_130,testlist_all;train_B_spoof,1,,none,8667dbcd316b38141729c057adf7517fe0602608,no official source maps a video to a person identity,NO_EVIDENCE,"protocol name = video stem (preprocessing.py L31, config_siwm.py L162-176); not a person id"
Spoof/Partial_FunnyeyeGlasses/Partial_Funnyeye_131.mov,Spoof/Partial_FunnyeyeGlasses/Partial_Funnyeye_131.mov,Partial_FunnyeyeGlasses,Partial_Funnyeye_131,testlist_all;train_B_spoof,1,,none,8667dbcd316b38141729c057adf7517fe0602608,no official source maps a video to a person identity,NO_EVIDENCE,"protocol name = video stem (preprocessing.py L31, config_siwm.py L162-176); not a person id"
Spoof/Partial_FunnyeyeGlasses/Partial_Funnyeye_132.mov,Spoof/Partial_FunnyeyeGlasses/Partial_Funnyeye_132.mov,Partial_FunnyeyeGlasses,Partial_Funnyeye_132,train_B_spoof;trainlist_all,1,,none,8667dbcd316b38141729c057adf7517fe0602608,no official source maps a video to a person identity,NO_EVIDENCE,"protocol name = video stem (preprocessing.py L31, config_siwm.py L162-176); not a person id"
Spoof/Partial_FunnyeyeGlasses/Partial_Funnyeye_133.mov,Spoof/Partial_FunnyeyeGlasses/Partial_Funnyeye_133.mov,Partial_FunnyeyeGlasses,Partial_Funnyeye_133,train_B_spoof;trainlist_all,1,,none,8667dbcd316b38141729c057adf7517fe0602608,no official source maps a video to a person identity,NO_EVIDENCE,"protocol name = video stem (preprocessing.py L31, config_siwm.py L162-176); not a person id"
Spoof/Partial_FunnyeyeGlasses/Partial_Funnyeye_134.mov,Spoof/Partial_FunnyeyeGlasses/Partial_Funnyeye_134.mov,Partial_FunnyeyeGlasses,Partial_Funnyeye_134,testlist_all;train_B_spoof,1,,none,8667dbcd316b38141729c057adf7517fe0602608,no official source maps a video to a person identity,NO_EVIDENCE,"protocol name = video stem (preprocessing.py L31, config_siwm.py L162-176); not a person id"
Spoof/Partial_FunnyeyeGlasses/Partial_Funnyeye_135.mov,Spoof/Partial_FunnyeyeGlasses/Partial_Funnyeye_135.mov,Partial_FunnyeyeGlasses,Partial_Funnyeye_135,testlist_all;train_B_spoof,1,,none,8667dbcd316b38141729c057adf7517fe0602608,no official source maps a video to a person identity,NO_EVIDENCE,"protocol name = video stem (preprocessing.py L31, config_siwm.py L162-176); not a person id"
Spoof/Partial_FunnyeyeGlasses/Partial_Funnyeye_136.mov,Spoof/Partial_FunnyeyeGlasses/Partial_Funnyeye_136.mov,Partial_FunnyeyeGlasses,Partial_Funnyeye_136,testlist_all;train_B_spoof,1,,none,8667dbcd316b38141729c057adf7517fe0602608,no official source maps a video to a person identity,NO_EVIDENCE,"protocol name = video stem (preprocessing.py L31, config_siwm.py L162-176); not a person id"
Spoof/Partial_FunnyeyeGlasses/Partial_Funnyeye_137.mov,Spoof/Partial_FunnyeyeGlasses/Partial_Funnyeye_137.mov,Partial_FunnyeyeGlasses,Partial_Funnyeye_137,testlist_all;train_B_spoof,1,,none,8667dbcd316b38141729c057adf7517fe0602608,no official source maps a video to a person identity,NO_EVIDENCE,"protocol name = video stem (preprocessing.py L31, config_siwm.py L162-176); not a person id"
Spoof/Partial_FunnyeyeGlasses/Partial_Funnyeye_138.mov,Spoof/Partial_FunnyeyeGlasses/Partial_Funnyeye_138.mov,Partial_FunnyeyeGlasses,Partial_Funnyeye_138,train_B_spoof;trainlist_all,1,,none,8667dbcd316b38141729c057adf7517fe0602608,no official source maps a video to a person identity,NO_EVIDENCE,"protocol name = video stem (preprocessing.py L31, config_siwm.py L162-176); not a person id"
Spoof/Partial_FunnyeyeGlasses/Partial_Funnyeye_139.mov,Spoof/Partial_FunnyeyeGlasses/Partial_Funnyeye_139.mov,Partial_FunnyeyeGlasses,Partial_Funnyeye_139,testlist_all,1,,none,8667dbcd316b38141729c057adf7517fe0602608,no official source maps a video to a person identity,NO_EVIDENCE,"protocol name = video stem (preprocessing.py L31, config_siwm.py L162-176); not a person id"
Spoof/Partial_FunnyeyeGlasses/Partial_Funnyeye_14.mov,Spoof/Partial_FunnyeyeGlasses/Partial_Funnyeye_14.mov,Partial_FunnyeyeGlasses,Partial_Funnyeye_14,testlist_all;train_B_spoof,1,,none,8667dbcd316b38141729c057adf7517fe0602608,no official source maps a video to a person identity,NO_EVIDENCE,"protocol name = video stem (preprocessing.py L31, config_siwm.py L162-176); not a person id"
Spoof/Partial_FunnyeyeGlasses/Partial_Funnyeye_140.mov,Spoof/Partial_FunnyeyeGlasses/Partial_Funnyeye_140.mov,Partial_FunnyeyeGlasses,Partial_Funnyeye_140,train_B_spoof;trainlist_all,1,,none,8667dbcd316b38141729c057adf7517fe0602608,no official source maps a video to a person identity,NO_EVIDENCE,"protocol name = video stem (preprocessing.py L31, config_siwm.py L162-176); not a person id"
Spoof/Partial_FunnyeyeGlasses/Partial_Funnyeye_141.mov,Spoof/Partial_FunnyeyeGlasses/Partial_Funnyeye_141.mov,Partial_FunnyeyeGlasses,Partial_Funnyeye_141,train_B_spoof;trainlist_all,1,,none,8667dbcd316b38141729c057adf7517fe0602608,no official source maps a video to a person identity,NO_EVIDENCE,"protocol name = video stem (preprocessing.py L31, config_siwm.py L162-176); not a person id"
Spoof/Partial_FunnyeyeGlasses/Partial_Funnyeye_142.mov,Spoof/Partial_FunnyeyeGlasses/Partial_Funnyeye_142.mov,Partial_FunnyeyeGlasses,Partial_Funnyeye_142,train_B_spoof;trainlist_all,1,,none,8667dbcd316b38141729c057adf7517fe0602608,no official source maps a video to a person identity,NO_EVIDENCE,"protocol name = video stem (preprocessing.py L31, config_siwm.py L162-176); not a person id"
Spoof/Partial_FunnyeyeGlasses/Partial_Funnyeye_143.mov,Spoof/Partial_FunnyeyeGlasses/Partial_Funnyeye_143.mov,Partial_FunnyeyeGlasses,Partial_Funnyeye_143,testlist_all;train_B_spoof,1,,none,8667dbcd316b38141729c057adf7517fe0602608,no official source maps a video to a person identity,NO_EVIDENCE,"protocol name = video stem (preprocessing.py L31, config_siwm.py L162-176); not a person id"
Spoof/Partial_FunnyeyeGlasses/Partial_Funnyeye_144.mov,Spoof/Partial_FunnyeyeGlasses/Partial_Funnyeye_144.mov,Partial_FunnyeyeGlasses,Partial_Funnyeye_144,train_B_spoof;trainlist_all,1,,none,8667dbcd316b38141729c057adf7517fe0602608,no official source maps a video to a person identity,NO_EVIDENCE,"protocol name = video stem (preprocessing.py L31, config_siwm.py L162-176); not a person id"
Spoof/Partial_FunnyeyeGlasses/Partial_Funnyeye_145.mov,Spoof/Partial_FunnyeyeGlasses/Partial_Funnyeye_145.mov,Partial_FunnyeyeGlasses,Partial_Funnyeye_145,train_B_spoof;trainlist_all,1,,none,8667dbcd316b38141729c057adf7517fe0602608,no official source maps a video to a person identity,NO_EVIDENCE,"protocol name = video stem (preprocessing.py L31, config_siwm.py L162-176); not a person id"
Spoof/Partial_FunnyeyeGlasses/Partial_Funnyeye_146.mov,Spoof/Partial_FunnyeyeGlasses/Partial_Funnyeye_146.mov,Partial_FunnyeyeGlasses,Partial_Funnyeye_146,testlist_all;train_B_spoof,1,,none,8667dbcd316b38141729c057adf7517fe0602608,no official source maps a video to a person identity,NO_EVIDENCE,"protocol name = video stem (preprocessing.py L31, config_siwm.py L162-176); not a person id"
Spoof/Partial_FunnyeyeGlasses/Partial_Funnyeye_147.mov,Spoof/Partial_FunnyeyeGlasses/Partial_Funnyeye_147.mov,Partial_FunnyeyeGlasses,Partial_Funnyeye_147,testlist_all;train_B_spoof,1,,none,8667dbcd316b38141729c057adf7517fe0602608,no official source maps a video to a person identity,NO_EVIDENCE,"protocol name = video stem (preprocessing.py L31, config_siwm.py L162-176); not a person id"
Spoof/Partial_FunnyeyeGlasses/Partial_Funnyeye_148.mov,Spoof/Partial_FunnyeyeGlasses/Partial_Funnyeye_148.mov,Partial_FunnyeyeGlasses,Partial_Funnyeye_148,train_B_spoof;trainlist_all,1,,none,8667dbcd316b38141729c057adf7517fe0602608,no official source maps a video to a person identity,NO_EVIDENCE,"protocol name = video stem (preprocessing.py L31, config_siwm.py L162-176); not a person id"
Spoof/Partial_FunnyeyeGlasses/Partial_Funnyeye_149.mov,Spoof/Partial_FunnyeyeGlasses/Partial_Funnyeye_149.mov,Partial_FunnyeyeGlasses,Partial_Funnyeye_149,test_B_spoof;testlist_all,1,,none,8667dbcd316b38141729c057adf7517fe0602608,no official source maps a video to a person identity,NO_EVIDENCE,"protocol name = video stem (preprocessing.py L31, config_siwm.py L162-176); not a person id"
Spoof/Partial_FunnyeyeGlasses/Partial_Funnyeye_15.mov,Spoof/Partial_FunnyeyeGlasses/Partial_Funnyeye_15.mov,Partial_FunnyeyeGlasses,Partial_Funnyeye_15,test_B_spoof;testlist_all,1,,none,8667dbcd316b38141729c057adf7517fe0602608,no official source maps a video to a person identity,NO_EVIDENCE,"protocol name = video stem (preprocessing.py L31, config_siwm.py L162-176); not a person id"
Spoof/Partial_FunnyeyeGlasses/Partial_Funnyeye_150.mov,Spoof/Partial_FunnyeyeGlasses/Partial_Funnyeye_150.mov,Partial_FunnyeyeGlasses,Partial_Funnyeye_150,trainlist_all,1,,none,8667dbcd316b38141729c057adf7517fe0602608,no official source maps a video to a person identity,NO_EVIDENCE,"protocol name = video stem (preprocessing.py L31, config_siwm.py L162-176); not a person id"
Spoof/Partial_FunnyeyeGlasses/Partial_Funnyeye_151.mov,Spoof/Partial_FunnyeyeGlasses/Partial_Funnyeye_151.mov,Partial_FunnyeyeGlasses,Partial_Funnyeye_151,testlist_all;train_B_spoof,1,,none,8667dbcd316b38141729c057adf7517fe0602608,no official source maps a video to a person identity,NO_EVIDENCE,"protocol name = video stem (preprocessing.py L31, config_siwm.py L162-176); not a person id"
Spoof/Partial_FunnyeyeGlasses/Partial_Funnyeye_152.mov,Spoof/Partial_FunnyeyeGlasses/Partial_Funnyeye_152.mov,Partial_FunnyeyeGlasses,Partial_Funnyeye_152,train_B_spoof;trainlist_all,1,,none,8667dbcd316b38141729c057adf7517fe0602608,no official source maps a video to a person identity,NO_EVIDENCE,"protocol name = video stem (preprocessing.py L31, config_siwm.py L162-176); not a person id"
Spoof/Partial_FunnyeyeGlasses/Partial_Funnyeye_153.mov,Spoof/Partial_FunnyeyeGlasses/Partial_Funnyeye_153.mov,Partial_FunnyeyeGlasses,Partial_Funnyeye_153,testlist_all;train_B_spoof,1,,none,8667dbcd316b38141729c057adf7517fe0602608,no official source maps a video to a person identity,NO_EVIDENCE,"protocol name = video stem (preprocessing.py L31, config_siwm.py L162-176); not a person id"
Spoof/Partial_FunnyeyeGlasses/Partial_Funnyeye_154.mov,Spoof/Partial_FunnyeyeGlasses/Partial_Funnyeye_154.mov,Partial_FunnyeyeGlasses,Partial_Funnyeye_154,train_B_spoof;trainlist_all,1,,none,8667dbcd316b38141729c057adf7517fe0602608,no official source maps a video to a person identity,NO_EVIDENCE,"protocol name = video stem (preprocessing.py L31, config_siwm.py L162-176); not a person id"
Spoof/Partial_FunnyeyeGlasses/Partial_Funnyeye_155.mov,Spoof/Partial_FunnyeyeGlasses/Partial_Funnyeye_155.mov,Partial_FunnyeyeGlasses,Partial_Funnyeye_155,testlist_all;train_B_spoof,1,,none,8667dbcd316b38141729c057adf7517fe0602608,no official source maps a video to a person identity,NO_EVIDENCE,"protocol name = video stem (preprocessing.py L31, config_siwm.py L162-176); not a person id"
Spoof/Partial_FunnyeyeGlasses/Partial_Funnyeye_156.mov,Spoof/Partial_FunnyeyeGlasses/Partial_Funnyeye_156.mov,Partial_FunnyeyeGlasses,Partial_Funnyeye_156,testlist_all;train_B_spoof,1,,none,8667dbcd316b38141729c057adf7517fe0602608,no official source maps a video to a person identity,NO_EVIDENCE,"protocol name = video stem (preprocessing.py L31, config_siwm.py L162-176); not a person id"
Spoof/Partial_FunnyeyeGlasses/Partial_Funnyeye_157.mov,Spoof/Partial_FunnyeyeGlasses/Partial_Funnyeye_157.mov,Partial_FunnyeyeGlasses,Partial_Funnyeye_157,train_B_spoof;trainlist_all,1,,none,8667dbcd316b38141729c057adf7517fe0602608,no official source maps a video to a person identity,NO_EVIDENCE,"protocol name = video stem (preprocessing.py L31, config_siwm.py L162-176); not a person id"
Spoof/Partial_FunnyeyeGlasses/Partial_Funnyeye_158.mov,Spoof/Partial_FunnyeyeGlasses/Partial_Funnyeye_158.mov,Partial_FunnyeyeGlasses,Partial_Funnyeye_158,test_B_spoof;trainlist_all,1,,none,8667dbcd316b38141729c057adf7517fe0602608,no official source maps a video to a person identity,NO_EVIDENCE,"protocol name = video stem (preprocessing.py L31, config_siwm.py L162-176); not a person id"
Spoof/Partial_FunnyeyeGlasses/Partial_Funnyeye_159.mov,Spoof/Partial_FunnyeyeGlasses/Partial_Funnyeye_159.mov,Partial_FunnyeyeGlasses,Partial_Funnyeye_159,train_B_spoof;trainlist_all,1,,none,8667dbcd316b38141729c057adf7517fe0602608,no official source maps a video to a person identity,NO_EVIDENCE,"protocol name = video stem (preprocessing.py L31, config_siwm.py L162-176); not a person id"
Spoof/Partial_FunnyeyeGlasses/Partial_Funnyeye_16.mov,Spoof/Partial_FunnyeyeGlasses/Partial_Funnyeye_16.mov,Partial_FunnyeyeGlasses,Partial_Funnyeye_16,train_B_spoof;trainlist_all,1,,none,8667dbcd316b38141729c057adf7517fe0602608,no official source maps a video to a person identity,NO_EVIDENCE,"protocol name = video stem (preprocessing.py L31, config_siwm.py L162-176); not a person id"
Spoof/Partial_FunnyeyeGlasses/Partial_Funnyeye_160.mov,Spoof/Partial_FunnyeyeGlasses/Partial_Funnyeye_160.mov,Partial_FunnyeyeGlasses,Partial_Funnyeye_160,train_B_spoof;trainlist_all,1,,none,8667dbcd316b38141729c057adf7517fe0602608,no official source maps a video to a person identity,NO_EVIDENCE,"protocol name = video stem (preprocessing.py L31, config_siwm.py L162-176); not a person id"
Spoof/Partial_FunnyeyeGlasses/Partial_Funnyeye_161.mp4,Spoof/Partial_FunnyeyeGlasses/Partial_Funnyeye_161.mp4,Partial_FunnyeyeGlasses,Partial_Funnyeye_161,train_B_spoof,1,,none,8667dbcd316b38141729c057adf7517fe0602608,no official source maps a video to a person identity,NO_EVIDENCE,"protocol name = video stem (preprocessing.py L31, config_siwm.py L162-176); not a person id"
Spoof/Partial_FunnyeyeGlasses/Partial_Funnyeye_162.mp4,Spoof/Partial_FunnyeyeGlasses/Partial_Funnyeye_162.mp4,Partial_FunnyeyeGlasses,Partial_Funnyeye_162,train_B_spoof,1,,none,8667dbcd316b38141729c057adf7517fe0602608,no official source maps a video to a person identity,NO_EVIDENCE,"protocol name = video stem (preprocessing.py L31, config_siwm.py L162-176); not a person id"
Spoof/Partial_FunnyeyeGlasses/Partial_Funnyeye_163.mp4,Spoof/Partial_FunnyeyeGlasses/Partial_Funnyeye_163.mp4,Partial_FunnyeyeGlasses,Partial_Funnyeye_163,train_B_spoof,1,,none,8667dbcd316b38141729c057adf7517fe0602608,no official source maps a video to a person identity,NO_EVIDENCE,"protocol name = video stem (preprocessing.py L31, config_siwm.py L162-176); not a person id"
Spoof/Partial_FunnyeyeGlasses/Partial_Funnyeye_164.mp4,Spoof/Partial_FunnyeyeGlasses/Partial_Funnyeye_164.mp4,Partial_FunnyeyeGlasses,Partial_Funnyeye_164,train_B_spoof,1,,none,8667dbcd316b38141729c057adf7517fe0602608,no official source maps a video to a person identity,NO_EVIDENCE,"protocol name = video stem (preprocessing.py L31, config_siwm.py L162-176); not a person id"
Spoof/Partial_FunnyeyeGlasses/Partial_Funnyeye_165.mp4,Spoof/Partial_FunnyeyeGlasses/Partial_Funnyeye_165.mp4,Partial_FunnyeyeGlasses,Partial_Funnyeye_165,test_B_spoof,1,,none,8667dbcd316b38141729c057adf7517fe0602608,no official source maps a video to a person identity,NO_EVIDENCE,"protocol name = video stem (preprocessing.py L31, config_siwm.py L162-176); not a person id"
Spoof/Partial_FunnyeyeGlasses/Partial_Funnyeye_166.mp4,Spoof/Partial_FunnyeyeGlasses/Partial_Funnyeye_166.mp4,Partial_FunnyeyeGlasses,Partial_Funnyeye_166,train_B_spoof,1,,none,8667dbcd316b38141729c057adf7517fe0602608,no official source maps a video to a person identity,NO_EVIDENCE,"protocol name = video stem (preprocessing.py L31, config_siwm.py L162-176); not a person id"
Spoof/Partial_FunnyeyeGlasses/Partial_Funnyeye_167.mp4,Spoof/Partial_FunnyeyeGlasses/Partial_Funnyeye_167.mp4,Partial_FunnyeyeGlasses,Partial_Funnyeye_167,train_B_spoof,1,,none,8667dbcd316b38141729c057adf7517fe0602608,no official source maps a video to a person identity,NO_EVIDENCE,"protocol name = video stem (preprocessing.py L31, config_siwm.py L162-176); not a person id"
Spoof/Partial_FunnyeyeGlasses/Partial_Funnyeye_168.mp4,Spoof/Partial_FunnyeyeGlasses/Partial_Funnyeye_168.mp4,Partial_FunnyeyeGlasses,Partial_Funnyeye_168,train_B_spoof,1,,none,8667dbcd316b38141729c057adf7517fe0602608,no official source maps a video to a person identity,NO_EVIDENCE,"protocol name = video stem (preprocessing.py L31, config_siwm.py L162-176); not a person id"
Spoof/Partial_FunnyeyeGlasses/Partial_Funnyeye_169.mp4,Spoof/Partial_FunnyeyeGlasses/Partial_Funnyeye_169.mp4,Partial_FunnyeyeGlasses,Partial_Funnyeye_169,train_B_spoof,1,,none,8667dbcd316b38141729c057adf7517fe0602608,no official source maps a video to a person identity,NO_EVIDENCE,"protocol name = video stem (preprocessing.py L31, config_siwm.py L162-176); not a person id"
Spoof/Partial_FunnyeyeGlasses/Partial_Funnyeye_17.mov,Spoof/Partial_FunnyeyeGlasses/Partial_Funnyeye_17.mov,Partial_FunnyeyeGlasses,Partial_Funnyeye_17,train_B_spoof;trainlist_all,1,,none,8667dbcd316b38141729c057adf7517fe0602608,no official source maps a video to a person identity,NO_EVIDENCE,"protocol name = video stem (preprocessing.py L31, config_siwm.py L162-176); not a person id"
Spoof/Partial_FunnyeyeGlasses/Partial_Funnyeye_170.mp4,Spoof/Partial_FunnyeyeGlasses/Partial_Funnyeye_170.mp4,Partial_FunnyeyeGlasses,Partial_Funnyeye_170,train_B_spoof,1,,none,8667dbcd316b38141729c057adf7517fe0602608,no official source maps a video to a person identity,NO_EVIDENCE,"protocol name = video stem (preprocessing.py L31, config_siwm.py L162-176); not a person id"
Spoof/Partial_FunnyeyeGlasses/Partial_Funnyeye_171.mp4,Spoof/Partial_FunnyeyeGlasses/Partial_Funnyeye_171.mp4,Partial_FunnyeyeGlasses,Partial_Funnyeye_171,train_B_spoof,1,,none,8667dbcd316b38141729c057adf7517fe0602608,no official source maps a video to a person identity,NO_EVIDENCE,"protocol name = video stem (preprocessing.py L31, config_siwm.py L162-176); not a person id"
Spoof/Partial_FunnyeyeGlasses/Partial_Funnyeye_172.mp4,Spoof/Partial_FunnyeyeGlasses/Partial_Funnyeye_172.mp4,Partial_FunnyeyeGlasses,Partial_Funnyeye_172,test_B_spoof,1,,none,8667dbcd316b38141729c057adf7517fe0602608,no official source maps a video to a person identity,NO_EVIDENCE,"protocol name = video stem (preprocessing.py L31, config_siwm.py L162-176); not a person id"
Spoof/Partial_FunnyeyeGlasses/Partial_Funnyeye_173.mp4,Spoof/Partial_FunnyeyeGlasses/Partial_Funnyeye_173.mp4,Partial_FunnyeyeGlasses,Partial_Funnyeye_173,train_B_spoof,1,,none,8667dbcd316b38141729c057adf7517fe0602608,no official source maps a video to a person identity,NO_EVIDENCE,"protocol name = video stem (preprocessing.py L31, config_siwm.py L162-176); not a person id"
Spoof/Partial_FunnyeyeGlasses/Partial_Funnyeye_174.mp4,Spoof/Partial_FunnyeyeGlasses/Partial_Funnyeye_174.mp4,Partial_FunnyeyeGlasses,Partial_Funnyeye_174,train_B_spoof,1,,none,8667dbcd316b38141729c057adf7517fe0602608,no official source maps a video to a person identity,NO_EVIDENCE,"protocol name = video stem (preprocessing.py L31, config_siwm.py L162-176); not a person id"
Spoof/Partial_FunnyeyeGlasses/Partial_Funnyeye_175.mp4,Spoof/Partial_FunnyeyeGlasses/Partial_Funnyeye_175.mp4,Partial_FunnyeyeGlasses,Partial_Funnyeye_175,train_B_spoof,1,,none,8667dbcd316b38141729c057adf7517fe0602608,no official source maps a video to a person identity,NO_EVIDENCE,"protocol name = video stem (preprocessing.py L31, config_siwm.py L162-176); not a person id"
Spoof/Partial_FunnyeyeGlasses/Partial_Funnyeye_176.mp4,Spoof/Partial_FunnyeyeGlasses/Partial_Funnyeye_176.mp4,Partial_FunnyeyeGlasses,Partial_Funnyeye_176,train_B_spoof,1,,none,8667dbcd316b38141729c057adf7517fe0602608,no official source maps a video to a person identity,NO_EVIDENCE,"protocol name = video stem (preprocessing.py L31, config_siwm.py L162-176); not a person id"
Spoof/Partial_FunnyeyeGlasses/Partial_Funnyeye_177.mp4,Spoof/Partial_FunnyeyeGlasses/Partial_Funnyeye_177.mp4,Partial_FunnyeyeGlasses,Partial_Funnyeye_177,train_B_spoof,1,,none,8667dbcd316b38141729c057adf7517fe0602608,no official source maps a video to a person identity,NO_EVIDENCE,"protocol name = video stem (preprocessing.py L31, config_siwm.py L162-176); not a person id"
Spoof/Partial_FunnyeyeGlasses/Partial_Funnyeye_178.mp4,Spoof/Partial_FunnyeyeGlasses/Partial_Funnyeye_178.mp4,Partial_FunnyeyeGlasses,Partial_Funnyeye_178,train_B_spoof,1,,none,8667dbcd316b38141729c057adf7517fe0602608,no official source maps a video to a person identity,NO_EVIDENCE,"protocol name = video stem (preprocessing.py L31, config_siwm.py L162-176); not a person id"
Spoof/Partial_FunnyeyeGlasses/Partial_Funnyeye_179.mp4,Spoof/Partial_FunnyeyeGlasses/Partial_Funnyeye_179.mp4,Partial_FunnyeyeGlasses,Partial_Funnyeye_179,test_B_spoof,1,,none,8667dbcd316b38141729c057adf7517fe0602608,no official source maps a video to a person identity,NO_EVIDENCE,"protocol name = video stem (preprocessing.py L31, config_siwm.py L162-176); not a person id"
Spoof/Partial_FunnyeyeGlasses/Partial_Funnyeye_18.mov,Spoof/Partial_FunnyeyeGlasses/Partial_Funnyeye_18.mov,Partial_FunnyeyeGlasses,Partial_Funnyeye_18,train_B_spoof;trainlist_all,1,,none,8667dbcd316b38141729c057adf7517fe0602608,no official source maps a video to a person identity,NO_EVIDENCE,"protocol name = video stem (preprocessing.py L31, config_siwm.py L162-176); not a person id"
Spoof/Partial_FunnyeyeGlasses/Partial_Funnyeye_19.mov,Spoof/Partial_FunnyeyeGlasses/Partial_Funnyeye_19.mov,Partial_FunnyeyeGlasses,Partial_Funnyeye_19,testlist_all;train_B_spoof,1,,none,8667dbcd316b38141729c057adf7517fe0602608,no official source maps a video to a person identity,NO_EVIDENCE,"protocol name = video stem (preprocessing.py L31, config_siwm.py L162-176); not a person id"
Spoof/Partial_FunnyeyeGlasses/Partial_Funnyeye_2.mov,Spoof/Partial_FunnyeyeGlasses/Partial_Funnyeye_2.mov,Partial_FunnyeyeGlasses,Partial_Funnyeye_2,testlist_all;train_B_spoof,1,,none,8667dbcd316b38141729c057adf7517fe0602608,no official source maps a video to a person identity,NO_EVIDENCE,"protocol name = video stem (preprocessing.py L31, config_siwm.py L162-176); not a person id"
Spoof/Partial_FunnyeyeGlasses/Partial_Funnyeye_20.mov,Spoof/Partial_FunnyeyeGlasses/Partial_Funnyeye_20.mov,Partial_FunnyeyeGlasses,Partial_Funnyeye_20,test_B_spoof;trainlist_all,1,,none,8667dbcd316b38141729c057adf7517fe0602608,no official source maps a video to a person identity,NO_EVIDENCE,"protocol name = video stem (preprocessing.py L31, config_siwm.py L162-176); not a person id"
Spoof/Partial_FunnyeyeGlasses/Partial_Funnyeye_21.mov,Spoof/Partial_FunnyeyeGlasses/Partial_Funnyeye_21.mov,Partial_FunnyeyeGlasses,Partial_Funnyeye_21,test_B_spoof;trainlist_all,1,,none,8667dbcd316b38141729c057adf7517fe0602608,no official source maps a video to a person identity,NO_EVIDENCE,"protocol name = video stem (preprocessing.py L31, config_siwm.py L162-176); not a person id"
Spoof/Partial_FunnyeyeGlasses/Partial_Funnyeye_22.mov,Spoof/Partial_FunnyeyeGlasses/Partial_Funnyeye_22.mov,Partial_FunnyeyeGlasses,Partial_Funnyeye_22,testlist_all;train_B_spoof,1,,none,8667dbcd316b38141729c057adf7517fe0602608,no official source maps a video to a person identity,NO_EVIDENCE,"protocol name = video stem (preprocessing.py L31, config_siwm.py L162-176); not a person id"
Spoof/Partial_FunnyeyeGlasses/Partial_Funnyeye_23.mov,Spoof/Partial_FunnyeyeGlasses/Partial_Funnyeye_23.mov,Partial_FunnyeyeGlasses,Partial_Funnyeye_23,train_B_spoof;trainlist_all,1,,none,8667dbcd316b38141729c057adf7517fe0602608,no official source maps a video to a person identity,NO_EVIDENCE,"protocol name = video stem (preprocessing.py L31, config_siwm.py L162-176); not a person id"
Spoof/Partial_FunnyeyeGlasses/Partial_Funnyeye_24.mov,Spoof/Partial_FunnyeyeGlasses/Partial_Funnyeye_24.mov,Partial_FunnyeyeGlasses,Partial_Funnyeye_24,testlist_all;train_B_spoof,1,,none,8667dbcd316b38141729c057adf7517fe0602608,no official source maps a video to a person identity,NO_EVIDENCE,"protocol name = video stem (preprocessing.py L31, config_siwm.py L162-176); not a person id"
Spoof/Partial_FunnyeyeGlasses/Partial_Funnyeye_25.mov,Spoof/Partial_FunnyeyeGlasses/Partial_Funnyeye_25.mov,Partial_FunnyeyeGlasses,Partial_Funnyeye_25,train_B_spoof;trainlist_all,1,,none,8667dbcd316b38141729c057adf7517fe0602608,no official source maps a video to a person identity,NO_EVIDENCE,"protocol name = video stem (preprocessing.py L31, config_siwm.py L162-176); not a person id"
Spoof/Partial_FunnyeyeGlasses/Partial_Funnyeye_26.mov,Spoof/Partial_FunnyeyeGlasses/Partial_Funnyeye_26.mov,Partial_FunnyeyeGlasses,Partial_Funnyeye_26,train_B_spoof;trainlist_all,1,,none,8667dbcd316b38141729c057adf7517fe0602608,no official source maps a video to a person identity,NO_EVIDENCE,"protocol name = video stem (preprocessing.py L31, config_siwm.py L162-176); not a person id"
Spoof/Partial_FunnyeyeGlasses/Partial_Funnyeye_27.mov,Spoof/Partial_FunnyeyeGlasses/Partial_Funnyeye_27.mov,Partial_FunnyeyeGlasses,Partial_Funnyeye_27,testlist_all;train_B_spoof,1,,none,8667dbcd316b38141729c057adf7517fe0602608,no official source maps a video to a person identity,NO_EVIDENCE,"protocol name = video stem (preprocessing.py L31, config_siwm.py L162-176); not a person id"
Spoof/Partial_FunnyeyeGlasses/Partial_Funnyeye_28.mov,Spoof/Partial_FunnyeyeGlasses/Partial_Funnyeye_28.mov,Partial_FunnyeyeGlasses,Partial_Funnyeye_28,train_B_spoof;trainlist_all,1,,none,8667dbcd316b38141729c057adf7517fe0602608,no official source maps a video to a person identity,NO_EVIDENCE,"protocol name = video stem (preprocessing.py L31, config_siwm.py L162-176); not a person id"
Spoof/Partial_FunnyeyeGlasses/Partial_Funnyeye_29.mov,Spoof/Partial_FunnyeyeGlasses/Partial_Funnyeye_29.mov,Partial_FunnyeyeGlasses,Partial_Funnyeye_29,train_B_spoof;trainlist_all,1,,none,8667dbcd316b38141729c057adf7517fe0602608,no official source maps a video to a person identity,NO_EVIDENCE,"protocol name = video stem (preprocessing.py L31, config_siwm.py L162-176); not a person id"
Spoof/Partial_FunnyeyeGlasses/Partial_Funnyeye_3.mov,Spoof/Partial_FunnyeyeGlasses/Partial_Funnyeye_3.mov,Partial_FunnyeyeGlasses,Partial_Funnyeye_3,testlist_all;train_B_spoof,1,,none,8667dbcd316b38141729c057adf7517fe0602608,no official source maps a video to a person identity,NO_EVIDENCE,"protocol name = video stem (preprocessing.py L31, config_siwm.py L162-176); not a person id"
Spoof/Partial_FunnyeyeGlasses/Partial_Funnyeye_30.mov,Spoof/Partial_FunnyeyeGlasses/Partial_Funnyeye_30.mov,Partial_FunnyeyeGlasses,Partial_Funnyeye_30,train_B_spoof;trainlist_all,1,,none,8667dbcd316b38141729c057adf7517fe0602608,no official source maps a video to a person identity,NO_EVIDENCE,"protocol name = video stem (preprocessing.py L31, config_siwm.py L162-176); not a person id"
Spoof/Partial_FunnyeyeGlasses/Partial_Funnyeye_31.mov,Spoof/Partial_FunnyeyeGlasses/Partial_Funnyeye_31.mov,Partial_FunnyeyeGlasses,Partial_Funnyeye_31,train_B_spoof;trainlist_all,1,,none,8667dbcd316b38141729c057adf7517fe0602608,no official source maps a video to a person identity,NO_EVIDENCE,"protocol name = video stem (preprocessing.py L31, config_siwm.py L162-176); not a person id"
Spoof/Partial_FunnyeyeGlasses/Partial_Funnyeye_32.mov,Spoof/Partial_FunnyeyeGlasses/Partial_Funnyeye_32.mov,Partial_FunnyeyeGlasses,Partial_Funnyeye_32,train_B_spoof;trainlist_all,1,,none,8667dbcd316b38141729c057adf7517fe0602608,no official source maps a video to a person identity,NO_EVIDENCE,"protocol name = video stem (preprocessing.py L31, config_siwm.py L162-176); not a person id"
Spoof/Partial_FunnyeyeGlasses/Partial_Funnyeye_33.mov,Spoof/Partial_FunnyeyeGlasses/Partial_Funnyeye_33.mov,Partial_FunnyeyeGlasses,Partial_Funnyeye_33,train_B_spoof;trainlist_all,1,,none,8667dbcd316b38141729c057adf7517fe0602608,no official source maps a video to a person identity,NO_EVIDENCE,"protocol name = video stem (preprocessing.py L31, config_siwm.py L162-176); not a person id"
Spoof/Partial_FunnyeyeGlasses/Partial_Funnyeye_34.mov,Spoof/Partial_FunnyeyeGlasses/Partial_Funnyeye_34.mov,Partial_FunnyeyeGlasses,Partial_Funnyeye_34,train_B_spoof;trainlist_all,1,,none,8667dbcd316b38141729c057adf7517fe0602608,no official source maps a video to a person identity,NO_EVIDENCE,"protocol name = video stem (preprocessing.py L31, config_siwm.py L162-176); not a person id"
Spoof/Partial_FunnyeyeGlasses/Partial_Funnyeye_35.mov,Spoof/Partial_FunnyeyeGlasses/Partial_Funnyeye_35.mov,Partial_FunnyeyeGlasses,Partial_Funnyeye_35,train_B_spoof;trainlist_all,1,,none,8667dbcd316b38141729c057adf7517fe0602608,no official source maps a video to a person identity,NO_EVIDENCE,"protocol name = video stem (preprocessing.py L31, config_siwm.py L162-176); not a person id"
Spoof/Partial_FunnyeyeGlasses/Partial_Funnyeye_36.mov,Spoof/Partial_FunnyeyeGlasses/Partial_Funnyeye_36.mov,Partial_FunnyeyeGlasses,Partial_Funnyeye_36,testlist_all;train_B_spoof,1,,none,8667dbcd316b38141729c057adf7517fe0602608,no official source maps a video to a person identity,NO_EVIDENCE,"protocol name = video stem (preprocessing.py L31, config_siwm.py L162-176); not a person id"
Spoof/Partial_FunnyeyeGlasses/Partial_Funnyeye_37.mov,Spoof/Partial_FunnyeyeGlasses/Partial_Funnyeye_37.mov,Partial_FunnyeyeGlasses,Partial_Funnyeye_37,train_B_spoof;trainlist_all,1,,none,8667dbcd316b38141729c057adf7517fe0602608,no official source maps a video to a person identity,NO_EVIDENCE,"protocol name = video stem (preprocessing.py L31, config_siwm.py L162-176); not a person id"
Spoof/Partial_FunnyeyeGlasses/Partial_Funnyeye_38.mov,Spoof/Partial_FunnyeyeGlasses/Partial_Funnyeye_38.mov,Partial_FunnyeyeGlasses,Partial_Funnyeye_38,test_B_spoof;testlist_all,1,,none,8667dbcd316b38141729c057adf7517fe0602608,no official source maps a video to a person identity,NO_EVIDENCE,"protocol name = video stem (preprocessing.py L31, config_siwm.py L162-176); not a person id"
Spoof/Partial_FunnyeyeGlasses/Partial_Funnyeye_39.mov,Spoof/Partial_FunnyeyeGlasses/Partial_Funnyeye_39.mov,Partial_FunnyeyeGlasses,Partial_Funnyeye_39,test_B_spoof;testlist_all,1,,none,8667dbcd316b38141729c057adf7517fe0602608,no official source maps a video to a person identity,NO_EVIDENCE,"protocol name = video stem (preprocessing.py L31, config_siwm.py L162-176); not a person id"
Spoof/Partial_FunnyeyeGlasses/Partial_Funnyeye_4.mov,Spoof/Partial_FunnyeyeGlasses/Partial_Funnyeye_4.mov,Partial_FunnyeyeGlasses,Partial_Funnyeye_4,testlist_all;train_B_spoof,1,,none,8667dbcd316b38141729c057adf7517fe0602608,no official source maps a video to a person identity,NO_EVIDENCE,"protocol name = video stem (preprocessing.py L31, config_siwm.py L162-176); not a person id"
Spoof/Partial_FunnyeyeGlasses/Partial_Funnyeye_40.mov,Spoof/Partial_FunnyeyeGlasses/Partial_Funnyeye_40.mov,Partial_FunnyeyeGlasses,Partial_Funnyeye_40,train_B_spoof;trainlist_all,1,,none,8667dbcd316b38141729c057adf7517fe0602608,no official source maps a video to a person identity,NO_EVIDENCE,"protocol name = video stem (preprocessing.py L31, config_siwm.py L162-176); not a person id"
Spoof/Partial_FunnyeyeGlasses/Partial_Funnyeye_41.mov,Spoof/Partial_FunnyeyeGlasses/Partial_Funnyeye_41.mov,Partial_FunnyeyeGlasses,Partial_Funnyeye_41,testlist_all;train_B_spoof,1,,none,8667dbcd316b38141729c057adf7517fe0602608,no official source maps a video to a person identity,NO_EVIDENCE,"protocol name = video stem (preprocessing.py L31, config_siwm.py L162-176); not a person id"
Spoof/Partial_FunnyeyeGlasses/Partial_Funnyeye_42.mov,Spoof/Partial_FunnyeyeGlasses/Partial_Funnyeye_42.mov,Partial_FunnyeyeGlasses,Partial_Funnyeye_42,testlist_all,1,,none,8667dbcd316b38141729c057adf7517fe0602608,no official source maps a video to a person identity,NO_EVIDENCE,"protocol name = video stem (preprocessing.py L31, config_siwm.py L162-176); not a person id"
Spoof/Partial_FunnyeyeGlasses/Partial_Funnyeye_43.mov,Spoof/Partial_FunnyeyeGlasses/Partial_Funnyeye_43.mov,Partial_FunnyeyeGlasses,Partial_Funnyeye_43,train_B_spoof;trainlist_all,1,,none,8667dbcd316b38141729c057adf7517fe0602608,no official source maps a video to a person identity,NO_EVIDENCE,"protocol name = video stem (preprocessing.py L31, config_siwm.py L162-176); not a person id"
Spoof/Partial_FunnyeyeGlasses/Partial_Funnyeye_44.mov,Spoof/Partial_FunnyeyeGlasses/Partial_Funnyeye_44.mov,Partial_FunnyeyeGlasses,Partial_Funnyeye_44,testlist_all;train_B_spoof,1,,none,8667dbcd316b38141729c057adf7517fe0602608,no official source maps a video to a person identity,NO_EVIDENCE,"protocol name = video stem (preprocessing.py L31, config_siwm.py L162-176); not a person id"
Spoof/Partial_FunnyeyeGlasses/Partial_Funnyeye_45.mov,Spoof/Partial_FunnyeyeGlasses/Partial_Funnyeye_45.mov,Partial_FunnyeyeGlasses,Partial_Funnyeye_45,train_B_spoof;trainlist_all,1,,none,8667dbcd316b38141729c057adf7517fe0602608,no official source maps a video to a person identity,NO_EVIDENCE,"protocol name = video stem (preprocessing.py L31, config_siwm.py L162-176); not a person id"
Spoof/Partial_FunnyeyeGlasses/Partial_Funnyeye_46.mov,Spoof/Partial_FunnyeyeGlasses/Partial_Funnyeye_46.mov,Partial_FunnyeyeGlasses,Partial_Funnyeye_46,testlist_all;train_B_spoof,1,,none,8667dbcd316b38141729c057adf7517fe0602608,no official source maps a video to a person identity,NO_EVIDENCE,"protocol name = video stem (preprocessing.py L31, config_siwm.py L162-176); not a person id"
Spoof/Partial_FunnyeyeGlasses/Partial_Funnyeye_47.mov,Spoof/Partial_FunnyeyeGlasses/Partial_Funnyeye_47.mov,Partial_FunnyeyeGlasses,Partial_Funnyeye_47,train_B_spoof;trainlist_all,1,,none,8667dbcd316b38141729c057adf7517fe0602608,no official source maps a video to a person identity,NO_EVIDENCE,"protocol name = video stem (preprocessing.py L31, config_siwm.py L162-176); not a person id"
Spoof/Partial_FunnyeyeGlasses/Partial_Funnyeye_48.mov,Spoof/Partial_FunnyeyeGlasses/Partial_Funnyeye_48.mov,Partial_FunnyeyeGlasses,Partial_Funnyeye_48,train_B_spoof;trainlist_all,1,,none,8667dbcd316b38141729c057adf7517fe0602608,no official source maps a video to a person identity,NO_EVIDENCE,"protocol name = video stem (preprocessing.py L31, config_siwm.py L162-176); not a person id"
Spoof/Partial_FunnyeyeGlasses/Partial_Funnyeye_49.mov,Spoof/Partial_FunnyeyeGlasses/Partial_Funnyeye_49.mov,Partial_FunnyeyeGlasses,Partial_Funnyeye_49,testlist_all,1,,none,8667dbcd316b38141729c057adf7517fe0602608,no official source maps a video to a person identity,NO_EVIDENCE,"protocol name = video stem (preprocessing.py L31, config_siwm.py L162-176); not a person id"
Spoof/Partial_FunnyeyeGlasses/Partial_Funnyeye_5.mov,Spoof/Partial_FunnyeyeGlasses/Partial_Funnyeye_5.mov,Partial_FunnyeyeGlasses,Partial_Funnyeye_5,testlist_all;train_B_spoof,1,,none,8667dbcd316b38141729c057adf7517fe0602608,no official source maps a video to a person identity,NO_EVIDENCE,"protocol name = video stem (preprocessing.py L31, config_siwm.py L162-176); not a person id"
Spoof/Partial_FunnyeyeGlasses/Partial_Funnyeye_50.mov,Spoof/Partial_FunnyeyeGlasses/Partial_Funnyeye_50.mov,Partial_FunnyeyeGlasses,Partial_Funnyeye_50,train_B_spoof;trainlist_all,1,,none,8667dbcd316b38141729c057adf7517fe0602608,no official source maps a video to a person identity,NO_EVIDENCE,"protocol name = video stem (preprocessing.py L31, config_siwm.py L162-176); not a person id"
Spoof/Partial_FunnyeyeGlasses/Partial_Funnyeye_51.mov,Spoof/Partial_FunnyeyeGlasses/Partial_Funnyeye_51.mov,Partial_FunnyeyeGlasses,Partial_Funnyeye_51,testlist_all;train_B_spoof,1,,none,8667dbcd316b38141729c057adf7517fe0602608,no official source maps a video to a person identity,NO_EVIDENCE,"protocol name = video stem (preprocessing.py L31, config_siwm.py L162-176); not a person id"
Spoof/Partial_FunnyeyeGlasses/Partial_Funnyeye_52.mov,Spoof/Partial_FunnyeyeGlasses/Partial_Funnyeye_52.mov,Partial_FunnyeyeGlasses,Partial_Funnyeye_52,train_B_spoof;trainlist_all,1,,none,8667dbcd316b38141729c057adf7517fe0602608,no official source maps a video to a person identity,NO_EVIDENCE,"protocol name = video stem (preprocessing.py L31, config_siwm.py L162-176); not a person id"
Spoof/Partial_FunnyeyeGlasses/Partial_Funnyeye_53.mov,Spoof/Partial_FunnyeyeGlasses/Partial_Funnyeye_53.mov,Partial_FunnyeyeGlasses,Partial_Funnyeye_53,trainlist_all,1,,none,8667dbcd316b38141729c057adf7517fe0602608,no official source maps a video to a person identity,NO_EVIDENCE,"protocol name = video stem (preprocessing.py L31, config_siwm.py L162-176); not a person id"
Spoof/Partial_FunnyeyeGlasses/Partial_Funnyeye_54.mov,Spoof/Partial_FunnyeyeGlasses/Partial_Funnyeye_54.mov,Partial_FunnyeyeGlasses,Partial_Funnyeye_54,test_B_spoof;trainlist_all,1,,none,8667dbcd316b38141729c057adf7517fe0602608,no official source maps a video to a person identity,NO_EVIDENCE,"protocol name = video stem (preprocessing.py L31, config_siwm.py L162-176); not a person id"
Spoof/Partial_FunnyeyeGlasses/Partial_Funnyeye_55.mov,Spoof/Partial_FunnyeyeGlasses/Partial_Funnyeye_55.mov,Partial_FunnyeyeGlasses,Partial_Funnyeye_55,testlist_all;train_B_spoof,1,,none,8667dbcd316b38141729c057adf7517fe0602608,no official source maps a video to a person identity,NO_EVIDENCE,"protocol name = video stem (preprocessing.py L31, config_siwm.py L162-176); not a person id"
Spoof/Partial_FunnyeyeGlasses/Partial_Funnyeye_56.mov,Spoof/Partial_FunnyeyeGlasses/Partial_Funnyeye_56.mov,Partial_FunnyeyeGlasses,Partial_Funnyeye_56,train_B_spoof;trainlist_all,1,,none,8667dbcd316b38141729c057adf7517fe0602608,no official source maps a video to a person identity,NO_EVIDENCE,"protocol name = video stem (preprocessing.py L31, config_siwm.py L162-176); not a person id"
Spoof/Partial_FunnyeyeGlasses/Partial_Funnyeye_57.mov,Spoof/Partial_FunnyeyeGlasses/Partial_Funnyeye_57.mov,Partial_FunnyeyeGlasses,Partial_Funnyeye_57,train_B_spoof;trainlist_all,1,,none,8667dbcd316b38141729c057adf7517fe0602608,no official source maps a video to a person identity,NO_EVIDENCE,"protocol name = video stem (preprocessing.py L31, config_siwm.py L162-176); not a person id"
Spoof/Partial_FunnyeyeGlasses/Partial_Funnyeye_58.mov,Spoof/Partial_FunnyeyeGlasses/Partial_Funnyeye_58.mov,Partial_FunnyeyeGlasses,Partial_Funnyeye_58,testlist_all;train_B_spoof,1,,none,8667dbcd316b38141729c057adf7517fe0602608,no official source maps a video to a person identity,NO_EVIDENCE,"protocol name = video stem (preprocessing.py L31, config_siwm.py L162-176); not a person id"
Spoof/Partial_FunnyeyeGlasses/Partial_Funnyeye_59.mov,Spoof/Partial_FunnyeyeGlasses/Partial_Funnyeye_59.mov,Partial_FunnyeyeGlasses,Partial_Funnyeye_59,train_B_spoof;trainlist_all,1,,none,8667dbcd316b38141729c057adf7517fe0602608,no official source maps a video to a person identity,NO_EVIDENCE,"protocol name = video stem (preprocessing.py L31, config_siwm.py L162-176); not a person id"
Spoof/Partial_FunnyeyeGlasses/Partial_Funnyeye_6.mov,Spoof/Partial_FunnyeyeGlasses/Partial_Funnyeye_6.mov,Partial_FunnyeyeGlasses,Partial_Funnyeye_6,train_B_spoof;trainlist_all,2,,none,8667dbcd316b38141729c057adf7517fe0602608,no official source maps a video to a person identity,NO_EVIDENCE,"protocol name = video stem (preprocessing.py L31, config_siwm.py L162-176); not a person id"
Spoof/Partial_FunnyeyeGlasses/Partial_Funnyeye_60.mov,Spoof/Partial_FunnyeyeGlasses/Partial_Funnyeye_60.mov,Partial_FunnyeyeGlasses,Partial_Funnyeye_60,test_B_spoof;trainlist_all,1,,none,8667dbcd316b38141729c057adf7517fe0602608,no official source maps a video to a person identity,NO_EVIDENCE,"protocol name = video stem (preprocessing.py L31, config_siwm.py L162-176); not a person id"
Spoof/Partial_FunnyeyeGlasses/Partial_Funnyeye_61.mov,Spoof/Partial_FunnyeyeGlasses/Partial_Funnyeye_61.mov,Partial_FunnyeyeGlasses,Partial_Funnyeye_61,test_B_spoof;testlist_all,1,,none,8667dbcd316b38141729c057adf7517fe0602608,no official source maps a video to a person identity,NO_EVIDENCE,"protocol name = video stem (preprocessing.py L31, config_siwm.py L162-176); not a person id"
Spoof/Partial_FunnyeyeGlasses/Partial_Funnyeye_62.mov,Spoof/Partial_FunnyeyeGlasses/Partial_Funnyeye_62.mov,Partial_FunnyeyeGlasses,Partial_Funnyeye_62,testlist_all;train_B_spoof,1,,none,8667dbcd316b38141729c057adf7517fe0602608,no official source maps a video to a person identity,NO_EVIDENCE,"protocol name = video stem (preprocessing.py L31, config_siwm.py L162-176); not a person id"
Spoof/Partial_FunnyeyeGlasses/Partial_Funnyeye_63.mov,Spoof/Partial_FunnyeyeGlasses/Partial_Funnyeye_63.mov,Partial_FunnyeyeGlasses,Partial_Funnyeye_63,train_B_spoof;trainlist_all,1,,none,8667dbcd316b38141729c057adf7517fe0602608,no official source maps a video to a person identity,NO_EVIDENCE,"protocol name = video stem (preprocessing.py L31, config_siwm.py L162-176); not a person id"
Spoof/Partial_FunnyeyeGlasses/Partial_Funnyeye_64.mov,Spoof/Partial_FunnyeyeGlasses/Partial_Funnyeye_64.mov,Partial_FunnyeyeGlasses,Partial_Funnyeye_64,train_B_spoof;trainlist_all,1,,none,8667dbcd316b38141729c057adf7517fe0602608,no official source maps a video to a person identity,NO_EVIDENCE,"protocol name = video stem (preprocessing.py L31, config_siwm.py L162-176); not a person id"
Spoof/Partial_FunnyeyeGlasses/Partial_Funnyeye_65.mov,Spoof/Partial_FunnyeyeGlasses/Partial_Funnyeye_65.mov,Partial_FunnyeyeGlasses,Partial_Funnyeye_65,train_B_spoof;trainlist_all,1,,none,8667dbcd316b38141729c057adf7517fe0602608,no official source maps a video to a person identity,NO_EVIDENCE,"protocol name = video stem (preprocessing.py L31, config_siwm.py L162-176); not a person id"
Spoof/Partial_FunnyeyeGlasses/Partial_Funnyeye_66.mov,Spoof/Partial_FunnyeyeGlasses/Partial_Funnyeye_66.mov,Partial_FunnyeyeGlasses,Partial_Funnyeye_66,train_B_spoof;trainlist_all,1,,none,8667dbcd316b38141729c057adf7517fe0602608,no official source maps a video to a person identity,NO_EVIDENCE,"protocol name = video stem (preprocessing.py L31, config_siwm.py L162-176); not a person id"
Spoof/Partial_FunnyeyeGlasses/Partial_Funnyeye_67.mov,Spoof/Partial_FunnyeyeGlasses/Partial_Funnyeye_67.mov,Partial_FunnyeyeGlasses,Partial_Funnyeye_67,train_B_spoof;trainlist_all,1,,none,8667dbcd316b38141729c057adf7517fe0602608,no official source maps a video to a person identity,NO_EVIDENCE,"protocol name = video stem (preprocessing.py L31, config_siwm.py L162-176); not a person id"
Spoof/Partial_FunnyeyeGlasses/Partial_Funnyeye_68.mov,Spoof/Partial_FunnyeyeGlasses/Partial_Funnyeye_68.mov,Partial_FunnyeyeGlasses,Partial_Funnyeye_68,test_B_spoof;testlist_all,1,,none,8667dbcd316b38141729c057adf7517fe0602608,no official source maps a video to a person identity,NO_EVIDENCE,"protocol name = video stem (preprocessing.py L31, config_siwm.py L162-176); not a person id"
Spoof/Partial_FunnyeyeGlasses/Partial_Funnyeye_69.mov,Spoof/Partial_FunnyeyeGlasses/Partial_Funnyeye_69.mov,Partial_FunnyeyeGlasses,Partial_Funnyeye_69,test_B_spoof;testlist_all,1,,none,8667dbcd316b38141729c057adf7517fe0602608,no official source maps a video to a person identity,NO_EVIDENCE,"protocol name = video stem (preprocessing.py L31, config_siwm.py L162-176); not a person id"
Spoof/Partial_FunnyeyeGlasses/Partial_Funnyeye_7.mov,Spoof/Partial_FunnyeyeGlasses/Partial_Funnyeye_7.mov,Partial_FunnyeyeGlasses,Partial_Funnyeye_7,test_B_spoof;testlist_all,1,,none,8667dbcd316b38141729c057adf7517fe0602608,no official source maps a video to a person identity,NO_EVIDENCE,"protocol name = video stem (preprocessing.py L31, config_siwm.py L162-176); not a person id"
Spoof/Partial_FunnyeyeGlasses/Partial_Funnyeye_70.mov,Spoof/Partial_FunnyeyeGlasses/Partial_Funnyeye_70.mov,Partial_FunnyeyeGlasses,Partial_Funnyeye_70,train_B_spoof;trainlist_all,1,,none,8667dbcd316b38141729c057adf7517fe0602608,no official source maps a video to a person identity,NO_EVIDENCE,"protocol name = video stem (preprocessing.py L31, config_siwm.py L162-176); not a person id"
Spoof/Partial_FunnyeyeGlasses/Partial_Funnyeye_71.mov,Spoof/Partial_FunnyeyeGlasses/Partial_Funnyeye_71.mov,Partial_FunnyeyeGlasses,Partial_Funnyeye_71,train_B_spoof;trainlist_all,1,,none,8667dbcd316b38141729c057adf7517fe0602608,no official source maps a video to a person identity,NO_EVIDENCE,"protocol name = video stem (preprocessing.py L31, config_siwm.py L162-176); not a person id"
Spoof/Partial_FunnyeyeGlasses/Partial_Funnyeye_72.mov,Spoof/Partial_FunnyeyeGlasses/Partial_Funnyeye_72.mov,Partial_FunnyeyeGlasses,Partial_Funnyeye_72,testlist_all;train_B_spoof,1,,none,8667dbcd316b38141729c057adf7517fe0602608,no official source maps a video to a person identity,NO_EVIDENCE,"protocol name = video stem (preprocessing.py L31, config_siwm.py L162-176); not a person id"
Spoof/Partial_FunnyeyeGlasses/Partial_Funnyeye_73.mov,Spoof/Partial_FunnyeyeGlasses/Partial_Funnyeye_73.mov,Partial_FunnyeyeGlasses,Partial_Funnyeye_73,train_B_spoof;trainlist_all,1,,none,8667dbcd316b38141729c057adf7517fe0602608,no official source maps a video to a person identity,NO_EVIDENCE,"protocol name = video stem (preprocessing.py L31, config_siwm.py L162-176); not a person id"
Spoof/Partial_FunnyeyeGlasses/Partial_Funnyeye_74.mov,Spoof/Partial_FunnyeyeGlasses/Partial_Funnyeye_74.mov,Partial_FunnyeyeGlasses,Partial_Funnyeye_74,test_B_spoof;trainlist_all,1,,none,8667dbcd316b38141729c057adf7517fe0602608,no official source maps a video to a person identity,NO_EVIDENCE,"protocol name = video stem (preprocessing.py L31, config_siwm.py L162-176); not a person id"
Spoof/Partial_FunnyeyeGlasses/Partial_Funnyeye_75.mov,Spoof/Partial_FunnyeyeGlasses/Partial_Funnyeye_75.mov,Partial_FunnyeyeGlasses,Partial_Funnyeye_75,train_B_spoof;trainlist_all,1,,none,8667dbcd316b38141729c057adf7517fe0602608,no official source maps a video to a person identity,NO_EVIDENCE,"protocol name = video stem (preprocessing.py L31, config_siwm.py L162-176); not a person id"
Spoof/Partial_FunnyeyeGlasses/Partial_Funnyeye_76.mov,Spoof/Partial_FunnyeyeGlasses/Partial_Funnyeye_76.mov,Partial_FunnyeyeGlasses,Partial_Funnyeye_76,test_B_spoof;trainlist_all,1,,none,8667dbcd316b38141729c057adf7517fe0602608,no official source maps a video to a person identity,NO_EVIDENCE,"protocol name = video stem (preprocessing.py L31, config_siwm.py L162-176); not a person id"
Spoof/Partial_FunnyeyeGlasses/Partial_Funnyeye_77.mov,Spoof/Partial_FunnyeyeGlasses/Partial_Funnyeye_77.mov,Partial_FunnyeyeGlasses,Partial_Funnyeye_77,train_B_spoof;trainlist_all,1,,none,8667dbcd316b38141729c057adf7517fe0602608,no official source maps a video to a person identity,NO_EVIDENCE,"protocol name = video stem (preprocessing.py L31, config_siwm.py L162-176); not a person id"
Spoof/Partial_FunnyeyeGlasses/Partial_Funnyeye_78.mov,Spoof/Partial_FunnyeyeGlasses/Partial_Funnyeye_78.mov,Partial_FunnyeyeGlasses,Partial_Funnyeye_78,train_B_spoof;trainlist_all,1,,none,8667dbcd316b38141729c057adf7517fe0602608,no official source maps a video to a person identity,NO_EVIDENCE,"protocol name = video stem (preprocessing.py L31, config_siwm.py L162-176); not a person id"
Spoof/Partial_FunnyeyeGlasses/Partial_Funnyeye_79.mov,Spoof/Partial_FunnyeyeGlasses/Partial_Funnyeye_79.mov,Partial_FunnyeyeGlasses,Partial_Funnyeye_79,test_B_spoof;trainlist_all,1,,none,8667dbcd316b38141729c057adf7517fe0602608,no official source maps a video to a person identity,NO_EVIDENCE,"protocol name = video stem (preprocessing.py L31, config_siwm.py L162-176); not a person id"
Spoof/Partial_FunnyeyeGlasses/Partial_Funnyeye_8.mov,Spoof/Partial_FunnyeyeGlasses/Partial_Funnyeye_8.mov,Partial_FunnyeyeGlasses,Partial_Funnyeye_8,test_B_spoof;testlist_all,1,,none,8667dbcd316b38141729c057adf7517fe0602608,no official source maps a video to a person identity,NO_EVIDENCE,"protocol name = video stem (preprocessing.py L31, config_siwm.py L162-176); not a person id"
Spoof/Partial_FunnyeyeGlasses/Partial_Funnyeye_80.mov,Spoof/Partial_FunnyeyeGlasses/Partial_Funnyeye_80.mov,Partial_FunnyeyeGlasses,Partial_Funnyeye_80,train_B_spoof;trainlist_all,1,,none,8667dbcd316b38141729c057adf7517fe0602608,no official source maps a video to a person identity,NO_EVIDENCE,"protocol name = video stem (preprocessing.py L31, config_siwm.py L162-176); not a person id"
Spoof/Partial_FunnyeyeGlasses/Partial_Funnyeye_81.mov,Spoof/Partial_FunnyeyeGlasses/Partial_Funnyeye_81.mov,Partial_FunnyeyeGlasses,Partial_Funnyeye_81,train_B_spoof;trainlist_all,1,,none,8667dbcd316b38141729c057adf7517fe0602608,no official source maps a video to a person identity,NO_EVIDENCE,"protocol name = video stem (preprocessing.py L31, config_siwm.py L162-176); not a person id"
Spoof/Partial_FunnyeyeGlasses/Partial_Funnyeye_82.mov,Spoof/Partial_FunnyeyeGlasses/Partial_Funnyeye_82.mov,Partial_FunnyeyeGlasses,Partial_Funnyeye_82,train_B_spoof;trainlist_all,1,,none,8667dbcd316b38141729c057adf7517fe0602608,no official source maps a video to a person identity,NO_EVIDENCE,"protocol name = video stem (preprocessing.py L31, config_siwm.py L162-176); not a person id"
Spoof/Partial_FunnyeyeGlasses/Partial_Funnyeye_83.mov,Spoof/Partial_FunnyeyeGlasses/Partial_Funnyeye_83.mov,Partial_FunnyeyeGlasses,Partial_Funnyeye_83,testlist_all;train_B_spoof,1,,none,8667dbcd316b38141729c057adf7517fe0602608,no official source maps a video to a person identity,NO_EVIDENCE,"protocol name = video stem (preprocessing.py L31, config_siwm.py L162-176); not a person id"
Spoof/Partial_FunnyeyeGlasses/Partial_Funnyeye_84.mov,Spoof/Partial_FunnyeyeGlasses/Partial_Funnyeye_84.mov,Partial_FunnyeyeGlasses,Partial_Funnyeye_84,testlist_all;train_B_spoof,1,,none,8667dbcd316b38141729c057adf7517fe0602608,no official source maps a video to a person identity,NO_EVIDENCE,"protocol name = video stem (preprocessing.py L31, config_siwm.py L162-176); not a person id"
Spoof/Partial_FunnyeyeGlasses/Partial_Funnyeye_85.mov,Spoof/Partial_FunnyeyeGlasses/Partial_Funnyeye_85.mov,Partial_FunnyeyeGlasses,Partial_Funnyeye_85,testlist_all;train_B_spoof,1,,none,8667dbcd316b38141729c057adf7517fe0602608,no official source maps a video to a person identity,NO_EVIDENCE,"protocol name = video stem (preprocessing.py L31, config_siwm.py L162-176); not a person id"
Spoof/Partial_FunnyeyeGlasses/Partial_Funnyeye_86.mov,Spoof/Partial_FunnyeyeGlasses/Partial_Funnyeye_86.mov,Partial_FunnyeyeGlasses,Partial_Funnyeye_86,train_B_spoof;trainlist_all,1,,none,8667dbcd316b38141729c057adf7517fe0602608,no official source maps a video to a person identity,NO_EVIDENCE,"protocol name = video stem (preprocessing.py L31, config_siwm.py L162-176); not a person id"
Spoof/Partial_FunnyeyeGlasses/Partial_Funnyeye_87.mov,Spoof/Partial_FunnyeyeGlasses/Partial_Funnyeye_87.mov,Partial_FunnyeyeGlasses,Partial_Funnyeye_87,train_B_spoof;trainlist_all,1,,none,8667dbcd316b38141729c057adf7517fe0602608,no official source maps a video to a person identity,NO_EVIDENCE,"protocol name = video stem (preprocessing.py L31, config_siwm.py L162-176); not a person id"
Spoof/Partial_FunnyeyeGlasses/Partial_Funnyeye_88.mov,Spoof/Partial_FunnyeyeGlasses/Partial_Funnyeye_88.mov,Partial_FunnyeyeGlasses,Partial_Funnyeye_88,trainlist_all,1,,none,8667dbcd316b38141729c057adf7517fe0602608,no official source maps a video to a person identity,NO_EVIDENCE,"protocol name = video stem (preprocessing.py L31, config_siwm.py L162-176); not a person id"
Spoof/Partial_FunnyeyeGlasses/Partial_Funnyeye_89.mov,Spoof/Partial_FunnyeyeGlasses/Partial_Funnyeye_89.mov,Partial_FunnyeyeGlasses,Partial_Funnyeye_89,testlist_all;train_B_spoof,1,,none,8667dbcd316b38141729c057adf7517fe0602608,no official source maps a video to a person identity,NO_EVIDENCE,"protocol name = video stem (preprocessing.py L31, config_siwm.py L162-176); not a person id"
Spoof/Partial_FunnyeyeGlasses/Partial_Funnyeye_9.mov,Spoof/Partial_FunnyeyeGlasses/Partial_Funnyeye_9.mov,Partial_FunnyeyeGlasses,Partial_Funnyeye_9,testlist_all;train_B_spoof,1,,none,8667dbcd316b38141729c057adf7517fe0602608,no official source maps a video to a person identity,NO_EVIDENCE,"protocol name = video stem (preprocessing.py L31, config_siwm.py L162-176); not a person id"
Spoof/Partial_FunnyeyeGlasses/Partial_Funnyeye_90.mov,Spoof/Partial_FunnyeyeGlasses/Partial_Funnyeye_90.mov,Partial_FunnyeyeGlasses,Partial_Funnyeye_90,testlist_all;train_B_spoof,1,,none,8667dbcd316b38141729c057adf7517fe0602608,no official source maps a video to a person identity,NO_EVIDENCE,"protocol name = video stem (preprocessing.py L31, config_siwm.py L162-176); not a person id"
Spoof/Partial_FunnyeyeGlasses/Partial_Funnyeye_91.mov,Spoof/Partial_FunnyeyeGlasses/Partial_Funnyeye_91.mov,Partial_FunnyeyeGlasses,Partial_Funnyeye_91,testlist_all;train_B_spoof,1,,none,8667dbcd316b38141729c057adf7517fe0602608,no official source maps a video to a person identity,NO_EVIDENCE,"protocol name = video stem (preprocessing.py L31, config_siwm.py L162-176); not a person id"
Spoof/Partial_FunnyeyeGlasses/Partial_Funnyeye_92.mov,Spoof/Partial_FunnyeyeGlasses/Partial_Funnyeye_92.mov,Partial_FunnyeyeGlasses,Partial_Funnyeye_92,test_B_spoof;trainlist_all,1,,none,8667dbcd316b38141729c057adf7517fe0602608,no official source maps a video to a person identity,NO_EVIDENCE,"protocol name = video stem (preprocessing.py L31, config_siwm.py L162-176); not a person id"
Spoof/Partial_FunnyeyeGlasses/Partial_Funnyeye_93.mov,Spoof/Partial_FunnyeyeGlasses/Partial_Funnyeye_93.mov,Partial_FunnyeyeGlasses,Partial_Funnyeye_93,train_B_spoof;trainlist_all,1,,none,8667dbcd316b38141729c057adf7517fe0602608,no official source maps a video to a person identity,NO_EVIDENCE,"protocol name = video stem (preprocessing.py L31, config_siwm.py L162-176); not a person id"
Spoof/Partial_FunnyeyeGlasses/Partial_Funnyeye_94.mov,Spoof/Partial_FunnyeyeGlasses/Partial_Funnyeye_94.mov,Partial_FunnyeyeGlasses,Partial_Funnyeye_94,testlist_all;train_B_spoof,1,,none,8667dbcd316b38141729c057adf7517fe0602608,no official source maps a video to a person identity,NO_EVIDENCE,"protocol name = video stem (preprocessing.py L31, config_siwm.py L162-176); not a person id"
Spoof/Partial_FunnyeyeGlasses/Partial_Funnyeye_95.mov,Spoof/Partial_FunnyeyeGlasses/Partial_Funnyeye_95.mov,Partial_FunnyeyeGlasses,Partial_Funnyeye_95,test_B_spoof;testlist_all,1,,none,8667dbcd316b38141729c057adf7517fe0602608,no official source maps a video to a person identity,NO_EVIDENCE,"protocol name = video stem (preprocessing.py L31, config_siwm.py L162-176); not a person id"
Spoof/Partial_FunnyeyeGlasses/Partial_Funnyeye_96.mov,Spoof/Partial_FunnyeyeGlasses/Partial_Funnyeye_96.mov,Partial_FunnyeyeGlasses,Partial_Funnyeye_96,trainlist_all,1,,none,8667dbcd316b38141729c057adf7517fe0602608,no official source maps a video to a person identity,NO_EVIDENCE,"protocol name = video stem (preprocessing.py L31, config_siwm.py L162-176); not a person id"
Spoof/Partial_FunnyeyeGlasses/Partial_Funnyeye_97.mov,Spoof/Partial_FunnyeyeGlasses/Partial_Funnyeye_97.mov,Partial_FunnyeyeGlasses,Partial_Funnyeye_97,train_B_spoof;trainlist_all,1,,none,8667dbcd316b38141729c057adf7517fe0602608,no official source maps a video to a person identity,NO_EVIDENCE,"protocol name = video stem (preprocessing.py L31, config_siwm.py L162-176); not a person id"
Spoof/Partial_FunnyeyeGlasses/Partial_Funnyeye_98.mov,Spoof/Partial_FunnyeyeGlasses/Partial_Funnyeye_98.mov,Partial_FunnyeyeGlasses,Partial_Funnyeye_98,train_B_spoof;trainlist_all,1,,none,8667dbcd316b38141729c057adf7517fe0602608,no official source maps a video to a person identity,NO_EVIDENCE,"protocol name = video stem (preprocessing.py L31, config_siwm.py L162-176); not a person id"
Spoof/Partial_FunnyeyeGlasses/Partial_Funnyeye_99.mov,Spoof/Partial_FunnyeyeGlasses/Partial_Funnyeye_99.mov,Partial_FunnyeyeGlasses,Partial_Funnyeye_99,train_B_spoof;trainlist_all,1,,none,8667dbcd316b38141729c057adf7517fe0602608,no official source maps a video to a person identity,NO_EVIDENCE,"protocol name = video stem (preprocessing.py L31, config_siwm.py L162-176); not a person id"
Spoof/Partial_Mouth/Partial_Mouth_1.mov,Spoof/Partial_Mouth/Partial_Mouth_1.mov,Partial_Mouth,Partial_Mouth_1,train_C_race;train_D_age;train_E_ill;trainlist_all,6,,none,8667dbcd316b38141729c057adf7517fe0602608,no official source maps a video to a person identity,NO_EVIDENCE,"protocol name = video stem (preprocessing.py L31, config_siwm.py L162-176); not a person id"
Spoof/Partial_Mouth/Partial_Mouth_10.mov,Spoof/Partial_Mouth/Partial_Mouth_10.mov,Partial_Mouth,Partial_Mouth_10,test_C_race;test_D_age;test_E_ill;testlist_all,1,,none,8667dbcd316b38141729c057adf7517fe0602608,no official source maps a video to a person identity,NO_EVIDENCE,"protocol name = video stem (preprocessing.py L31, config_siwm.py L162-176); not a person id"
Spoof/Partial_Mouth/Partial_Mouth_11.mov,Spoof/Partial_Mouth/Partial_Mouth_11.mov,Partial_Mouth,Partial_Mouth_11,test_C_race;test_D_age;test_E_ill;testlist_all,1,,none,8667dbcd316b38141729c057adf7517fe0602608,no official source maps a video to a person identity,NO_EVIDENCE,"protocol name = video stem (preprocessing.py L31, config_siwm.py L162-176); not a person id"
Spoof/Partial_Mouth/Partial_Mouth_12.mov,Spoof/Partial_Mouth/Partial_Mouth_12.mov,Partial_Mouth,Partial_Mouth_12,train_C_race;train_D_age;train_E_ill;trainlist_all,6,,none,8667dbcd316b38141729c057adf7517fe0602608,no official source maps a video to a person identity,NO_EVIDENCE,"protocol name = video stem (preprocessing.py L31, config_siwm.py L162-176); not a person id"
Spoof/Partial_Mouth/Partial_Mouth_13.mov,Spoof/Partial_Mouth/Partial_Mouth_13.mov,Partial_Mouth,Partial_Mouth_13,train_C_race;train_D_age;train_E_ill;trainlist_all,6,,none,8667dbcd316b38141729c057adf7517fe0602608,no official source maps a video to a person identity,NO_EVIDENCE,"protocol name = video stem (preprocessing.py L31, config_siwm.py L162-176); not a person id"
Spoof/Partial_Mouth/Partial_Mouth_14.mov,Spoof/Partial_Mouth/Partial_Mouth_14.mov,Partial_Mouth,Partial_Mouth_14,train_C_race;train_D_age;train_E_ill;trainlist_all,6,,none,8667dbcd316b38141729c057adf7517fe0602608,no official source maps a video to a person identity,NO_EVIDENCE,"protocol name = video stem (preprocessing.py L31, config_siwm.py L162-176); not a person id"
Spoof/Partial_Mouth/Partial_Mouth_15.mov,Spoof/Partial_Mouth/Partial_Mouth_15.mov,Partial_Mouth,Partial_Mouth_15,test_C_race;test_D_age;test_E_ill;testlist_all,1,,none,8667dbcd316b38141729c057adf7517fe0602608,no official source maps a video to a person identity,NO_EVIDENCE,"protocol name = video stem (preprocessing.py L31, config_siwm.py L162-176); not a person id"
Spoof/Partial_Mouth/Partial_Mouth_16.mov,Spoof/Partial_Mouth/Partial_Mouth_16.mov,Partial_Mouth,Partial_Mouth_16,train_C_race;train_D_age;train_E_ill;trainlist_all,6,,none,8667dbcd316b38141729c057adf7517fe0602608,no official source maps a video to a person identity,NO_EVIDENCE,"protocol name = video stem (preprocessing.py L31, config_siwm.py L162-176); not a person id"
Spoof/Partial_Mouth/Partial_Mouth_17.mov,Spoof/Partial_Mouth/Partial_Mouth_17.mov,Partial_Mouth,Partial_Mouth_17,train_C_race;train_D_age;train_E_ill;trainlist_all,6,,none,8667dbcd316b38141729c057adf7517fe0602608,no official source maps a video to a person identity,NO_EVIDENCE,"protocol name = video stem (preprocessing.py L31, config_siwm.py L162-176); not a person id"
Spoof/Partial_Mouth/Partial_Mouth_18.mov,Spoof/Partial_Mouth/Partial_Mouth_18.mov,Partial_Mouth,Partial_Mouth_18,test_C_race;test_D_age;test_E_ill;testlist_all,1,,none,8667dbcd316b38141729c057adf7517fe0602608,no official source maps a video to a person identity,NO_EVIDENCE,"protocol name = video stem (preprocessing.py L31, config_siwm.py L162-176); not a person id"
Spoof/Partial_Mouth/Partial_Mouth_19.mov,Spoof/Partial_Mouth/Partial_Mouth_19.mov,Partial_Mouth,Partial_Mouth_19,test_C_race;test_D_age;test_E_ill;testlist_all,1,,none,8667dbcd316b38141729c057adf7517fe0602608,no official source maps a video to a person identity,NO_EVIDENCE,"protocol name = video stem (preprocessing.py L31, config_siwm.py L162-176); not a person id"
Spoof/Partial_Mouth/Partial_Mouth_2.mov,Spoof/Partial_Mouth/Partial_Mouth_2.mov,Partial_Mouth,Partial_Mouth_2,train_C_race;train_D_age;train_E_ill;trainlist_all,6,,none,8667dbcd316b38141729c057adf7517fe0602608,no official source maps a video to a person identity,NO_EVIDENCE,"protocol name = video stem (preprocessing.py L31, config_siwm.py L162-176); not a person id"
Spoof/Partial_Mouth/Partial_Mouth_20.mov,Spoof/Partial_Mouth/Partial_Mouth_20.mov,Partial_Mouth,Partial_Mouth_20,test_C_race;test_D_age;test_E_ill;testlist_all,1,,none,8667dbcd316b38141729c057adf7517fe0602608,no official source maps a video to a person identity,NO_EVIDENCE,"protocol name = video stem (preprocessing.py L31, config_siwm.py L162-176); not a person id"
Spoof/Partial_Mouth/Partial_Mouth_21.mov,Spoof/Partial_Mouth/Partial_Mouth_21.mov,Partial_Mouth,Partial_Mouth_21,train_C_race;train_D_age;train_E_ill;trainlist_all,6,,none,8667dbcd316b38141729c057adf7517fe0602608,no official source maps a video to a person identity,NO_EVIDENCE,"protocol name = video stem (preprocessing.py L31, config_siwm.py L162-176); not a person id"
Spoof/Partial_Mouth/Partial_Mouth_22.mov,Spoof/Partial_Mouth/Partial_Mouth_22.mov,Partial_Mouth,Partial_Mouth_22,train_C_race;train_D_age;train_E_ill;trainlist_all,6,,none,8667dbcd316b38141729c057adf7517fe0602608,no official source maps a video to a person identity,NO_EVIDENCE,"protocol name = video stem (preprocessing.py L31, config_siwm.py L162-176); not a person id"
Spoof/Partial_Mouth/Partial_Mouth_23.mov,Spoof/Partial_Mouth/Partial_Mouth_23.mov,Partial_Mouth,Partial_Mouth_23,train_C_race;train_D_age;train_E_ill;trainlist_all,6,,none,8667dbcd316b38141729c057adf7517fe0602608,no official source maps a video to a person identity,NO_EVIDENCE,"protocol name = video stem (preprocessing.py L31, config_siwm.py L162-176); not a person id"
Spoof/Partial_Mouth/Partial_Mouth_24.mov,Spoof/Partial_Mouth/Partial_Mouth_24.mov,Partial_Mouth,Partial_Mouth_24,test_C_race;test_D_age;test_E_ill;testlist_all,1,,none,8667dbcd316b38141729c057adf7517fe0602608,no official source maps a video to a person identity,NO_EVIDENCE,"protocol name = video stem (preprocessing.py L31, config_siwm.py L162-176); not a person id"
Spoof/Partial_Mouth/Partial_Mouth_25.mov,Spoof/Partial_Mouth/Partial_Mouth_25.mov,Partial_Mouth,Partial_Mouth_25,train_C_race;train_D_age;train_E_ill;trainlist_all,5,,none,8667dbcd316b38141729c057adf7517fe0602608,no official source maps a video to a person identity,NO_EVIDENCE,"protocol name = video stem (preprocessing.py L31, config_siwm.py L162-176); not a person id"
Spoof/Partial_Mouth/Partial_Mouth_26.mov,Spoof/Partial_Mouth/Partial_Mouth_26.mov,Partial_Mouth,Partial_Mouth_26,test_C_race;test_D_age;test_E_ill;testlist_all,1,,none,8667dbcd316b38141729c057adf7517fe0602608,no official source maps a video to a person identity,NO_EVIDENCE,"protocol name = video stem (preprocessing.py L31, config_siwm.py L162-176); not a person id"
Spoof/Partial_Mouth/Partial_Mouth_27.mov,Spoof/Partial_Mouth/Partial_Mouth_27.mov,Partial_Mouth,Partial_Mouth_27,test_C_race;test_D_age;test_E_ill;testlist_all,1,,none,8667dbcd316b38141729c057adf7517fe0602608,no official source maps a video to a person identity,NO_EVIDENCE,"protocol name = video stem (preprocessing.py L31, config_siwm.py L162-176); not a person id"
Spoof/Partial_Mouth/Partial_Mouth_28.mov,Spoof/Partial_Mouth/Partial_Mouth_28.mov,Partial_Mouth,Partial_Mouth_28,test_C_race;test_D_age;test_E_ill;testlist_all,1,,none,8667dbcd316b38141729c057adf7517fe0602608,no official source maps a video to a person identity,NO_EVIDENCE,"protocol name = video stem (preprocessing.py L31, config_siwm.py L162-176); not a person id"
Spoof/Partial_Mouth/Partial_Mouth_29.mov,Spoof/Partial_Mouth/Partial_Mouth_29.mov,Partial_Mouth,Partial_Mouth_29,train_C_race;train_D_age;train_E_ill;trainlist_all,5,,none,8667dbcd316b38141729c057adf7517fe0602608,no official source maps a video to a person identity,NO_EVIDENCE,"protocol name = video stem (preprocessing.py L31, config_siwm.py L162-176); not a person id"
Spoof/Partial_Mouth/Partial_Mouth_3.mov,Spoof/Partial_Mouth/Partial_Mouth_3.mov,Partial_Mouth,Partial_Mouth_3,train_C_race;train_D_age;train_E_ill;trainlist_all,6,,none,8667dbcd316b38141729c057adf7517fe0602608,no official source maps a video to a person identity,NO_EVIDENCE,"protocol name = video stem (preprocessing.py L31, config_siwm.py L162-176); not a person id"
Spoof/Partial_Mouth/Partial_Mouth_4.mov,Spoof/Partial_Mouth/Partial_Mouth_4.mov,Partial_Mouth,Partial_Mouth_4,train_C_race;train_D_age;train_E_ill;trainlist_all,6,,none,8667dbcd316b38141729c057adf7517fe0602608,no official source maps a video to a person identity,NO_EVIDENCE,"protocol name = video stem (preprocessing.py L31, config_siwm.py L162-176); not a person id"
Spoof/Partial_Mouth/Partial_Mouth_5.mov,Spoof/Partial_Mouth/Partial_Mouth_5.mov,Partial_Mouth,Partial_Mouth_5,train_C_race;train_D_age;train_E_ill;trainlist_all,6,,none,8667dbcd316b38141729c057adf7517fe0602608,no official source maps a video to a person identity,NO_EVIDENCE,"protocol name = video stem (preprocessing.py L31, config_siwm.py L162-176); not a person id"
Spoof/Partial_Mouth/Partial_Mouth_6.mov,Spoof/Partial_Mouth/Partial_Mouth_6.mov,Partial_Mouth,Partial_Mouth_6,test_C_race;test_D_age;test_E_ill;testlist_all,1,,none,8667dbcd316b38141729c057adf7517fe0602608,no official source maps a video to a person identity,NO_EVIDENCE,"protocol name = video stem (preprocessing.py L31, config_siwm.py L162-176); not a person id"
Spoof/Partial_Mouth/Partial_Mouth_7.mov,Spoof/Partial_Mouth/Partial_Mouth_7.mov,Partial_Mouth,Partial_Mouth_7,train_C_race;train_D_age;train_E_ill;trainlist_all,6,,none,8667dbcd316b38141729c057adf7517fe0602608,no official source maps a video to a person identity,NO_EVIDENCE,"protocol name = video stem (preprocessing.py L31, config_siwm.py L162-176); not a person id"
Spoof/Partial_Mouth/Partial_Mouth_8.mov,Spoof/Partial_Mouth/Partial_Mouth_8.mov,Partial_Mouth,Partial_Mouth_8,test_C_race;test_D_age;test_E_ill;testlist_all,1,,none,8667dbcd316b38141729c057adf7517fe0602608,no official source maps a video to a person identity,NO_EVIDENCE,"protocol name = video stem (preprocessing.py L31, config_siwm.py L162-176); not a person id"
Spoof/Partial_Mouth/Partial_Mouth_9.mov,Spoof/Partial_Mouth/Partial_Mouth_9.mov,Partial_Mouth,Partial_Mouth_9,train_C_race;train_D_age;train_E_ill;trainlist_all,6,,none,8667dbcd316b38141729c057adf7517fe0602608,no official source maps a video to a person identity,NO_EVIDENCE,"protocol name = video stem (preprocessing.py L31, config_siwm.py L162-176); not a person id"
Spoof/Partial_PaperGlasses/Partial_Paperglass_1.mov,Spoof/Partial_PaperGlasses/Partial_Paperglass_1.mov,Partial_PaperGlasses,Partial_Paperglass_1,testlist_all;train_A_pretrain,1,,none,8667dbcd316b38141729c057adf7517fe0602608,no official source maps a video to a person identity,NO_EVIDENCE,"protocol name = video stem (preprocessing.py L31, config_siwm.py L162-176); not a person id"
Spoof/Partial_PaperGlasses/Partial_Paperglass_10.mov,Spoof/Partial_PaperGlasses/Partial_Paperglass_10.mov,Partial_PaperGlasses,Partial_Paperglass_10,testlist_all;train_A_pretrain,1,,none,8667dbcd316b38141729c057adf7517fe0602608,no official source maps a video to a person identity,NO_EVIDENCE,"protocol name = video stem (preprocessing.py L31, config_siwm.py L162-176); not a person id"
Spoof/Partial_PaperGlasses/Partial_Paperglass_11.mov,Spoof/Partial_PaperGlasses/Partial_Paperglass_11.mov,Partial_PaperGlasses,Partial_Paperglass_11,train_A_pretrain;trainlist_all,3,,none,8667dbcd316b38141729c057adf7517fe0602608,no official source maps a video to a person identity,NO_EVIDENCE,"protocol name = video stem (preprocessing.py L31, config_siwm.py L162-176); not a person id"
Spoof/Partial_PaperGlasses/Partial_Paperglass_12.mov,Spoof/Partial_PaperGlasses/Partial_Paperglass_12.mov,Partial_PaperGlasses,Partial_Paperglass_12,train_A_pretrain;trainlist_all,3,,none,8667dbcd316b38141729c057adf7517fe0602608,no official source maps a video to a person identity,NO_EVIDENCE,"protocol name = video stem (preprocessing.py L31, config_siwm.py L162-176); not a person id"
Spoof/Partial_PaperGlasses/Partial_Paperglass_121.mov,Spoof/Partial_PaperGlasses/Partial_Paperglass_121.mov,Partial_PaperGlasses,Partial_Paperglass_121,test_A_pretrain;trainlist_all,1,,none,8667dbcd316b38141729c057adf7517fe0602608,no official source maps a video to a person identity,NO_EVIDENCE,"protocol name = video stem (preprocessing.py L31, config_siwm.py L162-176); not a person id"
Spoof/Partial_PaperGlasses/Partial_Paperglass_122.mov,Spoof/Partial_PaperGlasses/Partial_Paperglass_122.mov,Partial_PaperGlasses,Partial_Paperglass_122,train_A_pretrain;trainlist_all,1,,none,8667dbcd316b38141729c057adf7517fe0602608,no official source maps a video to a person identity,NO_EVIDENCE,"protocol name = video stem (preprocessing.py L31, config_siwm.py L162-176); not a person id"
Spoof/Partial_PaperGlasses/Partial_Paperglass_123.mov,Spoof/Partial_PaperGlasses/Partial_Paperglass_123.mov,Partial_PaperGlasses,Partial_Paperglass_123,test_A_pretrain;testlist_all,1,,none,8667dbcd316b38141729c057adf7517fe0602608,no official source maps a video to a person identity,NO_EVIDENCE,"protocol name = video stem (preprocessing.py L31, config_siwm.py L162-176); not a person id"
Spoof/Partial_PaperGlasses/Partial_Paperglass_124.mov,Spoof/Partial_PaperGlasses/Partial_Paperglass_124.mov,Partial_PaperGlasses,Partial_Paperglass_124,testlist_all;train_A_pretrain,1,,none,8667dbcd316b38141729c057adf7517fe0602608,no official source maps a video to a person identity,NO_EVIDENCE,"protocol name = video stem (preprocessing.py L31, config_siwm.py L162-176); not a person id"
Spoof/Partial_PaperGlasses/Partial_Paperglass_125.mov,Spoof/Partial_PaperGlasses/Partial_Paperglass_125.mov,Partial_PaperGlasses,Partial_Paperglass_125,testlist_all;train_A_pretrain,1,,none,8667dbcd316b38141729c057adf7517fe0602608,no official source maps a video to a person identity,NO_EVIDENCE,"protocol name = video stem (preprocessing.py L31, config_siwm.py L162-176); not a person id"
Spoof/Partial_PaperGlasses/Partial_Paperglass_126.mov,Spoof/Partial_PaperGlasses/Partial_Paperglass_126.mov,Partial_PaperGlasses,Partial_Paperglass_126,train_A_pretrain;trainlist_all,1,,none,8667dbcd316b38141729c057adf7517fe0602608,no official source maps a video to a person identity,NO_EVIDENCE,"protocol name = video stem (preprocessing.py L31, config_siwm.py L162-176); not a person id"
Spoof/Partial_PaperGlasses/Partial_Paperglass_127.mov,Spoof/Partial_PaperGlasses/Partial_Paperglass_127.mov,Partial_PaperGlasses,Partial_Paperglass_127,test_A_pretrain;trainlist_all,1,,none,8667dbcd316b38141729c057adf7517fe0602608,no official source maps a video to a person identity,NO_EVIDENCE,"protocol name = video stem (preprocessing.py L31, config_siwm.py L162-176); not a person id"
Spoof/Partial_PaperGlasses/Partial_Paperglass_13.mov,Spoof/Partial_PaperGlasses/Partial_Paperglass_13.mov,Partial_PaperGlasses,Partial_Paperglass_13,train_A_pretrain;trainlist_all,3,,none,8667dbcd316b38141729c057adf7517fe0602608,no official source maps a video to a person identity,NO_EVIDENCE,"protocol name = video stem (preprocessing.py L31, config_siwm.py L162-176); not a person id"
Spoof/Partial_PaperGlasses/Partial_Paperglass_14.mov,Spoof/Partial_PaperGlasses/Partial_Paperglass_14.mov,Partial_PaperGlasses,Partial_Paperglass_14,train_A_pretrain;trainlist_all,3,,none,8667dbcd316b38141729c057adf7517fe0602608,no official source maps a video to a person identity,NO_EVIDENCE,"protocol name = video stem (preprocessing.py L31, config_siwm.py L162-176); not a person id"
Spoof/Partial_PaperGlasses/Partial_Paperglass_15.mov,Spoof/Partial_PaperGlasses/Partial_Paperglass_15.mov,Partial_PaperGlasses,Partial_Paperglass_15,train_A_pretrain;trainlist_all,2,,none,8667dbcd316b38141729c057adf7517fe0602608,no official source maps a video to a person identity,NO_EVIDENCE,"protocol name = video stem (preprocessing.py L31, config_siwm.py L162-176); not a person id"
Spoof/Partial_PaperGlasses/Partial_Paperglass_16.mov,Spoof/Partial_PaperGlasses/Partial_Paperglass_16.mov,Partial_PaperGlasses,Partial_Paperglass_16,test_A_pretrain;trainlist_all,2,,none,8667dbcd316b38141729c057adf7517fe0602608,no official source maps a video to a person identity,NO_EVIDENCE,"protocol name = video stem (preprocessing.py L31, config_siwm.py L162-176); not a person id"
Spoof/Partial_PaperGlasses/Partial_Paperglass_17.mov,Spoof/Partial_PaperGlasses/Partial_Paperglass_17.mov,Partial_PaperGlasses,Partial_Paperglass_17,testlist_all;train_A_pretrain,1,,none,8667dbcd316b38141729c057adf7517fe0602608,no official source maps a video to a person identity,NO_EVIDENCE,"protocol name = video stem (preprocessing.py L31, config_siwm.py L162-176); not a person id"
Spoof/Partial_PaperGlasses/Partial_Paperglass_18.mov,Spoof/Partial_PaperGlasses/Partial_Paperglass_18.mov,Partial_PaperGlasses,Partial_Paperglass_18,train_A_pretrain;trainlist_all,2,,none,8667dbcd316b38141729c057adf7517fe0602608,no official source maps a video to a person identity,NO_EVIDENCE,"protocol name = video stem (preprocessing.py L31, config_siwm.py L162-176); not a person id"
Spoof/Partial_PaperGlasses/Partial_Paperglass_19.mov,Spoof/Partial_PaperGlasses/Partial_Paperglass_19.mov,Partial_PaperGlasses,Partial_Paperglass_19,testlist_all;train_A_pretrain,1,,none,8667dbcd316b38141729c057adf7517fe0602608,no official source maps a video to a person identity,NO_EVIDENCE,"protocol name = video stem (preprocessing.py L31, config_siwm.py L162-176); not a person id"
Spoof/Partial_PaperGlasses/Partial_Paperglass_2.mov,Spoof/Partial_PaperGlasses/Partial_Paperglass_2.mov,Partial_PaperGlasses,Partial_Paperglass_2,testlist_all;train_A_pretrain,1,,none,8667dbcd316b38141729c057adf7517fe0602608,no official source maps a video to a person identity,NO_EVIDENCE,"protocol name = video stem (preprocessing.py L31, config_siwm.py L162-176); not a person id"
Spoof/Partial_PaperGlasses/Partial_Paperglass_20.mov,Spoof/Partial_PaperGlasses/Partial_Paperglass_20.mov,Partial_PaperGlasses,Partial_Paperglass_20,testlist_all;train_A_pretrain,1,,none,8667dbcd316b38141729c057adf7517fe0602608,no official source maps a video to a person identity,NO_EVIDENCE,"protocol name = video stem (preprocessing.py L31, config_siwm.py L162-176); not a person id"
Spoof/Partial_PaperGlasses/Partial_Paperglass_21.mov,Spoof/Partial_PaperGlasses/Partial_Paperglass_21.mov,Partial_PaperGlasses,Partial_Paperglass_21,train_A_pretrain;trainlist_all,2,,none,8667dbcd316b38141729c057adf7517fe0602608,no official source maps a video to a person identity,NO_EVIDENCE,"protocol name = video stem (preprocessing.py L31, config_siwm.py L162-176); not a person id"
Spoof/Partial_PaperGlasses/Partial_Paperglass_22.mov,Spoof/Partial_PaperGlasses/Partial_Paperglass_22.mov,Partial_PaperGlasses,Partial_Paperglass_22,train_A_pretrain;trainlist_all,2,,none,8667dbcd316b38141729c057adf7517fe0602608,no official source maps a video to a person identity,NO_EVIDENCE,"protocol name = video stem (preprocessing.py L31, config_siwm.py L162-176); not a person id"
Spoof/Partial_PaperGlasses/Partial_Paperglass_23.mov,Spoof/Partial_PaperGlasses/Partial_Paperglass_23.mov,Partial_PaperGlasses,Partial_Paperglass_23,testlist_all;train_A_pretrain,1,,none,8667dbcd316b38141729c057adf7517fe0602608,no official source maps a video to a person identity,NO_EVIDENCE,"protocol name = video stem (preprocessing.py L31, config_siwm.py L162-176); not a person id"
Spoof/Partial_PaperGlasses/Partial_Paperglass_24.mov,Spoof/Partial_PaperGlasses/Partial_Paperglass_24.mov,Partial_PaperGlasses,Partial_Paperglass_24,train_A_pretrain;trainlist_all,2,,none,8667dbcd316b38141729c057adf7517fe0602608,no official source maps a video to a person identity,NO_EVIDENCE,"protocol name = video stem (preprocessing.py L31, config_siwm.py L162-176); not a person id"
Spoof/Partial_PaperGlasses/Partial_Paperglass_25.mov,Spoof/Partial_PaperGlasses/Partial_Paperglass_25.mov,Partial_PaperGlasses,Partial_Paperglass_25,testlist_all;train_A_pretrain,1,,none,8667dbcd316b38141729c057adf7517fe0602608,no official source maps a video to a person identity,NO_EVIDENCE,"protocol name = video stem (preprocessing.py L31, config_siwm.py L162-176); not a person id"
Spoof/Partial_PaperGlasses/Partial_Paperglass_26.mov,Spoof/Partial_PaperGlasses/Partial_Paperglass_26.mov,Partial_PaperGlasses,Partial_Paperglass_26,train_A_pretrain;trainlist_all,2,,none,8667dbcd316b38141729c057adf7517fe0602608,no official source maps a video to a person identity,NO_EVIDENCE,"protocol name = video stem (preprocessing.py L31, config_siwm.py L162-176); not a person id"
Spoof/Partial_PaperGlasses/Partial_Paperglass_27.mov,Spoof/Partial_PaperGlasses/Partial_Paperglass_27.mov,Partial_PaperGlasses,Partial_Paperglass_27,train_A_pretrain;trainlist_all,2,,none,8667dbcd316b38141729c057adf7517fe0602608,no official source maps a video to a person identity,NO_EVIDENCE,"protocol name = video stem (preprocessing.py L31, config_siwm.py L162-176); not a person id"
Spoof/Partial_PaperGlasses/Partial_Paperglass_28.mov,Spoof/Partial_PaperGlasses/Partial_Paperglass_28.mov,Partial_PaperGlasses,Partial_Paperglass_28,train_A_pretrain;trainlist_all,2,,none,8667dbcd316b38141729c057adf7517fe0602608,no official source maps a video to a person identity,NO_EVIDENCE,"protocol name = video stem (preprocessing.py L31, config_siwm.py L162-176); not a person id"
Spoof/Partial_PaperGlasses/Partial_Paperglass_29.mov,Spoof/Partial_PaperGlasses/Partial_Paperglass_29.mov,Partial_PaperGlasses,Partial_Paperglass_29,testlist_all;train_A_pretrain,1,,none,8667dbcd316b38141729c057adf7517fe0602608,no official source maps a video to a person identity,NO_EVIDENCE,"protocol name = video stem (preprocessing.py L31, config_siwm.py L162-176); not a person id"
Spoof/Partial_PaperGlasses/Partial_Paperglass_3.mov,Spoof/Partial_PaperGlasses/Partial_Paperglass_3.mov,Partial_PaperGlasses,Partial_Paperglass_3,train_A_pretrain;trainlist_all,4,,none,8667dbcd316b38141729c057adf7517fe0602608,no official source maps a video to a person identity,NO_EVIDENCE,"protocol name = video stem (preprocessing.py L31, config_siwm.py L162-176); not a person id"
Spoof/Partial_PaperGlasses/Partial_Paperglass_30.mov,Spoof/Partial_PaperGlasses/Partial_Paperglass_30.mov,Partial_PaperGlasses,Partial_Paperglass_30,train_A_pretrain;trainlist_all,2,,none,8667dbcd316b38141729c057adf7517fe0602608,no official source maps a video to a person identity,NO_EVIDENCE,"protocol name = video stem (preprocessing.py L31, config_siwm.py L162-176); not a person id"
Spoof/Partial_PaperGlasses/Partial_Paperglass_31.mov,Spoof/Partial_PaperGlasses/Partial_Paperglass_31.mov,Partial_PaperGlasses,Partial_Paperglass_31,train_A_pretrain;trainlist_all,2,,none,8667dbcd316b38141729c057adf7517fe0602608,no official source maps a video to a person identity,NO_EVIDENCE,"protocol name = video stem (preprocessing.py L31, config_siwm.py L162-176); not a person id"
Spoof/Partial_PaperGlasses/Partial_Paperglass_32.mov,Spoof/Partial_PaperGlasses/Partial_Paperglass_32.mov,Partial_PaperGlasses,Partial_Paperglass_32,testlist_all;train_A_pretrain,1,,none,8667dbcd316b38141729c057adf7517fe0602608,no official source maps a video to a person identity,NO_EVIDENCE,"protocol name = video stem (preprocessing.py L31, config_siwm.py L162-176); not a person id"
Spoof/Partial_PaperGlasses/Partial_Paperglass_33.mov,Spoof/Partial_PaperGlasses/Partial_Paperglass_33.mov,Partial_PaperGlasses,Partial_Paperglass_33,train_A_pretrain;trainlist_all,2,,none,8667dbcd316b38141729c057adf7517fe0602608,no official source maps a video to a person identity,NO_EVIDENCE,"protocol name = video stem (preprocessing.py L31, config_siwm.py L162-176); not a person id"
Spoof/Partial_PaperGlasses/Partial_Paperglass_34.mov,Spoof/Partial_PaperGlasses/Partial_Paperglass_34.mov,Partial_PaperGlasses,Partial_Paperglass_34,testlist_all;train_A_pretrain,1,,none,8667dbcd316b38141729c057adf7517fe0602608,no official source maps a video to a person identity,NO_EVIDENCE,"protocol name = video stem (preprocessing.py L31, config_siwm.py L162-176); not a person id"
Spoof/Partial_PaperGlasses/Partial_Paperglass_35.mov,Spoof/Partial_PaperGlasses/Partial_Paperglass_35.mov,Partial_PaperGlasses,Partial_Paperglass_35,train_A_pretrain;trainlist_all,2,,none,8667dbcd316b38141729c057adf7517fe0602608,no official source maps a video to a person identity,NO_EVIDENCE,"protocol name = video stem (preprocessing.py L31, config_siwm.py L162-176); not a person id"
Spoof/Partial_PaperGlasses/Partial_Paperglass_36.mov,Spoof/Partial_PaperGlasses/Partial_Paperglass_36.mov,Partial_PaperGlasses,Partial_Paperglass_36,train_A_pretrain;trainlist_all,2,,none,8667dbcd316b38141729c057adf7517fe0602608,no official source maps a video to a person identity,NO_EVIDENCE,"protocol name = video stem (preprocessing.py L31, config_siwm.py L162-176); not a person id"
Spoof/Partial_PaperGlasses/Partial_Paperglass_37.mov,Spoof/Partial_PaperGlasses/Partial_Paperglass_37.mov,Partial_PaperGlasses,Partial_Paperglass_37,train_A_pretrain;trainlist_all,2,,none,8667dbcd316b38141729c057adf7517fe0602608,no official source maps a video to a person identity,NO_EVIDENCE,"protocol name = video stem (preprocessing.py L31, config_siwm.py L162-176); not a person id"
Spoof/Partial_PaperGlasses/Partial_Paperglass_38.mov,Spoof/Partial_PaperGlasses/Partial_Paperglass_38.mov,Partial_PaperGlasses,Partial_Paperglass_38,testlist_all;train_A_pretrain,1,,none,8667dbcd316b38141729c057adf7517fe0602608,no official source maps a video to a person identity,NO_EVIDENCE,"protocol name = video stem (preprocessing.py L31, config_siwm.py L162-176); not a person id"
Spoof/Partial_PaperGlasses/Partial_Paperglass_39.mov,Spoof/Partial_PaperGlasses/Partial_Paperglass_39.mov,Partial_PaperGlasses,Partial_Paperglass_39,testlist_all;train_A_pretrain,1,,none,8667dbcd316b38141729c057adf7517fe0602608,no official source maps a video to a person identity,NO_EVIDENCE,"protocol name = video stem (preprocessing.py L31, config_siwm.py L162-176); not a person id"
Spoof/Partial_PaperGlasses/Partial_Paperglass_4.mov,Spoof/Partial_PaperGlasses/Partial_Paperglass_4.mov,Partial_PaperGlasses,Partial_Paperglass_4,train_A_pretrain;trainlist_all,3,,none,8667dbcd316b38141729c057adf7517fe0602608,no official source maps a video to a person identity,NO_EVIDENCE,"protocol name = video stem (preprocessing.py L31, config_siwm.py L162-176); not a person id"
Spoof/Partial_PaperGlasses/Partial_Paperglass_40.mov,Spoof/Partial_PaperGlasses/Partial_Paperglass_40.mov,Partial_PaperGlasses,Partial_Paperglass_40,testlist_all;train_A_pretrain,1,,none,8667dbcd316b38141729c057adf7517fe0602608,no official source maps a video to a person identity,NO_EVIDENCE,"protocol name = video stem (preprocessing.py L31, config_siwm.py L162-176); not a person id"
Spoof/Partial_PaperGlasses/Partial_Paperglass_41.mov,Spoof/Partial_PaperGlasses/Partial_Paperglass_41.mov,Partial_PaperGlasses,Partial_Paperglass_41,testlist_all;train_A_pretrain,1,,none,8667dbcd316b38141729c057adf7517fe0602608,no official source maps a video to a person identity,NO_EVIDENCE,"protocol name = video stem (preprocessing.py L31, config_siwm.py L162-176); not a person id"
Spoof/Partial_PaperGlasses/Partial_Paperglass_42.mov,Spoof/Partial_PaperGlasses/Partial_Paperglass_42.mov,Partial_PaperGlasses,Partial_Paperglass_42,train_A_pretrain;trainlist_all,2,,none,8667dbcd316b38141729c057adf7517fe0602608,no official source maps a video to a person identity,NO_EVIDENCE,"protocol name = video stem (preprocessing.py L31, config_siwm.py L162-176); not a person id"
Spoof/Partial_PaperGlasses/Partial_Paperglass_43.mov,Spoof/Partial_PaperGlasses/Partial_Paperglass_43.mov,Partial_PaperGlasses,Partial_Paperglass_43,train_A_pretrain;trainlist_all,2,,none,8667dbcd316b38141729c057adf7517fe0602608,no official source maps a video to a person identity,NO_EVIDENCE,"protocol name = video stem (preprocessing.py L31, config_siwm.py L162-176); not a person id"
Spoof/Partial_PaperGlasses/Partial_Paperglass_44.mov,Spoof/Partial_PaperGlasses/Partial_Paperglass_44.mov,Partial_PaperGlasses,Partial_Paperglass_44,train_A_pretrain;trainlist_all,2,,none,8667dbcd316b38141729c057adf7517fe0602608,no official source maps a video to a person identity,NO_EVIDENCE,"protocol name = video stem (preprocessing.py L31, config_siwm.py L162-176); not a person id"
Spoof/Partial_PaperGlasses/Partial_Paperglass_45.mov,Spoof/Partial_PaperGlasses/Partial_Paperglass_45.mov,Partial_PaperGlasses,Partial_Paperglass_45,test_A_pretrain;trainlist_all,2,,none,8667dbcd316b38141729c057adf7517fe0602608,no official source maps a video to a person identity,NO_EVIDENCE,"protocol name = video stem (preprocessing.py L31, config_siwm.py L162-176); not a person id"
Spoof/Partial_PaperGlasses/Partial_Paperglass_46.mov,Spoof/Partial_PaperGlasses/Partial_Paperglass_46.mov,Partial_PaperGlasses,Partial_Paperglass_46,train_A_pretrain;trainlist_all,2,,none,8667dbcd316b38141729c057adf7517fe0602608,no official source maps a video to a person identity,NO_EVIDENCE,"protocol name = video stem (preprocessing.py L31, config_siwm.py L162-176); not a person id"
Spoof/Partial_PaperGlasses/Partial_Paperglass_47.mov,Spoof/Partial_PaperGlasses/Partial_Paperglass_47.mov,Partial_PaperGlasses,Partial_Paperglass_47,train_A_pretrain;trainlist_all,2,,none,8667dbcd316b38141729c057adf7517fe0602608,no official source maps a video to a person identity,NO_EVIDENCE,"protocol name = video stem (preprocessing.py L31, config_siwm.py L162-176); not a person id"
Spoof/Partial_PaperGlasses/Partial_Paperglass_48.mov,Spoof/Partial_PaperGlasses/Partial_Paperglass_48.mov,Partial_PaperGlasses,Partial_Paperglass_48,train_A_pretrain;trainlist_all,2,,none,8667dbcd316b38141729c057adf7517fe0602608,no official source maps a video to a person identity,NO_EVIDENCE,"protocol name = video stem (preprocessing.py L31, config_siwm.py L162-176); not a person id"
Spoof/Partial_PaperGlasses/Partial_Paperglass_49.mov,Spoof/Partial_PaperGlasses/Partial_Paperglass_49.mov,Partial_PaperGlasses,Partial_Paperglass_49,train_A_pretrain;trainlist_all,2,,none,8667dbcd316b38141729c057adf7517fe0602608,no official source maps a video to a person identity,NO_EVIDENCE,"protocol name = video stem (preprocessing.py L31, config_siwm.py L162-176); not a person id"
Spoof/Partial_PaperGlasses/Partial_Paperglass_5.mov,Spoof/Partial_PaperGlasses/Partial_Paperglass_5.mov,Partial_PaperGlasses,Partial_Paperglass_5,testlist_all;train_A_pretrain,1,,none,8667dbcd316b38141729c057adf7517fe0602608,no official source maps a video to a person identity,NO_EVIDENCE,"protocol name = video stem (preprocessing.py L31, config_siwm.py L162-176); not a person id"
Spoof/Partial_PaperGlasses/Partial_Paperglass_50.mov,Spoof/Partial_PaperGlasses/Partial_Paperglass_50.mov,Partial_PaperGlasses,Partial_Paperglass_50,testlist_all;train_A_pretrain,1,,none,8667dbcd316b38141729c057adf7517fe0602608,no official source maps a video to a person identity,NO_EVIDENCE,"protocol name = video stem (preprocessing.py L31, config_siwm.py L162-176); not a person id"
Spoof/Partial_PaperGlasses/Partial_Paperglass_51.mov,Spoof/Partial_PaperGlasses/Partial_Paperglass_51.mov,Partial_PaperGlasses,Partial_Paperglass_51,testlist_all;train_A_pretrain,1,,none,8667dbcd316b38141729c057adf7517fe0602608,no official source maps a video to a person identity,NO_EVIDENCE,"protocol name = video stem (preprocessing.py L31, config_siwm.py L162-176); not a person id"
Spoof/Partial_PaperGlasses/Partial_Paperglass_52.mov,Spoof/Partial_PaperGlasses/Partial_Paperglass_52.mov,Partial_PaperGlasses,Partial_Paperglass_52,train_A_pretrain;trainlist_all,2,,none,8667dbcd316b38141729c057adf7517fe0602608,no official source maps a video to a person identity,NO_EVIDENCE,"protocol name = video stem (preprocessing.py L31, config_siwm.py L162-176); not a person id"
Spoof/Partial_PaperGlasses/Partial_Paperglass_53.mov,Spoof/Partial_PaperGlasses/Partial_Paperglass_53.mov,Partial_PaperGlasses,Partial_Paperglass_53,train_A_pretrain;trainlist_all,2,,none,8667dbcd316b38141729c057adf7517fe0602608,no official source maps a video to a person identity,NO_EVIDENCE,"protocol name = video stem (preprocessing.py L31, config_siwm.py L162-176); not a person id"
Spoof/Partial_PaperGlasses/Partial_Paperglass_54.mov,Spoof/Partial_PaperGlasses/Partial_Paperglass_54.mov,Partial_PaperGlasses,Partial_Paperglass_54,train_A_pretrain;trainlist_all,2,,none,8667dbcd316b38141729c057adf7517fe0602608,no official source maps a video to a person identity,NO_EVIDENCE,"protocol name = video stem (preprocessing.py L31, config_siwm.py L162-176); not a person id"
Spoof/Partial_PaperGlasses/Partial_Paperglass_55.mov,Spoof/Partial_PaperGlasses/Partial_Paperglass_55.mov,Partial_PaperGlasses,Partial_Paperglass_55,testlist_all;train_A_pretrain,1,,none,8667dbcd316b38141729c057adf7517fe0602608,no official source maps a video to a person identity,NO_EVIDENCE,"protocol name = video stem (preprocessing.py L31, config_siwm.py L162-176); not a person id"
Spoof/Partial_PaperGlasses/Partial_Paperglass_56.mov,Spoof/Partial_PaperGlasses/Partial_Paperglass_56.mov,Partial_PaperGlasses,Partial_Paperglass_56,testlist_all;train_A_pretrain,1,,none,8667dbcd316b38141729c057adf7517fe0602608,no official source maps a video to a person identity,NO_EVIDENCE,"protocol name = video stem (preprocessing.py L31, config_siwm.py L162-176); not a person id"
Spoof/Partial_PaperGlasses/Partial_Paperglass_57.mov,Spoof/Partial_PaperGlasses/Partial_Paperglass_57.mov,Partial_PaperGlasses,Partial_Paperglass_57,train_A_pretrain;trainlist_all,2,,none,8667dbcd316b38141729c057adf7517fe0602608,no official source maps a video to a person identity,NO_EVIDENCE,"protocol name = video stem (preprocessing.py L31, config_siwm.py L162-176); not a person id"
Spoof/Partial_PaperGlasses/Partial_Paperglass_58.mov,Spoof/Partial_PaperGlasses/Partial_Paperglass_58.mov,Partial_PaperGlasses,Partial_Paperglass_58,testlist_all;train_A_pretrain,1,,none,8667dbcd316b38141729c057adf7517fe0602608,no official source maps a video to a person identity,NO_EVIDENCE,"protocol name = video stem (preprocessing.py L31, config_siwm.py L162-176); not a person id"
Spoof/Partial_PaperGlasses/Partial_Paperglass_59.mov,Spoof/Partial_PaperGlasses/Partial_Paperglass_59.mov,Partial_PaperGlasses,Partial_Paperglass_59,train_A_pretrain;trainlist_all,2,,none,8667dbcd316b38141729c057adf7517fe0602608,no official source maps a video to a person identity,NO_EVIDENCE,"protocol name = video stem (preprocessing.py L31, config_siwm.py L162-176); not a person id"
Spoof/Partial_PaperGlasses/Partial_Paperglass_6.mov,Spoof/Partial_PaperGlasses/Partial_Paperglass_6.mov,Partial_PaperGlasses,Partial_Paperglass_6,train_A_pretrain;trainlist_all,3,,none,8667dbcd316b38141729c057adf7517fe0602608,no official source maps a video to a person identity,NO_EVIDENCE,"protocol name = video stem (preprocessing.py L31, config_siwm.py L162-176); not a person id"
Spoof/Partial_PaperGlasses/Partial_Paperglass_60.mov,Spoof/Partial_PaperGlasses/Partial_Paperglass_60.mov,Partial_PaperGlasses,Partial_Paperglass_60,testlist_all;train_A_pretrain,1,,none,8667dbcd316b38141729c057adf7517fe0602608,no official source maps a video to a person identity,NO_EVIDENCE,"protocol name = video stem (preprocessing.py L31, config_siwm.py L162-176); not a person id"
Spoof/Partial_PaperGlasses/Partial_Paperglass_61.mov,Spoof/Partial_PaperGlasses/Partial_Paperglass_61.mov,Partial_PaperGlasses,Partial_Paperglass_61,testlist_all;train_A_pretrain,1,,none,8667dbcd316b38141729c057adf7517fe0602608,no official source maps a video to a person identity,NO_EVIDENCE,"protocol name = video stem (preprocessing.py L31, config_siwm.py L162-176); not a person id"
Spoof/Partial_PaperGlasses/Partial_Paperglass_62.mov,Spoof/Partial_PaperGlasses/Partial_Paperglass_62.mov,Partial_PaperGlasses,Partial_Paperglass_62,train_A_pretrain;trainlist_all,2,,none,8667dbcd316b38141729c057adf7517fe0602608,no official source maps a video to a person identity,NO_EVIDENCE,"protocol name = video stem (preprocessing.py L31, config_siwm.py L162-176); not a person id"
Spoof/Partial_PaperGlasses/Partial_Paperglass_63.mov,Spoof/Partial_PaperGlasses/Partial_Paperglass_63.mov,Partial_PaperGlasses,Partial_Paperglass_63,testlist_all;train_A_pretrain,1,,none,8667dbcd316b38141729c057adf7517fe0602608,no official source maps a video to a person identity,NO_EVIDENCE,"protocol name = video stem (preprocessing.py L31, config_siwm.py L162-176); not a person id"
Spoof/Partial_PaperGlasses/Partial_Paperglass_64.mov,Spoof/Partial_PaperGlasses/Partial_Paperglass_64.mov,Partial_PaperGlasses,Partial_Paperglass_64,testlist_all;train_A_pretrain,1,,none,8667dbcd316b38141729c057adf7517fe0602608,no official source maps a video to a person identity,NO_EVIDENCE,"protocol name = video stem (preprocessing.py L31, config_siwm.py L162-176); not a person id"
Spoof/Partial_PaperGlasses/Partial_Paperglass_65.mov,Spoof/Partial_PaperGlasses/Partial_Paperglass_65.mov,Partial_PaperGlasses,Partial_Paperglass_65,train_A_pretrain;trainlist_all,2,,none,8667dbcd316b38141729c057adf7517fe0602608,no official source maps a video to a person identity,NO_EVIDENCE,"protocol name = video stem (preprocessing.py L31, config_siwm.py L162-176); not a person id"
Spoof/Partial_PaperGlasses/Partial_Paperglass_66.mov,Spoof/Partial_PaperGlasses/Partial_Paperglass_66.mov,Partial_PaperGlasses,Partial_Paperglass_66,train_A_pretrain;trainlist_all,2,,none,8667dbcd316b38141729c057adf7517fe0602608,no official source maps a video to a person identity,NO_EVIDENCE,"protocol name = video stem (preprocessing.py L31, config_siwm.py L162-176); not a person id"
Spoof/Partial_PaperGlasses/Partial_Paperglass_67.mov,Spoof/Partial_PaperGlasses/Partial_Paperglass_67.mov,Partial_PaperGlasses,Partial_Paperglass_67,train_A_pretrain;trainlist_all,2,,none,8667dbcd316b38141729c057adf7517fe0602608,no official source maps a video to a person identity,NO_EVIDENCE,"protocol name = video stem (preprocessing.py L31, config_siwm.py L162-176); not a person id"
Spoof/Partial_PaperGlasses/Partial_Paperglass_68.mov,Spoof/Partial_PaperGlasses/Partial_Paperglass_68.mov,Partial_PaperGlasses,Partial_Paperglass_68,train_A_pretrain;trainlist_all,2,,none,8667dbcd316b38141729c057adf7517fe0602608,no official source maps a video to a person identity,NO_EVIDENCE,"protocol name = video stem (preprocessing.py L31, config_siwm.py L162-176); not a person id"
Spoof/Partial_PaperGlasses/Partial_Paperglass_69.mov,Spoof/Partial_PaperGlasses/Partial_Paperglass_69.mov,Partial_PaperGlasses,Partial_Paperglass_69,train_A_pretrain;trainlist_all,2,,none,8667dbcd316b38141729c057adf7517fe0602608,no official source maps a video to a person identity,NO_EVIDENCE,"protocol name = video stem (preprocessing.py L31, config_siwm.py L162-176); not a person id"
Spoof/Partial_PaperGlasses/Partial_Paperglass_7.mov,Spoof/Partial_PaperGlasses/Partial_Paperglass_7.mov,Partial_PaperGlasses,Partial_Paperglass_7,train_A_pretrain;trainlist_all,3,,none,8667dbcd316b38141729c057adf7517fe0602608,no official source maps a video to a person identity,NO_EVIDENCE,"protocol name = video stem (preprocessing.py L31, config_siwm.py L162-176); not a person id"
Spoof/Partial_PaperGlasses/Partial_Paperglass_8.mov,Spoof/Partial_PaperGlasses/Partial_Paperglass_8.mov,Partial_PaperGlasses,Partial_Paperglass_8,testlist_all;train_A_pretrain,1,,none,8667dbcd316b38141729c057adf7517fe0602608,no official source maps a video to a person identity,NO_EVIDENCE,"protocol name = video stem (preprocessing.py L31, config_siwm.py L162-176); not a person id"
Spoof/Partial_PaperGlasses/Partial_Paperglass_9.mov,Spoof/Partial_PaperGlasses/Partial_Paperglass_9.mov,Partial_PaperGlasses,Partial_Paperglass_9,train_A_pretrain;trainlist_all,3,,none,8667dbcd316b38141729c057adf7517fe0602608,no official source maps a video to a person identity,NO_EVIDENCE,"protocol name = video stem (preprocessing.py L31, config_siwm.py L162-176); not a person id"
Spoof/Replay/Replay_1.mov,Spoof/Replay/Replay_1.mov,Replay,Replay_1,train_B_spoof;trainlist_all,2,,none,8667dbcd316b38141729c057adf7517fe0602608,no official source maps a video to a person identity,NO_EVIDENCE,"protocol name = video stem (preprocessing.py L31, config_siwm.py L162-176); not a person id"
Spoof/Replay/Replay_10.mov,Spoof/Replay/Replay_10.mov,Replay,Replay_10,train_B_spoof;train_C_race;train_D_age;train_E_ill;trainlist_all,5,,none,8667dbcd316b38141729c057adf7517fe0602608,no official source maps a video to a person identity,NO_EVIDENCE,"protocol name = video stem (preprocessing.py L31, config_siwm.py L162-176); not a person id"
Spoof/Replay/Replay_11.mov,Spoof/Replay/Replay_11.mov,Replay,Replay_11,testlist_all;train_B_spoof;train_D_age;train_E_ill,3,,none,8667dbcd316b38141729c057adf7517fe0602608,no official source maps a video to a person identity,NO_EVIDENCE,"protocol name = video stem (preprocessing.py L31, config_siwm.py L162-176); not a person id"
Spoof/Replay/Replay_12.mov,Spoof/Replay/Replay_12.mov,Replay,Replay_12,train_B_spoof;trainlist_all,2,,none,8667dbcd316b38141729c057adf7517fe0602608,no official source maps a video to a person identity,NO_EVIDENCE,"protocol name = video stem (preprocessing.py L31, config_siwm.py L162-176); not a person id"
Spoof/Replay/Replay_13.mov,Spoof/Replay/Replay_13.mov,Replay,Replay_13,train_B_spoof;train_C_race;train_D_age;train_E_ill;trainlist_all,5,,none,8667dbcd316b38141729c057adf7517fe0602608,no official source maps a video to a person identity,NO_EVIDENCE,"protocol name = video stem (preprocessing.py L31, config_siwm.py L162-176); not a person id"
Spoof/Replay/Replay_14.mov,Spoof/Replay/Replay_14.mov,Replay,Replay_14,train_A_pretrain;trainlist_all,2,,none,8667dbcd316b38141729c057adf7517fe0602608,no official source maps a video to a person identity,NO_EVIDENCE,"protocol name = video stem (preprocessing.py L31, config_siwm.py L162-176); not a person id"
Spoof/Replay/Replay_15.mov,Spoof/Replay/Replay_15.mov,Replay,Replay_15,testlist_all;train_B_spoof;train_D_age;train_E_ill,3,,none,8667dbcd316b38141729c057adf7517fe0602608,no official source maps a video to a person identity,NO_EVIDENCE,"protocol name = video stem (preprocessing.py L31, config_siwm.py L162-176); not a person id"
Spoof/Replay/Replay_16.mov,Spoof/Replay/Replay_16.mov,Replay,Replay_16,testlist_all;train_B_spoof;train_D_age;train_E_ill,3,,none,8667dbcd316b38141729c057adf7517fe0602608,no official source maps a video to a person identity,NO_EVIDENCE,"protocol name = video stem (preprocessing.py L31, config_siwm.py L162-176); not a person id"
Spoof/Replay/Replay_17.mov,Spoof/Replay/Replay_17.mov,Replay,Replay_17,train_A_pretrain;trainlist_all,2,,none,8667dbcd316b38141729c057adf7517fe0602608,no official source maps a video to a person identity,NO_EVIDENCE,"protocol name = video stem (preprocessing.py L31, config_siwm.py L162-176); not a person id"
Spoof/Replay/Replay_18.mov,Spoof/Replay/Replay_18.mov,Replay,Replay_18,testlist_all;train_A_pretrain,2,,none,8667dbcd316b38141729c057adf7517fe0602608,no official source maps a video to a person identity,NO_EVIDENCE,"protocol name = video stem (preprocessing.py L31, config_siwm.py L162-176); not a person id"
Spoof/Replay/Replay_19.mov,Spoof/Replay/Replay_19.mov,Replay,Replay_19,testlist_all;train_B_spoof;train_C_race;train_D_age;train_E_ill,5,,none,8667dbcd316b38141729c057adf7517fe0602608,no official source maps a video to a person identity,NO_EVIDENCE,"protocol name = video stem (preprocessing.py L31, config_siwm.py L162-176); not a person id"
Spoof/Replay/Replay_2.mov,Spoof/Replay/Replay_2.mov,Replay,Replay_2,train_A_pretrain;trainlist_all,2,,none,8667dbcd316b38141729c057adf7517fe0602608,no official source maps a video to a person identity,NO_EVIDENCE,"protocol name = video stem (preprocessing.py L31, config_siwm.py L162-176); not a person id"
Spoof/Replay/Replay_20.mov,Spoof/Replay/Replay_20.mov,Replay,Replay_20,train_B_spoof;trainlist_all,2,,none,8667dbcd316b38141729c057adf7517fe0602608,no official source maps a video to a person identity,NO_EVIDENCE,"protocol name = video stem (preprocessing.py L31, config_siwm.py L162-176); not a person id"
Spoof/Replay/Replay_21.mov,Spoof/Replay/Replay_21.mov,Replay,Replay_21,train_B_spoof;train_D_age;train_E_ill;trainlist_all,3,,none,8667dbcd316b38141729c057adf7517fe0602608,no official source maps a video to a person identity,NO_EVIDENCE,"protocol name = video stem (preprocessing.py L31, config_siwm.py L162-176); not a person id"
Spoof/Replay/Replay_22.mov,Spoof/Replay/Replay_22.mov,Replay,Replay_22,train_B_spoof;trainlist_all,2,,none,8667dbcd316b38141729c057adf7517fe0602608,no official source maps a video to a person identity,NO_EVIDENCE,"protocol name = video stem (preprocessing.py L31, config_siwm.py L162-176); not a person id"
Spoof/Replay/Replay_23.mov,Spoof/Replay/Replay_23.mov,Replay,Replay_23,train_B_spoof;train_D_age;train_E_ill;trainlist_all,3,,none,8667dbcd316b38141729c057adf7517fe0602608,no official source maps a video to a person identity,NO_EVIDENCE,"protocol name = video stem (preprocessing.py L31, config_siwm.py L162-176); not a person id"
Spoof/Replay/Replay_24.mov,Spoof/Replay/Replay_24.mov,Replay,Replay_24,testlist_all;train_A_pretrain,2,,none,8667dbcd316b38141729c057adf7517fe0602608,no official source maps a video to a person identity,NO_EVIDENCE,"protocol name = video stem (preprocessing.py L31, config_siwm.py L162-176); not a person id"
Spoof/Replay/Replay_25.mov,Spoof/Replay/Replay_25.mov,Replay,Replay_25,testlist_all;train_A_pretrain,2,,none,8667dbcd316b38141729c057adf7517fe0602608,no official source maps a video to a person identity,NO_EVIDENCE,"protocol name = video stem (preprocessing.py L31, config_siwm.py L162-176); not a person id"
Spoof/Replay/Replay_26.mov,Spoof/Replay/Replay_26.mov,Replay,Replay_26,testlist_all;train_A_pretrain,2,,none,8667dbcd316b38141729c057adf7517fe0602608,no official source maps a video to a person identity,NO_EVIDENCE,"protocol name = video stem (preprocessing.py L31, config_siwm.py L162-176); not a person id"
Spoof/Replay/Replay_27.mov,Spoof/Replay/Replay_27.mov,Replay,Replay_27,train_A_pretrain;trainlist_all,2,,none,8667dbcd316b38141729c057adf7517fe0602608,no official source maps a video to a person identity,NO_EVIDENCE,"protocol name = video stem (preprocessing.py L31, config_siwm.py L162-176); not a person id"
Spoof/Replay/Replay_28.mov,Spoof/Replay/Replay_28.mov,Replay,Replay_28,train_A_pretrain;trainlist_all,2,,none,8667dbcd316b38141729c057adf7517fe0602608,no official source maps a video to a person identity,NO_EVIDENCE,"protocol name = video stem (preprocessing.py L31, config_siwm.py L162-176); not a person id"
Spoof/Replay/Replay_29.mov,Spoof/Replay/Replay_29.mov,Replay,Replay_29,testlist_all;train_A_pretrain,1,,none,8667dbcd316b38141729c057adf7517fe0602608,no official source maps a video to a person identity,NO_EVIDENCE,"protocol name = video stem (preprocessing.py L31, config_siwm.py L162-176); not a person id"
Spoof/Replay/Replay_3.mov,Spoof/Replay/Replay_3.mov,Replay,Replay_3,train_A_pretrain;trainlist_all,2,,none,8667dbcd316b38141729c057adf7517fe0602608,no official source maps a video to a person identity,NO_EVIDENCE,"protocol name = video stem (preprocessing.py L31, config_siwm.py L162-176); not a person id"
Spoof/Replay/Replay_30.mov,Spoof/Replay/Replay_30.mov,Replay,Replay_30,testlist_all;train_B_spoof;train_D_age;train_E_ill,3,,none,8667dbcd316b38141729c057adf7517fe0602608,no official source maps a video to a person identity,NO_EVIDENCE,"protocol name = video stem (preprocessing.py L31, config_siwm.py L162-176); not a person id"
Spoof/Replay/Replay_31.mov,Spoof/Replay/Replay_31.mov,Replay,Replay_31,train_A_pretrain;trainlist_all,2,,none,8667dbcd316b38141729c057adf7517fe0602608,no official source maps a video to a person identity,NO_EVIDENCE,"protocol name = video stem (preprocessing.py L31, config_siwm.py L162-176); not a person id"
Spoof/Replay/Replay_32.mov,Spoof/Replay/Replay_32.mov,Replay,Replay_32,train_A_pretrain;trainlist_all,2,,none,8667dbcd316b38141729c057adf7517fe0602608,no official source maps a video to a person identity,NO_EVIDENCE,"protocol name = video stem (preprocessing.py L31, config_siwm.py L162-176); not a person id"
Spoof/Replay/Replay_33.mov,Spoof/Replay/Replay_33.mov,Replay,Replay_33,testlist_all;train_A_pretrain,2,,none,8667dbcd316b38141729c057adf7517fe0602608,no official source maps a video to a person identity,NO_EVIDENCE,"protocol name = video stem (preprocessing.py L31, config_siwm.py L162-176); not a person id"
Spoof/Replay/Replay_34.mov,Spoof/Replay/Replay_34.mov,Replay,Replay_34,testlist_all;train_A_pretrain,2,,none,8667dbcd316b38141729c057adf7517fe0602608,no official source maps a video to a person identity,NO_EVIDENCE,"protocol name = video stem (preprocessing.py L31, config_siwm.py L162-176); not a person id"
Spoof/Replay/Replay_35.mov,Spoof/Replay/Replay_35.mov,Replay,Replay_35,testlist_all;train_B_spoof;train_D_age;train_E_ill,3,,none,8667dbcd316b38141729c057adf7517fe0602608,no official source maps a video to a person identity,NO_EVIDENCE,"protocol name = video stem (preprocessing.py L31, config_siwm.py L162-176); not a person id"
Spoof/Replay/Replay_36.mov,Spoof/Replay/Replay_36.mov,Replay,Replay_36,train_A_pretrain;trainlist_all,2,,none,8667dbcd316b38141729c057adf7517fe0602608,no official source maps a video to a person identity,NO_EVIDENCE,"protocol name = video stem (preprocessing.py L31, config_siwm.py L162-176); not a person id"
Spoof/Replay/Replay_37.mov,Spoof/Replay/Replay_37.mov,Replay,Replay_37,train_A_pretrain;trainlist_all,2,,none,8667dbcd316b38141729c057adf7517fe0602608,no official source maps a video to a person identity,NO_EVIDENCE,"protocol name = video stem (preprocessing.py L31, config_siwm.py L162-176); not a person id"
Spoof/Replay/Replay_38.mov,Spoof/Replay/Replay_38.mov,Replay,Replay_38,train_A_pretrain;trainlist_all,2,,none,8667dbcd316b38141729c057adf7517fe0602608,no official source maps a video to a person identity,NO_EVIDENCE,"protocol name = video stem (preprocessing.py L31, config_siwm.py L162-176); not a person id"
Spoof/Replay/Replay_39.mov,Spoof/Replay/Replay_39.mov,Replay,Replay_39,train_A_pretrain;trainlist_all,2,,none,8667dbcd316b38141729c057adf7517fe0602608,no official source maps a video to a person identity,NO_EVIDENCE,"protocol name = video stem (preprocessing.py L31, config_siwm.py L162-176); not a person id"
Spoof/Replay/Replay_4.mov,Spoof/Replay/Replay_4.mov,Replay,Replay_4,train_A_pretrain;trainlist_all,2,,none,8667dbcd316b38141729c057adf7517fe0602608,no official source maps a video to a person identity,NO_EVIDENCE,"protocol name = video stem (preprocessing.py L31, config_siwm.py L162-176); not a person id"
Spoof/Replay/Replay_40.mov,Spoof/Replay/Replay_40.mov,Replay,Replay_40,testlist_all;train_A_pretrain,2,,none,8667dbcd316b38141729c057adf7517fe0602608,no official source maps a video to a person identity,NO_EVIDENCE,"protocol name = video stem (preprocessing.py L31, config_siwm.py L162-176); not a person id"
Spoof/Replay/Replay_41.mov,Spoof/Replay/Replay_41.mov,Replay,Replay_41,train_A_pretrain;trainlist_all,2,,none,8667dbcd316b38141729c057adf7517fe0602608,no official source maps a video to a person identity,NO_EVIDENCE,"protocol name = video stem (preprocessing.py L31, config_siwm.py L162-176); not a person id"
Spoof/Replay/Replay_42.mov,Spoof/Replay/Replay_42.mov,Replay,Replay_42,train_A_pretrain;trainlist_all,2,,none,8667dbcd316b38141729c057adf7517fe0602608,no official source maps a video to a person identity,NO_EVIDENCE,"protocol name = video stem (preprocessing.py L31, config_siwm.py L162-176); not a person id"
Spoof/Replay/Replay_43.mov,Spoof/Replay/Replay_43.mov,Replay,Replay_43,train_A_pretrain;trainlist_all,2,,none,8667dbcd316b38141729c057adf7517fe0602608,no official source maps a video to a person identity,NO_EVIDENCE,"protocol name = video stem (preprocessing.py L31, config_siwm.py L162-176); not a person id"
Spoof/Replay/Replay_44.mov,Spoof/Replay/Replay_44.mov,Replay,Replay_44,train_A_pretrain;trainlist_all,2,,none,8667dbcd316b38141729c057adf7517fe0602608,no official source maps a video to a person identity,NO_EVIDENCE,"protocol name = video stem (preprocessing.py L31, config_siwm.py L162-176); not a person id"
Spoof/Replay/Replay_45.mov,Spoof/Replay/Replay_45.mov,Replay,Replay_45,train_A_pretrain;trainlist_all,2,,none,8667dbcd316b38141729c057adf7517fe0602608,no official source maps a video to a person identity,NO_EVIDENCE,"protocol name = video stem (preprocessing.py L31, config_siwm.py L162-176); not a person id"
Spoof/Replay/Replay_46.mov,Spoof/Replay/Replay_46.mov,Replay,Replay_46,train_A_pretrain;trainlist_all,2,,none,8667dbcd316b38141729c057adf7517fe0602608,no official source maps a video to a person identity,NO_EVIDENCE,"protocol name = video stem (preprocessing.py L31, config_siwm.py L162-176); not a person id"
Spoof/Replay/Replay_47.mov,Spoof/Replay/Replay_47.mov,Replay,Replay_47,testlist_all;train_B_spoof,1,,none,8667dbcd316b38141729c057adf7517fe0602608,no official source maps a video to a person identity,NO_EVIDENCE,"protocol name = video stem (preprocessing.py L31, config_siwm.py L162-176); not a person id"
Spoof/Replay/Replay_48.mov,Spoof/Replay/Replay_48.mov,Replay,Replay_48,testlist_all;train_A_pretrain,2,,none,8667dbcd316b38141729c057adf7517fe0602608,no official source maps a video to a person identity,NO_EVIDENCE,"protocol name = video stem (preprocessing.py L31, config_siwm.py L162-176); not a person id"
Spoof/Replay/Replay_49.mov,Spoof/Replay/Replay_49.mov,Replay,Replay_49,testlist_all;train_A_pretrain,2,,none,8667dbcd316b38141729c057adf7517fe0602608,no official source maps a video to a person identity,NO_EVIDENCE,"protocol name = video stem (preprocessing.py L31, config_siwm.py L162-176); not a person id"
Spoof/Replay/Replay_5.mov,Spoof/Replay/Replay_5.mov,Replay,Replay_5,train_A_pretrain;trainlist_all,2,,none,8667dbcd316b38141729c057adf7517fe0602608,no official source maps a video to a person identity,NO_EVIDENCE,"protocol name = video stem (preprocessing.py L31, config_siwm.py L162-176); not a person id"
Spoof/Replay/Replay_50.mov,Spoof/Replay/Replay_50.mov,Replay,Replay_50,train_D_age;train_E_ill;trainlist_all,2,,none,8667dbcd316b38141729c057adf7517fe0602608,no official source maps a video to a person identity,NO_EVIDENCE,"protocol name = video stem (preprocessing.py L31, config_siwm.py L162-176); not a person id"
Spoof/Replay/Replay_51.mov,Spoof/Replay/Replay_51.mov,Replay,Replay_51,train_A_pretrain;trainlist_all,2,,none,8667dbcd316b38141729c057adf7517fe0602608,no official source maps a video to a person identity,NO_EVIDENCE,"protocol name = video stem (preprocessing.py L31, config_siwm.py L162-176); not a person id"
Spoof/Replay/Replay_52.mov,Spoof/Replay/Replay_52.mov,Replay,Replay_52,train_A_pretrain;trainlist_all,2,,none,8667dbcd316b38141729c057adf7517fe0602608,no official source maps a video to a person identity,NO_EVIDENCE,"protocol name = video stem (preprocessing.py L31, config_siwm.py L162-176); not a person id"
Spoof/Replay/Replay_53.mov,Spoof/Replay/Replay_53.mov,Replay,Replay_53,train_A_pretrain;trainlist_all,2,,none,8667dbcd316b38141729c057adf7517fe0602608,no official source maps a video to a person identity,NO_EVIDENCE,"protocol name = video stem (preprocessing.py L31, config_siwm.py L162-176); not a person id"
Spoof/Replay/Replay_54.mov,Spoof/Replay/Replay_54.mov,Replay,Replay_54,testlist_all;train_A_pretrain,1,,none,8667dbcd316b38141729c057adf7517fe0602608,no official source maps a video to a person identity,NO_EVIDENCE,"protocol name = video stem (preprocessing.py L31, config_siwm.py L162-176); not a person id"
Spoof/Replay/Replay_55.mov,Spoof/Replay/Replay_55.mov,Replay,Replay_55,testlist_all;train_A_pretrain,2,,none,8667dbcd316b38141729c057adf7517fe0602608,no official source maps a video to a person identity,NO_EVIDENCE,"protocol name = video stem (preprocessing.py L31, config_siwm.py L162-176); not a person id"
Spoof/Replay/Replay_56.mov,Spoof/Replay/Replay_56.mov,Replay,Replay_56,test_A_pretrain;trainlist_all,2,,none,8667dbcd316b38141729c057adf7517fe0602608,no official source maps a video to a person identity,NO_EVIDENCE,"protocol name = video stem (preprocessing.py L31, config_siwm.py L162-176); not a person id"
Spoof/Replay/Replay_57.mov,Spoof/Replay/Replay_57.mov,Replay,Replay_57,testlist_all;train_A_pretrain,2,,none,8667dbcd316b38141729c057adf7517fe0602608,no official source maps a video to a person identity,NO_EVIDENCE,"protocol name = video stem (preprocessing.py L31, config_siwm.py L162-176); not a person id"
Spoof/Replay/Replay_58.mov,Spoof/Replay/Replay_58.mov,Replay,Replay_58,testlist_all;train_B_spoof,1,,none,8667dbcd316b38141729c057adf7517fe0602608,no official source maps a video to a person identity,NO_EVIDENCE,"protocol name = video stem (preprocessing.py L31, config_siwm.py L162-176); not a person id"
Spoof/Replay/Replay_59.mov,Spoof/Replay/Replay_59.mov,Replay,Replay_59,test_B_spoof;test_D_age;test_E_ill;trainlist_all,2,,none,8667dbcd316b38141729c057adf7517fe0602608,no official source maps a video to a person identity,NO_EVIDENCE,"protocol name = video stem (preprocessing.py L31, config_siwm.py L162-176); not a person id"
Spoof/Replay/Replay_6.mov,Spoof/Replay/Replay_6.mov,Replay,Replay_6,train_A_pretrain;trainlist_all,2,,none,8667dbcd316b38141729c057adf7517fe0602608,no official source maps a video to a person identity,NO_EVIDENCE,"protocol name = video stem (preprocessing.py L31, config_siwm.py L162-176); not a person id"
Spoof/Replay/Replay_60.mov,Spoof/Replay/Replay_60.mov,Replay,Replay_60,testlist_all;train_A_pretrain,2,,none,8667dbcd316b38141729c057adf7517fe0602608,no official source maps a video to a person identity,NO_EVIDENCE,"protocol name = video stem (preprocessing.py L31, config_siwm.py L162-176); not a person id"
Spoof/Replay/Replay_61.mov,Spoof/Replay/Replay_61.mov,Replay,Replay_61,testlist_all;train_A_pretrain,2,,none,8667dbcd316b38141729c057adf7517fe0602608,no official source maps a video to a person identity,NO_EVIDENCE,"protocol name = video stem (preprocessing.py L31, config_siwm.py L162-176); not a person id"
Spoof/Replay/Replay_63.mov,Spoof/Replay/Replay_63.mov,Replay,Replay_63,train_B_spoof;train_C_race;train_D_age;train_E_ill;trainlist_all,5,,none,8667dbcd316b38141729c057adf7517fe0602608,no official source maps a video to a person identity,NO_EVIDENCE,"protocol name = video stem (preprocessing.py L31, config_siwm.py L162-176); not a person id"
Spoof/Replay/Replay_64.mov,Spoof/Replay/Replay_64.mov,Replay,Replay_64,testlist_all;train_B_spoof;train_C_race;train_D_age;train_E_ill,5,,none,8667dbcd316b38141729c057adf7517fe0602608,no official source maps a video to a person identity,NO_EVIDENCE,"protocol name = video stem (preprocessing.py L31, config_siwm.py L162-176); not a person id"
Spoof/Replay/Replay_65.mov,Spoof/Replay/Replay_65.mov,Replay,Replay_65,train_A_pretrain;trainlist_all,2,,none,8667dbcd316b38141729c057adf7517fe0602608,no official source maps a video to a person identity,NO_EVIDENCE,"protocol name = video stem (preprocessing.py L31, config_siwm.py L162-176); not a person id"
Spoof/Replay/Replay_66.mov,Spoof/Replay/Replay_66.mov,Replay,Replay_66,train_B_spoof;train_D_age;train_E_ill;trainlist_all,3,,none,8667dbcd316b38141729c057adf7517fe0602608,no official source maps a video to a person identity,NO_EVIDENCE,"protocol name = video stem (preprocessing.py L31, config_siwm.py L162-176); not a person id"
Spoof/Replay/Replay_67.mov,Spoof/Replay/Replay_67.mov,Replay,Replay_67,train_A_pretrain;trainlist_all,2,,none,8667dbcd316b38141729c057adf7517fe0602608,no official source maps a video to a person identity,NO_EVIDENCE,"protocol name = video stem (preprocessing.py L31, config_siwm.py L162-176); not a person id"
Spoof/Replay/Replay_68.mov,Spoof/Replay/Replay_68.mov,Replay,Replay_68,train_A_pretrain;trainlist_all,2,,none,8667dbcd316b38141729c057adf7517fe0602608,no official source maps a video to a person identity,NO_EVIDENCE,"protocol name = video stem (preprocessing.py L31, config_siwm.py L162-176); not a person id"
Spoof/Replay/Replay_69.mov,Spoof/Replay/Replay_69.mov,Replay,Replay_69,test_A_pretrain;trainlist_all,1,,none,8667dbcd316b38141729c057adf7517fe0602608,no official source maps a video to a person identity,NO_EVIDENCE,"protocol name = video stem (preprocessing.py L31, config_siwm.py L162-176); not a person id"
Spoof/Replay/Replay_7.mov,Spoof/Replay/Replay_7.mov,Replay,Replay_7,train_A_pretrain;trainlist_all,2,,none,8667dbcd316b38141729c057adf7517fe0602608,no official source maps a video to a person identity,NO_EVIDENCE,"protocol name = video stem (preprocessing.py L31, config_siwm.py L162-176); not a person id"
Spoof/Replay/Replay_70.mov,Spoof/Replay/Replay_70.mov,Replay,Replay_70,train_A_pretrain;trainlist_all,2,,none,8667dbcd316b38141729c057adf7517fe0602608,no official source maps a video to a person identity,NO_EVIDENCE,"protocol name = video stem (preprocessing.py L31, config_siwm.py L162-176); not a person id"
Spoof/Replay/Replay_71.mov,Spoof/Replay/Replay_71.mov,Replay,Replay_71,testlist_all;train_A_pretrain,2,,none,8667dbcd316b38141729c057adf7517fe0602608,no official source maps a video to a person identity,NO_EVIDENCE,"protocol name = video stem (preprocessing.py L31, config_siwm.py L162-176); not a person id"
Spoof/Replay/Replay_72.mov,Spoof/Replay/Replay_72.mov,Replay,Replay_72,testlist_all;train_A_pretrain,2,,none,8667dbcd316b38141729c057adf7517fe0602608,no official source maps a video to a person identity,NO_EVIDENCE,"protocol name = video stem (preprocessing.py L31, config_siwm.py L162-176); not a person id"
Spoof/Replay/Replay_73.mov,Spoof/Replay/Replay_73.mov,Replay,Replay_73,testlist_all;train_A_pretrain,2,,none,8667dbcd316b38141729c057adf7517fe0602608,no official source maps a video to a person identity,NO_EVIDENCE,"protocol name = video stem (preprocessing.py L31, config_siwm.py L162-176); not a person id"
Spoof/Replay/Replay_74.mov,Spoof/Replay/Replay_74.mov,Replay,Replay_74,train_A_pretrain;trainlist_all,2,,none,8667dbcd316b38141729c057adf7517fe0602608,no official source maps a video to a person identity,NO_EVIDENCE,"protocol name = video stem (preprocessing.py L31, config_siwm.py L162-176); not a person id"
Spoof/Replay/Replay_75.mov,Spoof/Replay/Replay_75.mov,Replay,Replay_75,train_A_pretrain;trainlist_all,2,,none,8667dbcd316b38141729c057adf7517fe0602608,no official source maps a video to a person identity,NO_EVIDENCE,"protocol name = video stem (preprocessing.py L31, config_siwm.py L162-176); not a person id"
Spoof/Replay/Replay_76.mov,Spoof/Replay/Replay_76.mov,Replay,Replay_76,testlist_all;train_B_spoof,1,,none,8667dbcd316b38141729c057adf7517fe0602608,no official source maps a video to a person identity,NO_EVIDENCE,"protocol name = video stem (preprocessing.py L31, config_siwm.py L162-176); not a person id"
Spoof/Replay/Replay_77.mov,Spoof/Replay/Replay_77.mov,Replay,Replay_77,testlist_all;train_B_spoof,1,,none,8667dbcd316b38141729c057adf7517fe0602608,no official source maps a video to a person identity,NO_EVIDENCE,"protocol name = video stem (preprocessing.py L31, config_siwm.py L162-176); not a person id"
Spoof/Replay/Replay_78.mov,Spoof/Replay/Replay_78.mov,Replay,Replay_78,train_B_spoof;trainlist_all,1,,none,8667dbcd316b38141729c057adf7517fe0602608,no official source maps a video to a person identity,NO_EVIDENCE,"protocol name = video stem (preprocessing.py L31, config_siwm.py L162-176); not a person id"
Spoof/Replay/Replay_79.mov,Spoof/Replay/Replay_79.mov,Replay,Replay_79,train_B_spoof;trainlist_all,1,,none,8667dbcd316b38141729c057adf7517fe0602608,no official source maps a video to a person identity,NO_EVIDENCE,"protocol name = video stem (preprocessing.py L31, config_siwm.py L162-176); not a person id"
Spoof/Replay/Replay_8.mov,Spoof/Replay/Replay_8.mov,Replay,Replay_8,train_A_pretrain;trainlist_all,2,,none,8667dbcd316b38141729c057adf7517fe0602608,no official source maps a video to a person identity,NO_EVIDENCE,"protocol name = video stem (preprocessing.py L31, config_siwm.py L162-176); not a person id"
Spoof/Replay/Replay_80.mov,Spoof/Replay/Replay_80.mov,Replay,Replay_80,train_B_spoof;trainlist_all,1,,none,8667dbcd316b38141729c057adf7517fe0602608,no official source maps a video to a person identity,NO_EVIDENCE,"protocol name = video stem (preprocessing.py L31, config_siwm.py L162-176); not a person id"
Spoof/Replay/Replay_81.mov,Spoof/Replay/Replay_81.mov,Replay,Replay_81,train_B_spoof;trainlist_all,1,,none,8667dbcd316b38141729c057adf7517fe0602608,no official source maps a video to a person identity,NO_EVIDENCE,"protocol name = video stem (preprocessing.py L31, config_siwm.py L162-176); not a person id"
Spoof/Replay/Replay_82.mov,Spoof/Replay/Replay_82.mov,Replay,Replay_82,train_B_spoof;trainlist_all,1,,none,8667dbcd316b38141729c057adf7517fe0602608,no official source maps a video to a person identity,NO_EVIDENCE,"protocol name = video stem (preprocessing.py L31, config_siwm.py L162-176); not a person id"
Spoof/Replay/Replay_83.mov,Spoof/Replay/Replay_83.mov,Replay,Replay_83,train_B_spoof;trainlist_all,1,,none,8667dbcd316b38141729c057adf7517fe0602608,no official source maps a video to a person identity,NO_EVIDENCE,"protocol name = video stem (preprocessing.py L31, config_siwm.py L162-176); not a person id"
Spoof/Replay/Replay_84.mov,Spoof/Replay/Replay_84.mov,Replay,Replay_84,testlist_all;train_C_race,4,,none,8667dbcd316b38141729c057adf7517fe0602608,no official source maps a video to a person identity,NO_EVIDENCE,"protocol name = video stem (preprocessing.py L31, config_siwm.py L162-176); not a person id"
Spoof/Replay/Replay_85.mov,Spoof/Replay/Replay_85.mov,Replay,Replay_85,testlist_all;train_C_race,4,,none,8667dbcd316b38141729c057adf7517fe0602608,no official source maps a video to a person identity,NO_EVIDENCE,"protocol name = video stem (preprocessing.py L31, config_siwm.py L162-176); not a person id"
Spoof/Replay/Replay_86.mov,Spoof/Replay/Replay_86.mov,Replay,Replay_86,trainlist_all,1,,none,8667dbcd316b38141729c057adf7517fe0602608,no official source maps a video to a person identity,NO_EVIDENCE,"protocol name = video stem (preprocessing.py L31, config_siwm.py L162-176); not a person id"
Spoof/Replay/Replay_87.mov,Spoof/Replay/Replay_87.mov,Replay,Replay_87,testlist_all,1,,none,8667dbcd316b38141729c057adf7517fe0602608,no official source maps a video to a person identity,NO_EVIDENCE,"protocol name = video stem (preprocessing.py L31, config_siwm.py L162-176); not a person id"
Spoof/Replay/Replay_88.mov,Spoof/Replay/Replay_88.mov,Replay,Replay_88,train_C_race;trainlist_all,4,,none,8667dbcd316b38141729c057adf7517fe0602608,no official source maps a video to a person identity,NO_EVIDENCE,"protocol name = video stem (preprocessing.py L31, config_siwm.py L162-176); not a person id"
Spoof/Replay/Replay_89.mov,Spoof/Replay/Replay_89.mov,Replay,Replay_89,testlist_all;train_C_race,4,,none,8667dbcd316b38141729c057adf7517fe0602608,no official source maps a video to a person identity,NO_EVIDENCE,"protocol name = video stem (preprocessing.py L31, config_siwm.py L162-176); not a person id"
Spoof/Replay/Replay_9.mov,Spoof/Replay/Replay_9.mov,Replay,Replay_9,testlist_all;train_A_pretrain,2,,none,8667dbcd316b38141729c057adf7517fe0602608,no official source maps a video to a person identity,NO_EVIDENCE,"protocol name = video stem (preprocessing.py L31, config_siwm.py L162-176); not a person id"
Spoof/Replay/Replay_90.mov,Spoof/Replay/Replay_90.mov,Replay,Replay_90,testlist_all;train_C_race,4,,none,8667dbcd316b38141729c057adf7517fe0602608,no official source maps a video to a person identity,NO_EVIDENCE,"protocol name = video stem (preprocessing.py L31, config_siwm.py L162-176); not a person id"
Spoof/Replay/Replay_91.mov,Spoof/Replay/Replay_91.mov,Replay,Replay_91,testlist_all;train_C_race,4,,none,8667dbcd316b38141729c057adf7517fe0602608,no official source maps a video to a person identity,NO_EVIDENCE,"protocol name = video stem (preprocessing.py L31, config_siwm.py L162-176); not a person id"
Spoof/Replay/Replay_92.mov,Spoof/Replay/Replay_92.mov,Replay,Replay_92,train_A_pretrain;trainlist_all,2,,none,8667dbcd316b38141729c057adf7517fe0602608,no official source maps a video to a person identity,NO_EVIDENCE,"protocol name = video stem (preprocessing.py L31, config_siwm.py L162-176); not a person id"
Spoof/Replay/Replay_93.mov,Spoof/Replay/Replay_93.mov,Replay,Replay_93,train_B_spoof;trainlist_all,1,,none,8667dbcd316b38141729c057adf7517fe0602608,no official source maps a video to a person identity,NO_EVIDENCE,"protocol name = video stem (preprocessing.py L31, config_siwm.py L162-176); not a person id"
Spoof/Replay/Replay_94.mov,Spoof/Replay/Replay_94.mov,Replay,Replay_94,train_B_spoof;trainlist_all,1,,none,8667dbcd316b38141729c057adf7517fe0602608,no official source maps a video to a person identity,NO_EVIDENCE,"protocol name = video stem (preprocessing.py L31, config_siwm.py L162-176); not a person id"
Spoof/Replay/Replay_95.mov,Spoof/Replay/Replay_95.mov,Replay,Replay_95,testlist_all;train_B_spoof,1,,none,8667dbcd316b38141729c057adf7517fe0602608,no official source maps a video to a person identity,NO_EVIDENCE,"protocol name = video stem (preprocessing.py L31, config_siwm.py L162-176); not a person id"
Spoof/Replay/Replay_96.mov,Spoof/Replay/Replay_96.mov,Replay,Replay_96,testlist_all;train_B_spoof,1,,none,8667dbcd316b38141729c057adf7517fe0602608,no official source maps a video to a person identity,NO_EVIDENCE,"protocol name = video stem (preprocessing.py L31, config_siwm.py L162-176); not a person id"
Spoof/Replay/Replay_97.mov,Spoof/Replay/Replay_97.mov,Replay,Replay_97,testlist_all;train_B_spoof,1,,none,8667dbcd316b38141729c057adf7517fe0602608,no official source maps a video to a person identity,NO_EVIDENCE,"protocol name = video stem (preprocessing.py L31, config_siwm.py L162-176); not a person id"
Spoof/Replay/Replay_98.mov,Spoof/Replay/Replay_98.mov,Replay,Replay_98,train_B_spoof;trainlist_all,1,,none,8667dbcd316b38141729c057adf7517fe0602608,no official source maps a video to a person identity,NO_EVIDENCE,"protocol name = video stem (preprocessing.py L31, config_siwm.py L162-176); not a person id"
Spoof/Replay/Replay_99.mov,Spoof/Replay/Replay_99.mov,Replay,Replay_99,train_B_spoof;trainlist_all,1,,none,8667dbcd316b38141729c057adf7517fe0602608,no official source maps a video to a person identity,NO_EVIDENCE,"protocol name = video stem (preprocessing.py L31, config_siwm.py L162-176); not a person id"
Spoof/Silicone/Mask_Silicone_1.mov,Spoof/Silicone/Mask_Silicone_1.mov,Silicone,Mask_Silicone_1,testlist_all;train_A_pretrain,6,,none,8667dbcd316b38141729c057adf7517fe0602608,no official source maps a video to a person identity,NO_EVIDENCE,"protocol name = video stem (preprocessing.py L31, config_siwm.py L162-176); not a person id"
Spoof/Silicone/Mask_Silicone_10.mov,Spoof/Silicone/Mask_Silicone_10.mov,Silicone,Mask_Silicone_10,train_A_pretrain;trainlist_all,11,,none,8667dbcd316b38141729c057adf7517fe0602608,no official source maps a video to a person identity,NO_EVIDENCE,"protocol name = video stem (preprocessing.py L31, config_siwm.py L162-176); not a person id"
Spoof/Silicone/Mask_Silicone_11.mov,Spoof/Silicone/Mask_Silicone_11.mov,Silicone,Mask_Silicone_11,train_A_pretrain;trainlist_all,11,,none,8667dbcd316b38141729c057adf7517fe0602608,no official source maps a video to a person identity,NO_EVIDENCE,"protocol name = video stem (preprocessing.py L31, config_siwm.py L162-176); not a person id"
Spoof/Silicone/Mask_Silicone_12.mov,Spoof/Silicone/Mask_Silicone_12.mov,Silicone,Mask_Silicone_12,train_A_pretrain;trainlist_all,11,,none,8667dbcd316b38141729c057adf7517fe0602608,no official source maps a video to a person identity,NO_EVIDENCE,"protocol name = video stem (preprocessing.py L31, config_siwm.py L162-176); not a person id"
Spoof/Silicone/Mask_Silicone_13.mov,Spoof/Silicone/Mask_Silicone_13.mov,Silicone,Mask_Silicone_13,testlist_all;train_A_pretrain,6,,none,8667dbcd316b38141729c057adf7517fe0602608,no official source maps a video to a person identity,NO_EVIDENCE,"protocol name = video stem (preprocessing.py L31, config_siwm.py L162-176); not a person id"
Spoof/Silicone/Mask_Silicone_14.mov,Spoof/Silicone/Mask_Silicone_14.mov,Silicone,Mask_Silicone_14,testlist_all;train_A_pretrain,6,,none,8667dbcd316b38141729c057adf7517fe0602608,no official source maps a video to a person identity,NO_EVIDENCE,"protocol name = video stem (preprocessing.py L31, config_siwm.py L162-176); not a person id"
Spoof/Silicone/Mask_Silicone_15.mov,Spoof/Silicone/Mask_Silicone_15.mov,Silicone,Mask_Silicone_15,testlist_all;train_A_pretrain,5,,none,8667dbcd316b38141729c057adf7517fe0602608,no official source maps a video to a person identity,NO_EVIDENCE,"protocol name = video stem (preprocessing.py L31, config_siwm.py L162-176); not a person id"
Spoof/Silicone/Mask_Silicone_16.mov,Spoof/Silicone/Mask_Silicone_16.mov,Silicone,Mask_Silicone_16,testlist_all;train_A_pretrain,5,,none,8667dbcd316b38141729c057adf7517fe0602608,no official source maps a video to a person identity,NO_EVIDENCE,"protocol name = video stem (preprocessing.py L31, config_siwm.py L162-176); not a person id"
Spoof/Silicone/Mask_Silicone_17.mov,Spoof/Silicone/Mask_Silicone_17.mov,Silicone,Mask_Silicone_17,train_A_pretrain;trainlist_all,11,,none,8667dbcd316b38141729c057adf7517fe0602608,no official source maps a video to a person identity,NO_EVIDENCE,"protocol name = video stem (preprocessing.py L31, config_siwm.py L162-176); not a person id"
Spoof/Silicone/Mask_Silicone_2.mov,Spoof/Silicone/Mask_Silicone_2.mov,Silicone,Mask_Silicone_2,train_A_pretrain;trainlist_all,12,,none,8667dbcd316b38141729c057adf7517fe0602608,no official source maps a video to a person identity,NO_EVIDENCE,"protocol name = video stem (preprocessing.py L31, config_siwm.py L162-176); not a person id"
Spoof/Silicone/Mask_Silicone_3.mov,Spoof/Silicone/Mask_Silicone_3.mov,Silicone,Mask_Silicone_3,train_A_pretrain;trainlist_all,11,,none,8667dbcd316b38141729c057adf7517fe0602608,no official source maps a video to a person identity,NO_EVIDENCE,"protocol name = video stem (preprocessing.py L31, config_siwm.py L162-176); not a person id"
Spoof/Silicone/Mask_Silicone_4.mov,Spoof/Silicone/Mask_Silicone_4.mov,Silicone,Mask_Silicone_4,testlist_all;train_A_pretrain,5,,none,8667dbcd316b38141729c057adf7517fe0602608,no official source maps a video to a person identity,NO_EVIDENCE,"protocol name = video stem (preprocessing.py L31, config_siwm.py L162-176); not a person id"
Spoof/Silicone/Mask_Silicone_5.mov,Spoof/Silicone/Mask_Silicone_5.mov,Silicone,Mask_Silicone_5,testlist_all;train_A_pretrain,6,,none,8667dbcd316b38141729c057adf7517fe0602608,no official source maps a video to a person identity,NO_EVIDENCE,"protocol name = video stem (preprocessing.py L31, config_siwm.py L162-176); not a person id"
Spoof/Silicone/Mask_Silicone_6.mov,Spoof/Silicone/Mask_Silicone_6.mov,Silicone,Mask_Silicone_6,testlist_all;train_A_pretrain,6,,none,8667dbcd316b38141729c057adf7517fe0602608,no official source maps a video to a person identity,NO_EVIDENCE,"protocol name = video stem (preprocessing.py L31, config_siwm.py L162-176); not a person id"
Spoof/Silicone/Mask_Silicone_7.mov,Spoof/Silicone/Mask_Silicone_7.mov,Silicone,Mask_Silicone_7,train_A_pretrain;trainlist_all,11,,none,8667dbcd316b38141729c057adf7517fe0602608,no official source maps a video to a person identity,NO_EVIDENCE,"protocol name = video stem (preprocessing.py L31, config_siwm.py L162-176); not a person id"
Spoof/Silicone/Mask_Silicone_8.mov,Spoof/Silicone/Mask_Silicone_8.mov,Silicone,Mask_Silicone_8,test_A_pretrain;trainlist_all,11,,none,8667dbcd316b38141729c057adf7517fe0602608,no official source maps a video to a person identity,NO_EVIDENCE,"protocol name = video stem (preprocessing.py L31, config_siwm.py L162-176); not a person id"
Spoof/Silicone/Mask_Silicone_9.mov,Spoof/Silicone/Mask_Silicone_9.mov,Silicone,Mask_Silicone_9,train_A_pretrain;trainlist_all,11,,none,8667dbcd316b38141729c057adf7517fe0602608,no official source maps a video to a person identity,NO_EVIDENCE,"protocol name = video stem (preprocessing.py L31, config_siwm.py L162-176); not a person id"
